정류장번호,정류장명,위도,경도,도시명,reason,detail
GGB161000051,(구)국제여객터미널,37.45265,126.59775,인천광역시,outside_region,contained:인천광역시
GGB161000052,(구)국제여객터미널,37.4523667,126.5979333,인천광역시,outside_region,contained:인천광역시
GGB168000096,(주)경인양행앞,37.4990333,126.6653667,인천광역시,outside_region,contained:인천광역시
GGB168000097,(주)경인양행앞,37.4993167,126.66675,인천광역시,outside_region,contained:인천광역시
GGB165000029,(주)창원,37.3937,126.6992333,인천광역시,outside_region,contained:인천광역시
GGB165000030,(주)창원,37.3941167,126.6989667,인천광역시,outside_region,contained:인천광역시
GGB166000895,17사단.다임메가타운,37.4816,126.7463667,인천광역시,outside_region,contained:인천광역시
GGB168000642,1차풍림아이원,37.6147833,126.6576667,인천광역시,outside_region,contained:인천광역시
GGB166000159,2001아울렛,37.49065,126.712,인천광역시,outside_region,contained:인천광역시
GGB166000162,2001아울렛,37.4910833,126.7127,인천광역시,outside_region,contained:인천광역시
GGB168000584,2차풍림아이원,37.6131833,126.6606333,인천광역시,outside_region,contained:인천광역시
GGB277100072,5번교차로(미정차),34.8910333,128.6179833,,outside_region,far
GGB163000577,6공단사거리,37.4739,126.6680333,인천광역시,outside_region,contained:인천광역시
GGB163000442,6공단입구,37.4695667,126.6799667,인천광역시,outside_region,contained:인천광역시
GGB163000443,6공단입구,37.4698167,126.6798,인천광역시,outside_region,contained:인천광역시
GGB168001224,GS칼텍스,37.50685,126.6402833,인천광역시,outside_region,contained:인천광역시
GGB168000008,KG스틸,37.4806833,126.6726667,인천광역시,outside_region,contained:인천광역시
GGB166000384,KT부평지사,37.5038667,126.7121167,인천광역시,outside_region,contained:인천광역시
GGB166000381,KT부평지사,37.5036667,126.71155,인천광역시,outside_region,contained:인천광역시
GGB169000523,KT온수분국,37.6389333,126.4833167,인천광역시,outside_region,contained:인천광역시
GGB168001264,LG마그나,37.55525,126.6445167,인천광역시,outside_region,contained:인천광역시
GGB168001029,LG마그나,37.5549333,126.6443,인천광역시,outside_region,contained:인천광역시
GGB168000297,LG전자(주),37.5561833,126.6414333,인천광역시,outside_region,contained:인천광역시
GGB168001230,SK.GS주유소,37.4928,126.6608833,인천광역시,outside_region,contained:인천광역시
GGB168001231,SK.GS주유소,37.4927833,126.6612833,인천광역시,outside_region,contained:인천광역시
GGB161000636,SKLPG충전사업소,37.4487333,126.6022333,인천광역시,outside_region,contained:인천광역시
GGB161000638,SKLPG충전사업소,37.44885,126.6019333,인천광역시,outside_region,contained:인천광역시
GGB168000956,SK주유소,37.5120667,126.6490667,인천광역시,outside_region,contained:인천광역시
GGB161000085,SK충전소,37.4562667,126.6083,인천광역시,outside_region,contained:인천광역시
GGB164000645,e편한세상109동앞,37.4093667,126.6166833,인천광역시,outside_region,contained:인천광역시
GGB164000622,e편한세상109동앞,37.40965,126.61685,인천광역시,outside_region,contained:인천광역시
GGB167000038,e편한세상계양,37.52795,126.7137167,인천광역시,outside_region,contained:인천광역시
GGB167000037,e편한세상계양,37.5277667,126.7135833,인천광역시,outside_region,contained:인천광역시
GGB164000626,e편한세상정문,37.4136333,126.6171,인천광역시,outside_region,contained:인천광역시
GGB163000455,가구단지사거리,37.4809333,126.6565,인천광역시,outside_region,contained:인천광역시
GGB163000456,가구단지사거리,37.4811333,126.65615,인천광역시,outside_region,contained:인천광역시
GGB168000072,가구전시장,37.4958667,126.6671833,인천광역시,outside_region,contained:인천광역시
GGB168000074,가구전시장,37.4960833,126.66705,인천광역시,outside_region,contained:인천광역시
GGB168000078,가림고등학교,37.4924167,126.6805,인천광역시,outside_region,contained:인천광역시
GGB277103032,가산IC(미정차),36.0953167,128.5336167,경상북도 칠곡군,outside_region,far
GGB277103031,가산IC(미정차),36.0960667,128.5331667,경상북도 칠곡군,outside_region,far
GGB168000807,가야,37.5878333,126.5993833,인천광역시,outside_region,contained:인천광역시
GGB168000808,가야,37.5877167,126.59915,인천광역시,outside_region,contained:인천광역시
GGB168001118,가원초등학교,37.5286667,126.6628667,인천광역시,outside_region,contained:인천광역시
GGB168000952,가원초등학교,37.5292,126.6625,인천광역시,outside_region,contained:인천광역시
GGB359500060,가은터미널,36.6467667,128.06195,경상북도 문경시,outside_region,far
GGB168000042,가재울사거리,37.4866333,126.6793167,인천광역시,outside_region,contained:인천광역시
GGB168000039,가재울사거리,37.4861833,126.67925,인천광역시,outside_region,contained:인천광역시
GGB168001075,가정(루원시티)역,37.5245167,126.6742,인천광역시,outside_region,contained:인천광역시
GGB168001078,가정(루원시티)역,37.5250667,126.6737167,인천광역시,outside_region,contained:인천광역시
GGB168001050,가정(루원시티)역(중),37.5246333,126.6744167,인천광역시,outside_region,contained:인천광역시
GGB168001051,가정(루원시티)역(중),37.5248333,126.6750667,인천광역시,outside_region,contained:인천광역시
GGB168000226,가정3동성당,37.5188333,126.6822167,인천광역시,outside_region,contained:인천광역시
GGB168001041,가정LH3단지정문앞,37.5310667,126.6658167,인천광역시,outside_region,contained:인천광역시
GGB168000200,가정고등학교,37.51285,126.67875,인천광역시,outside_region,contained:인천광역시
GGB168000203,가정고등학교,37.51295,126.6789833,인천광역시,outside_region,contained:인천광역시
GGB168001120,가정보금자리(중),37.5282333,126.66275,인천광역시,outside_region,contained:인천광역시
GGB168001119,가정보금자리(중),37.52745,126.6625333,인천광역시,outside_region,contained:인천광역시
GGB168000219,가정중앙시장역,37.51785,126.6766333,인천광역시,outside_region,contained:인천광역시
GGB168000215,가정중앙시장역,37.5178667,126.6767833,인천광역시,outside_region,contained:인천광역시
GGB168000075,가좌3동행정복지센터,37.4921333,126.6801667,인천광역시,outside_region,contained:인천광역시
GGB168000062,가좌4동행정복지센터,37.4889833,126.6839667,인천광역시,outside_region,contained:인천광역시
GGB168000060,가좌고등학교,37.4901167,126.6803667,인천광역시,outside_region,contained:인천광역시
GGB168000061,가좌고등학교,37.4901667,126.6800333,인천광역시,outside_region,contained:인천광역시
GGB168000945,가좌공단,37.4946,126.6503333,인천광역시,outside_region,contained:인천광역시
GGB168000526,가좌공단,37.49445,126.6484333,인천광역시,outside_region,contained:인천광역시
GGB168000055,가좌교회,37.4882333,126.68215,인천광역시,outside_region,contained:인천광역시
GGB168000057,가좌교회,37.4887167,126.6826,인천광역시,outside_region,contained:인천광역시
GGB168000939,가좌동차고,37.49215,126.6511333,인천광역시,outside_region,contained:인천광역시
GGB168000522,가좌동차고지,37.4921,126.6499167,인천광역시,outside_region,contained:인천광역시
GGB168000090,가좌두산위브104동앞,37.4921833,126.6869833,인천광역시,outside_region,contained:인천광역시
GGB168000100,가좌진주아파트,37.49525,126.6824,인천광역시,outside_region,contained:인천광역시
GGB168000070,가좌초등학교,37.48995,126.6851,인천광역시,outside_region,contained:인천광역시
GGB168000069,가좌초등학교,37.4900833,126.6848167,인천광역시,outside_region,contained:인천광역시
GGB163000457,가좌테니스장,37.4743833,126.6783667,인천광역시,outside_region,contained:인천광역시
GGB163000454,가좌테니스장,37.4742833,126.6781167,인천광역시,outside_region,contained:인천광역시
GGB168000133,가좌현대아파트,37.49765,126.6855,인천광역시,outside_region,contained:인천광역시
GGB168000130,가좌현대아파트,37.4972167,126.6854167,인천광역시,outside_region,contained:인천광역시
GGB168000631,가좌환경사업소,37.4979,126.6477833,인천광역시,outside_region,contained:인천광역시
GGB168000734,가현오일뱅크,37.6153333,126.6388333,인천광역시,outside_region,contained:인천광역시
GGB168000722,가현중학교,37.5213,126.6689667,인천광역시,outside_region,contained:인천광역시
GGB165000414,간석사거리,37.4603833,126.7202167,인천광역시,outside_region,contained:인천광역시
GGB165000413,간석사거리,37.4604167,126.71985,인천광역시,outside_region,contained:인천광역시
GGB165000430,간석사거리,37.4615167,126.7204333,인천광역시,outside_region,contained:인천광역시
GGB165000422,간석사거리(상인천중학교),37.4614667,126.7189333,인천광역시,outside_region,contained:인천광역시
GGB165000426,간석사거리(상인천중학교),37.4619167,126.7186667,인천광역시,outside_region,contained:인천광역시
GGB165000437,간석시장,37.46395,126.7138167,인천광역시,outside_region,contained:인천광역시
GGB165000436,간석시장,37.4636667,126.7152333,인천광역시,outside_region,contained:인천광역시
GGB165000460,간석오거리,37.4695833,126.7081667,인천광역시,outside_region,contained:인천광역시
GGB165000444,간석오거리(교원공제조합),37.46535,126.71105,인천광역시,outside_region,contained:인천광역시
GGB165000447,간석오거리역(7번출구),37.4671667,126.7064167,인천광역시,outside_region,contained:인천광역시
GGB165000449,간석오거리역(8번출구),37.4674833,126.7065167,인천광역시,outside_region,contained:인천광역시
GGB168000347,간재울초등학교,37.56065,126.6730667,인천광역시,outside_region,contained:인천광역시
GGB166000652,갈산동천주교회,37.5188833,126.7326,인천광역시,outside_region,contained:인천광역시
GGB166000650,갈산동천주교회맞은편,37.5188667,126.7322,인천광역시,outside_region,contained:인천광역시
GGB166000544,갈산두산아파트,37.51075,126.7261,인천광역시,outside_region,contained:인천광역시
GGB166000635,갈산새마을금고,37.5179167,126.7295333,인천광역시,outside_region,contained:인천광역시
GGB166000628,갈산시장,37.5179167,126.7263,인천광역시,outside_region,contained:인천광역시
GGB166000629,갈산시장.갈산도서관,37.51785,126.7276167,인천광역시,outside_region,contained:인천광역시
GGB166000602,갈산역,37.5169,126.72265,인천광역시,outside_region,contained:인천광역시
GGB166000601,갈산역,37.5166667,126.7226,인천광역시,outside_region,contained:인천광역시
GGB166000604,갈산역(1번출구),37.5173833,126.7218,인천광역시,outside_region,contained:인천광역시
GGB166000606,갈산역(부평4공단)4번출구,37.5174333,126.7213167,인천광역시,outside_region,contained:인천광역시
GGB166000813,갈산주공1단지105동,37.5143333,126.7317667,인천광역시,outside_region,contained:인천광역시
GGB166000577,갈산주공2단지,37.5131,126.7260333,인천광역시,outside_region,contained:인천광역시
GGB167000352,갈현동마을,37.5817833,126.7272333,인천광역시,outside_region,contained:인천광역시
GGB167000351,갈현동마을,37.5816833,126.7269833,인천광역시,outside_region,contained:인천광역시
GGB277101407,감곡IC(미정차),37.1245,127.6697667,충청북도 음성군,outside_region,contained:충청북도
GGB277101408,감곡IC(미정차),37.1245,127.6704667,충청북도 음성군,outside_region,contained:충청북도
GGB277101409,감곡TG(미정차),37.1215333,127.6668833,충청북도 음성군,outside_region,contained:충청북도
GGB277101410,감곡TG(미정차),37.1213667,127.6670833,충청북도 음성군,outside_region,contained:충청북도
GGB281500140,감곡공용정류장,37.1175667,127.6432,충청북도 음성군,outside_region,contained:충청북도
GGB281500030,감곡공용정류장,37.1175333,127.6432667,충청북도 음성군,outside_region,contained:충청북도
GGB500000106,감곡터미널,37.1176833,127.6430167,충청북도 음성군,outside_region,contained:충청북도
GGB277101899,감곡터미널출발(미정차),37.1188667,127.6397833,충청북도 음성군,outside_region,contained:충청북도
GGB168000172,강남시장,37.5119167,126.6725,인천광역시,outside_region,contained:인천광역시
GGB168000173,강남시장,37.5119,126.6727167,인천광역시,outside_region,contained:인천광역시
GGB277101319,강릉IC(미정차),37.7498,128.8389833,강원특별자치도 강릉시,outside_region,contained:강원특별자치도
GGB277101320,강릉IC(미정차),37.74975,128.8393667,강원특별자치도 강릉시,outside_region,contained:강원특별자치도
GGB277101311,강릉JC(미정차),37.7724667,128.8237333,강원특별자치도 강릉시,outside_region,contained:강원특별자치도
GGB277101312,강릉JC(미정차),37.7719833,128.8237167,강원특별자치도 강릉시,outside_region,contained:강원특별자치도
GGB277101317,강릉TG(미정차),37.7466,128.84695,강원특별자치도 강릉시,outside_region,contained:강원특별자치도
GGB277101318,강릉TG(미정차),37.7468333,128.8475667,강원특별자치도 강릉시,outside_region,contained:강원특별자치도
GGB252500010,강릉시외버스터미널,37.7546,128.87795,강원특별자치도 강릉시,outside_region,contained:강원특별자치도
GGB252500040,강릉시외버스터미널,37.7539833,128.8792833,강원특별자치도 강릉시,outside_region,contained:강원특별자치도
GGB277101309,강릉휴게소(미정차),37.7586667,128.80555,강원특별자치도 강릉시,outside_region,contained:강원특별자치도
GGB277101310,강릉휴게소(미정차),37.7584167,128.80575,강원특별자치도 강릉시,outside_region,contained:강원특별자치도
GGB277101572,강촌IC(미정차),37.7348167,127.6247667,강원특별자치도 춘천시,outside_region,contained:강원특별자치도
GGB277101573,강촌IC(미정차),37.7344,127.6243667,강원특별자치도 춘천시,outside_region,contained:강원특별자치도
GGB262500010,강포리,38.1167167,127.2924,강원특별자치도 철원군,outside_region,contained:강원특별자치도
GGB262500100,강포리,38.1162667,127.2924833,강원특별자치도 철원군,outside_region,contained:강원특별자치도
GGB169000002,강화마니산,37.6316167,126.4336167,인천광역시,outside_region,contained:인천광역시
GGB169000001,강화마니산,37.63095,126.4347833,인천광역시,outside_region,contained:인천광역시
GGB169000088,강화병원,37.7417667,126.4949,인천광역시,outside_region,contained:인천광역시
GGB169000089,강화병원,37.7413667,126.4953,인천광역시,outside_region,contained:인천광역시
GGB169000976,강화실버케어스앞,37.6311667,126.44305,인천광역시,outside_region,contained:인천광역시
GGB169000975,강화실버케어스앞,37.6312,126.4427667,인천광역시,outside_region,contained:인천광역시
GGB169000946,강화장례식장,37.7366167,126.4883667,인천광역시,outside_region,contained:인천광역시
GGB169000918,강화장례식장,37.7366667,126.4881333,인천광역시,outside_region,contained:인천광역시
GGB169000058,강화터미널,37.7399,126.4897,인천광역시,outside_region,contained:인천광역시
GGB169000096,강화터미널,37.7394333,126.4908833,인천광역시,outside_region,contained:인천광역시
GGB272500190,건국대학교(충주),36.9513833,127.9044667,충청북도 충주시,outside_region,contained:충청북도
GGB272500200,건국대학교(충주),36.9524,127.9048333,충청북도 충주시,outside_region,contained:충청북도
GGB165000353,건설기술교육원,37.4508333,126.73495,인천광역시,outside_region,contained:인천광역시
GGB165000354,건설기술교육원,37.4508,126.7352,인천광역시,outside_region,contained:인천광역시
GGB164000069,건영아파트,37.4078333,126.66995,인천광역시,outside_region,contained:인천광역시
GGB169000094,건일아파트,37.6391167,126.4874167,인천광역시,outside_region,contained:인천광역시
GGB169000015,건일아파트,37.63905,126.4873,인천광역시,outside_region,contained:인천광역시
GGB277101197,건천IC(미정차),35.8439333,129.0849667,경상북도 경주시,outside_region,far
GGB277101198,건천IC(미정차),35.8436167,129.0854667,경상북도 경주시,outside_region,far
GGB277101200,건천휴게소(미정차),35.83085,129.1091667,경상북도 경주시,outside_region,far
GGB277101199,건천휴게소(미정차),35.8310667,129.10915,경상북도 경주시,outside_region,far
GGB168001409,검단LH행복주택,37.58955,126.7175667,인천광역시,outside_region,contained:인천광역시
GGB168001408,검단LH행복주택,37.5893667,126.7175667,인천광역시,outside_region,contained:인천광역시
GGB168001053,검단공구상가,37.59385,126.6142333,인천광역시,outside_region,contained:인천광역시
GGB168001065,검단공구상가,37.59365,126.6139333,인천광역시,outside_region,contained:인천광역시
GGB168000557,검단금호아파트,37.59385,126.66935,인천광역시,outside_region,contained:인천광역시
GGB168000558,검단금호아파트,37.5942167,126.6694,인천광역시,outside_region,contained:인천광역시
GGB168000695,검단노인복지관,37.6031833,126.66095,인천광역시,outside_region,contained:인천광역시
GGB168000434,검단농협,37.6030333,126.6599,인천광역시,outside_region,contained:인천광역시
GGB168000432,검단농협,37.6026333,126.6594333,인천광역시,outside_region,contained:인천광역시
GGB168000445,검단동행정복지센터.검단고교,37.60425,126.6630333,인천광역시,outside_region,contained:인천광역시
GGB168000441,검단동행정복지센터.검단고교,37.6038,126.6624167,인천광역시,outside_region,contained:인천광역시
GGB168001476,검단디에트르리버파크,37.5904,126.7211667,인천광역시,outside_region,contained:인천광역시
GGB168001477,검단디에트르리버파크,37.5901833,126.7212667,인천광역시,outside_region,contained:인천광역시
GGB168000537,검단사거리역,37.6015833,126.6566333,인천광역시,outside_region,contained:인천광역시
GGB168000419,검단사거리역,37.6018833,126.6566333,인천광역시,outside_region,contained:인천광역시
GGB168000426,검단사거리역,37.6025,126.6563167,인천광역시,outside_region,contained:인천광역시
GGB168000427,검단사거리역,37.6026167,126.6566333,인천광역시,outside_region,contained:인천광역시
GGB168000806,검단산업단지(코뿔소),37.5871833,126.60425,인천광역시,outside_region,contained:인천광역시
GGB168000805,검단산업단지(코뿔소),37.5873,126.6040167,인천광역시,outside_region,contained:인천광역시
GGB168000428,검단소방서,37.59435,126.68485,인천광역시,outside_region,contained:인천광역시
GGB168000431,검단소방서,37.59475,126.6855667,인천광역시,outside_region,contained:인천광역시
GGB168000483,검단신도시모아엘가그랑데아파트,37.5950667,126.7205833,인천광역시,outside_region,contained:인천광역시
GGB277103839,검단양촌IC(미정차),37.6003833,126.6187,인천광역시,outside_region,contained:인천광역시
GGB277103840,검단양촌IC(미정차),37.6004333,126.6184167,인천광역시,outside_region,contained:인천광역시
GGB168000702,검단오류공단,37.5893167,126.6259833,인천광역시,outside_region,contained:인천광역시
GGB168000703,검단오류공단,37.5891167,126.6261,인천광역시,outside_region,contained:인천광역시
GGB168001057,검단오류역,37.5949167,126.6279667,인천광역시,outside_region,contained:인천광역시
GGB168001060,검단오류역,37.5947333,126.6279333,인천광역시,outside_region,contained:인천광역시
GGB168001068,검단오류역우방아이유쉘,37.5955333,126.63265,인천광역시,outside_region,contained:인천광역시
GGB168001067,검단오류역우방아이유쉘,37.5964833,126.6326167,인천광역시,outside_region,contained:인천광역시
GGB168001252,검단오류풍림아이원,37.6000167,126.6380333,인천광역시,outside_region,contained:인천광역시
GGB168001251,검단오류풍림아이원,37.5999667,126.63815,인천광역시,outside_region,contained:인천광역시
GGB168000688,검단우방아이유쉘아파트,37.6031,126.6547833,인천광역시,outside_region,contained:인천광역시
GGB168000400,검단원흥아파트,37.5992167,126.6515667,인천광역시,outside_region,contained:인천광역시
GGB168000401,검단원흥아파트,37.5994833,126.65145,인천광역시,outside_region,contained:인천광역시
GGB168001063,검단지식산업센타,37.5961833,126.6137833,인천광역시,outside_region,contained:인천광역시
GGB168001054,검단지식산업센타,37.5960667,126.6139833,인천광역시,outside_region,contained:인천광역시
GGB168000475,검단초등학교,37.6093,126.6699,인천광역시,outside_region,contained:인천광역시
GGB168000482,검단초등학교,37.6095833,126.67085,인천광역시,outside_region,contained:인천광역시
GGB168000423,검단출장소,37.6015,126.6587167,인천광역시,outside_region,contained:인천광역시
GGB168000424,검단출장소,37.6012167,126.6599167,인천광역시,outside_region,contained:인천광역시
GGB168000877,검단탑종합병원,37.5930667,126.6704,인천광역시,outside_region,contained:인천광역시
GGB168000422,검단하나아파트,37.6036833,126.6518333,인천광역시,outside_region,contained:인천광역시
GGB168000421,검단하나아파트,37.6035,126.6514333,인천광역시,outside_region,contained:인천광역시
GGB500000039,검문소,36.9954333,127.4431,충청북도 진천군,outside_region,contained:충청북도
GGB500000038,검문소,36.9954333,127.4433167,충청북도 진천군,outside_region,contained:충청북도
GGB168000349,검바위역,37.5603,126.6777,인천광역시,outside_region,contained:인천광역시
GGB168000348,검바위역,37.5603,126.6773167,인천광역시,outside_region,contained:인천광역시
GGB168000352,검암경서동행정복지센터,37.56365,126.67335,인천광역시,outside_region,contained:인천광역시
GGB168000353,검암경서동행정복지센터,37.564,126.67315,인천광역시,outside_region,contained:인천광역시
GGB168000358,검암사거리,37.5656667,126.67685,인천광역시,outside_region,contained:인천광역시
GGB168000356,검암사거리,37.5647167,126.6778333,인천광역시,outside_region,contained:인천광역시
GGB168000357,검암사거리,37.5650333,126.67745,인천광역시,outside_region,contained:인천광역시
GGB168000360,검암역.서해그랑블아파트,37.5676333,126.6763167,인천광역시,outside_region,contained:인천광역시
GGB168001168,검암역로열파크씨티푸르지오1단지,37.5779667,126.6640167,인천광역시,outside_region,contained:인천광역시
GGB168001167,검암역로열파크씨티푸르지오1단지,37.5777333,126.6637167,인천광역시,outside_region,contained:인천광역시
GGB168001170,검암역로열파크씨티푸르지오2단지,37.577,126.6712667,인천광역시,outside_region,contained:인천광역시
GGB168001169,검암역로열파크씨티푸르지오2단지,37.5767667,126.6707833,인천광역시,outside_region,contained:인천광역시
GGB168000852,검암역입구,37.56855,126.6763833,인천광역시,outside_region,contained:인천광역시
GGB168000851,검암역입구,37.5685667,126.6766,인천광역시,outside_region,contained:인천광역시
GGB168001250,검암역입구(시천교밑),37.5688,126.6766167,인천광역시,outside_region,contained:인천광역시
GGB168000359,검암중학교,37.5663333,126.6796333,인천광역시,outside_region,contained:인천광역시
GGB168000362,검암중학교,37.5663,126.6809333,인천광역시,outside_region,contained:인천광역시
GGB168000361,검암초등학교,37.5676,126.6767833,인천광역시,outside_region,contained:인천광역시
GGB164000772,겐트대학교글로벌캠퍼스,37.3742333,126.6643167,인천광역시,outside_region,contained:인천광역시
GGB164000771,겐트대학교글로벌캠퍼스,37.3743833,126.6648167,인천광역시,outside_region,contained:인천광역시
GGB250501300,경강역,37.8411167,127.5518333,강원특별자치도 춘천시,outside_region,contained:강원특별자치도
GGB169000051,경기주유소,37.7254333,126.4832,인천광역시,outside_region,contained:인천광역시
GGB166000376,경남1차아파트,37.5038,126.7095833,인천광역시,outside_region,contained:인천광역시
GGB168000111,경남아너스빌아파트,37.50055,126.6677333,인천광역시,outside_region,contained:인천광역시
GGB168000110,경남아너스빌아파트,37.50035,126.6679333,인천광역시,outside_region,contained:인천광역시
GGB167000014,경남아파트,37.5272333,126.7006333,인천광역시,outside_region,contained:인천광역시
GGB167000011,경남아파트,37.5267833,126.7,인천광역시,outside_region,contained:인천광역시
GGB161000143,경남아파트,37.4653333,126.6329167,인천광역시,outside_region,contained:인천광역시
GGB168000334,경남아파트,37.5522,126.6838,인천광역시,outside_region,contained:인천광역시
GGB168000332,경남아파트,37.5518667,126.68365,인천광역시,outside_region,contained:인천광역시
GGB354500390,경북도청시외버스정류장,36.5698333,128.5021667,경상북도 안동시,outside_region,far
GGB354500380,경북도청시외버스정류장,36.5705667,128.4997,경상북도 안동시,outside_region,far
GGB277101194,경산IC(미정차),35.87685,128.7872833,경상북도 경산시,outside_region,far
GGB277101193,경산IC(미정차),35.8771,128.7873,경상북도 경산시,outside_region,far
GGB168000335,경서농원,37.5582,126.6648167,인천광역시,outside_region,contained:인천광역시
GGB168000333,경서농원,37.55795,126.6636167,인천광역시,outside_region,contained:인천광역시
GGB168000671,경서지구입구,37.5542,126.6549167,인천광역시,outside_region,contained:인천광역시
GGB168000672,경서지구입구,37.5541833,126.6551667,인천광역시,outside_region,contained:인천광역시
GGB168000303,경서지구입구,37.5527667,126.6564667,인천광역시,outside_region,contained:인천광역시
GGB168000570,경서초등학교,37.5561,126.6517667,인천광역시,outside_region,contained:인천광역시
GGB168000569,경서초등학교,37.5558833,126.6521833,인천광역시,outside_region,contained:인천광역시
GGB165000646,경신마을,37.4407667,126.7319333,인천광역시,outside_region,contained:인천광역시
GGB165000982,경신마을,37.4408167,126.7323167,인천광역시,outside_region,contained:인천광역시
GGB168000550,경인계량소,37.583,126.6581667,인천광역시,outside_region,contained:인천광역시
GGB168000549,경인계량소,37.5828167,126.6582167,인천광역시,outside_region,contained:인천광역시
GGB167000428,경인교대역입구,37.5381,126.7223333,인천광역시,outside_region,contained:인천광역시
GGB167000429,경인교대역입구,37.53835,126.72275,인천광역시,outside_region,contained:인천광역시
GGB166000077,경인교회앞,37.4803833,126.711,인천광역시,outside_region,contained:인천광역시
GGB165000688,경인산업,37.4038333,126.6907667,인천광역시,outside_region,contained:인천광역시
GGB168000547,경인특장,37.5829,126.6533,인천광역시,outside_region,contained:인천광역시
GGB164000515,경제자유구역청,37.3968333,126.6338833,인천광역시,outside_region,contained:인천광역시
GGB164000514,경제자유구역청,37.39705,126.6336833,인천광역시,outside_region,contained:인천광역시
GGB277101201,경주IC(미정차),35.8074833,129.18465,경상북도 경주시,outside_region,far
GGB277101202,경주IC(미정차),35.8069167,129.1854,경상북도 경주시,outside_region,far
GGB277101203,경주TG(미정차),35.8099667,129.1902333,경상북도 경주시,outside_region,far
GGB277101204,경주TG(미정차),35.8101667,129.1900833,경상북도 경주시,outside_region,far
GGB352500010,경주시외버스터미널,35.8399333,129.2028,경상북도 경주시,outside_region,far
GGB352500020,경주시외버스터미널,35.8398333,129.2028,경상북도 경주시,outside_region,far
GGB277101205,경주휴게소(미정차),35.7238667,129.1939833,경상북도 경주시,outside_region,far
GGB166000195,계량소,37.4870833,126.7343,인천광역시,outside_region,contained:인천광역시
GGB277101519,계룡IC(미정차),36.25255,127.2798667,대전광역시,outside_region,contained:충청남도
GGB277101520,계룡IC(미정차),36.2522333,127.2801333,대전광역시,outside_region,nearest:충청남도 7 m
GGB167000167,계산공고,37.53365,126.73925,인천광역시,outside_region,contained:인천광역시
GGB167000170,계산공고,37.53385,126.7403833,인천광역시,outside_region,contained:인천광역시
GGB167000169,계산공고앞,37.5343333,126.7383667,인천광역시,outside_region,contained:인천광역시
GGB167000533,계산동수협,37.5435333,126.7256667,인천광역시,outside_region,contained:인천광역시
GGB167000427,계산동우체국,37.5436333,126.72435,인천광역시,outside_region,contained:인천광역시
GGB167000196,계산삼거리,37.5422,126.7228667,인천광역시,outside_region,contained:인천광역시
GGB167000201,계산삼거리(신도브래뉴),37.5425,126.72295,인천광역시,outside_region,contained:인천광역시
GGB167000199,계산삼거리(신도브래뉴),37.54245,126.7224,인천광역시,outside_region,contained:인천광역시
GGB167000176,계산시장,37.5401667,126.7228833,인천광역시,outside_region,contained:인천광역시
GGB167000224,계산여자고등학교,37.53825,126.74245,인천광역시,outside_region,contained:인천광역시
GGB167000431,계산역,37.5431333,126.7277333,인천광역시,outside_region,contained:인천광역시
GGB167000426,계산역,37.5434833,126.72775,인천광역시,outside_region,contained:인천광역시
GGB167000430,계산우체국,37.5433,126.7240833,인천광역시,outside_region,contained:인천광역시
GGB167000423,계산주공아파트,37.5428833,126.7333167,인천광역시,outside_region,contained:인천광역시
GGB167000476,계양1동주민자치센터,37.5760833,126.7333333,인천광역시,outside_region,contained:인천광역시
GGB167000520,계양1동주민자치센터,37.5758833,126.7334167,인천광역시,outside_region,contained:인천광역시
GGB167000526,계양3동행정복지센터,37.5623,126.75525,인천광역시,outside_region,contained:인천광역시
GGB167000525,계양3동행정복지센터,37.5621333,126.75535,인천광역시,outside_region,contained:인천광역시
GGB167000140,계양CGV,37.5337,126.7342,인천광역시,outside_region,contained:인천광역시
GGB277103164,계양IC(미정차),37.5446,126.7481667,인천광역시,outside_region,contained:인천광역시
GGB277103165,계양IC(미정차),37.5434667,126.7492333,인천광역시,outside_region,contained:인천광역시
GGB167000184,계양경찰서,37.5377,126.7342833,인천광역시,outside_region,contained:인천광역시
GGB167000195,계양경찰서,37.5382,126.7361,인천광역시,outside_region,contained:인천광역시
GGB167000185,계양경찰서,37.5376833,126.7346,인천광역시,outside_region,contained:인천광역시
GGB167000194,계양경찰서.계양구청,37.5378667,126.7361167,인천광역시,outside_region,contained:인천광역시
GGB167000177,계양구청,37.5356,126.7384667,인천광역시,outside_region,contained:인천광역시
GGB167000188,계양구청,37.5366333,126.7386,인천광역시,outside_region,contained:인천광역시
GGB167000197,계양구청,37.5378,126.7375833,인천광역시,outside_region,contained:인천광역시
GGB167000180,계양구청,37.5357833,126.73885,인천광역시,outside_region,contained:인천광역시
GGB167000204,계양구청앞,37.5379333,126.7400333,인천광역시,outside_region,contained:인천광역시
GGB167000251,계양도서관,37.5433333,126.7311,인천광역시,outside_region,contained:인천광역시
GGB167000189,계양산장미원입구,37.5447167,126.7132167,인천광역시,outside_region,contained:인천광역시
GGB167000186,계양산장미원입구,37.5444667,126.71285,인천광역시,outside_region,contained:인천광역시
GGB167000306,계양산전통시장,37.5480667,126.7412833,인천광역시,outside_region,contained:인천광역시
GGB167000550,계양센트레빌1단지,37.5670667,126.7490333,인천광역시,outside_region,contained:인천광역시
GGB167000551,계양센트레빌1단지111동앞,37.567,126.7503167,인천광역시,outside_region,contained:인천광역시
GGB167000358,계양역,37.5709667,126.7359167,인천광역시,outside_region,contained:인천광역시
GGB167000357,계양역,37.5710667,126.7358167,인천광역시,outside_region,contained:인천광역시
GGB167000120,계양종합사회복지관,37.5254833,126.75045,인천광역시,outside_region,contained:인천광역시
GGB167000121,계양종합사회복지관,37.5257,126.7508,인천광역시,outside_region,contained:인천광역시
GGB167000340,계양중학교,37.5695167,126.7401333,인천광역시,outside_region,contained:인천광역시
GGB167000341,계양중학교,37.5697,126.7405,인천광역시,outside_region,contained:인천광역시
GGB167000666,계양체육관(벨로드롬경기장),37.53095,126.74795,인천광역시,outside_region,contained:인천광역시
GGB167000455,계양체육관(아시아드양궁장),37.5307833,126.7516833,인천광역시,outside_region,contained:인천광역시
GGB167000454,계양체육관(아시아드양궁장),37.5311833,126.7514667,인천광역시,outside_region,contained:인천광역시
GGB167000440,계양체육관(효성해링턴플레이스),37.5303667,126.7443833,인천광역시,outside_region,contained:인천광역시
GGB167000173,계양체육관.대동아파트,37.5332333,126.7433833,인천광역시,outside_region,contained:인천광역시
GGB167000567,계양체육관.아시아드양궁장(중),37.53065,126.748,인천광역시,outside_region,contained:인천광역시
GGB167000568,계양체육관.아시아드양궁장(중),37.5308667,126.74865,인천광역시,outside_region,contained:인천광역시
GGB293500060,고려대학교(조치원),36.6099333,127.2932333,충청남도 연기군,outside_region,nearest:충청북도 716 m
GGB277102957,고령JC(미정차),35.7580833,128.3722167,경상북도 고령군,outside_region,far
GGB277102958,고령JC(미정차),35.7575,128.3729333,경상북도 고령군,outside_region,far
GGB169000544,고산촌,37.7158667,126.4762667,인천광역시,outside_region,contained:인천광역시
GGB169000779,고산촌,37.7159,126.4758833,인천광역시,outside_region,contained:인천광역시
GGB293500050,고속버스승차장(고려대학교),36.6108,127.2934333,충청남도 연기군,outside_region,nearest:충청북도 716 m
GGB293500040,고속버스승차장(홍익대학교),36.6217833,127.2908167,충청남도 연기군,outside_region,nearest:충청북도 236 m
GGB165000691,고잔고등학교,37.38855,126.7224833,인천광역시,outside_region,contained:인천광역시
GGB277101258,고창IC(미정차),35.4396667,126.6639,전라북도 고창군,outside_region,far
GGB277101257,고창IC(미정차),35.44005,126.66375,전라북도 고창군,outside_region,far
GGB277101260,고창JC(미정차),35.4168167,126.65285,전라북도 고창군,outside_region,far
GGB277101259,고창JC(미정차),35.4174167,126.6530167,전라북도 고창군,outside_region,far
GGB277101256,고창고인돌휴게소(미정차),35.4627667,126.6724,전라북도 고창군,outside_region,far
GGB277101255,고창고인돌휴게소(미정차),35.4675333,126.6741833,전라북도 고창군,outside_region,far
GGB169000076,고창촌,37.6369167,126.41845,인천광역시,outside_region,contained:인천광역시
GGB261500010,고한,37.21975,128.8346333,강원특별자치도 정선군,outside_region,contained:강원특별자치도
GGB261500020,고한,37.2197833,128.8345667,강원특별자치도 정선군,outside_region,contained:강원특별자치도
GGB387500020,고현버스터미널,34.8910833,128.6241,경상남도 거제시,outside_region,far
GGB387500010,고현버스터미널,34.89105,128.6239667,경상남도 거제시,outside_region,far
GGB332500010,고흥공용버스,34.60735,127.2806667,전라남도 고흥군,outside_region,far
GGB168000757,공단본부,37.4777,126.6813833,인천광역시,outside_region,contained:인천광역시
GGB168000756,공단본부,37.4776833,126.6810667,인천광역시,outside_region,contained:인천광역시
GGB168000995,공단사거리,37.5905333,126.6205,인천광역시,outside_region,contained:인천광역시
GGB168001070,공단사거리,37.59295,126.6156,인천광역시,outside_region,contained:인천광역시
GGB168001069,공단사거리,37.59275,126.6153667,인천광역시,outside_region,contained:인천광역시
GGB168000996,공단사거리,37.5903167,126.6205167,인천광역시,outside_region,contained:인천광역시
GGB165000062,공단소방서,37.4051167,126.6890667,인천광역시,outside_region,contained:인천광역시
GGB163000426,공단시장,37.4677333,126.6794333,인천광역시,outside_region,contained:인천광역시
GGB163000427,공단시장,37.4676667,126.6796667,인천광역시,outside_region,contained:인천광역시
GGB166000565,공단오거리,37.517,126.7111333,인천광역시,outside_region,contained:인천광역시
GGB166000566,공단오거리,37.5172167,126.7114,인천광역시,outside_region,contained:인천광역시
GGB168000940,공단유통상가,37.58825,126.6316333,인천광역시,outside_region,contained:인천광역시
GGB168000941,공단유통상가,37.5882,126.6307667,인천광역시,outside_region,contained:인천광역시
GGB163000444,공단치안센터,37.4706167,126.6778167,인천광역시,outside_region,contained:인천광역시
GGB163000445,공단치안센터,37.4707167,126.6782833,인천광역시,outside_region,contained:인천광역시
GGB277103847,공대IC(미정차),36.0059833,129.3280833,경상북도 포항시,outside_region,far
GGB169000092,공설운동장,37.6343333,126.4975167,인천광역시,outside_region,contained:인천광역시
GGB169000091,공설운동장,37.6344833,126.49755,인천광역시,outside_region,contained:인천광역시
GGB165000480,공작아파트,37.463,126.7415667,인천광역시,outside_region,contained:인천광역시
GGB165000479,공작아파트,37.4628333,126.7417333,인천광역시,outside_region,contained:인천광역시
GGB168000555,공장단지입구,37.5929167,126.6609,인천광역시,outside_region,contained:인천광역시
GGB277101024,공주JC(미정차),36.4856833,127.0917833,충청남도 공주시,outside_region,contained:충청남도
GGB277101025,공주JC(미정차),36.48525,127.09185,충청남도 공주시,outside_region,contained:충청남도
GGB277101531,공주TG(미정차),36.4855,127.12885,충청남도 공주시,outside_region,contained:충청남도
GGB277101532,공주TG(미정차),36.48535,127.1281167,충청남도 공주시,outside_region,contained:충청남도
GGB286500030,공주종합버스터미널,36.4686833,127.1340667,충청남도 공주시,outside_region,contained:충청남도
GGB168000323,공촌마을,37.5500667,126.6819833,인천광역시,outside_region,contained:인천광역시
GGB168000598,공촌마을,37.5504167,126.6821833,인천광역시,outside_region,contained:인천광역시
GGB168000324,공촌사거리,37.5524333,126.6748333,인천광역시,outside_region,contained:인천광역시
GGB168000331,공촌사거리,37.5523333,126.6780833,인천광역시,outside_region,contained:인천광역시
GGB168000330,공촌사거리,37.5519667,126.6781667,인천광역시,outside_region,contained:인천광역시
GGB168000322,공촌사거리(한국아파트),37.5520833,126.6749167,인천광역시,outside_region,contained:인천광역시
GGB168000340,공촌정수장,37.5513833,126.6934167,인천광역시,outside_region,contained:인천광역시
GGB168000341,공촌정수장,37.5518,126.6929667,인천광역시,outside_region,contained:인천광역시
GGB277103354,공항고속도로진입(미정차),37.442,126.4782833,인천광역시,outside_region,contained:인천광역시
GGB277103798,공항신도시JC(미정차),37.4853333,126.4862667,인천광역시,outside_region,contained:인천광역시
GGB163000679,관교노인복지관·승학초등학교,37.4390167,126.6966833,인천광역시,outside_region,contained:인천광역시
GGB167000108,광명아파트,37.5291333,126.73365,인천광역시,outside_region,contained:인천광역시
GGB166000817,광명아파트,37.5186167,126.70825,인천광역시,outside_region,contained:인천광역시
GGB167000447,광명아파트,37.5179,126.7099833,인천광역시,outside_region,contained:인천광역시
GGB167000448,광명아파트,37.519,126.7082333,인천광역시,outside_region,contained:인천광역시
GGB277101082,광산IC(미정차),35.2162167,126.8283333,경기도 광주시,outside_region,far
GGB277101081,광산IC(미정차),35.2165833,126.8279,경기도 광주시,outside_region,far
GGB277101498,광양TG(미정차),34.9694,127.59975,전라남도 광양시,outside_region,far
GGB277101497,광양TG(미정차),34.96985,127.59915,전라남도 광양시,outside_region,far
GGB328500010,광양터미널,34.9699167,127.5906667,전라남도 광양시,outside_region,far
GGB328500030,광양터미널,34.9699167,127.5905667,전라남도 광양시,outside_region,far
GGB166000874,광일아파트,37.4821,126.7379667,인천광역시,outside_region,contained:인천광역시
GGB166000855,광일아파트,37.48225,126.7379167,인천광역시,outside_region,contained:인천광역시
GGB277103628,광주TG(미정차),35.252,126.8085333,전라남도 장성군,outside_region,far
GGB277103627,광주TG(미정차),35.2518167,126.8081,전라남도 장성군,outside_region,far
GGB179501240,광주비아정류소,35.2254,126.8263167,경기도 광주시,outside_region,far
GGB176500010,광주유스퀘어(종합터미널),35.1605167,126.8812167,경기도 광주시,outside_region,far
GGB277101114,광천IC(미정차),36.4974167,126.5851333,충청남도 보령시,outside_region,contained:충청남도
GGB277101113,광천IC(미정차),36.4974667,126.5848333,충청남도 보령시,outside_region,contained:충청남도
GGB297500030,광천터미널,36.4989667,126.6241667,충청남도 홍성군,outside_region,contained:충청남도
GGB277104192,광터교차로(미정차),37.3410167,127.88055,강원특별자치도 원주시,outside_region,contained:강원특별자치도
GGB500000040,광혜원,36.9900833,127.4451167,충청북도 진천군,outside_region,contained:충청북도
GGB279500060,광혜원,36.9932667,127.4440167,충청북도 진천군,outside_region,contained:충청북도
GGB279500050,광혜원,36.9932,127.4440667,충청북도 진천군,outside_region,contained:충청북도
GGB277101787,광혜원(미정차),36.99295,127.4445667,충청북도 진천군,outside_region,contained:충청북도
GGB277103063,괴산IC(미정차),36.86725,127.92365,충청북도 괴산군,outside_region,contained:충청북도
GGB277103062,괴산IC(미정차),36.8671667,127.9231333,충청북도 괴산군,outside_region,contained:충청북도
GGB280500040,괴산시외버스터미널,36.8084167,127.79465,충청북도 괴산군,outside_region,contained:충청북도
GGB277101398,괴산휴게소(미정차),36.8316667,127.95905,충청북도 괴산군,outside_region,contained:충청북도
GGB277101397,괴산휴게소(미정차),36.8314333,127.9585833,충청북도 괴산군,outside_region,contained:충청북도
GGB277104583,교동지하차도(미정차),38.2047833,128.5666,강원특별자치도 속초시,outside_region,contained:강원특별자치도
GGB163000538,교통방송사거리,37.4453333,126.6492667,인천광역시,outside_region,contained:인천광역시
GGB167000192,교통연수원,37.5435833,126.7173833,인천광역시,outside_region,contained:인천광역시
GGB167000191,교통연수원,37.5439667,126.71675,인천광역시,outside_region,contained:인천광역시
GGB277102900,구례화엄사IC(미정차),35.25,127.4193667,전라남도 구례군,outside_region,far
GGB277102899,구례화엄사IC(미정차),35.2501333,127.41895,전라남도 구례군,outside_region,far
GGB277101172,구미IC(미정차),36.1092167,128.3605,경상북도 구미시,outside_region,far
GGB277101173,구미IC(미정차),36.10875,128.3610667,경상북도 구미시,outside_region,far
GGB277101174,구미TG(미정차),36.1119,128.3618,경상북도 구미시,outside_region,far
GGB277101175,구미TG(미정차),36.1119333,128.3620333,경상북도 구미시,outside_region,far
GGB355500020,구미종합터미널,36.1220833,128.3526667,경상북도 구미시,outside_region,far
GGB355500010,구미종합터미널,36.1222667,128.35275,경상북도 구미시,outside_region,far
GGB166000233,구산사거리,37.4836833,126.7523,인천광역시,outside_region,contained:인천광역시
GGB166000843,구산사거리,37.4814667,126.7517333,인천광역시,outside_region,contained:인천광역시
GGB166000842,구산사거리,37.4806833,126.7519,인천광역시,outside_region,contained:인천광역시
GGB277102035,구산사거리(미정차),37.4837,126.7529,인천광역시,outside_region,contained:인천광역시
GGB277102362,구산사거리(미정차),37.484,126.7527667,인천광역시,outside_region,contained:인천광역시
GGB166000518,구산중학교,37.5037167,126.7424167,인천광역시,outside_region,contained:인천광역시
GGB165000607,구월2동행정복지센터,37.4567167,126.7122667,인천광역시,outside_region,contained:인천광역시
GGB165000586,구월2동행정복지센터,37.4564167,126.7126167,인천광역시,outside_region,contained:인천광역시
GGB165000192,구월도매전통시장,37.44295,126.7044333,인천광역시,outside_region,contained:인천광역시
GGB165000193,구월도매전통시장,37.4432,126.7049667,인천광역시,outside_region,contained:인천광역시
GGB165000237,구월동팬더아파트,37.4492833,126.7125333,인천광역시,outside_region,contained:인천광역시
GGB165000238,구월동팬더아파트,37.4497,126.7120833,인천광역시,outside_region,contained:인천광역시
GGB165000886,구월아시아드6단지,37.4427667,126.7130667,인천광역시,outside_region,contained:인천광역시
GGB165000885,구월아시아드6단지,37.443,126.7130833,인천광역시,outside_region,contained:인천광역시
GGB165000892,구월아시아드7단지,37.4405,126.7146833,인천광역시,outside_region,contained:인천광역시
GGB165000891,구월아시아드8단지,37.4405,126.7149167,인천광역시,outside_region,contained:인천광역시
GGB165000203,구월아시아드선수촌아파트,37.4437167,126.7178667,인천광역시,outside_region,contained:인천광역시
GGB165000914,구월아시아드은빛호수공원,37.4429833,126.7165,인천광역시,outside_region,contained:인천광역시
GGB165000915,구월아시아드은빛호수공원,37.4428333,126.7166,인천광역시,outside_region,contained:인천광역시
GGB165000286,구월중학교,37.4553333,126.70825,인천광역시,outside_region,contained:인천광역시
GGB165000281,구월중학교,37.4543833,126.7085,인천광역시,outside_region,contained:인천광역시
GGB165000384,구월체육공원,37.4585667,126.7195333,인천광역시,outside_region,contained:인천광역시
GGB282500030,구인사,37.0364667,128.4807833,충청북도 단양군,outside_region,contained:충청북도
GGB165000375,구장수파출소,37.4489,126.7491667,인천광역시,outside_region,contained:인천광역시
GGB163000274,국민건강보험남부지사,37.4513333,126.6777333,인천광역시,outside_region,contained:인천광역시
GGB161000026,국제업무단지(공항청사),37.4392667,126.4617167,인천광역시,outside_region,contained:인천광역시
GGB164000528,국제업무지구역,37.3989333,126.6305667,인천광역시,outside_region,contained:인천광역시
GGB164000619,국제업무지구역5번출구,37.3999167,126.6308333,인천광역시,outside_region,contained:인천광역시
GGB169001051,국제콘크리트,37.6354333,126.5095167,인천광역시,outside_region,contained:인천광역시
GGB169001050,국제콘크리트,37.6352333,126.5092333,인천광역시,outside_region,contained:인천광역시
GGB277101237,군산IC(미정차),36.00985,126.7987667,전라북도 군산시,outside_region,nearest:충청남도 2314 m
GGB277101238,군산IC(미정차),36.0088333,126.7997333,전라북도 군산시,outside_region,nearest:충청남도 2438 m
GGB277101239,군산TG(미정차),36.0031167,126.79045,전라북도 군산시,outside_region,nearest:충청남도 3042 m
GGB277101240,군산TG(미정차),36.0028333,126.7907667,전라북도 군산시,outside_region,nearest:충청남도 3072 m
GGB307500040,군산시외버스터미널,35.9775167,126.7247667,전라북도 군산시,outside_region,nearest:충청남도 2516 m
GGB307500050,군산시외버스터미널,35.97745,126.7247833,전라북도 군산시,outside_region,nearest:충청남도 2523 m
GGB277103033,군위IC(미정차),36.1992667,128.5589833,대구광역시 군위군,outside_region,far
GGB277103034,군위IC(미정차),36.1989167,128.55915,대구광역시 군위군,outside_region,far
GGB277103960,군위JC(미정차),36.1571,128.5695167,대구광역시 군위군,outside_region,far
GGB277103959,군위JC(미정차),36.15715,128.56915,대구광역시 군위군,outside_region,far
GGB361000001,군위공용버스터미널,36.2301,128.5683333,대구광역시 군위군,outside_region,far
GGB169000046,군인아파트,37.7146333,126.4781167,인천광역시,outside_region,contained:인천광역시
GGB169000047,군인아파트,37.71475,126.4776833,인천광역시,outside_region,contained:인천광역시
GGB166000232,굴다리오거리,37.4912333,126.7283333,인천광역시,outside_region,contained:인천광역시
GGB166000231,굴다리오거리,37.49095,126.72845,인천광역시,outside_region,contained:인천광역시
GGB500000016,굴업교회,37.6156333,127.6728667,강원특별자치도 홍천군,outside_region,contained:강원특별자치도
GGB500000015,굴업교회,37.6157,127.673,강원특별자치도 홍천군,outside_region,contained:강원특별자치도
GGB166000509,굴포천,37.5082167,126.7259167,인천광역시,outside_region,contained:인천광역시
GGB166000814,굴포천역(롯데마트),37.50775,126.73155,인천광역시,outside_region,contained:인천광역시
GGB166000815,굴포천역(롯데마트),37.5079667,126.73115,인천광역시,outside_region,contained:인천광역시
GGB277103548,굴포천역(미정차),37.5072167,126.7315833,인천광역시,outside_region,contained:인천광역시
GGB166000508,굴포천역(부평농협),37.5072167,126.7294667,인천광역시,outside_region,contained:인천광역시
GGB166000507,굴포천역(부평농협),37.5068833,126.7298,인천광역시,outside_region,contained:인천광역시
GGB166000522,굴포천역.욱일아파트,37.5070833,126.7331,인천광역시,outside_region,contained:인천광역시
GGB166000519,굴포천역.욱일아파트,37.5067333,126.7328167,인천광역시,outside_region,contained:인천광역시
GGB251500760,귀래,37.1706167,127.8842667,강원특별자치도 원주시,outside_region,contained:강원특별자치도
GGB251500750,귀래,37.1706333,127.88445,강원특별자치도 원주시,outside_region,contained:강원특별자치도
GGB167000385,귤현감리교회,37.56705,126.7472833,인천광역시,outside_region,contained:인천광역시
GGB167000386,귤현감리교회,37.5672,126.7473,인천광역시,outside_region,contained:인천광역시
GGB167000328,귤현동마을입구,37.5642667,126.7426667,인천광역시,outside_region,contained:인천광역시
GGB167000326,귤현동마을입구,37.5643667,126.7424167,인천광역시,outside_region,contained:인천광역시
GGB167000331,귤현역,37.5661833,126.7424667,인천광역시,outside_region,contained:인천광역시
GGB167000332,귤현역,37.5662167,126.7422,인천광역시,outside_region,contained:인천광역시
GGB167000443,귤현차량기지.센트레빌3단지,37.5672,126.7452833,인천광역시,outside_region,contained:인천광역시
GGB167000444,귤현차량기지.센트레빌3단지,37.5670333,126.74475,인천광역시,outside_region,contained:인천광역시
GGB161000648,그린나래지하차도,37.4745333,126.516,인천광역시,outside_region,contained:인천광역시
GGB161000649,그린나래지하차도,37.4745333,126.5147167,인천광역시,outside_region,contained:인천광역시
GGB168000602,그린빌라,37.5176,126.6804833,인천광역시,outside_region,contained:인천광역시
GGB168000222,그린빌라,37.5177333,126.6803667,인천광역시,outside_region,contained:인천광역시
GGB166000194,그린힐아파트.e편한세상아파트,37.4868167,126.7345167,인천광역시,outside_region,contained:인천광역시
GGB165000272,극동.금호아파트,37.4569333,126.69875,인천광역시,outside_region,contained:인천광역시
GGB165000278,극동.금호아파트,37.4572,126.6991333,인천광역시,outside_region,contained:인천광역시
GGB165000919,극지연구소,37.3688167,126.6472667,인천광역시,outside_region,contained:인천광역시
GGB165000918,극지연구소,37.36915,126.64735,인천광역시,outside_region,contained:인천광역시
GGB166000884,근로복지공단인천병원,37.4771333,126.7524833,인천광역시,outside_region,contained:인천광역시
GGB166000155,근로복지공단인천병원,37.4774,126.7518667,인천광역시,outside_region,contained:인천광역시
GGB166000145,근로복지공단인천병원,37.4766833,126.7517,인천광역시,outside_region,contained:인천광역시
GGB166000882,근로복지공단인천병원,37.47725,126.7523333,인천광역시,outside_region,contained:인천광역시
GGB165000604,근린공원,37.4016333,126.7267333,인천광역시,outside_region,contained:인천광역시
GGB165000841,글로벌캠퍼스푸르지오,37.3758333,126.6549,인천광역시,outside_region,contained:인천광역시
GGB165000840,글로벌파크베르디움,37.3757333,126.6550833,인천광역시,outside_region,contained:인천광역시
GGB277101155,금강IC(미정차),36.2795167,127.6724667,충청북도 옥천군,outside_region,contained:충청북도
GGB277101154,금강IC(미정차),36.2797333,127.6727167,충청북도 옥천군,outside_region,contained:충청북도
GGB163000291,금강요양병원,37.4507333,126.6867333,인천광역시,outside_region,contained:인천광역시
GGB168000858,금강종합상가,37.59045,126.6564333,인천광역시,outside_region,contained:인천광역시
GGB168001459,금강펜테리움더시글로,37.5919333,126.7092167,인천광역시,outside_region,contained:인천광역시
GGB168001392,금강펜테리움더시글로,37.59165,126.7093333,인천광역시,outside_region,contained:인천광역시
GGB168001370,금곡교차로,37.6101333,126.63805,인천광역시,outside_region,contained:인천광역시
GGB168000587,금곡동,37.6178,126.63685,인천광역시,outside_region,contained:인천광역시
GGB168000471,금곡동,37.6182333,126.6366167,인천광역시,outside_region,contained:인천광역시
GGB168001061,금란마트,37.5954167,126.6248667,인천광역시,outside_region,contained:인천광역시
GGB168001056,금란마트,37.5951167,126.6255833,인천광역시,outside_region,contained:인천광역시
GGB166000833,금마초등학교,37.4788167,126.7470833,인천광역시,outside_region,contained:인천광역시
GGB277103433,금산IC(미정차),37.5112667,126.5235333,인천광역시,outside_region,contained:인천광역시
GGB277103434,금산IC(미정차),37.5108667,126.5235167,인천광역시,outside_region,contained:인천광역시
GGB277101062,금산사IC(미정차),35.73655,126.98915,전라북도 김제시,outside_region,far
GGB277101061,금산사IC(미정차),35.7370333,126.9892333,전라북도 김제시,outside_region,far
GGB168000812,금성목재,37.5924833,126.60375,인천광역시,outside_region,contained:인천광역시
GGB277102868,금왕꽃동네TG(미정차),36.9513833,127.5531333,충청북도 음성군,outside_region,contained:충청북도
GGB277102867,금왕꽃동네TG(미정차),36.9512,127.5527833,충청북도 음성군,outside_region,contained:충청북도
GGB281500090,금왕임시정류소,36.9900833,127.59515,충청북도 음성군,outside_region,contained:충청북도
GGB281500080,금왕임시정류소,36.9901667,127.5950667,충청북도 음성군,outside_region,contained:충청북도
GGB169000298,금운교,37.6997833,126.4808167,인천광역시,outside_region,contained:인천광역시
GGB169000858,금운교,37.6998,126.4809833,인천광역시,outside_region,contained:인천광역시
GGB163000031,금호2차아파트,37.4494667,126.6335,인천광역시,outside_region,contained:인천광역시
GGB163000033,금호2차아파트,37.4495333,126.634,인천광역시,outside_region,contained:인천광역시
GGB277101185,금호JC(미정차),35.8928167,128.5254833,대구광역시,outside_region,far
GGB277101186,금호JC(미정차),35.8926833,128.5243833,대구광역시,outside_region,far
GGB166000845,금호아파트,37.5082,126.7118667,인천광역시,outside_region,contained:인천광역시
GGB166000795,금호아파트,37.5078833,126.7117667,인천광역시,outside_region,contained:인천광역시
GGB164000349,금호아파트,37.3927167,126.65625,인천광역시,outside_region,contained:인천광역시
GGB163000048,금호어울림,37.4504333,126.6327,인천광역시,outside_region,contained:인천광역시
GGB168000139,금호어울림아파트,37.50395,126.66795,인천광역시,outside_region,contained:인천광역시
GGB168000137,금호어울림아파트,37.5038,126.66815,인천광역시,outside_region,contained:인천광역시
GGB168000593,금호어울림아파트,37.59405,126.6665,인천광역시,outside_region,contained:인천광역시
GGB168000592,금호어울림아파트,37.5943833,126.6662,인천광역시,outside_region,contained:인천광역시
GGB163000024,금호타운,37.4482,126.6354,인천광역시,outside_region,contained:인천광역시
GGB163000026,금호타운,37.44805,126.6362,인천광역시,outside_region,contained:인천광역시
GGB163000294,기계공고,37.45605,126.6701167,인천광역시,outside_region,contained:인천광역시
GGB165000567,기신정기,37.4019667,126.6947333,인천광역시,outside_region,contained:인천광역시
GGB300500070,기지시,36.9043333,126.69425,충청남도 당진시,outside_region,contained:충청남도
GGB300500060,기지시,36.9042167,126.6944167,충청남도 당진시,outside_region,contained:충청남도
GGB165000590,길병원,37.4518,126.7081333,인천광역시,outside_region,contained:인천광역시
GGB165000250,길병원,37.4520667,126.7077667,인천광역시,outside_region,contained:인천광역시
GGB165000216,길병원사거리,37.4480167,126.7076,인천광역시,outside_region,contained:인천광역시
GGB165000212,길병원사거리,37.4475833,126.7070667,인천광역시,outside_region,contained:인천광역시
GGB169000959,길상군립어린이집,37.6364167,126.5192167,인천광역시,outside_region,contained:인천광역시
GGB169000960,길상군립어린이집,37.6365,126.5191667,인천광역시,outside_region,contained:인천광역시
GGB169001410,길상면주민복합센터,37.6418333,126.49005,인천광역시,outside_region,contained:인천광역시
GGB169001409,길상면주민복합센터,37.6420167,126.4901,인천광역시,outside_region,contained:인천광역시
GGB169000021,길상보건지소,37.6413333,126.4915833,인천광역시,outside_region,contained:인천광역시
GGB169000069,길상보건지소,37.6413167,126.4917333,인천광역시,outside_region,contained:인천광역시
GGB169000270,길직1리,37.6578833,126.49335,인천광역시,outside_region,contained:인천광역시
GGB169000031,길직리,37.6578667,126.49325,인천광역시,outside_region,contained:인천광역시
GGB168000494,길훈아파트,37.6135167,126.6853167,인천광역시,outside_region,contained:인천광역시
GGB165000751,김미현골프장,37.3860167,126.71445,인천광역시,outside_region,contained:인천광역시
GGB165000749,김미현골프장,37.3859167,126.7139,인천광역시,outside_region,contained:인천광역시
GGB277101057,김제IC(미정차),35.7760333,127.0026167,전라북도 김제시,outside_region,far
GGB277101058,김제IC(미정차),35.7755667,127.0024667,전라북도 김제시,outside_region,far
GGB311500010,김제공용버스터미널,35.8036333,126.8936667,전라북도 김제시,outside_region,far
GGB311500020,김제공용버스터미널,35.80355,126.8935,전라북도 김제시,outside_region,far
GGB277101164,김천IC(미정차),36.1338833,128.0949333,경상북도 김천시,outside_region,far
GGB277101165,김천IC(미정차),36.1336167,128.09435,경상북도 김천시,outside_region,far
GGB353000001,김천경철서정문,36.1272167,128.1822167,,outside_region,far
GGB353500020,김천공용버스,36.1234833,128.1184,,outside_region,far
GGB167000149,까치공원.작전도서관,37.5332833,126.7382167,인천광역시,outside_region,contained:인천광역시
GGB277101698,까치말사거리(미정차),37.5307333,126.7346167,인천광역시,outside_region,contained:인천광역시
GGB167000563,까치말사거리(중),37.53035,126.7331167,인천광역시,outside_region,contained:인천광역시
GGB167000564,까치말사거리(중),37.5304833,126.7340833,인천광역시,outside_region,contained:인천광역시
GGB281500110,꽃동네,36.9408667,127.57515,충청북도 음성군,outside_region,contained:충청북도
GGB165001023,꿈에그린아파트,37.4281167,126.7593167,인천광역시,outside_region,contained:인천광역시
GGB166000784,나누리병원,37.4991,126.73065,인천광역시,outside_region,contained:인천광역시
GGB164000068,나사렛국제병원앞,37.4076167,126.6702667,인천광역시,outside_region,contained:인천광역시
GGB277101379,낙동JC(미정차),36.3667667,128.2390833,경상북도 상주시,outside_region,far
GGB277101380,낙동JC(미정차),36.3659,128.2392167,경상북도 상주시,outside_region,far
GGB500000109,낚시터앞,37.1491667,127.64455,충청북도 음성군,outside_region,contained:충청북도
GGB500000103,낚시터앞,37.1496333,127.6447333,충청북도 음성군,outside_region,contained:충청북도
GGB277101026,남공주IC(미정차),36.4266,127.0806833,충청남도 공주시,outside_region,contained:충청남도
GGB277101027,남공주IC(미정차),36.4263,127.0811167,충청남도 공주시,outside_region,contained:충청남도
GGB277101177,남구미IC(미정차),36.0697333,128.3682167,경상북도 구미시,outside_region,far
GGB277101176,남구미IC(미정차),36.0700833,128.3691,경상북도 구미시,outside_region,far
GGB277103060,남김천IC(미정차),36.0594833,128.2674,경상북도 김천시,outside_region,far
GGB277103061,남김천IC(미정차),36.05925,128.26785,경상북도 김천시,outside_region,far
GGB277101037,남논산TG(미정차),36.1029,127.0805167,충청남도 논산시,outside_region,contained:충청남도
GGB277101036,남논산TG(미정차),36.1028333,127.08015,충청남도 논산시,outside_region,contained:충청남도
GGB277103028,남대구IC(미정차),35.8364667,128.5274833,대구광역시,outside_region,far
GGB277103027,남대구IC(미정차),35.83715,128.5273667,대구광역시,outside_region,far
GGB277103198,남동IC(미정차),37.4339167,126.7134,인천광역시,outside_region,contained:인천광역시
GGB277103199,남동IC(미정차),37.4336333,126.7118333,인천광역시,outside_region,contained:인천광역시
GGB277103046,남동IC진입(미정차),37.4306333,126.7118667,인천광역시,outside_region,contained:인천광역시
GGB277103045,남동IC출입(미정차),37.4306833,126.7115333,인천광역시,outside_region,contained:인천광역시
GGB165000148,남동경찰서·남촌농산물도매시장,37.4220833,126.7183667,인천광역시,outside_region,contained:인천광역시
GGB165000147,남동경찰서·남촌농산물도매시장,37.4217333,126.71835,인천광역시,outside_region,contained:인천광역시
GGB277100349,남동교차로(미정차),36.7732167,127.0377333,,outside_region,contained:충청남도
GGB165000279,남동구청,37.44675,126.7328167,인천광역시,outside_region,contained:인천광역시
GGB165000263,남동구청,37.4457333,126.7327833,인천광역시,outside_region,contained:인천광역시
GGB165000318,남동구청역,37.4479333,126.7381833,인천광역시,outside_region,contained:인천광역시
GGB165000324,남동구청역,37.4482667,126.7382667,인천광역시,outside_region,contained:인천광역시
GGB165000287,남동구청후문(남동등기소),37.4483,126.7306667,인천광역시,outside_region,contained:인천광역시
GGB165000288,남동구청후문(남동등기소),37.4486333,126.7305,인천광역시,outside_region,contained:인천광역시
GGB165000568,남동국가산업단지.기신정기,37.4023,126.6949333,인천광역시,outside_region,contained:인천광역시
GGB164000090,남동대교,37.4069333,126.6851,인천광역시,outside_region,contained:인천광역시
GGB165000063,남동대교.스퀘어원,37.4065,126.6854833,인천광역시,outside_region,contained:인천광역시
GGB165000293,남동등기소,37.4491667,126.7294833,인천광역시,outside_region,contained:인천광역시
GGB165000330,남동빌라,37.45175,126.7290833,인천광역시,outside_region,contained:인천광역시
GGB165000888,남동세무서,37.4427833,126.7087333,인천광역시,outside_region,contained:인천광역시
GGB165000887,남동세무서,37.44295,126.7086167,인천광역시,outside_region,contained:인천광역시
GGB165000748,남동소래아트홀,37.3867333,126.7248167,인천광역시,outside_region,contained:인천광역시
GGB165000744,남동소래아트홀,37.3868167,126.7249167,인천광역시,outside_region,contained:인천광역시
GGB165000215,남동아시아드럭비경기장,37.4396833,126.7334,인천광역시,outside_region,contained:인천광역시
GGB165000214,남동아시아드럭비경기장,37.4394333,126.7332333,인천광역시,outside_region,contained:인천광역시
GGB165000372,남동정수장,37.4509333,126.7423167,인천광역시,outside_region,contained:인천광역시
GGB165000220,남동중학교,37.4394167,126.7368,인천광역시,outside_region,contained:인천광역시
GGB165000224,남동중학교,37.4397,126.73785,인천광역시,outside_region,contained:인천광역시
GGB165000947,남동체육관,37.4359667,126.7339333,인천광역시,outside_region,contained:인천광역시
GGB165000930,남동체육관,37.4361833,126.7339167,인천광역시,outside_region,contained:인천광역시
GGB165000862,남동체육관(체조경기장),37.43655,126.7319833,인천광역시,outside_region,contained:인천광역시
GGB165000682,남동체육관(체조경기장),37.4365167,126.7324167,인천광역시,outside_region,contained:인천광역시
GGB165000255,남동초등학교,37.4435333,126.7366,인천광역시,outside_region,contained:인천광역시
GGB165000254,남동초등학교,37.4433167,126.7362833,인천광역시,outside_region,contained:인천광역시
GGB165000300,남동화원,37.4460167,126.7407667,인천광역시,outside_region,contained:인천광역시
GGB271500050,남부정류장,36.6084,127.47965,충청북도 청주시,outside_region,contained:충청북도
GGB271500040,남부정류장,36.6084667,127.48005,충청북도 청주시,outside_region,contained:충청북도
GGB273500170,남부터미널,37.13295,128.2028833,충청북도 제천시,outside_region,contained:충청북도
GGB273500180,남부터미널,37.1331,128.20265,충청북도 제천시,outside_region,contained:충청북도
GGB277103951,남상주IC(미정차),36.3678667,128.14085,경상북도 상주시,outside_region,far
GGB277103950,남상주IC(미정차),36.3676833,128.1403833,경상북도 상주시,outside_region,far
GGB277103058,남성주IC(미정차),35.84335,128.3239333,경상북도 성주군,outside_region,far
GGB277103059,남성주IC(미정차),35.8424167,128.3246833,경상북도 성주군,outside_region,far
GGB277103038,남안동IC(미정차),36.4747333,128.6216,경상북도 안동시,outside_region,far
GGB277103037,남안동IC(미정차),36.4752833,128.62105,경상북도 안동시,outside_region,far
GGB354500480,남안동TG(미정차),36.4761333,128.6261833,경상북도 안동시,outside_region,far
GGB354500470,남안동TG(미정차),36.4762333,128.62585,경상북도 안동시,outside_region,far
GGB168000814,남양목재,37.5943,126.6057667,인천광역시,outside_region,contained:인천광역시
GGB277101339,남원주IC(미정차),37.3241333,127.9298667,강원특별자치도 원주시,outside_region,contained:강원특별자치도
GGB277101340,남원주IC(미정차),37.3240333,127.9303333,강원특별자치도 원주시,outside_region,contained:강원특별자치도
GGB277101341,남원주TG(미정차),37.3237833,127.9245833,강원특별자치도 원주시,outside_region,contained:강원특별자치도
GGB277101342,남원주TG(미정차),37.3233667,127.9245833,강원특별자치도 원주시,outside_region,contained:강원특별자치도
GGB277101130,남이JC(미정차),36.5965,127.422,충청북도 청원군,outside_region,contained:충청북도
GGB277101131,남이JC(미정차),36.5963167,127.4216833,충청북도 청원군,outside_region,contained:충청북도
GGB163000300,남인천새마을금고중앙지점,37.45415,126.67975,인천광역시,outside_region,contained:인천광역시
GGB165000190,남인천여자중학교,37.4459833,126.6945167,인천광역시,outside_region,contained:인천광역시
GGB165000191,남인천여자중학교,37.4460833,126.6939833,인천광역시,outside_region,contained:인천광역시
GGB277101356,남제천IC(미정차),37.0758667,128.1823333,충청북도 제천시,outside_region,contained:충청북도
GGB277101355,남제천IC(미정차),37.0764667,128.1812667,충청북도 제천시,outside_region,contained:충청북도
GGB277103003,남지IC(미정차),35.3987667,128.4824833,경상남도 창녕군,outside_region,far
GGB277103004,남지IC(미정차),35.3984,128.4829167,경상남도 창녕군,outside_region,far
GGB277101012,남천안IC(미정차),36.7544333,127.1649,충청남도 천안시,outside_region,contained:충청남도
GGB277101013,남천안IC(미정차),36.7535833,127.16505,충청남도 천안시,outside_region,contained:충청남도
GGB277101134,남청주IC(미정차),36.5343333,127.4302167,충청북도 청원군,outside_region,contained:충청북도
GGB277101135,남청주IC(미정차),36.5333667,127.4305,충청북도 청원군,outside_region,contained:충청북도
GGB165001033,남촌농산물도매시장채소동앞,37.4220333,126.72065,인천광역시,outside_region,contained:인천광역시
GGB165001034,남촌농산물도매시장채소동앞,37.4216833,126.7206167,인천광역시,outside_region,contained:인천광역시
GGB165000908,남촌동다목적센터,37.43515,126.7182167,인천광역시,outside_region,contained:인천광역시
GGB165000907,남촌동다목적체육센터,37.4350333,126.7186333,인천광역시,outside_region,contained:인천광역시
GGB165000157,남촌입구,37.4259333,126.7175,인천광역시,outside_region,contained:인천광역시
GGB165000156,남촌입구,37.4258,126.71785,인천광역시,outside_region,contained:인천광역시
GGB165000171,남촌풍림2차아파트,37.4317667,126.7183667,인천광역시,outside_region,contained:인천광역시
GGB165000167,남촌풍림3차아파트,37.4296333,126.7181667,인천광역시,outside_region,contained:인천광역시
GGB165000165,남촌풍림3차아파트,37.4293167,126.7185167,인천광역시,outside_region,contained:인천광역시
GGB165000172,남촌풍림아파트,37.4317,126.7187333,인천광역시,outside_region,contained:인천광역시
GGB277101574,남춘천IC(미정차),37.7518833,127.7239167,강원특별자치도 춘천시,outside_region,contained:강원특별자치도
GGB277101575,남춘천IC(미정차),37.75135,127.7231,강원특별자치도 춘천시,outside_region,contained:강원특별자치도
GGB277103998,남풍세IC(미정차),36.7228,127.1412,충청남도 천안시,outside_region,contained:충청남도
GGB277103997,남풍세IC(미정차),36.7232833,127.1416167,충청남도 천안시,outside_region,contained:충청남도
GGB277103981,남풍세TG(미정차),36.7197333,127.1405333,충청남도 천안시,outside_region,contained:충청남도
GGB277103982,남풍세TG(미정차),36.7196833,127.1408333,충청남도 천안시,outside_region,contained:충청남도
GGB161000078,남항유어선부두,37.45395,126.61285,인천광역시,outside_region,contained:인천광역시
GGB161000079,남항유어선부두,37.45385,126.6143167,인천광역시,outside_region,contained:인천광역시
GGB380500140,내서고속버스터미널,35.2555333,128.5130167,경상남도 마산시,outside_region,far
GGB277101072,내장산IC(미정차),35.5091333,126.8019833,전라북도 정읍시,outside_region,far
GGB277101071,내장산IC(미정차),35.50955,126.8018833,전라북도 정읍시,outside_region,far
GGB277103916,내촌IC(미정차),37.7888333,128.13975,강원특별자치도 홍천군,outside_region,contained:강원특별자치도
GGB277103915,내촌IC(미정차),37.7885167,128.13885,강원특별자치도 홍천군,outside_region,contained:강원특별자치도
GGB169001394,내촌입구,37.6339167,126.4613167,인천광역시,outside_region,contained:인천광역시
GGB169001395,내촌입구,37.6337833,126.4613167,인천광역시,outside_region,contained:인천광역시
GGB297500110,내포신도시버스정류소,36.6577167,126.6705833,충청남도 홍성군,outside_region,contained:충청남도
GGB298500010,내포신도시버스정류소,36.6589833,126.6704667,충청남도 예산군,outside_region,contained:충청남도
GGB169000273,노랑새고개,37.6758833,126.4149167,인천광역시,outside_region,contained:인천광역시
GGB169000570,노랑새고개,37.6758,126.4148,인천광역시,outside_region,contained:인천광역시
GGB277103181,노오지JC(미정차),37.5699833,126.7532833,인천광역시,outside_region,contained:인천광역시
GGB277103304,노오지JC(미정차),37.5702333,126.7524,인천광역시,outside_region,contained:인천광역시
GGB277103180,노오지JC(미정차),37.5706167,126.7530167,인천광역시,outside_region,contained:인천광역시
GGB277103305,노오지JC(미정차),37.5705,126.7541,인천광역시,outside_region,contained:인천광역시
GGB214000409,노와3리,36.9586833,127.0963667,경기도 평택시,outside_region,contained:충청남도
GGB165001072,노인복지관,37.4435167,126.7327667,인천광역시,outside_region,contained:인천광역시
GGB165001073,노인복지관,37.4433,126.7331833,인천광역시,outside_region,contained:인천광역시
GGB165001079,노인복지관,37.4435167,126.7338333,인천광역시,outside_region,contained:인천광역시
GGB230001109,노탑4리,37.1371333,127.63695,경기도 이천시,outside_region,contained:충청북도
GGB277101220,노포TG(미정차),35.2888,129.1018333,부산광역시,outside_region,far
GGB277101219,노포TG(미정차),35.285,129.1000167,부산광역시,outside_region,far
GGB168000669,녹청자박물관,37.55865,126.6564,인천광역시,outside_region,contained:인천광역시
GGB168000668,녹청자박물관,37.5585167,126.6565,인천광역시,outside_region,contained:인천광역시
GGB165000687,논고개길,37.40955,126.7237,인천광역시,outside_region,contained:인천광역시
GGB165000819,논고개길,37.4091167,126.7230167,인천광역시,outside_region,contained:인천광역시
GGB277101518,논산IC(미정차),36.1218333,127.1339,충청남도 논산시,outside_region,contained:충청남도
GGB277101517,논산IC(미정차),36.1225833,127.1347667,충청남도 논산시,outside_region,contained:충청남도
GGB277101038,논산JC(미정차),36.0804833,127.1011833,충청남도 논산시,outside_region,contained:충청남도
GGB165000121,논현10단지.별빛마을웰카운티A정문,37.4063,126.7317333,인천광역시,outside_region,contained:인천광역시
GGB165000609,논현12단지산뒤마을,37.4089167,126.7353333,인천광역시,outside_region,contained:인천광역시
GGB165000618,논현13단지푸르네마을,37.4059333,126.7355333,인천광역시,outside_region,contained:인천광역시
GGB165000617,논현13단지푸르네마을,37.4057167,126.7358,인천광역시,outside_region,contained:인천광역시
GGB165000611,논현13단지푸르네마을,37.4072167,126.7361333,인천광역시,outside_region,contained:인천광역시
GGB165000610,논현14단지등대마을,37.4091333,126.7355167,인천광역시,outside_region,contained:인천광역시
GGB165000612,논현14단지등대마을휴먼시아아파,37.4080333,126.7360833,인천광역시,outside_region,contained:인천광역시
GGB165000636,논현2동행정복지센터,37.40455,126.7179333,인천광역시,outside_region,contained:인천광역시
GGB165000697,논현2동행정복지센터,37.40475,126.7175333,인천광역시,outside_region,contained:인천광역시
GGB165000631,논현3단지하늘마을301동,37.4024667,126.7111333,인천광역시,outside_region,contained:인천광역시
GGB165000627,논현3단지하늘마을305동,37.4046333,126.7125333,인천광역시,outside_region,contained:인천광역시
GGB165000626,논현3단지하늘마을305동,37.4043167,126.7126,인천광역시,outside_region,contained:인천광역시
GGB165000079,논현5단지달맞이마을,37.4025167,126.7185167,인천광역시,outside_region,contained:인천광역시
GGB165000078,논현6단지어진마을한화꿈에그린A,37.4023333,126.7186667,인천광역시,outside_region,contained:인천광역시
GGB165000569,논현8단지동산마을,37.4061,126.72635,인천광역시,outside_region,contained:인천광역시
GGB165000570,논현8단지동산마을,37.4062833,126.7264333,인천광역시,outside_region,contained:인천광역시
GGB165000104,논현8단지동산마을,37.40475,126.7277833,인천광역시,outside_region,contained:인천광역시
GGB165000101,논현9단지냇마을신영지웰A,37.4046167,126.7274833,인천광역시,outside_region,contained:인천광역시
GGB165000603,논현9단지냇마을신영지웰A,37.40275,126.7305,인천광역시,outside_region,contained:인천광역시
GGB165000602,논현9단지냇마을신영지웰A,37.4029,126.7298833,인천광역시,outside_region,contained:인천광역시
GGB165000600,논현9단지냇마을신영지웰A정문,37.4041,126.7308333,인천광역시,outside_region,contained:인천광역시
GGB165000707,논현고잔동행정복지센터,37.3987,126.7263333,인천광역시,outside_region,contained:인천광역시
GGB165000582,논현단풍마을트리플에듀,37.4063333,126.73215,인천광역시,outside_region,contained:인천광역시
GGB165000708,논현동힐스테이트,37.3988833,126.72655,인천광역시,outside_region,contained:인천광역시
GGB165000504,논현사거리,37.4066167,126.7234,인천광역시,outside_region,contained:인천광역시
GGB165000505,논현사거리,37.4072167,126.7229,인천광역시,outside_region,contained:인천광역시
GGB165000088,논현신일해피트리아파트,37.4036167,126.7228,인천광역시,outside_region,contained:인천광역시
GGB165000089,논현신일해피트리아파트,37.4035167,126.7222167,인천광역시,outside_region,contained:인천광역시
GGB165000839,논현유승한내들,37.3857167,126.7170167,인천광역시,outside_region,contained:인천광역시
GGB165000923,논현유승한내들,37.3855333,126.7171333,인천광역시,outside_region,contained:인천광역시
GGB165000098,논현주공아파트.인천금융고,37.4093333,126.7114333,인천광역시,outside_region,contained:인천광역시
GGB165000096,논현주공아파트.인천금융고,37.4093667,126.7107833,인천광역시,outside_region,contained:인천광역시
GGB165000574,논현중학교,37.4103167,126.7351,인천광역시,outside_region,contained:인천광역시
GGB165000573,논현중학교,37.4101667,126.7352833,인천광역시,outside_region,contained:인천광역시
GGB165000601,논현초등학교,37.4041833,126.7311167,인천광역시,outside_region,contained:인천광역시
GGB165000649,논현파크포레,37.4069167,126.7117333,인천광역시,outside_region,contained:인천광역시
GGB166000688,농산물시장,37.5212667,126.7468167,인천광역시,outside_region,contained:인천광역시
GGB359500040,농암,36.6011,128.0043833,경상북도 문경시,outside_region,far
GGB359500050,농암,36.6006667,128.0040167,경상북도 문경시,outside_region,far
GGB169000357,농업기술센터,37.70175,126.4369,인천광역시,outside_region,contained:인천광역시
GGB169000573,농업기술센터,37.70175,126.4366,인천광역시,outside_region,contained:인천광역시
GGB165000508,농장주유소,37.4680667,126.72085,인천광역시,outside_region,contained:인천광역시
GGB166000248,농협로타리,37.4913833,126.7307,인천광역시,outside_region,contained:인천광역시
GGB166000251,농협로타리,37.4915333,126.7305833,인천광역시,outside_region,contained:인천광역시
GGB166000875,뉴그린아트빌,37.4832833,126.7360667,인천광역시,outside_region,contained:인천광역시
GGB166000876,뉴그린아트빌,37.4831667,126.7359,인천광역시,outside_region,contained:인천광역시
GGB166000514,뉴서울아파트,37.50525,126.7364,인천광역시,outside_region,contained:인천광역시
GGB166000505,뉴서울아파트,37.5039833,126.7359333,인천광역시,outside_region,contained:인천광역시
GGB167000153,뉴서울아파트,37.5346,126.7339,인천광역시,outside_region,contained:인천광역시
GGB168001071,뉴서울아파트,37.52495,126.678,인천광역시,outside_region,contained:인천광역시
GGB166000526,뉴서울아파트,37.5066,126.7355833,인천광역시,outside_region,contained:인천광역시
GGB258500050,느리게,37.5267,127.84915,강원특별자치도 횡성군,outside_region,contained:강원특별자치도
GGB258500060,느리게,37.5268167,127.85025,강원특별자치도 횡성군,outside_region,contained:강원특별자치도
GGB167000477,다남식당,37.5705833,126.73005,인천광역시,outside_region,contained:인천광역시
GGB167000478,다남식당,37.5706,126.7298833,인천광역시,outside_region,contained:인천광역시
GGB500000212,다리앞,37.1184,127.6353667,충청북도 음성군,outside_region,contained:충청북도
GGB500000213,다리앞,37.1185167,127.6353167,충청북도 음성군,outside_region,contained:충청북도
GGB362500020,다인,36.4474667,128.3554833,경상북도 의성군,outside_region,far
GGB362500010,다인,36.4471333,128.3563833,경상북도 의성군,outside_region,far
GGB166000870,다임메가타운,37.4813167,126.7482,인천광역시,outside_region,contained:인천광역시
GGB168000382,단봉초등학교,37.5976833,126.6380667,인천광역시,outside_region,contained:인천광역시
GGB168000380,단봉초등학교,37.5975167,126.638,인천광역시,outside_region,contained:인천광역시
GGB277101362,단양IC(미정차),36.9178833,128.3643167,충청북도 단양군,outside_region,contained:충청북도
GGB277101361,단양IC(미정차),36.91805,128.365,충청북도 단양군,outside_region,contained:충청북도
GGB282500090,단양시외버스공용터미널,36.9858667,128.3709,충청북도 단양군,outside_region,contained:충청북도
GGB282500140,단양시외버스공용터미널,36.98585,128.3709667,충청북도 단양군,outside_region,contained:충청북도
GGB362000001,단촌정류소,36.425,128.6698667,경상북도 의성군,outside_region,far
GGB362000002,단촌정류소,36.425,128.6700667,경상북도 의성군,outside_region,far
GGB500000108,단평2리,37.1428333,127.63785,충청북도 음성군,outside_region,contained:충청북도
GGB500000104,단평2리,37.1431667,127.6378,충청북도 음성군,outside_region,contained:충청북도
GGB277103023,달성IC(미정차),35.7677833,128.47475,대구광역시,outside_region,far
GGB277103024,달성IC(미정차),35.7675,128.4751,대구광역시,outside_region,far
GGB165000275,담방로사거리,37.4445,126.7389167,인천광역시,outside_region,contained:인천광역시
GGB329500010,담양여객버스터미널,35.3150833,126.9842333,전라남도 담양군,outside_region,far
GGB167000553,당미마을,37.5605333,126.75825,인천광역시,outside_region,contained:인천광역시
GGB167000552,당미마을,37.5605333,126.7583333,인천광역시,outside_region,contained:인천광역시
GGB167000419,당산초등학교,37.5588333,126.7577667,인천광역시,outside_region,contained:인천광역시
GGB167000418,당산초등학교,37.5591667,126.7581,인천광역시,outside_region,contained:인천광역시
GGB277101098,당진IC(미정차),36.8929667,126.70725,충청남도 당진시,outside_region,contained:충청남도
GGB277101097,당진IC(미정차),36.8931667,126.7071667,충청남도 당진시,outside_region,contained:충청남도
GGB277101102,당진JC(미정차),36.85085,126.61845,충청남도 당진시,outside_region,contained:충청남도
GGB277101101,당진JC(미정차),36.8513667,126.6186167,충청남도 당진시,outside_region,contained:충청남도
GGB277101100,당진TG(미정차),36.8953167,126.7023667,충청남도 당진시,outside_region,contained:충청남도
GGB277101099,당진TG(미정차),36.8951333,126.7021,충청남도 당진시,outside_region,contained:충청남도
GGB300500120,당진버스터미널,36.9027667,126.6458833,충청남도 당진시,outside_region,contained:충청남도
GGB300500050,당진버스터미널,36.90275,126.6459667,충청남도 당진시,outside_region,contained:충청남도
GGB168000639,당하동탑스빌아파트,37.5907833,126.6730667,인천광역시,outside_region,contained:인천광역시
GGB168001014,당하동행정복지센터,37.5919,126.67355,인천광역시,outside_region,contained:인천광역시
GGB168000393,당하탑스빌아파트,37.58935,126.6741667,인천광역시,outside_region,contained:인천광역시
GGB168000502,당하푸르지오,37.5939667,126.6788833,인천광역시,outside_region,contained:인천광역시
GGB168000405,당하풍림아파트,37.59385,126.6766,인천광역시,outside_region,contained:인천광역시
GGB500000019,대곡1리지새울,37.6234167,127.65715,강원특별자치도 홍천군,outside_region,contained:강원특별자치도
GGB500000022,대곡고개팔봉산입구,37.6417,127.6495833,강원특별자치도 홍천군,outside_region,contained:강원특별자치도
GGB500000021,대곡고개팔봉산입구,37.6418167,127.6497667,강원특별자치도 홍천군,outside_region,contained:강원특별자치도
GGB500000020,대곡리지새울,37.623,127.6561667,강원특별자치도 홍천군,outside_region,contained:강원특별자치도
GGB277101306,대관령IC(미정차),37.6786667,128.69495,강원특별자치도 평창군,outside_region,contained:강원특별자치도
GGB277101305,대관령IC(미정차),37.6789,128.69535,강원특별자치도 평창군,outside_region,contained:강원특별자치도
GGB168000759,대덕강업앞,37.5899833,126.6493333,인천광역시,outside_region,contained:인천광역시
GGB277102989,대동JC(미정차),35.2819833,128.9855833,경상남도 김해시,outside_region,far
GGB277102990,대동JC(미정차),35.2811833,128.9847,경상남도 김해시,outside_region,far
GGB163000042,대동아파트,37.4399,126.6670167,인천광역시,outside_region,contained:인천광역시
GGB166000491,대동아파트,37.5041667,126.7331333,인천광역시,outside_region,contained:인천광역시
GGB164000345,대동아파트,37.40515,126.6697333,인천광역시,outside_region,contained:인천광역시
GGB164000128,대동아파트,37.4126833,126.6830333,인천광역시,outside_region,contained:인천광역시
GGB166000569,대동아파트,37.51275,126.7258667,인천광역시,outside_region,contained:인천광역시
GGB168000306,대동아파트,37.5454333,126.6819667,인천광역시,outside_region,contained:인천광역시
GGB168000304,대동아파트,37.5452,126.6817667,인천광역시,outside_region,contained:인천광역시
GGB163000504,대동아파트,37.4401833,126.6666667,인천광역시,outside_region,contained:인천광역시
GGB167000137,대동아파트후문,37.5308667,126.7419833,인천광역시,outside_region,contained:인천광역시
GGB166000242,대륭맨숀,37.4997167,126.7024333,인천광역시,outside_region,contained:인천광역시
GGB166000247,대륭맨숀,37.5001333,126.7029,인천광역시,outside_region,contained:인천광역시
GGB163000053,대림아파트,37.4499667,126.6359667,인천광역시,outside_region,contained:인천광역시
GGB168000609,대림아파트,37.6011333,126.6546333,인천광역시,outside_region,contained:인천광역시
GGB163000054,대림아파트,37.4499667,126.6362,인천광역시,outside_region,contained:인천광역시
GGB168000610,대림아파트,37.6009,126.6547833,인천광역시,outside_region,contained:인천광역시
GGB169000546,대문리고개입구,37.7264167,126.4861833,인천광역시,outside_region,contained:인천광역시
GGB162000091,대박주유소,37.4826,126.6516333,인천광역시,outside_region,contained:인천광역시
GGB166000651,대보아파트,37.5174,126.7372833,인천광역시,outside_region,contained:인천광역시
GGB166000658,대보아파트,37.5181667,126.7379333,인천광역시,outside_region,contained:인천광역시
GGB500000023,대복고개.팔봉산입구,37.6444333,127.6492167,강원특별자치도 홍천군,outside_region,contained:강원특별자치도
GGB500000024,대복고개.팔봉산입구,37.6447167,127.64865,강원특별자치도 홍천군,outside_region,contained:강원특별자치도
GGB281000002,대사리,37.0423833,127.4750167,충청북도 음성군,outside_region,contained:충청북도
GGB281000017,대사리,37.04255,127.4750833,충청북도 음성군,outside_region,contained:충청북도
GGB168001001,대상스틸,37.6109167,126.6794667,인천광역시,outside_region,contained:인천광역시
GGB277101415,대소IC(미정차),36.9817667,127.4707,충청북도 음성군,outside_region,contained:충청북도
GGB277101416,대소IC(미정차),36.9811833,127.4707667,충청북도 음성군,outside_region,contained:충청북도
GGB277102856,대소JC(미정차),36.94075,127.4719333,충청북도 음성군,outside_region,contained:충청북도
GGB277101417,대소JC(미정차),36.9412333,127.4727333,충청북도 음성군,outside_region,contained:충청북도
GGB277101418,대소JC(미정차),36.9406667,127.4731667,충청북도 음성군,outside_region,contained:충청북도
GGB277101414,대소TG(미정차),36.98095,127.4670333,충청북도 음성군,outside_region,contained:충청북도
GGB277101413,대소TG(미정차),36.9811833,127.4671667,충청북도 음성군,outside_region,contained:충청북도
GGB281500060,대소버스터미널,36.9694333,127.4825833,충청북도 음성군,outside_region,contained:충청북도
GGB281500020,대소버스터미널,36.9694667,127.4826833,충청북도 음성군,outside_region,contained:충청북도
GGB167000406,대신아파트,37.5301167,126.71155,인천광역시,outside_region,contained:인천광역시
GGB168000859,대신철강,37.5896167,126.6569,인천광역시,outside_region,contained:인천광역시
GGB164000078,대우삼환아파트,37.40735,126.6773,인천광역시,outside_region,contained:인천광역시
GGB164000591,대우삼환아파트,37.4049667,126.6766167,인천광역시,outside_region,contained:인천광역시
GGB163000462,대우일렉트로닉스,37.4443,126.6450833,인천광역시,outside_region,contained:인천광역시
GGB163000463,대우일렉트로닉스,37.44385,126.6444333,인천광역시,outside_region,contained:인천광역시
GGB168000407,대우푸르지오,37.59355,126.6774667,인천광역시,outside_region,contained:인천광역시
GGB165000605,대우푸르지오복합상가,37.40115,126.72655,인천광역시,outside_region,contained:인천광역시
GGB168001073,대우하나아파트,37.5246333,126.6843333,인천광역시,outside_region,contained:인천광역시
GGB168001074,대우하나아파트,37.52405,126.6843,인천광역시,outside_region,contained:인천광역시
GGB165001003,대웅실업앞,37.4705167,126.7174667,인천광역시,outside_region,contained:인천광역시
GGB168000345,대인고등학교,37.5578333,126.6772333,인천광역시,outside_region,contained:인천광역시
GGB168000344,대인고등학교,37.5570167,126.6775667,인천광역시,outside_region,contained:인천광역시
GGB165000059,대일엠앤쿡,37.4009167,126.6971167,인천광역시,outside_region,contained:인천광역시
GGB169000703,대장간마을,37.7072,126.4814333,인천광역시,outside_region,contained:인천광역시
GGB277101145,대전IC(미정차),36.3641167,127.4505833,대전광역시,outside_region,far
GGB277101144,대전IC(미정차),36.3638667,127.45035,대전광역시,outside_region,far
GGB277101147,대전TG(미정차),36.3606333,127.4488667,대전광역시,outside_region,far
GGB277101146,대전TG(미정차),36.3609,127.4485333,대전광역시,outside_region,far
GGB183500020,대전복합터미널,36.3510333,127.4367667,대전광역시,outside_region,far
GGB183500010,대전복합터미널,36.3520167,127.4373167,대전광역시,outside_region,far
GGB184500010,대전서부터미널,36.3131833,127.3886167,대전광역시,outside_region,far
GGB185500010,대전청사,36.3576,127.3807833,대전광역시,outside_region,far
GGB185500020,대전청사,36.3578667,127.3817333,대전광역시,outside_region,far
GGB277104587,대조교차로(미정차),36.5832,128.1787833,경상북도 상주시,outside_region,far
GGB168000469,대주아파트,37.6088167,126.6679,인천광역시,outside_region,contained:인천광역시
GGB168000466,대주파크빌,37.6096667,126.6668667,인천광역시,outside_region,contained:인천광역시
GGB277101118,대천IC(미정차),36.3333333,126.5752667,충청남도 보령시,outside_region,contained:충청남도
GGB277101117,대천IC(미정차),36.3329833,126.5753167,충청남도 보령시,outside_region,contained:충청남도
GGB277101116,대천휴게소(미정차),36.3743667,126.5569,충청남도 보령시,outside_region,contained:충청남도
GGB277101115,대천휴게소(미정차),36.3742,126.5567167,충청남도 보령시,outside_region,contained:충청남도
GGB214001467,대추리평화마을,36.9464,127.0890167,경기도 평택시,outside_region,contained:충청남도
GGB163000397,대화초등학교,37.4679667,126.6682667,인천광역시,outside_region,contained:인천광역시
GGB163000399,대화초등학교,37.4682333,126.6679333,인천광역시,outside_region,contained:인천광역시
GGB165001021,더샵그린스퀘어105동,37.3706833,126.65125,인천광역시,outside_region,contained:인천광역시
GGB165001022,더샵그린스퀘어107동,37.3697833,126.6510833,인천광역시,outside_region,contained:인천광역시
GGB164000495,더샵그린워크1단지,37.3982167,126.6408167,인천광역시,outside_region,contained:인천광역시
GGB164000487,더샵하버뷰,37.3957833,126.6443833,인천광역시,outside_region,contained:인천광역시
GGB165000877,더포레스트아파트,37.4294,126.7441333,인천광역시,outside_region,contained:인천광역시
GGB165000876,더포레스트아파트,37.4294167,126.74435,인천광역시,outside_region,contained:인천광역시
GGB164000410,더프라우,37.3970833,126.6510833,인천광역시,outside_region,contained:인천광역시
GGB372000002,덕거리,36.9338667,129.1829,경상북도 울진군,outside_region,far
GGB372000001,덕거리,36.9337167,129.1829667,경상북도 울진군,outside_region,far
GGB279500020,덕산,36.9126333,127.5065667,충청북도 진천군,outside_region,contained:충청북도
GGB279500180,덕산,36.9126333,127.5064667,충청북도 진천군,outside_region,contained:충청북도
GGB169000006,덕포리,37.6307,126.4502,인천광역시,outside_region,contained:인천광역시
GGB169000100,덕포리,37.6307667,126.45015,인천광역시,outside_region,contained:인천광역시
GGB277103955,도개IC(미정차),36.3132,128.3220667,경상북도 구미시,outside_region,far
GGB277103956,도개IC(미정차),36.31305,128.3225,경상북도 구미시,outside_region,far
GGB277101189,도동JC(미정차),35.9125667,128.6620167,대구광역시,outside_region,far
GGB277101190,도동JC(미정차),35.91265,128.6629333,대구광역시,outside_region,far
GGB167000566,도두리마을(중),37.5306,126.7405,인천광역시,outside_region,contained:인천광역시
GGB167000565,도두리마을(중),37.5304833,126.7416,인천광역시,outside_region,contained:인천광역시
GGB362000005,도리원버스터미널,36.29775,128.5791,경상북도 의성군,outside_region,far
GGB362000003,도리원버스터미널,36.2979333,128.5791167,경상북도 의성군,outside_region,far
GGB165000161,도림동고개,37.4228667,126.7326167,인천광역시,outside_region,contained:인천광역시
GGB165000160,도림동고개,37.4227833,126.7328167,인천광역시,outside_region,contained:인천광역시
GGB285000002,도림리,36.9105,127.2732167,충청남도 천안시,outside_region,contained:충청남도
GGB165000155,도림아이파크아파트,37.4214333,126.7303333,인천광역시,outside_region,contained:인천광역시
GGB165000154,도림육교,37.4211167,126.7301833,인천광역시,outside_region,contained:인천광역시
GGB165000153,도림주공1단지,37.4196833,126.7304,인천광역시,outside_region,contained:인천광역시
GGB165000152,도림주공1단지,37.41985,126.7300667,인천광역시,outside_region,contained:인천광역시
GGB165000142,도림주공208동,37.41725,126.72765,인천광역시,outside_region,contained:인천광역시
GGB165000143,도림주공208동,37.4171167,126.7279333,인천광역시,outside_region,contained:인천광역시
GGB165000146,도림주공2단지,37.4183333,126.7288167,인천광역시,outside_region,contained:인천광역시
GGB165000149,도림주공2단지,37.41895,126.72895,인천광역시,outside_region,contained:인천광역시
GGB168000293,도림주철관공업(주),37.5537333,126.6469167,인천광역시,outside_region,contained:인천광역시
GGB165000151,도림포도원,37.4218167,126.7234,인천광역시,outside_region,contained:인천광역시
GGB165000150,도림포도원,37.4215167,126.7226667,인천광역시,outside_region,contained:인천광역시
GGB163000314,도원가로공원,37.46765,126.6442333,인천광역시,outside_region,contained:인천광역시
GGB162000001,도원고개(도원역),37.4692,126.6410667,인천광역시,outside_region,contained:인천광역시
GGB161000180,도원동행정복지센터,37.47015,126.6385667,인천광역시,outside_region,contained:인천광역시
GGB161000176,도원역(인천축구전용경기장),37.4681667,126.6424167,인천광역시,outside_region,contained:인천광역시
GGB163000340,도화1동행정복지센터,37.4604667,126.6741333,인천광역시,outside_region,contained:인천광역시
GGB163000356,도화IC,37.4620833,126.6713167,인천광역시,outside_region,contained:인천광역시
GGB163000578,도화e편한세상604동,37.4737167,126.6678167,인천광역시,outside_region,contained:인천광역시
GGB162000003,도화동신협(구박문여고),37.4696333,126.6500167,인천광역시,outside_region,contained:인천광역시
GGB163000499,도화동신협(구박문여고),37.4693833,126.6505667,인천광역시,outside_region,contained:인천광역시
GGB163000674,도화사거리·더샵인천스카이타워,37.4695167,126.66625,인천광역시,outside_region,contained:인천광역시
GGB163000673,도화사거리·더샵인천스카이타워,37.4697667,126.6660333,인천광역시,outside_region,contained:인천광역시
GGB163000367,도화초등학교.수봉도서관,37.46465,126.6672167,인천광역시,outside_region,contained:인천광역시
GGB163000366,도화초등학교.수봉도서관,37.4641667,126.66755,인천광역시,outside_region,contained:인천광역시
GGB168000377,독정역.서구동구예비군훈련장,37.5838,126.67605,인천광역시,outside_region,contained:인천광역시
GGB168000378,독정역.서구동구예비군훈련장,37.5843833,126.67635,인천광역시,outside_region,contained:인천광역시
GGB163000234,독정이고개,37.45545,126.6569667,인천광역시,outside_region,contained:인천광역시
GGB163000238,독정이고개,37.4556167,126.6573167,인천광역시,outside_region,contained:인천광역시
GGB169000364,돌성,37.7126333,126.4588167,인천광역시,outside_region,contained:인천광역시
GGB169000587,돌성,37.7124833,126.4588,인천광역시,outside_region,contained:인천광역시
GGB277102973,동경주IC(미정차),35.7835,129.4248167,경상북도 경주시,outside_region,far
GGB277102974,동경주IC(미정차),35.7825667,129.4247833,경상북도 경주시,outside_region,far
GGB167000083,동광리어,37.5254333,126.73815,인천광역시,outside_region,contained:인천광역시
GGB167000084,동광리어,37.5256333,126.7383333,인천광역시,outside_region,contained:인천광역시
GGB162000068,동국제강,37.4816333,126.64025,인천광역시,outside_region,contained:인천광역시
GGB277103962,동군위IC(미정차),36.0974833,128.6611833,대구광역시 군위군,outside_region,far
GGB277103961,동군위IC(미정차),36.0975667,128.6608333,대구광역시 군위군,outside_region,far
GGB277101168,동김천TG(미정차),36.1400667,128.1749667,경상북도 김천시,outside_region,far
GGB277101169,동김천TG(미정차),36.14,128.17545,경상북도 김천시,outside_region,far
GGB164000337,동남아파트(무지개아파트),37.4005,126.66935,인천광역시,outside_region,contained:인천광역시
GGB165000660,동녘마을입구,37.4131333,126.7384333,인천광역시,outside_region,contained:인천광역시
GGB277101191,동대구JC(미정차),35.8873833,128.6916,대구광역시,outside_region,far
GGB277101192,동대구JC(미정차),35.8875333,128.69175,대구광역시,outside_region,far
GGB277104303,동대구TG(미정차),35.8712333,128.6818833,대구광역시,outside_region,far
GGB277104302,동대구TG(미정차),35.8711667,128.6810333,대구광역시,outside_region,far
GGB151500150,동대구터미널,35.8785167,128.63065,대구광역시,outside_region,far
GGB151500140,동대구터미널,35.8783333,128.63075,대구광역시,outside_region,far
GGB277101085,동림IC(미정차),35.1907,126.8643,경기도 광주시,outside_region,far
GGB277101086,동림IC(미정차),35.1908333,126.86345,경기도 광주시,outside_region,far
GGB277103065,동마산IC진입(미정차),35.2489833,128.59685,경상남도 마산시,outside_region,far
GGB277103064,동마산IC출입(미정차),35.249,128.5965167,경상남도 마산시,outside_region,far
GGB257000002,동막,37.6625333,127.5686667,강원특별자치도 홍천군,outside_region,contained:강원특별자치도
GGB257000004,동막리,37.66855,127.57635,강원특별자치도 홍천군,outside_region,contained:강원특별자치도
GGB257000003,동막리,37.6685333,127.5764333,강원특별자치도 홍천군,outside_region,contained:강원특별자치도
GGB257000006,동막리.아랫말,37.6744333,127.5792333,강원특별자치도 홍천군,outside_region,contained:강원특별자치도
GGB257000005,동막리.아랫말,37.6744167,127.5793167,강원특별자치도 홍천군,outside_region,contained:강원특별자치도
GGB257000001,동막삼거리,37.6626,127.5686333,강원특별자치도 홍천군,outside_region,contained:강원특별자치도
GGB164000039,동막역(1번출구),37.3983833,126.67365,인천광역시,outside_region,contained:인천광역시
GGB164000433,동막역(3번출구),37.39825,126.6727667,인천광역시,outside_region,contained:인천광역시
GGB168000436,동문아파트,37.5937167,126.6937667,인천광역시,outside_region,contained:인천광역시
GGB167000136,동보아파트,37.5316667,126.7380167,인천광역시,outside_region,contained:인천광역시
GGB167000143,동보아파트,37.5326167,126.7385167,인천광역시,outside_region,contained:인천광역시
GGB162000018,동산고,37.4735333,126.64655,인천광역시,outside_region,contained:인천광역시
GGB162000021,동산고등학교,37.4737167,126.6467,인천광역시,outside_region,contained:인천광역시
GGB267000002,동산리(동산해변)(시외),37.9768333,128.75785,,outside_region,contained:강원특별자치도
GGB267000001,동산리(동산해변)(시외),37.9771833,128.7581667,,outside_region,contained:강원특별자치도
GGB166000623,동서식품,37.5198167,126.7186333,인천광역시,outside_region,contained:인천광역시
GGB166000624,동서식품,37.51955,126.71885,인천광역시,outside_region,contained:인천광역시
GGB277101235,동서천JC(미정차),36.0581667,126.7725667,충청남도 서천군,outside_region,contained:충청남도
GGB277101236,동서천JC(미정차),36.0585167,126.7724667,충청남도 서천군,outside_region,contained:충청남도
GGB168000495,동성.길훈아파트,37.6154333,126.68675,인천광역시,outside_region,contained:인천광역시
GGB168000496,동성아파트,37.6153333,126.68695,인천광역시,outside_region,contained:인천광역시
GGB166000189,동소정사거리,37.48805,126.7295333,인천광역시,outside_region,contained:인천광역시
GGB262500660,동송터미널,38.2077167,127.2178333,강원특별자치도 철원군,outside_region,contained:강원특별자치도
GGB262500670,동송터미널,38.2076,127.2179,강원특별자치도 철원군,outside_region,contained:강원특별자치도
GGB166000184,동수교회,37.487,126.73055,인천광역시,outside_region,contained:인천광역시
GGB166000110,동수역,37.4850833,126.7172833,인천광역시,outside_region,contained:인천광역시
GGB166000108,동수역,37.4847833,126.7174,인천광역시,outside_region,contained:인천광역시
GGB166000124,동수역,37.4852167,126.7195167,인천광역시,outside_region,contained:인천광역시
GGB164000347,동아금호아파트,37.4113333,126.6775167,인천광역시,outside_region,contained:인천광역시
GGB164000344,동아금호아파트,37.4116,126.67785,인천광역시,outside_region,contained:인천광역시
GGB168000404,동아아파트,37.5950167,126.6716333,인천광역시,outside_region,contained:인천광역시
GGB168000406,동아아파트,37.59515,126.6719167,인천광역시,outside_region,contained:인천광역시
GGB163000037,동아풍림아파트,37.4417167,126.6606,인천광역시,outside_region,contained:인천광역시
GGB277104275,동안동TG(미정차),36.4419167,128.8924667,경상북도 안동시,outside_region,far
GGB277104276,동안동TG(미정차),36.4418167,128.8926333,경상북도 안동시,outside_region,far
GGB231000061,동안성병원,37.0526667,127.4750667,경기도 안성시,outside_region,contained:충청북도
GGB231000062,동안성병원,37.05275,127.4749167,경기도 안성시,outside_region,contained:충청북도
GGB166000003,동암사거리,37.4682667,126.7010667,인천광역시,outside_region,contained:인천광역시
GGB166000001,동암사거리,37.46805,126.7007333,인천광역시,outside_region,contained:인천광역시
GGB167000522,동양도서관,37.5622667,126.7576667,인천광역시,outside_region,contained:인천광역시
GGB167000523,동양도서관(휴먼빌아파트),37.5624667,126.75745,인천광역시,outside_region,contained:인천광역시
GGB168000837,동양엔파트,37.5296833,126.6436167,인천광역시,outside_region,contained:인천광역시
GGB168000820,동양엔파트,37.53005,126.64415,인천광역시,outside_region,contained:인천광역시
GGB168000986,동양엔파트,37.5249833,126.6230333,인천광역시,outside_region,contained:인천광역시
GGB167000555,동양자이입구,37.5630333,126.7557667,인천광역시,outside_region,contained:인천광역시
GGB167000554,동양자이입구,37.5631667,126.7556333,인천광역시,outside_region,contained:인천광역시
GGB167000373,동양주공1.2단지,37.5585667,126.7552667,인천광역시,outside_region,contained:인천광역시
GGB167000372,동양주공1.2단지,37.5588,126.75545,인천광역시,outside_region,contained:인천광역시
GGB167000521,동양지구1단지정문,37.5594667,126.7558833,인천광역시,outside_region,contained:인천광역시
GGB167000445,동양지구입구,37.5586333,126.75165,인천광역시,outside_region,contained:인천광역시
GGB167000446,동양지구입구,37.5582833,126.75095,인천광역시,outside_region,contained:인천광역시
GGB277103965,동영천IC(미정차),35.9937667,128.9585833,경상북도 영천시,outside_region,far
GGB277103966,동영천IC(미정차),35.9936833,128.9590167,경상북도 영천시,outside_region,far
GGB161000192,동인천역,37.47595,126.6307833,인천광역시,outside_region,contained:인천광역시
GGB161000185,동인천역,37.4744167,126.6303333,인천광역시,outside_region,contained:인천광역시
GGB161000191,동인천역,37.4758667,126.6311333,인천광역시,outside_region,contained:인천광역시
GGB162000136,동인천역북광장,37.4761167,126.63265,인천광역시,outside_region,contained:인천광역시
GGB162000137,동인천역북광장,37.4763833,126.6323667,인천광역시,outside_region,contained:인천광역시
GGB168001012,동일폐차장,37.5182,126.6555,인천광역시,outside_region,contained:인천광역시
GGB168001013,동일폐차장,37.5180333,126.6556167,인천광역시,outside_region,contained:인천광역시
GGB277102894,동전주IC(미정차),35.8460333,127.1895833,전라북도 전주시,outside_region,far
GGB277102893,동전주IC(미정차),35.8463167,127.1892,전라북도 전주시,outside_region,far
GGB500000036,동주원,36.99905,127.4411333,충청북도 진천군,outside_region,contained:충청북도
GGB500000037,동주원,36.99905,127.4410333,충청북도 진천군,outside_region,contained:충청북도
GGB277103700,동청송영양IC(미정차),36.49405,129.1212667,경상북도 청송군,outside_region,far
GGB277103699,동청송영양IC(미정차),36.49385,129.1205333,경상북도 청송군,outside_region,far
GGB164000046,동춘2동행정복지센터,37.4026,126.6698,인천광역시,outside_region,contained:인천광역시
GGB164000045,동춘2동행정복지센터,37.4023833,126.6695333,인천광역시,outside_region,contained:인천광역시
GGB164000569,동춘동차고지,37.3994167,126.66835,인천광역시,outside_region,contained:인천광역시
GGB164000082,동춘마을아파트,37.4108333,126.6685167,인천광역시,outside_region,contained:인천광역시
GGB164000346,동춘역,37.4047167,126.6797167,인천광역시,outside_region,contained:인천광역시
GGB164000070,동춘역.이마트.스퀘어원,37.4048333,126.68055,인천광역시,outside_region,contained:인천광역시
GGB277104053,동충주IC(미정차),37.0642333,127.9219667,충청북도 충주시,outside_region,contained:충청북도
GGB277104052,동충주IC(미정차),37.0640833,127.9212333,충청북도 충주시,outside_region,contained:충청북도
GGB253500060,동해시외버스터미널,37.5277167,129.1034833,강원특별자치도 동해시,outside_region,contained:강원특별자치도
GGB253500110,동해시외버스터미널,37.5275667,129.1036667,강원특별자치도 동해시,outside_region,contained:강원특별자치도
GGB277103914,동홍천IC(미정차),37.7586167,127.9658333,강원특별자치도 홍천군,outside_region,contained:강원특별자치도
GGB277103913,동홍천IC(미정차),37.7585167,127.9653167,강원특별자치도 홍천군,outside_region,contained:강원특별자치도
GGB277101578,동홍천TG(미정차),37.7626167,127.9600833,강원특별자치도 홍천군,outside_region,contained:강원특별자치도
GGB277101579,동홍천TG(미정차),37.7624,127.9602,강원특별자치도 홍천군,outside_region,contained:강원특별자치도
GGB166000648,두산위브아파트,37.51725,126.7369833,인천광역시,outside_region,contained:인천광역시
GGB166000630,두산위브아파트,37.5143833,126.73885,인천광역시,outside_region,contained:인천광역시
GGB163000043,두산위브아파트,37.44335,126.6557,인천광역시,outside_region,contained:인천광역시
GGB169000540,두운리,37.67835,126.4863667,인천광역시,outside_region,contained:인천광역시
GGB169000034,두운리,37.6798,126.4853833,인천광역시,outside_region,contained:인천광역시
GGB277101289,둔내IC(미정차),37.4927,128.2054167,강원특별자치도 횡성군,outside_region,contained:강원특별자치도
GGB277101290,둔내IC(미정차),37.4923667,128.2051833,강원특별자치도 횡성군,outside_region,contained:강원특별자치도
GGB277103923,둔덕삼거리(미정차),34.7832333,127.6953,전라남도 여수시,outside_region,far
GGB500000184,둔포,36.9302833,127.0387333,충청남도 아산시,outside_region,contained:충청남도
GGB500000183,둔포,36.93025,127.0384,충청남도 아산시,outside_region,contained:충청남도
GGB165000960,뒷방죽들,37.4280167,126.75965,인천광역시,outside_region,contained:인천광역시
GGB168001363,드림파크야생화단지,37.57775,126.66165,인천광역시,outside_region,contained:인천광역시
GGB168001364,드림파크야생화단지,37.578,126.6619167,인천광역시,outside_region,contained:인천광역시
GGB170000012,드무리해변,37.2526667,126.5163333,인천광역시,outside_region,contained:인천광역시
GGB170000011,드무리해변,37.2528833,126.5163333,인천광역시,outside_region,contained:인천광역시
GGB165000405,뗏마루어린이공원·신화아파트,37.45675,126.7302167,인천광역시,outside_region,contained:인천광역시
GGB165001075,라마다인천호텔,37.4001333,126.7353,인천광역시,outside_region,contained:인천광역시
GGB161000070,라이프쇼핑앞,37.4547,126.60325,인천광역시,outside_region,contained:인천광역시
GGB161000062,라이프아파트,37.4523167,126.6045167,인천광역시,outside_region,contained:인천광역시
GGB161000060,라이프아파트,37.4522667,126.6041333,인천광역시,outside_region,contained:인천광역시
GGB164000652,랜드마크시티센트럴더샵(203동),37.4148333,126.6227,인천광역시,outside_region,contained:인천광역시
GGB164000647,랜드마크시티센트럴더샵(203동),37.4146667,126.6228333,인천광역시,outside_region,contained:인천광역시
GGB165001012,레지던스라이크홈,37.3681833,126.6528333,인천광역시,outside_region,contained:인천광역시
GGB168001023,로봇랜드입구,37.5288333,126.6223167,인천광역시,outside_region,contained:인천광역시
GGB168001022,로봇랜드입구,37.5285167,126.6223667,인천광역시,outside_region,contained:인천광역시
GGB168001301,로봇타워,37.5206167,126.6121167,인천광역시,outside_region,contained:인천광역시
GGB168001302,로봇타워,37.52065,126.6124833,인천광역시,outside_region,contained:인천광역시
GGB166000599,로얄금속,37.52005,126.7109833,인천광역시,outside_region,contained:인천광역시
GGB167000424,롯데마트계양점.고용복지센터,37.5407833,126.7351167,인천광역시,outside_region,contained:인천광역시
GGB167000227,롯데마트계양점.고용복지센터,37.5405833,126.7353667,인천광역시,outside_region,contained:인천광역시
GGB165000588,롯데백화점.인천터미널,37.4433333,126.7017667,인천광역시,outside_region,contained:인천광역시
GGB163000513,롯데백화점.인천터미널,37.4431,126.7015833,인천광역시,outside_region,contained:인천광역시
GGB164000072,롯데슈퍼,37.4072,126.67325,인천광역시,outside_region,contained:인천광역시
GGB168000207,롯데슈퍼,37.5170833,126.6687167,인천광역시,outside_region,contained:인천광역시
GGB164000074,롯데슈퍼,37.4077,126.6730667,인천광역시,outside_region,contained:인천광역시
GGB168000206,롯데슈퍼,37.5169333,126.6689333,인천광역시,outside_region,contained:인천광역시
GGB168000152,롯데우람아파트,37.5065,126.6786333,인천광역시,outside_region,contained:인천광역시
GGB168000603,롯데우람아파트,37.5067167,126.6784,인천광역시,outside_region,contained:인천광역시
GGB163000325,롯데월드타워,37.46,126.6723167,인천광역시,outside_region,contained:인천광역시
GGB163000327,롯데월드타워,37.4599667,126.6726667,인천광역시,outside_region,contained:인천광역시
GGB165000796,롯데캐슬,37.3879833,126.6678167,인천광역시,outside_region,contained:인천광역시
GGB168000999,롯데캐슬,37.53005,126.6455,인천광역시,outside_region,contained:인천광역시
GGB165000795,롯데캐슬,37.3880167,126.6679333,인천광역시,outside_region,contained:인천광역시
GGB168000884,롯데캐슬,37.5300333,126.6472,인천광역시,outside_region,contained:인천광역시
GGB165000309,롯데캐슬.모래내시장,37.45345,126.7188833,인천광역시,outside_region,contained:인천광역시
GGB165000310,롯데캐슬모래내시장,37.4534333,126.7192833,인천광역시,outside_region,contained:인천광역시
GGB165000978,롯데캐슬캠퍼스타운,37.38665,126.6652833,인천광역시,outside_region,contained:인천광역시
GGB165000977,롯데캐슬캠퍼스타운,37.3871667,126.6660667,인천광역시,outside_region,contained:인천광역시
GGB168001283,루에블리아파트,37.5232167,126.6690833,인천광역시,outside_region,contained:인천광역시
GGB168001284,루에블리아파트,37.5233167,126.6693167,인천광역시,outside_region,contained:인천광역시
GGB168001107,루원더퍼스트아파트,37.5332167,126.6653167,인천광역시,outside_region,contained:인천광역시
GGB168001108,루원더퍼스트아파트,37.53305,126.6653167,인천광역시,outside_region,contained:인천광역시
GGB168001072,루원시티2차리더스뷰아파트,37.5243333,126.67815,인천광역시,outside_region,contained:인천광역시
GGB168001150,루원시티프라디움,37.5274333,126.6673167,인천광역시,outside_region,contained:인천광역시
GGB168001308,루원시티프라디움105동,37.52665,126.6692,인천광역시,outside_region,contained:인천광역시
GGB168001309,루원시티프라디움105동,37.5257667,126.66935,인천광역시,outside_region,contained:인천광역시
GGB168000721,루원이편한세상하늘채112동,37.5219,126.6692333,인천광역시,outside_region,contained:인천광역시
GGB168000216,루원이편한세상하늘채125동,37.51925,126.6690667,인천광역시,outside_region,contained:인천광역시
GGB168001040,루원제일풍경채정문앞,37.5310667,126.6660333,인천광역시,outside_region,contained:인천광역시
GGB168001149,루원호반베르디움,37.5275667,126.6680667,인천광역시,outside_region,contained:인천광역시
GGB500000204,리버캐슬,37.7784167,127.5368833,강원특별자치도 춘천시,outside_region,contained:강원특별자치도
GGB500000205,리버캐슬,37.77855,127.5370333,강원특별자치도 춘천시,outside_region,contained:강원특별자치도
GGB500000208,리버파크,37.7701667,127.5461,강원특별자치도 춘천시,outside_region,contained:강원특별자치도
GGB169000028,마그네,37.6505167,126.4925333,인천광역시,outside_region,contained:인천광역시
GGB169000158,마그네다리,37.65025,126.4924,인천광역시,outside_region,contained:인천광역시
GGB169000030,마그네사거리,37.65405,126.49275,인천광역시,outside_region,contained:인천광역시
GGB169000029,마그네사거리,37.6538167,126.4928333,인천광역시,outside_region,contained:인천광역시
GGB168001496,마니교통차고지,37.5180667,126.6514167,인천광역시,outside_region,contained:인천광역시
GGB169000102,마니산입구,37.6338333,126.4227,인천광역시,outside_region,contained:인천광역시
GGB169000103,마니산입구,37.6339,126.42325,인천광역시,outside_region,contained:인천광역시
GGB277102983,마산TG(미정차),35.2589,128.6064,경상남도 창원시,outside_region,far
GGB277102984,마산TG(미정차),35.2592667,128.60605,경상남도 창원시,outside_region,far
GGB380500150,마산고속버스터미널,35.2230833,128.5877167,경상남도 마산시,outside_region,far
GGB380500070,마산시외버스터미널,35.2393333,128.584,경상남도 마산시,outside_region,far
GGB380500080,마산시외버스터미널,35.2386833,128.5834833,경상남도 마산시,outside_region,far
GGB168000412,마전역,37.5978,126.6668167,인천광역시,outside_region,contained:인천광역시
GGB168000413,마전역,37.5979,126.6670833,인천광역시,outside_region,contained:인천광역시
GGB168000420,마전주공아파트,37.6042833,126.6487167,인천광역시,outside_region,contained:인천광역시
GGB168000646,마전지구3,37.6149667,126.6575833,인천광역시,outside_region,contained:인천광역시
GGB168001345,마전지구버스차고지,37.6147333,126.6559,인천광역시,outside_region,contained:인천광역시
GGB168001259,마전지구버스차고지,37.61455,126.6559333,인천광역시,outside_region,contained:인천광역시
GGB168000408,마전초등학교,37.5960333,126.6692667,인천광역시,outside_region,contained:인천광역시
GGB165000731,만수2동행정복지센터·포레시안,37.4617833,126.7317,인천광역시,outside_region,contained:인천광역시
GGB165000735,만수2동행정복지센터·포레시안,37.46175,126.7322833,인천광역시,outside_region,contained:인천광역시
GGB165000427,만수3동주민센터,37.46065,126.7227833,인천광역시,outside_region,contained:인천광역시
GGB165000425,만수3동주민센터,37.4603,126.72295,인천광역시,outside_region,contained:인천광역시
GGB165000452,만수4동주민센터,37.4593833,126.7349667,인천광역시,outside_region,contained:인천광역시
GGB165000454,만수4동주민센터,37.45965,126.7350333,인천광역시,outside_region,contained:인천광역시
GGB165000277,만수6동주민센터입구,37.4446167,126.7386333,인천광역시,outside_region,contained:인천광역시
GGB165000635,만수7.8단지앞,37.4514333,126.7388333,인천광역시,outside_region,contained:인천광역시
GGB165000497,만수7.8단지앞,37.45165,126.7392,인천광역시,outside_region,contained:인천광역시
GGB168001544,만수산입구,37.6107167,126.6795333,,outside_region,contained:인천광역시
GGB165000433,만수소방서,37.4599667,126.7260833,인천광역시,outside_region,contained:인천광역시
GGB165000388,만수역,37.4551833,126.7306833,인천광역시,outside_region,contained:인천광역시
GGB165000385,만수역,37.4549167,126.7310833,인천광역시,outside_region,contained:인천광역시
GGB165000451,만수종합시장,37.4601167,126.7330667,인천광역시,outside_region,contained:인천광역시
GGB165000592,만수종합시장,37.46,126.7333333,인천광역시,outside_region,contained:인천광역시
GGB165000401,만수주공1단지,37.4562333,126.7316333,인천광역시,outside_region,contained:인천광역시
GGB165000443,만수주공4단지,37.4573833,126.7360833,인천광역시,outside_region,contained:인천광역시
GGB165000440,만수주공4단지,37.4572833,126.7357833,인천광역시,outside_region,contained:인천광역시
GGB165000408,만수주공정문,37.45565,126.7343667,인천광역시,outside_region,contained:인천광역시
GGB165000410,만수주공정문,37.4557667,126.73415,인천광역시,outside_region,contained:인천광역시
GGB165000438,만수주공후문,37.4587,126.7308667,인천광역시,outside_region,contained:인천광역시
GGB165000429,만수주공후문,37.45815,126.73055,인천광역시,outside_region,contained:인천광역시
GGB165000303,만수초등학교,37.44805,126.7348,인천광역시,outside_region,contained:인천광역시
GGB165000307,만수초등학교,37.4483833,126.7349833,인천광역시,outside_region,contained:인천광역시
GGB165000963,만월중학교,37.4261,126.75135,인천광역시,outside_region,contained:인천광역시
GGB165000962,만월중학교,37.4261,126.7515833,인천광역시,outside_region,contained:인천광역시
GGB277104945,만의교(미정차),37.4597,126.77015,,outside_region,contained:인천광역시
GGB277104946,만의교(미정차),37.45905,126.7709167,,outside_region,contained:인천광역시
GGB277101279,만종JC(미정차),37.3649,127.9026667,강원특별자치도 원주시,outside_region,contained:강원특별자치도
GGB277101278,만종JC(미정차),37.3653,127.9025667,강원특별자치도 원주시,outside_region,contained:강원특별자치도
GGB277101277,만종JC(미정차),37.3647833,127.9020167,강원특별자치도 원주시,outside_region,contained:강원특별자치도
GGB277101280,만종JC(미정차),37.3653167,127.9020167,강원특별자치도 원주시,outside_region,contained:강원특별자치도
GGB277104191,만종교차로(미정차),37.3563333,127.9015667,강원특별자치도 원주시,outside_region,contained:강원특별자치도
GGB277101598,망상TG(미정차),37.5824167,129.0967833,강원특별자치도 동해시,outside_region,contained:강원특별자치도
GGB277101006,망향휴게소(미정차),36.8545,127.1817667,충청남도 천안시,outside_region,contained:충청남도
GGB282500070,매포.평동,37.0324833,128.3042333,충청북도 단양군,outside_region,contained:충청북도
GGB282500110,매포.평동,37.03275,128.3035,충청북도 단양군,outside_region,contained:충청북도
GGB281500010,맹동(파출소),36.92695,127.5647167,충청북도 음성군,outside_region,contained:충청북도
GGB164000114,먼우금사거리,37.4129833,126.6757833,인천광역시,outside_region,contained:인천광역시
GGB164000021,먼우금초등학교,37.3928833,126.6527,인천광역시,outside_region,contained:인천광역시
GGB277101292,면온IC(미정차),37.5613833,128.3661833,강원특별자치도 평창군,outside_region,contained:강원특별자치도
GGB277101291,면온IC(미정차),37.5612167,128.3656833,강원특별자치도 평창군,outside_region,contained:강원특별자치도
GGB165000006,면허시험장,37.3838833,126.70675,인천광역시,outside_region,contained:인천광역시
GGB500000029,명성리지새울,37.6276833,127.6488,강원특별자치도 홍천군,outside_region,contained:강원특별자치도
GGB500000092,명성리지새울,37.6271333,127.6491,강원특별자치도 홍천군,outside_region,contained:강원특별자치도
GGB166000291,명신여자고등학교,37.5048833,126.6964167,인천광역시,outside_region,contained:인천광역시
GGB166000289,명신여자고등학교,37.5047167,126.69575,인천광역시,outside_region,contained:인천광역시
GGB167000405,명현중학교,37.5307,126.71145,인천광역시,outside_region,contained:인천광역시
GGB167000559,명현초등학교(중),37.5302667,126.71065,인천광역시,outside_region,contained:인천광역시
GGB167000560,명현초등학교(중),37.5304833,126.7116667,인천광역시,outside_region,contained:인천광역시
GGB257000015,모곡,37.6755833,127.6070167,강원특별자치도 홍천군,outside_region,contained:강원특별자치도
GGB277102236,모곡리(미정차),37.6793,127.6065333,강원특별자치도 홍천군,outside_region,contained:강원특별자치도
GGB277102237,모곡리(미정차),37.6855,127.60665,강원특별자치도 홍천군,outside_region,contained:강원특별자치도
GGB168001190,모다아울렛,37.51045,126.64845,인천광역시,outside_region,contained:인천광역시
GGB165000302,모래내마을,37.45215,126.7221,인천광역시,outside_region,contained:인천광역시
GGB165000305,모래내마을,37.4519667,126.7228333,인천광역시,outside_region,contained:인천광역시
GGB165000298,모래내시장,37.4522,126.72125,인천광역시,outside_region,contained:인천광역시
GGB165000295,모래내시장,37.4520667,126.7208833,인천광역시,outside_region,contained:인천광역시
GGB165000338,모래내시장역(1번출구),37.4561,126.71855,인천광역시,outside_region,contained:인천광역시
GGB165000909,모래내시장역(2번출구),37.45595,126.72045,인천광역시,outside_region,contained:인천광역시
GGB165000339,모래내시장역(3번출구),37.4556667,126.7204833,인천광역시,outside_region,contained:인천광역시
GGB165000335,모래내시장역(4번출구),37.4558833,126.7180667,인천광역시,outside_region,contained:인천광역시
GGB272500120,목계,37.0772667,127.8857167,충청북도 충주시,outside_region,contained:충청북도
GGB272500110,목계,37.0773667,127.88575,충청북도 충주시,outside_region,contained:충청북도
GGB166000824,목련어린이집,37.5089167,126.7017,인천광역시,outside_region,contained:인천광역시
GGB169000272,목비고개,37.6689167,126.4906833,인천광역시,outside_region,contained:인천광역시
GGB169000032,목비고개,37.6690833,126.4907667,인천광역시,outside_region,contained:인천광역시
GGB168000036,목재단지,37.4904833,126.6643833,인천광역시,outside_region,contained:인천광역시
GGB277101121,목천IC(미정차),36.7597833,127.2177333,충청남도 천안시,outside_region,contained:충청남도
GGB277101122,목천IC(미정차),36.7598667,127.218,충청남도 천안시,outside_region,contained:충청남도
GGB277101273,목포IC(미정차),34.8402833,126.4290833,전라남도 무안군,outside_region,far
GGB277101274,목포IC(미정차),34.8399833,126.4289667,전라남도 무안군,outside_region,far
GGB277101272,목포TG(미정차),34.8624167,126.48645,전라남도 무안군,outside_region,far
GGB277101271,목포TG(미정차),34.8626333,126.4861,전라남도 무안군,outside_region,far
GGB324500020,목포종합버스터미널,34.813,126.4173833,전라남도 목포시,outside_region,far
GGB324500010,목포종합버스터미널,34.8131333,126.4175833,전라남도 목포시,outside_region,far
GGB272500060,목행,37.0144167,127.9165667,충청북도 충주시,outside_region,contained:충청북도
GGB272500020,목행,37.01465,127.9171,충청북도 충주시,outside_region,contained:충청북도
GGB165000446,목화예식장,37.4657167,126.7110667,인천광역시,outside_region,contained:인천광역시
GGB166000106,무내미마을,37.4728333,126.7545333,인천광역시,outside_region,contained:인천광역시
GGB165000496,무내미마을,37.46535,126.7545333,인천광역시,outside_region,contained:인천광역시
GGB277101267,무안IC(미정차),35.00785,126.49185,전라남도 무안군,outside_region,far
GGB277101268,무안IC(미정차),35.00755,126.4922167,전라남도 무안군,outside_region,far
GGB277104585,무안IC(미정차),35.0065,126.50225,전라남도 함평군,outside_region,far
GGB339500010,무안버스터미널,34.9878333,126.4782667,전라남도 무안군,outside_region,far
GGB166000276,무지개.한양8차아파트,37.50195,126.7031167,인천광역시,outside_region,contained:인천광역시
GGB166000271,무지개.한양8차아파트,37.50185,126.7027167,인천광역시,outside_region,contained:인천광역시
GGB164000366,무지개아파트,37.40285,126.6703333,인천광역시,outside_region,contained:인천광역시
GGB164000042,무지개아파트(동남아파트),37.4006333,126.6696833,인천광역시,outside_region,contained:인천광역시
GGB277101228,무창포IC(미정차),36.2386167,126.5612,충청남도 보령시,outside_region,contained:충청남도
GGB277101227,무창포IC(미정차),36.2386,126.5609667,충청남도 보령시,outside_region,contained:충청남도
GGB359500190,문경버스터미널,36.7336333,128.1073667,경상북도 문경시,outside_region,far
GGB359500150,문경버스터미널,36.7334667,128.10745,경상북도 문경시,outside_region,far
GGB277101393,문경새재IC(미정차),36.7019,128.1112667,경상북도 문경시,outside_region,far
GGB277101394,문경새재IC(미정차),36.7014333,128.1115,경상북도 문경시,outside_region,far
GGB277101391,문경새재TG(미정차),36.7042333,128.1136833,경상북도 문경시,outside_region,far
GGB277101392,문경새재TG(미정차),36.70435,128.1140167,경상북도 문경시,outside_region,far
GGB277101389,문경휴게소(미정차),36.62135,128.1505,경상북도 문경시,outside_region,far
GGB277101390,문경휴게소(미정차),36.62005,128.1518667,경상북도 문경시,outside_region,far
GGB251500090,문막,37.3200833,127.8314667,강원특별자치도 원주시,outside_region,contained:강원특별자치도
GGB251500100,문막,37.3203167,127.8323,강원특별자치도 원주시,outside_region,contained:강원특별자치도
GGB277101276,문막IC(미정차),37.3117667,127.82655,강원특별자치도 원주시,outside_region,contained:강원특별자치도
GGB277101275,문막IC(미정차),37.3121667,127.82665,강원특별자치도 원주시,outside_region,contained:강원특별자치도
GGB277101563,문막TG(미정차),37.31345,127.82515,강원특별자치도 원주시,outside_region,contained:강원특별자치도
GGB277101564,문막TG(미정차),37.3136,127.82555,강원특별자치도 원주시,outside_region,contained:강원특별자치도
GGB170000002,문말삼거리,37.2402333,126.5295667,인천광역시,outside_region,contained:인천광역시
GGB170000001,문말삼거리,37.23875,126.5297833,인천광역시,outside_region,contained:인천광역시
GGB169000005,문산교회앞,37.6348667,126.42995,인천광역시,outside_region,contained:인천광역시
GGB169000340,문산교회앞,37.6331833,126.4326167,인천광역시,outside_region,contained:인천광역시
GGB169000589,문산교회앞,37.6334167,126.4326167,인천광역시,outside_region,contained:인천광역시
GGB169000101,문산리마을회관,37.6316667,126.4336667,인천광역시,outside_region,contained:인천광역시
GGB277103940,문의IC(미정차),36.5299667,127.5069833,충청북도 청원군,outside_region,contained:충청북도
GGB277103941,문의IC(미정차),36.5298667,127.5078,충청북도 청원군,outside_region,contained:충청북도
GGB500000201,문의골마을,37.8002333,127.53125,강원특별자치도 춘천시,outside_region,contained:강원특별자치도
GGB500000200,문의골마을,37.8002,127.53105,강원특별자치도 춘천시,outside_region,contained:강원특별자치도
GGB165000313,문일여고·하우스토리만수아파트,37.4504833,126.7296167,인천광역시,outside_region,contained:인천광역시
GGB165000314,문일여고·하우스토리만수아파트,37.45045,126.7297833,인천광역시,outside_region,contained:인천광역시
GGB165000685,문일여자고등학교후문,37.4516167,126.7290167,인천광역시,outside_region,contained:인천광역시
GGB277103430,문학IC(미정차),37.4363667,126.6760167,인천광역시,outside_region,contained:인천광역시
GGB277103431,문학IC(미정차),37.4362333,126.6753,인천광역시,outside_region,contained:인천광역시
GGB277104963,문학IC(미정차),37.4362333,126.6755167,,outside_region,contained:인천광역시
GGB163000643,문학경기장(X게임장),37.4368167,126.6958667,인천광역시,outside_region,contained:인천광역시
GGB164000310,문학경기장(박태환수영장),37.4351833,126.6975,인천광역시,outside_region,contained:인천광역시
GGB163000144,문학경기장(야구장),37.4384,126.6915167,인천광역시,outside_region,contained:인천광역시
GGB163000157,문학경기장(월드컵경기장),37.4387,126.6925667,인천광역시,outside_region,contained:인천광역시
GGB163000087,문학경로당,37.4376833,126.6816,인천광역시,outside_region,contained:인천광역시
GGB163000088,문학경로당,37.4378,126.68135,인천광역시,outside_region,contained:인천광역시
GGB163000057,문학고개,37.43755,126.6776333,인천광역시,outside_region,contained:인천광역시
GGB163000056,문학고개,37.4374333,126.6777333,인천광역시,outside_region,contained:인천광역시
GGB163000521,문학우체국,37.4374167,126.6846,인천광역시,outside_region,contained:인천광역시
GGB163000520,문학우체국,37.4375,126.6846,인천광역시,outside_region,contained:인천광역시
GGB163000107,문학정보고입구,37.4373667,126.6862833,인천광역시,outside_region,contained:인천광역시
GGB163000108,문학정보고입구,37.43725,126.6865667,인천광역시,outside_region,contained:인천광역시
GGB169000164,문현,37.6348,126.4287167,인천광역시,outside_region,contained:인천광역시
GGB262500080,문혜리,38.1848333,127.32085,강원특별자치도 철원군,outside_region,contained:강원특별자치도
GGB262500020,문혜리,38.1848333,127.3206833,강원특별자치도 철원군,outside_region,contained:강원특별자치도
GGB166000174,문화교회,37.49495,126.7029833,인천광역시,outside_region,contained:인천광역시
GGB167000028,미도아파트,37.5278833,126.70885,인천광역시,outside_region,contained:인천광역시
GGB167000027,미도아파트,37.5277167,126.7086167,인천광역시,outside_region,contained:인천광역시
GGB162000089,미래빌라,37.4822667,126.6491833,인천광역시,outside_region,contained:인천광역시
GGB162000088,미래빌라,37.4822667,126.64895,인천광역시,outside_region,contained:인천광역시
GGB166000683,미래타운1.2단지,37.52185,126.7419333,인천광역시,outside_region,contained:인천광역시
GGB166000684,미래타운1.2단지,37.5220333,126.7421,인천광역시,outside_region,contained:인천광역시
GGB166000672,미래타운5단지,37.5176,126.7469167,인천광역시,outside_region,contained:인천광역시
GGB166000662,미래타운5단지501동,37.51695,126.7444667,인천광역시,outside_region,contained:인천광역시
GGB166000669,미래타운5단지505동,37.5171,126.7466333,인천광역시,outside_region,contained:인천광역시
GGB166000378,미산초등학교,37.5040167,126.7098333,인천광역시,outside_region,contained:인천광역시
GGB164000655,미송초등학교,37.4146167,126.6145,인천광역시,outside_region,contained:인천광역시
GGB164000656,미송초등학교,37.41445,126.6141833,인천광역시,outside_region,contained:인천광역시
GGB164000368,미추홀공원,37.3849167,126.6451333,인천광역시,outside_region,contained:인천광역시
GGB163000312,미추홀구청입구,37.4652167,126.65065,인천광역시,outside_region,contained:인천광역시
GGB163000306,미추홀구청입구,37.4648167,126.6491333,인천광역시,outside_region,contained:인천광역시
GGB165000270,미추홀도서관(벽산아파트),37.44865,126.7244,인천광역시,outside_region,contained:인천광역시
GGB165000690,미추홀외고,37.3896,126.7239667,인천광역시,outside_region,contained:인천광역시
GGB165000689,미추홀외고,37.38995,126.7240167,인천광역시,outside_region,contained:인천광역시
GGB163000220,미추홀퍼스트(2단지),37.4581,126.6452833,인천광역시,outside_region,contained:인천광역시
GGB163000642,미추홀퍼스트(2단지),37.4582667,126.6455333,인천광역시,outside_region,contained:인천광역시
GGB165000733,민방위교육장,37.45965,126.7277167,인천광역시,outside_region,contained:인천광역시
GGB165000734,민방위교육장,37.4597667,126.7281167,인천광역시,outside_region,contained:인천광역시
GGB167000043,민방위교육장입구,37.528,126.7178667,인천광역시,outside_region,contained:인천광역시
GGB288500080,밀두리,36.8716333,126.88155,충청남도 아산시,outside_region,contained:충청남도
GGB288500040,밀두리,36.8709667,126.8819333,충청남도 아산시,outside_region,contained:충청남도
GGB165000847,박문중학교,37.38585,126.6733167,인천광역시,outside_region,contained:인천광역시
GGB165000860,박문중학교정문,37.3859167,126.67335,인천광역시,outside_region,contained:인천광역시
GGB167000309,박촌역,37.5547333,126.7453,인천광역시,outside_region,contained:인천광역시
GGB167000310,박촌역,37.5548667,126.7456,인천광역시,outside_region,contained:인천광역시
GGB168000985,반도유보라,37.52495,126.62335,인천광역시,outside_region,contained:인천광역시
GGB169000022,밤나무골,37.6361333,126.5140167,인천광역시,outside_region,contained:인천광역시
GGB169000023,밤나무골,37.6358333,126.5142333,인천광역시,outside_region,contained:인천광역시
GGB277102268,방대리(미정차),37.6457333,127.61845,강원특별자치도 홍천군,outside_region,contained:강원특별자치도
GGB364505520,방전,36.5569167,129.0803333,경상북도 영양군,outside_region,far
GGB364505530,방전,36.5565333,129.0806667,경상북도 영양군,outside_region,far
GGB165000764,방죽골,37.4246333,126.7171,인천광역시,outside_region,contained:인천광역시
GGB165000763,방죽골,37.42335,126.7171167,인천광역시,outside_region,contained:인천광역시
GGB277104416,방죽들삼거리(미정차),37.4339167,126.7074,인천광역시,outside_region,contained:인천광역시
GGB169000214,방죽말,37.6457833,126.4925667,인천광역시,outside_region,contained:인천광역시
GGB169000027,방죽말,37.6457833,126.49245,인천광역시,outside_region,contained:인천광역시
GGB165000173,방죽삼거리,37.4269333,126.7344,인천광역시,outside_region,contained:인천광역시
GGB165000174,방죽삼거리,37.4272167,126.7347333,인천광역시,outside_region,contained:인천광역시
GGB166000419,방촌공원,37.4977167,126.73825,인천광역시,outside_region,contained:인천광역시
GGB161000048,방파제입구,37.4470833,126.5973333,인천광역시,outside_region,contained:인천광역시
GGB500000207,방하리,37.7762833,127.5397833,강원특별자치도 춘천시,outside_region,contained:강원특별자치도
GGB277101965,방하리(미정차),37.7738167,127.5418833,강원특별자치도 춘천시,outside_region,contained:강원특별자치도
GGB500000101,방하리큰골마을,37.7877167,127.5319,강원특별자치도 춘천시,outside_region,contained:강원특별자치도
GGB161000186,배다리,37.47345,126.6342167,인천광역시,outside_region,contained:인천광역시
GGB161000184,배다리청과물시장,37.47325,126.6339167,인천광역시,outside_region,contained:인천광역시
GGB168000632,백두아파트,37.61425,126.6857,인천광역시,outside_region,contained:인천광역시
GGB166000407,백마장입구,37.5021667,126.7219833,인천광역시,outside_region,contained:인천광역시
GGB166000399,백마장입구,37.5020667,126.7215333,인천광역시,outside_region,contained:인천광역시
GGB164000112,백산아파트,37.422,126.645,인천광역시,outside_region,contained:인천광역시
GGB164000113,백산아파트,37.4220667,126.6453333,인천광역시,outside_region,contained:인천광역시
GGB168000578,백석고가(하이마트),37.58705,126.6754333,인천광역시,outside_region,contained:인천광역시
GGB168000381,백석고가(하이마트),37.5869167,126.67505,인천광역시,outside_region,contained:인천광역시
GGB285500010,백석대.단국대,36.82265,127.1628667,충청남도 천안시,outside_region,contained:충청남도
GGB168000375,백석중.고등학교,37.5800833,126.6751833,인천광역시,outside_region,contained:인천광역시
GGB168000374,백석중.고등학교,37.5799667,126.6756,인천광역시,outside_region,contained:인천광역시
GGB168001239,백석중사거리,37.5770333,126.6731833,인천광역시,outside_region,contained:인천광역시
GGB167000383,백승아파트,37.56415,126.7448,인천광역시,outside_region,contained:인천광역시
GGB167000384,백승아파트,37.5641,126.7445667,인천광역시,outside_region,contained:인천광역시
GGB277101073,백양사IC(미정차),35.4286833,126.8034167,전라남도 장성군,outside_region,far
GGB277101074,백양사IC(미정차),35.42795,126.8034667,전라남도 장성군,outside_region,far
GGB277101076,백양사휴게소(미정차),35.39325,126.8065,전라남도 장성군,outside_region,far
GGB277101075,백양사휴게소(미정차),35.3941,126.80615,전라남도 장성군,outside_region,far
GGB166000058,백영아파트,37.4786833,126.6954667,인천광역시,outside_region,contained:인천광역시
GGB273500110,백운,37.1380833,128.0237167,충청북도 제천시,outside_region,contained:충청북도
GGB273500050,백운,37.1379333,128.0235167,충청북도 제천시,outside_region,contained:충청북도
GGB169000295,백운곡,37.6986667,126.4807333,인천광역시,outside_region,contained:인천광역시
GGB169000040,백운곡,37.6986667,126.4809,인천광역시,outside_region,contained:인천광역시
GGB166000076,백운공원(부평아트센터),37.4829333,126.7023,인천광역시,outside_region,contained:인천광역시
GGB166000075,백운공원(부평아트센터),37.48305,126.70185,인천광역시,outside_region,contained:인천광역시
GGB166000080,백운역,37.4833167,126.7083333,인천광역시,outside_region,contained:인천광역시
GGB166000079,백운역,37.4831333,126.7087167,인천광역시,outside_region,contained:인천광역시
GGB163000181,백운프라자,37.4571333,126.6394833,인천광역시,outside_region,contained:인천광역시
GGB166000386,백조아파트,37.4966,126.7357333,인천광역시,outside_region,contained:인천광역시
GGB166000388,백조아파트,37.49665,126.7355333,인천광역시,outside_region,contained:인천광역시
GGB277102977,범서IC(미정차),35.6181333,129.2836,울산광역시,outside_region,far
GGB277102978,범서IC(미정차),35.6175333,129.2836667,울산광역시,outside_region,far
GGB168000118,범양상가,37.4952167,126.6863,인천광역시,outside_region,contained:인천광역시
GGB168000122,범양상가,37.4953333,126.6867167,인천광역시,outside_region,contained:인천광역시
GGB168000116,범양아파트,37.49485,126.6879333,인천광역시,outside_region,contained:인천광역시
GGB163000074,법원.검찰청,37.44125,126.6680667,인천광역시,outside_region,contained:인천광역시
GGB165000740,벧엘교회,37.4609167,126.7292667,인천광역시,outside_region,contained:인천광역시
GGB165000453,벽산.이삭아파트,37.4641667,126.7205,인천광역시,outside_region,contained:인천광역시
GGB165000273,벽산아파트(미추홀도서관),37.4489833,126.72475,인천광역시,outside_region,contained:인천광역시
GGB165000458,벽산이삭아파트,37.46365,126.7208333,인천광역시,outside_region,contained:인천광역시
GGB167000299,병방초등학교.계양산전통시장,37.5471833,126.7401667,인천광역시,outside_region,contained:인천광역시
GGB168000442,보람프라자앞,37.5934333,126.6970167,인천광역시,outside_region,contained:인천광역시
GGB287500010,보령종합터미널,36.3427833,126.5899833,충청남도 보령시,outside_region,contained:충청남도
GGB169000517,보릿고개,37.6278667,126.49025,인천광역시,outside_region,contained:인천광역시
GGB169000880,보릿고개,37.62785,126.4900833,인천광역시,outside_region,contained:인천광역시
GGB277103944,보은IC(미정차),36.4566,127.7203667,충청북도 보은군,outside_region,contained:충청북도
GGB277103945,보은IC(미정차),36.4567833,127.72075,충청북도 보은군,outside_region,contained:충청북도
GGB165000484,보훈회관,37.4741333,126.7094167,인천광역시,outside_region,contained:인천광역시
GGB258500020,복지골,37.5270667,127.8847833,강원특별자치도 횡성군,outside_region,contained:강원특별자치도
GGB258500040,복지골,37.5266833,127.8857,강원특별자치도 횡성군,outside_region,contained:강원특별자치도
GGB164000080,복지회관,37.4130333,126.6606667,인천광역시,outside_region,contained:인천광역시
GGB164000079,복지회관,37.4127167,126.6606667,인천광역시,outside_region,contained:인천광역시
GGB161000814,볼보트럭남인천사업소,37.4381667,126.6180833,인천광역시,outside_region,contained:인천광역시
GGB288500100,봉강교시외버스정류장,36.7768667,127.0793167,충청남도 아산시,outside_region,contained:충청남도
GGB288500090,봉강교시외버스정류장,36.77715,127.0806167,충청남도 아산시,outside_region,contained:충청남도
GGB168001506,봉수대로501번길,37.5204667,126.6506833,인천광역시,outside_region,contained:인천광역시
GGB168001507,봉수대로501번길,37.5206833,126.65065,인천광역시,outside_region,contained:인천광역시
GGB273500090,봉양,37.1322167,128.1238833,충청북도 제천시,outside_region,contained:충청북도
GGB273500100,봉양,37.1325667,128.1244,충청북도 제천시,outside_region,contained:충청북도
GGB371504510,봉화공용정류장,36.8913333,128.73615,경상북도 봉화군,outside_region,far
GGB371500010,봉화공용정류장,36.8913333,128.7361167,경상북도 봉화군,outside_region,far
GGB166000193,부개1동행정복지센터,37.48585,126.7377333,인천광역시,outside_region,contained:인천광역시
GGB166000191,부개1동행정복지센터,37.4859,126.7372167,인천광역시,outside_region,contained:인천광역시
GGB166000323,부개2동행정복지센터,37.4933167,126.7364667,인천광역시,outside_region,contained:인천광역시
GGB166000764,부개2파출소,37.4934333,126.7349833,인천광역시,outside_region,contained:인천광역시
GGB166000318,부개2파출소,37.49375,126.7345333,인천광역시,outside_region,contained:인천광역시
GGB166000317,부개2파출소,37.49355,126.73485,인천광역시,outside_region,contained:인천광역시
GGB166000494,부개3동행정복지센터,37.5040833,126.7344833,인천광역시,outside_region,contained:인천광역시
GGB166000486,부개3동행정복지센터입구,37.5039667,126.7343167,인천광역시,outside_region,contained:인천광역시
GGB166000783,부개고입구,37.4935167,126.7399833,인천광역시,outside_region,contained:인천광역시
GGB166000345,부개고입구,37.4933833,126.7396,인천광역시,outside_region,contained:인천광역시
GGB166000199,부개농협,37.4866333,126.7371,인천광역시,outside_region,contained:인천광역시
GGB166000201,부개농협,37.4868833,126.7382833,인천광역시,outside_region,contained:인천광역시
GGB166000243,부개서초등학교,37.4899167,126.7342333,인천광역시,outside_region,contained:인천광역시
GGB166000293,부개성일아파트,37.49195,126.7407667,인천광역시,outside_region,contained:인천광역시
GGB166000301,부개성일아파트,37.4921167,126.74055,인천광역시,outside_region,contained:인천광역시
GGB166000421,부개여자고등학교,37.4972833,126.7401833,인천광역시,outside_region,contained:인천광역시
GGB166000422,부개여자고등학교,37.49755,126.7402,인천광역시,outside_region,contained:인천광역시
GGB166000423,부개여자고등학교,37.4979667,126.7392167,인천광역시,outside_region,contained:인천광역시
GGB166000428,부개여자고등학교,37.4981833,126.7395667,인천광역시,outside_region,contained:인천광역시
GGB166000222,부개역,37.48695,126.7392333,인천광역시,outside_region,contained:인천광역시
GGB166000256,부개역,37.48915,126.7398833,인천광역시,outside_region,contained:인천광역시
GGB166000932,부개역,37.4888667,126.7407333,인천광역시,outside_region,contained:인천광역시
GGB166000223,부개역,37.48715,126.7395667,인천광역시,outside_region,contained:인천광역시
GGB166000458,부개우체국,37.4999833,126.7394333,인천광역시,outside_region,contained:인천광역시
GGB166000504,부개종합시장,37.5039,126.7388667,인천광역시,outside_region,contained:인천광역시
GGB166000772,부개주공2단지,37.5049833,126.7401667,인천광역시,outside_region,contained:인천광역시
GGB166000479,부개주공3단지,37.5018,126.73955,인천광역시,outside_region,contained:인천광역시
GGB166000460,부개주공3단지정문,37.5006667,126.7386167,인천광역시,outside_region,contained:인천광역시
GGB166000500,부개주공3단지후문,37.5037,126.7381167,인천광역시,outside_region,contained:인천광역시
GGB166000442,부개주공6단지,37.49925,126.7397,인천광역시,outside_region,contained:인천광역시
GGB166000459,부개주공6단지,37.5001833,126.7397167,인천광역시,outside_region,contained:인천광역시
GGB166000387,부개주공7단지,37.4962,126.7370333,인천광역시,outside_region,contained:인천광역시
GGB166000385,부개주공7단지,37.4962,126.7367333,인천광역시,outside_region,contained:인천광역시
GGB166000471,부광여자고등학교,37.5021833,126.7363167,인천광역시,outside_region,contained:인천광역시
GGB166000440,부광초등학교,37.5003167,126.73595,인천광역시,outside_region,contained:인천광역시
GGB166000434,부광초등학교,37.5001667,126.7361333,인천광역시,outside_region,contained:인천광역시
GGB167000321,부대앞,37.5610333,126.7441,인천광역시,outside_region,contained:인천광역시
GGB167000322,부대앞,37.5615333,126.74325,인천광역시,outside_region,contained:인천광역시
GGB168000343,부대앞,37.55135,126.6966,인천광역시,outside_region,contained:인천광역시
GGB168000342,부대앞,37.5509667,126.6969167,인천광역시,outside_region,contained:인천광역시
GGB140500020,부산종합터미널,35.28515,129.0960667,부산광역시,outside_region,far
GGB277101248,부안IC(미정차),35.7259833,126.7687833,전라북도 부안군,outside_region,far
GGB277101247,부안IC(미정차),35.7265,126.7688333,전라북도 부안군,outside_region,far
GGB319500010,부안시외버스터미널,35.7267833,126.7370167,전라북도 부안군,outside_region,far
GGB277102954,부여IC(미정차),36.2974667,126.8515,충청남도 부여군,outside_region,contained:충청남도
GGB277102953,부여IC(미정차),36.29815,126.852,충청남도 부여군,outside_region,contained:충청남도
GGB166000789,부원중학교,37.49095,126.7173667,인천광역시,outside_region,contained:인천광역시
GGB166000181,부원중학교,37.4912333,126.7172833,인천광역시,outside_region,contained:인천광역시
GGB166000123,부일여자중학교,37.485,126.7198333,인천광역시,outside_region,contained:인천광역시
GGB277104948,부천고가교(미정차),37.51685,126.7499833,,outside_region,contained:인천광역시
GGB277104947,부천고가교(미정차),37.5168333,126.7504167,,outside_region,contained:인천광역시
GGB166000229,부천시계,37.4835833,126.7517,인천광역시,outside_region,contained:인천광역시
GGB212000204,부천테크노파크1.2단지,37.5182,126.7607333,경기도 부천시,outside_region,contained:인천광역시
GGB166000377,부평4동성당,37.4981333,126.72795,인천광역시,outside_region,contained:인천광역시
GGB166000186,부평6동우체국,37.4873333,126.7312,인천광역시,outside_region,contained:인천광역시
GGB166000906,부평6동행정복지센터,37.4850333,126.7263167,인천광역시,outside_region,contained:인천광역시
GGB166000160,부평LH1.2단지,37.4852,126.7301,인천광역시,outside_region,contained:인천광역시
GGB166000161,부평LH1.2단지,37.4853667,126.7299,인천광역시,outside_region,contained:인천광역시
GGB166000285,부평SKVIEW해모로아파트,37.4929,126.7335167,인천광역시,outside_region,contained:인천광역시
GGB166000282,부평SKVIEW해모로아파트,37.4926833,126.7334667,인천광역시,outside_region,contained:인천광역시
GGB166000794,부평경찰서,37.5074833,126.7183667,인천광역시,outside_region,contained:인천광역시
GGB166000468,부평경찰서,37.5077167,126.7184667,인천광역시,outside_region,contained:인천광역시
GGB166000890,부평구보건소,37.4986333,126.72435,인천광역시,outside_region,contained:인천광역시
GGB166000858,부평구보건소,37.4983667,126.7243167,인천광역시,outside_region,contained:인천광역시
GGB166000462,부평구청,37.5066333,126.7206333,인천광역시,outside_region,contained:인천광역시
GGB166000492,부평구청,37.5087167,126.7203167,인천광역시,outside_region,contained:인천광역시
GGB166000482,부평구청,37.5071667,126.7234167,인천광역시,outside_region,contained:인천광역시
GGB166000484,부평구청,37.50745,126.7233167,인천광역시,outside_region,contained:인천광역시
GGB166000451,부평구청.부평세무서,37.5051833,126.7216,인천광역시,outside_region,contained:인천광역시
GGB166000841,부평구청역,37.5093167,126.7207667,인천광역시,outside_region,contained:인천광역시
GGB166000497,부평기적의도서관,37.5030333,126.7396667,인천광역시,outside_region,contained:인천광역시
GGB166000490,부평기적의도서관.삼부한신아파트,37.5025167,126.73995,인천광역시,outside_region,contained:인천광역시
GGB165000772,부평농장,37.4734833,126.7172167,인천광역시,outside_region,contained:인천광역시
GGB166000082,부평도서관,37.48465,126.70525,인천광역시,outside_region,contained:인천광역시
GGB166000084,부평도서관,37.4851333,126.7054833,인천광역시,outside_region,contained:인천광역시
GGB166000406,부평동중,37.49605,126.7418333,인천광역시,outside_region,contained:인천광역시
GGB166000074,부평사거리,37.4803,126.7101167,인천광역시,outside_region,contained:인천광역시
GGB166000887,부평사거리,37.48025,126.7098,인천광역시,outside_region,contained:인천광역시
GGB165000489,부평삼거리,37.4763,126.7099333,인천광역시,outside_region,contained:인천광역시
GGB166000066,부평삼거리역,37.476,126.7094333,인천광역시,outside_region,contained:인천광역시
GGB166000263,부평샬레아파트.세일고등학교,37.5044,126.6923167,인천광역시,outside_region,contained:인천광역시
GGB166000260,부평샬레아파트.세일고등학교,37.5045,126.6919167,인천광역시,outside_region,contained:인천광역시
GGB166000262,부평시장,37.4949333,126.7229667,인천광역시,outside_region,contained:인천광역시
GGB166000265,부평시장,37.4953,126.7229167,인천광역시,outside_region,contained:인천광역시
GGB166000264,부평시장,37.4952167,126.7224667,인천광역시,outside_region,contained:인천광역시
GGB166000283,부평시장,37.4949667,126.7269,인천광역시,outside_region,contained:인천광역시
GGB166000290,부평시장,37.4949667,126.7273667,인천광역시,outside_region,contained:인천광역시
GGB166000296,부평시장(가구의거리),37.4961167,126.7249833,인천광역시,outside_region,contained:인천광역시
GGB166000295,부평시장(가구의거리),37.4960833,126.7246667,인천광역시,outside_region,contained:인천광역시
GGB166000259,부평시장(한남프라자),37.4938333,126.7258667,인천광역시,outside_region,contained:인천광역시
GGB166000328,부평시장.한라비발디,37.4976,126.7235667,인천광역시,outside_region,contained:인천광역시
GGB166000336,부평시장.한라비발디,37.49795,126.7228667,인천광역시,outside_region,contained:인천광역시
GGB166000361,부평시장역,37.4995333,126.7218333,인천광역시,outside_region,contained:인천광역시
GGB166000368,부평시장역(부평대로우체국),37.4994333,126.7223833,인천광역시,outside_region,contained:인천광역시
GGB166000288,부평시장입구,37.4964667,126.7223,인천광역시,outside_region,contained:인천광역시
GGB166000309,부평시장입구(2번출구),37.4970167,126.72275,인천광역시,outside_region,contained:인천광역시
GGB166000793,부평여자고등학교,37.5034667,126.7196,인천광역시,outside_region,contained:인천광역시
GGB166000410,부평여자고등학교,37.5032167,126.7193833,인천광역시,outside_region,contained:인천광역시
GGB166000342,부평여자중학교,37.4935,126.7379667,인천광역시,outside_region,contained:인천광역시
GGB166000726,부평여자중학교,37.4936333,126.7380167,인천광역시,outside_region,contained:인천광역시
GGB166000226,부평역,37.4920667,126.7244667,인천광역시,outside_region,contained:인천광역시
GGB166000228,부평역,37.4926,126.7232167,인천광역시,outside_region,contained:인천광역시
GGB166000234,부평역,37.4931167,126.72275,인천광역시,outside_region,contained:인천광역시
GGB166000237,부평역,37.4924667,126.7248667,인천광역시,outside_region,contained:인천광역시
GGB166000239,부평역,37.4926333,126.7246333,인천광역시,outside_region,contained:인천광역시
GGB166000209,부평역,37.49115,126.72505,인천광역시,outside_region,contained:인천광역시
GGB166000190,부평역,37.4911,126.7203667,인천광역시,outside_region,contained:인천광역시
GGB166000865,부평역,37.49335,126.7231667,인천광역시,outside_region,contained:인천광역시
GGB166000196,부평역(대한극장),37.4911333,126.72155,인천광역시,outside_region,contained:인천광역시
GGB166000246,부평역.로터스프라자,37.4931,126.7250333,인천광역시,outside_region,contained:인천광역시
GGB166000197,부평역.북인천우체국,37.4913667,126.7213833,인천광역시,outside_region,contained:인천광역시
GGB166000781,부평역12번출구,37.4914667,126.7253167,인천광역시,outside_region,contained:인천광역시
GGB166000609,부평역사박물관,37.5123167,126.7386667,인천광역시,outside_region,contained:인천광역시
GGB166000597,부평역사박물관,37.51155,126.7376333,인천광역시,outside_region,contained:인천광역시
GGB166000798,부평역사박물관,37.5116833,126.7367833,인천광역시,outside_region,contained:인천광역시
GGB166000804,부평역화성파크드림아파트,37.4857167,126.7272167,인천광역시,outside_region,contained:인천광역시
GGB166000805,부평역화성파크드림아파트,37.4855333,126.7272,인천광역시,outside_region,contained:인천광역시
GGB166000430,부평우체국,37.5082,126.7071,인천광역시,outside_region,contained:인천광역시
GGB166000432,부평우체국,37.50845,126.708,인천광역시,outside_region,contained:인천광역시
GGB166000478,부평윤산부인과,37.5042333,126.73185,인천광역시,outside_region,contained:인천광역시
GGB166000768,부평윤산부인과,37.5040833,126.73185,인천광역시,outside_region,contained:인천광역시
GGB166000871,부평자이,37.4790167,126.7497333,인천광역시,outside_region,contained:인천광역시
GGB166000647,부평정수장,37.5217667,126.7221167,인천광역시,outside_region,contained:인천광역시
GGB166000644,부평제이타워3차지식산업센터,37.5214667,126.72165,인천광역시,outside_region,contained:인천광역시
GGB166000481,부평중앙침례교회,37.5040333,126.7331,인천광역시,outside_region,contained:인천광역시
GGB166000404,부평코오롱아파트106동,37.4975667,126.7363833,인천광역시,outside_region,contained:인천광역시
GGB166000357,부평코오롱하늘채아파트,37.4950667,126.7355833,인천광역시,outside_region,contained:인천광역시
GGB166000360,부평코오롱하늘채아파트,37.4951833,126.7354,인천광역시,outside_region,contained:인천광역시
GGB166000615,부평테크노타워,37.5197667,126.7154,인천광역시,outside_region,contained:인천광역시
GGB166000616,부평테크노타워,37.5199167,126.7154833,인천광역시,outside_region,contained:인천광역시
GGB167000175,부현동초등학교,37.5342667,126.7413333,인천광역시,outside_region,contained:인천광역시
GGB166000412,부흥로터리,37.49985,126.7303833,인천광역시,outside_region,contained:인천광역시
GGB166000394,부흥오거리(부흥아파트),37.4980833,126.73265,인천광역시,outside_region,contained:인천광역시
GGB166000392,부흥오거리(부흥아파트),37.4978333,126.7322167,인천광역시,outside_region,contained:인천광역시
GGB166000375,부흥오거리(소망병원),37.4977333,126.7297167,인천광역시,outside_region,contained:인천광역시
GGB166000374,부흥오거리(소망병원),37.4974667,126.7298,인천광역시,outside_region,contained:인천광역시
GGB166000299,부흥초등학교,37.4939,126.7321833,인천광역시,outside_region,contained:인천광역시
GGB166000304,부흥초등학교,37.4947,126.7302333,인천광역시,outside_region,contained:인천광역시
GGB277103929,북경주IC(미정차),35.9355667,129.24785,경상북도 경주시,outside_region,far
GGB277103928,북경주IC(미정차),35.9359667,129.2476333,경상북도 경주시,outside_region,far
GGB277101021,북공주JC(미정차),36.5014,127.1025,충청남도 공주시,outside_region,contained:충청남도
GGB277101020,북공주JC(미정차),36.5016333,127.1024333,충청남도 공주시,outside_region,contained:충청남도
GGB277102886,북남원IC(미정차),35.4384333,127.3122333,전라북도 남원시,outside_region,far
GGB277102885,북남원IC(미정차),35.4389833,127.3119,전라북도 남원시,outside_region,far
GGB277101358,북단양IC(미정차),37.0147833,128.2886667,충청북도 단양군,outside_region,contained:충청북도
GGB277101357,북단양IC(미정차),37.0151333,128.28805,충청북도 단양군,outside_region,contained:충청북도
GGB277101360,북단양TG(미정차),37.0205,128.2886833,충청북도 단양군,outside_region,contained:충청북도
GGB277101359,북단양TG(미정차),37.0203333,128.2883333,충청북도 단양군,outside_region,contained:충청북도
GGB277101187,북대구IC(미정차),35.9092667,128.5812833,대구광역시,outside_region,far
GGB277101188,북대구IC(미정차),35.9089,128.5808667,대구광역시,outside_region,far
GGB277101529,북대전IC(미정차),36.4115167,127.38155,대전광역시,outside_region,far
GGB277101530,북대전IC(미정차),36.4111333,127.3812833,대전광역시,outside_region,far
GGB277101383,북상주IC(미정차),36.5314333,128.1687,경상북도 상주시,outside_region,far
GGB277101384,북상주IC(미정차),36.531,128.1696333,경상북도 상주시,outside_region,far
GGB277103987,북수교차로(미정차),36.7815833,127.0760667,충청남도 아산시,outside_region,contained:충청남도
GGB277103988,북수교차로(미정차),36.7817333,127.0762667,충청남도 아산시,outside_region,contained:충청남도
GGB277104083,북영천IC(미정차),36.0324667,128.9165833,경상북도 영천시,outside_region,far
GGB277104082,북영천IC(미정차),36.0320833,128.9161833,경상북도 영천시,outside_region,far
GGB277101322,북원주IC(미정차),37.4204333,127.9231333,강원특별자치도 원주시,outside_region,contained:강원특별자치도
GGB277101321,북원주IC(미정차),37.4207833,127.9233,강원특별자치도 원주시,outside_region,contained:강원특별자치도
GGB277103837,북인천TG(미정차),37.5547667,126.6167833,인천광역시,outside_region,contained:인천광역시
GGB277103838,북인천TG(미정차),37.5542167,126.617,인천광역시,outside_region,contained:인천광역시
GGB277104040,북진천IC(미정차),36.9454,127.4509333,충청북도 진천군,outside_region,contained:충청북도
GGB277104041,북진천IC(미정차),36.9454333,127.4518167,충청북도 진천군,outside_region,contained:충청북도
GGB277103455,북천안IC(미정차),36.89685,127.18935,충청남도 천안시,outside_region,contained:충청남도
GGB277103454,북천안IC(미정차),36.8968167,127.1889833,충청남도 천안시,outside_region,contained:충청남도
GGB277103835,북청라TG(미정차),37.5605,126.6284167,인천광역시,outside_region,contained:인천광역시
GGB277103836,북청라TG(미정차),37.56035,126.62865,인천광역시,outside_region,contained:인천광역시
GGB277101406,북충주IC(미정차),37.03495,127.7986333,충청북도 충주시,outside_region,contained:충청북도
GGB277101405,북충주IC(미정차),37.0348,127.79795,충청북도 충주시,outside_region,contained:충청북도
GGB277103856,북충주TG(미정차),37.0388833,127.7964167,충청북도 충주시,outside_region,contained:충청북도
GGB277103855,북충주TG(미정차),37.03875,127.7958833,충청북도 충주시,outside_region,contained:충청북도
GGB168001208,북항다목적부두,37.5068333,126.63255,인천광역시,outside_region,contained:인천광역시
GGB168001209,북항다목적부두,37.5065333,126.6321667,인천광역시,outside_region,contained:인천광역시
GGB168001305,북항입구,37.5065,126.6468333,인천광역시,outside_region,contained:인천광역시
GGB168001304,북항입구,37.5068,126.6469833,인천광역시,outside_region,contained:인천광역시
GGB500000014,분지울입구,37.61305,127.6756,강원특별자치도 홍천군,outside_region,contained:강원특별자치도
GGB500000013,분지울입구,37.6133,127.67625,강원특별자치도 홍천군,outside_region,contained:강원특별자치도
GGB168000498,불로대곡동행정복지센터,37.6172833,126.6887,인천광역시,outside_region,contained:인천광역시
GGB168000497,불로대곡동행정복지센터,37.6171167,126.68825,인천광역시,outside_region,contained:인천광역시
GGB168001570,불로삼거리,37.6128,126.6836167,,outside_region,contained:인천광역시
GGB169000035,불은면주민센터,37.6853167,126.4797,인천광역시,outside_region,contained:인천광역시
GGB169000036,불은파출소,37.6853333,126.4794167,인천광역시,outside_region,contained:인천광역시
GGB166000659,브라운스톤.엠코타운아파트,37.5200333,126.7327,인천광역시,outside_region,contained:인천광역시
GGB277101148,비룡JC(미정차),36.3452833,127.4824667,대전광역시,outside_region,nearest:충청북도 1834 m
GGB277101149,비룡JC(미정차),36.3450333,127.4825,대전광역시,outside_region,nearest:충청북도 1821 m
GGB164000261,비류마을,37.4251167,126.6727,인천광역시,outside_region,contained:인천광역시
GGB169000547,비선삼거리,37.6969,126.4255,인천광역시,outside_region,contained:인천광역시
GGB169000596,비선삼거리,37.6965,126.4250667,인천광역시,outside_region,contained:인천광역시
GGB166000171,비젼교회,37.48495,126.7343667,인천광역시,outside_region,contained:인천광역시
GGB168000670,빈정공원,37.5567833,126.6726833,인천광역시,outside_region,contained:인천광역시
GGB168000571,빈정공원,37.5569333,126.6724,인천광역시,outside_region,contained:인천광역시
GGB168000327,빈정내사거리,37.5530833,126.6731833,인천광역시,outside_region,contained:인천광역시
GGB168000329,빈정내사거리,37.5531167,126.6729667,인천광역시,outside_region,contained:인천광역시
GGB500000100,빙하리,37.78785,127.5321,강원특별자치도 춘천시,outside_region,contained:강원특별자치도
GGB277102670,빙하리(미정차),37.8179333,127.5370667,강원특별자치도 춘천시,outside_region,contained:강원특별자치도
GGB500000102,빙하리종점,37.7761833,127.53955,강원특별자치도 춘천시,outside_region,contained:강원특별자치도
GGB165000924,사리울중학교,37.3859667,126.7197833,인천광역시,outside_region,contained:인천광역시
GGB165000838,사리울중학교,37.3867167,126.7205,인천광역시,outside_region,contained:인천광역시
GGB165000713,사리울초등학교후문,37.38905,126.72335,인천광역시,outside_region,contained:인천광역시
GGB168000019,사조해표,37.4873667,126.6610167,인천광역시,outside_region,contained:인천광역시
GGB168000020,사조해표,37.4875333,126.6605667,인천광역시,outside_region,contained:인천광역시
GGB282500010,사평리,37.0349833,128.3971167,충청북도 단양군,outside_region,contained:충청북도
GGB282500020,사평리,37.0348667,128.3971,충청북도 단양군,outside_region,contained:충청북도
GGB166000525,삭은다리한국지엠,37.5108,126.7209667,인천광역시,outside_region,contained:인천광역시
GGB166000785,산곡동입구(롯데마트),37.5053333,126.70345,인천광역시,outside_region,contained:인천광역시
GGB166000473,산곡동천주교회,37.51245,126.7036667,인천광역시,outside_region,contained:인천광역시
GGB166000476,산곡동천주교회,37.5125,126.704,인천광역시,outside_region,contained:인천광역시
GGB166000198,산곡여자중학교,37.4972167,126.7025667,인천광역시,outside_region,contained:인천광역시
GGB166000203,산곡여자중학교,37.4981167,126.7022667,인천광역시,outside_region,contained:인천광역시
GGB166000420,산곡역1번출구,37.5083833,126.7043833,인천광역시,outside_region,contained:인천광역시
GGB166000856,산곡역3번출구,37.506,126.7031333,인천광역시,outside_region,contained:인천광역시
GGB166000429,산곡역6번출구,37.5094333,126.7034333,인천광역시,outside_region,contained:인천광역시
GGB166000425,산곡역7번출구,37.5091,126.7037333,인천광역시,outside_region,contained:인천광역시
GGB169000107,산문입구,37.6853833,126.4193333,인천광역시,outside_region,contained:인천광역시
GGB169000286,산문입구,37.6857333,126.4192667,인천광역시,outside_region,contained:인천광역시
GGB163000460,산업단지사거리,37.4820167,126.6598833,인천광역시,outside_region,contained:인천광역시
GGB168000525,산업용품센타,37.4877833,126.6562667,인천광역시,outside_region,contained:인천광역시
GGB168000524,산업용품센타,37.4873667,126.6564,인천광역시,outside_region,contained:인천광역시
GGB162000146,산업용품유통센터1동,37.4889,126.65355,인천광역시,outside_region,contained:인천광역시
GGB277101084,산월IC(미정차),35.20305,126.8396667,경기도 광주시,outside_region,far
GGB277101083,산월IC(미정차),35.2031667,126.8391167,경기도 광주시,outside_region,far
GGB272500070,산척,37.0809333,127.9569167,충청북도 충주시,outside_region,contained:충청북도
GGB272500080,산척,37.0806167,127.9568,충청북도 충주시,outside_region,contained:충청북도
GGB277101049,삼례IC(미정차),35.9250333,127.0788,전라북도 익산시,outside_region,far
GGB277101050,삼례IC(미정차),35.9246,127.07885,전라북도 익산시,outside_region,far
GGB312500010,삼례시외버스터미널,35.9097,127.0749333,전라북도 완주군,outside_region,far
GGB312500020,삼례시외버스터미널,35.9103333,127.07485,전라북도 완주군,outside_region,far
GGB166000172,삼미타운.e편한세상아파트,37.4850833,126.7346167,인천광역시,outside_region,contained:인천광역시
GGB166000796,삼보새마을금고,37.5195167,126.7378833,인천광역시,outside_region,contained:인천광역시
GGB166000677,삼보아파트,37.5219,126.7380833,인천광역시,outside_region,contained:인천광역시
GGB166000679,삼보아파트,37.5219667,126.73825,인천광역시,outside_region,contained:인천광역시
GGB166000786,삼보아파트,37.5047333,126.6985667,인천광역시,outside_region,contained:인천광역시
GGB166000308,삼보아파트,37.5045333,126.6986833,인천광역시,outside_region,contained:인천광역시
GGB168000351,삼보아파트,37.5622167,126.6731167,인천광역시,outside_region,contained:인천광역시
GGB168000350,삼보아파트,37.5620667,126.6732833,인천광역시,outside_region,contained:인천광역시
GGB167000205,삼보아파트(계양구청),37.5376167,126.7402833,인천광역시,outside_region,contained:인천광역시
GGB166000584,삼산경찰서,37.51125,126.7339333,인천광역시,outside_region,contained:인천광역시
GGB166000689,삼산고등학교.미래타운3단지,37.5220167,126.7456,인천광역시,outside_region,contained:인천광역시
GGB166000686,삼산고등학교.미래타운4단지,37.52185,126.74475,인천광역시,outside_region,contained:인천광역시
GGB166000527,삼산글로리병원,37.5069833,126.7353167,인천광역시,outside_region,contained:인천광역시
GGB166000687,삼산농산물시장,37.5212667,126.7466333,인천광역시,outside_region,contained:인천광역시
GGB166000638,삼산사거리,37.5165333,126.73245,인천광역시,outside_region,contained:인천광역시
GGB166000690,삼산사거리,37.5176667,126.73325,인천광역시,outside_region,contained:인천광역시
GGB166000646,삼산사거리(한국아파트),37.5173833,126.73435,인천광역시,outside_region,contained:인천광역시
GGB166000645,삼산사거리.한국아파트,37.5176333,126.7340167,인천광역시,outside_region,contained:인천광역시
GGB166000668,삼산새마을금고,37.51985,126.7380667,인천광역시,outside_region,contained:인천광역시
GGB166000589,삼산서해그랑블,37.5097667,126.7411667,인천광역시,outside_region,contained:인천광역시
GGB166000613,삼산서해아파트,37.5120167,126.7405,인천광역시,outside_region,contained:인천광역시
GGB166000535,삼산월드체육관,37.5068833,126.7380167,인천광역시,outside_region,contained:인천광역시
GGB166000571,삼산월드체육관,37.5084833,126.7396333,인천광역시,outside_region,contained:인천광역시
GGB166000532,삼산월드체육관,37.5064833,126.7372667,인천광역시,outside_region,contained:인천광역시
GGB166000543,삼산월드체육관,37.5067833,126.7392,인천광역시,outside_region,contained:인천광역시
GGB166000802,삼산월드체육관(삼산주공6단지),37.5085333,126.7377667,인천광역시,outside_region,contained:인천광역시
GGB166000780,삼산주공1단지,37.5172,126.7408333,인천광역시,outside_region,contained:인천광역시
GGB166000591,삼산주공4단지,37.5099333,126.7414667,인천광역시,outside_region,contained:인천광역시
GGB166000801,삼산주공7단지,37.50875,126.7340167,인천광역시,outside_region,contained:인천광역시
GGB166000547,삼산주공7단지,37.5084833,126.7340333,인천광역시,outside_region,contained:인천광역시
GGB166000637,삼산중학교,37.5162,126.7354833,인천광역시,outside_region,contained:인천광역시
GGB166000636,삼산중학교,37.5160833,126.7352167,인천광역시,outside_region,contained:인천광역시
GGB166000536,삼산체육관역(호수공원),37.50535,126.7423833,인천광역시,outside_region,contained:인천광역시
GGB166000588,삼산타운1단지,37.51265,126.7319833,인천광역시,outside_region,contained:인천광역시
GGB166000585,삼산타운1단지정문,37.51155,126.7336833,인천광역시,outside_region,contained:인천광역시
GGB166000611,삼산타운1단지후문,37.5135667,126.7350167,인천광역시,outside_region,contained:인천광역시
GGB166000612,삼산타운1단지후문,37.51355,126.7353167,인천광역시,outside_region,contained:인천광역시
GGB166000608,삼산타운4단지,37.5107,126.74365,인천광역시,outside_region,contained:인천광역시
GGB166000580,삼산타운6단지,37.50945,126.7366333,인천광역시,outside_region,contained:인천광역시
GGB166000576,삼산타운7단지,37.5098,126.7364333,인천광역시,outside_region,contained:인천광역시
GGB166000653,삼산푸른솔마을,37.5169667,126.7400667,인천광역시,outside_region,contained:인천광역시
GGB165000920,삼성바이오로직스,37.3690333,126.65685,인천광역시,outside_region,contained:인천광역시
GGB281000008,삼성시장,37.0194167,127.4978667,충청북도 음성군,outside_region,contained:충청북도
GGB281000011,삼성시장,37.0195333,127.4978,충청북도 음성군,outside_region,contained:충청북도
GGB164000077,삼성아파트,37.4073333,126.677,인천광역시,outside_region,contained:인천광역시
GGB161000140,삼성아파트,37.4656667,126.6298833,인천광역시,outside_region,contained:인천광역시
GGB281000010,삼성터미널,37.0206667,127.4998333,충청북도 음성군,outside_region,contained:충청북도
GGB281000009,삼성터미널,37.0205667,127.49995,충청북도 음성군,outside_region,contained:충청북도
GGB281000012,삼성휴먼시아아파트,37.0188,127.4956833,충청북도 음성군,outside_region,contained:충청북도
GGB281000007,삼성휴먼시아아파트,37.0186833,127.4957833,충청북도 음성군,outside_region,contained:충청북도
GGB168000027,삼양사인천1공장,37.4848,126.6772,인천광역시,outside_region,contained:인천광역시
GGB168000031,삼양사인천1공장,37.4848667,126.6777167,인천광역시,outside_region,contained:인천광역시
GGB168000068,삼영물류,37.499,126.6539333,인천광역시,outside_region,contained:인천광역시
GGB163000279,삼영아파트,37.4479833,126.6911833,인천광역시,outside_region,contained:인천광역시
GGB163000280,삼영아파트,37.4483333,126.6907167,인천광역시,outside_region,contained:인천광역시
GGB168001062,삼영테크,37.5968,126.6192167,인천광역시,outside_region,contained:인천광역시
GGB168001055,삼영테크,37.5967667,126.6189,인천광역시,outside_region,contained:인천광역시
GGB165000247,삼익.광명아파트,37.4422167,126.73855,인천광역시,outside_region,contained:인천광역시
GGB165000249,삼익.광명아파트,37.4422833,126.7388833,인천광역시,outside_region,contained:인천광역시
GGB161000136,삼익아파트,37.4639833,126.63305,인천광역시,outside_region,contained:인천광역시
GGB168000443,삼정프라자,37.5938333,126.6965833,인천광역시,outside_region,contained:인천광역시
GGB256500010,삼척종합버스터미널,37.4402667,129.1691667,강원특별자치도 삼척시,outside_region,contained:강원특별자치도
GGB165001018,삼천리기계,37.3929667,126.6892667,인천광역시,outside_region,contained:인천광역시
GGB165001017,삼천리기계,37.3931833,126.6889167,인천광역시,outside_region,contained:인천광역시
GGB165000940,삼호제강2공장,37.3866833,126.6980667,인천광역시,outside_region,contained:인천광역시
GGB165000939,삼호제강2공장,37.38625,126.6981833,인천광역시,outside_region,contained:인천광역시
GGB164000063,삼환아파트,37.40465,126.6776667,인천광역시,outside_region,contained:인천광역시
GGB165000296,삼환아파트,37.4481667,126.7331833,인천광역시,outside_region,contained:인천광역시
GGB165000299,삼환아파트,37.4485,126.7329,인천광역시,outside_region,contained:인천광역시
GGB165000316,삼환아파트,37.4490833,126.7343667,인천광역시,outside_region,contained:인천광역시
GGB165000328,삼환아파트,37.4497333,126.73435,인천광역시,outside_region,contained:인천광역시
GGB300500100,삽교호버스터미널,36.8885,126.8249,충청남도 당진시,outside_region,contained:충청남도
GGB277102892,상관IC(미정차),35.7588833,127.21905,전라북도 완주군,outside_region,far
GGB277102891,상관IC(미정차),35.7590667,127.2186,전라북도 완주군,outside_region,far
GGB262500580,상노1리,38.1636,127.2428667,강원특별자치도 철원군,outside_region,contained:강원특별자치도
GGB262500590,상노1리,38.16365,127.2430667,강원특별자치도 철원군,outside_region,contained:강원특별자치도
GGB167000436,상야동,37.5796167,126.7791667,인천광역시,outside_region,contained:인천광역시
GGB167000437,상야동,37.5797333,126.7797,인천광역시,outside_region,contained:인천광역시
GGB166000069,상정고,37.48075,126.6987167,인천광역시,outside_region,contained:인천광역시
GGB166000070,상정고,37.48095,126.69845,인천광역시,outside_region,contained:인천광역시
GGB166000059,상정중학교,37.4788833,126.6951667,인천광역시,outside_region,contained:인천광역시
GGB277101381,상주IC(미정차),36.4232,128.2130167,경상북도 상주시,outside_region,far
GGB277101382,상주IC(미정차),36.4229833,128.2133333,경상북도 상주시,outside_region,far
GGB277103954,상주JC(미정차),36.37435,128.2746,경상북도 상주시,outside_region,far
GGB277103953,상주JC(미정차),36.3745667,128.2747167,경상북도 상주시,outside_region,far
GGB358500080,상주종합터미널,36.4191,128.1521667,경상북도 상주시,outside_region,far
GGB282500080,상진리,36.97755,128.3559167,충청북도 단양군,outside_region,contained:충청북도
GGB282500100,상진리,36.97695,128.3565333,충청북도 단양군,outside_region,contained:충청북도
GGB166000131,새마을금고,37.485,126.7215667,인천광역시,outside_region,contained:인천광역시
GGB166000125,새마을금고,37.4847833,126.7210333,인천광역시,outside_region,contained:인천광역시
GGB277101285,새말IC(미정차),37.4466,128.0667333,강원특별자치도 횡성군,outside_region,contained:강원특별자치도
GGB277101286,새말IC(미정차),37.4467167,128.06745,강원특별자치도 횡성군,outside_region,contained:강원특별자치도
GGB163000255,새안의원,37.4519333,126.6731833,인천광역시,outside_region,contained:인천광역시
GGB163000256,새안의원,37.4515833,126.6739667,인천광역시,outside_region,contained:인천광역시
GGB168001518,샘내들교,37.5403667,126.66575,인천광역시,outside_region,contained:인천광역시
GGB168001519,샘내들교,37.5401667,126.6647167,인천광역시,outside_region,contained:인천광역시
GGB281500130,생극,37.0365167,127.60505,충청북도 음성군,outside_region,contained:충청북도
GGB281500120,생극,37.0365,127.60485,충청북도 음성군,outside_region,contained:충청북도
GGB164000354,생산기술연구원,37.3832167,126.6495833,인천광역시,outside_region,contained:인천광역시
GGB277103816,서공주IC(미정차),36.4551167,127.0584833,충청남도 공주시,outside_region,contained:충청남도
GGB277103815,서공주IC(미정차),36.4555,127.0585,충청남도 공주시,outside_region,contained:충청남도
GGB168000339,서곶지구대,37.5573333,126.6732,인천광역시,outside_region,contained:인천광역시
GGB168000338,서곶지구대,37.5573,126.6729833,인천광역시,outside_region,contained:인천광역시
GGB168000776,서구국민체육센터,37.5658167,126.6783833,인천광역시,outside_region,contained:인천광역시
GGB168000212,서구문화회관,37.5155,126.6791167,인천광역시,outside_region,contained:인천광역시
GGB168000213,서구문화회관,37.5158,126.6789,인천광역시,outside_region,contained:인천광역시
GGB168000448,서구영어마을,37.59155,126.7058833,인천광역시,outside_region,contained:인천광역시
GGB168000449,서구영어마을,37.5920333,126.7054167,인천광역시,outside_region,contained:인천광역시
GGB168000289,서구청역(1번출구),37.54495,126.6771,인천광역시,outside_region,contained:인천광역시
GGB168000284,서구청역(3번출구),37.5432,126.6765833,인천광역시,outside_region,contained:인천광역시
GGB168000296,서구청역(4번출구),37.5455333,126.6767333,인천광역시,outside_region,contained:인천광역시
GGB277103957,서군위IC(미정차),36.2460833,128.4800667,대구광역시 군위군,outside_region,far
GGB277103958,서군위IC(미정차),36.2462167,128.4802167,대구광역시 군위군,outside_region,far
GGB277101244,서김제IC(미정차),35.8341,126.8395833,전라북도 김제시,outside_region,far
GGB277101243,서김제IC(미정차),35.8346667,126.8394167,전라북도 김제시,outside_region,far
GGB277101245,서김제TG(미정차),35.8312,126.8430167,전라북도 김제시,outside_region,far
GGB277101246,서김제TG(미정차),35.83115,126.8426833,전라북도 김제시,outside_region,far
GGB277102897,서남원IC(미정차),35.3612,127.3372833,전라북도 남원시,outside_region,far
GGB277102898,서남원IC(미정차),35.3609667,127.3379,전라북도 남원시,outside_region,far
GGB277101033,서논산IC(미정차),36.22425,127.0530333,충청남도 논산시,outside_region,contained:충청남도
GGB277101032,서논산IC(미정차),36.2248833,127.05295,충청남도 논산시,outside_region,contained:충청남도
GGB277101184,서대구TG(미정차),35.8816333,128.5286667,대구광역시,outside_region,far
GGB277101183,서대구TG(미정차),35.8848667,128.52575,대구광역시,outside_region,far
GGB154500080,서대구고속버스터미널,35.8903,128.5620333,대구광역시,outside_region,far
GGB154500070,서대구고속버스터미널,35.89025,128.56175,대구광역시,outside_region,far
GGB277101522,서대전JC(미정차),36.2939333,127.3162333,대전광역시,outside_region,nearest:충청남도 3878 m
GGB277101521,서대전JC(미정차),36.29425,127.3158,대전광역시,outside_region,nearest:충청남도 3885 m
GGB164000384,서면초등학교,37.4030833,126.67025,인천광역시,outside_region,contained:인천광역시
GGB168000299,서부공단입구,37.5564667,126.64175,인천광역시,outside_region,contained:인천광역시
GGB168000301,서부공단입구,37.55245,126.6558333,인천광역시,outside_region,contained:인천광역시
GGB277103818,서부여IC(미정차),36.23925,126.79,충청남도 부여군,outside_region,contained:충청남도
GGB277103817,서부여IC(미정차),36.2397,126.7899,충청남도 부여군,outside_region,contained:충청남도
GGB277101104,서산IC(미정차),36.8064833,126.5714667,충청남도 서산시,outside_region,contained:충청남도
GGB277101103,서산IC(미정차),36.8068167,126.5713,충청남도 서산시,outside_region,contained:충청남도
GGB289500080,서산터미널,36.78165,126.45815,충청남도 서산시,outside_region,contained:충청남도
GGB277101106,서산휴게소(미정차),36.7339833,126.56455,충청남도 서산시,outside_region,contained:충청남도
GGB277101105,서산휴게소(미정차),36.7428667,126.5664,충청남도 서산시,outside_region,contained:충청남도
GGB277103039,서안동IC(미정차),36.5887167,128.6258333,경상북도 안동시,outside_region,far
GGB277103040,서안동IC(미정차),36.5886667,128.6269833,경상북도 안동시,outside_region,far
GGB277101373,서안동TG(미정차),36.5885167,128.6216333,경상북도 안동시,outside_region,far
GGB277101374,서안동TG(미정차),36.5882333,128.6213167,경상북도 안동시,outside_region,far
GGB277103920,서양양IC(미정차),37.9949833,128.53255,강원특별자치도 양양군,outside_region,contained:강원특별자치도
GGB277103919,서양양IC(미정차),37.9951167,128.5324167,강원특별자치도 양양군,outside_region,contained:강원특별자치도
GGB277103182,서운JC(미정차),37.5288667,126.7519833,인천광역시,outside_region,contained:인천광역시
GGB277103183,서운JC(미정차),37.5277333,126.7523167,인천광역시,outside_region,contained:인천광역시
GGB277103357,서운JC진입(미정차),37.52585,126.7573167,인천광역시,outside_region,contained:인천광역시
GGB167000099,서운도서관,37.5254333,126.7427333,인천광역시,outside_region,contained:인천광역시
GGB167000102,서운도서관,37.5257,126.7429333,인천광역시,outside_region,contained:인천광역시
GGB167000207,서운동성당,37.53685,126.7441,인천광역시,outside_region,contained:인천광역시
GGB167000646,서운일반산업단지입구,37.5316667,126.7571333,인천광역시,outside_region,contained:인천광역시
GGB167000647,서운일반산업단지입구(맞은편),37.5314167,126.7585667,인천광역시,outside_region,contained:인천광역시
GGB167000109,서운중고등학교,37.5254333,126.7454333,인천광역시,outside_region,contained:인천광역시
GGB167000111,서운중고등학교,37.5256667,126.7457667,인천광역시,outside_region,contained:인천광역시
GGB277101211,서울산IC(미정차),35.5537833,129.1242667,울산광역시,outside_region,far
GGB277101210,서울산IC(미정차),35.5547,129.1242833,울산광역시,outside_region,far
GGB277104638,서울진입(미정차),37.5574167,126.7692833,인천광역시,outside_region,contained:인천광역시
GGB277103793,서원주IC(미정차),37.3943333,127.8600667,강원특별자치도 원주시,outside_region,contained:강원특별자치도
GGB277103794,서원주IC(미정차),37.3945833,127.8604167,강원특별자치도 원주시,outside_region,contained:강원특별자치도
GGB168000017,서인천가구단지,37.4848667,126.66955,인천광역시,outside_region,contained:인천광역시
GGB168000800,서인천가구단지,37.4845833,126.6693333,인천광역시,outside_region,contained:인천광역시
GGB168000346,서인천고등학교,37.5597667,126.6732333,인천광역시,outside_region,contained:인천광역시
GGB168000277,서인천농협,37.5415333,126.6769,인천광역시,outside_region,contained:인천광역시
GGB168000275,서인천농협,37.5409667,126.6764833,인천광역시,outside_region,contained:인천광역시
GGB168000640,서인천자동차검사소,37.4992333,126.6497167,인천광역시,outside_region,contained:인천광역시
GGB168000641,서인천자동차검사소,37.4989667,126.6498,인천광역시,outside_region,contained:인천광역시
GGB277101055,서전주IC(미정차),35.8277167,127.0339667,전라북도 완주군,outside_region,far
GGB277101056,서전주IC(미정차),35.8272167,127.0339667,전라북도 완주군,outside_region,far
GGB165000900,서창119안전센터,37.4227667,126.7509167,인천광역시,outside_region,contained:인천광역시
GGB165000899,서창119안전센터,37.4228,126.7511667,인천광역시,outside_region,contained:인천광역시
GGB277103861,서창JC(미정차),37.4342333,126.7407333,인천광역시,outside_region,contained:인천광역시
GGB277102921,서창JC(미정차),37.4328,126.7374,인천광역시,outside_region,contained:인천광역시
GGB277102923,서창JC(미정차),37.43165,126.7384167,인천광역시,outside_region,contained:인천광역시
GGB277102922,서창JC(미정차),37.4342167,126.73855,인천광역시,outside_region,contained:인천광역시
GGB277102920,서창JC(미정차),37.43305,126.7393,인천광역시,outside_region,contained:인천광역시
GGB277103863,서창JC(미정차),37.43235,126.7372667,인천광역시,outside_region,contained:인천광역시
GGB165000871,서창공영차고지,37.4258833,126.7572333,인천광역시,outside_region,contained:인천광역시
GGB165000872,서창공영차고지,37.42585,126.7575,인천광역시,outside_region,contained:인천광역시
GGB165000893,서창도서관,37.4355667,126.7451,인천광역시,outside_region,contained:인천광역시
GGB165000957,서창도서관입구,37.4363,126.7447167,인천광역시,outside_region,contained:인천광역시
GGB165000620,서창동화원,37.4435833,126.7476167,인천광역시,outside_region,contained:인천광역시
GGB165000619,서창동화원,37.44345,126.7475833,인천광역시,outside_region,contained:인천광역시
GGB165000917,서창센트라스아파트후문,37.4241167,126.74515,인천광역시,outside_region,contained:인천광역시
GGB165000916,서창센트라스아파트후문,37.4241667,126.74535,인천광역시,outside_region,contained:인천광역시
GGB165000811,서창센트럴푸르지오,37.4289333,126.75095,인천광역시,outside_region,contained:인천광역시
GGB165000904,서창센트럴푸르지오,37.4296,126.7472667,인천광역시,outside_region,contained:인천광역시
GGB165000812,서창센트럴푸르지오,37.4288167,126.75075,인천광역시,outside_region,contained:인천광역시
GGB165000903,서창센트럴푸르지오,37.4296667,126.7475,인천광역시,outside_region,contained:인천광역시
GGB165000905,서창이편한세상1002동,37.4263,126.74855,인천광역시,outside_region,contained:인천광역시
GGB165000906,서창이편한세상1002동,37.4262333,126.7483333,인천광역시,outside_region,contained:인천광역시
GGB165000854,서창이편한세상정문,37.4248667,126.7505167,인천광역시,outside_region,contained:인천광역시
GGB165000855,서창이편한세상정문,37.4247333,126.7506833,인천광역시,outside_region,contained:인천광역시
GGB165000777,서창퍼스트뷰후문,37.4215,126.7462333,인천광역시,outside_region,contained:인천광역시
GGB165000778,서창퍼스트뷰후문맞은편,37.4212833,126.7464667,인천광역시,outside_region,contained:인천광역시
GGB250500070,서천1리,37.8431333,127.5441333,강원특별자치도 춘천시,outside_region,contained:강원특별자치도
GGB250500060,서천2리,37.8379833,127.5329833,강원특별자치도 춘천시,outside_region,contained:강원특별자치도
GGB250500050,서천2리,37.83775,127.5331333,강원특별자치도 춘천시,outside_region,contained:강원특별자치도
GGB277101234,서천IC(미정차),36.0989333,126.6893167,충청남도 서천군,outside_region,contained:충청남도
GGB277101233,서천IC(미정차),36.0985667,126.68945,충청남도 서천군,outside_region,contained:충청남도
GGB277102669,서천리(미정차),37.8294,127.5280833,강원특별자치도 춘천시,outside_region,contained:강원특별자치도
GGB277101232,서천휴게소(미정차),36.1306333,126.62685,충청남도 서천군,outside_region,contained:충청남도
GGB277101231,서천휴게소(미정차),36.1309667,126.6268333,충청남도 서천군,outside_region,contained:충청남도
GGB277101429,서청주IC(미정차),36.6519333,127.4209833,충청북도 청주시,outside_region,contained:충청북도
GGB277101430,서청주IC(미정차),36.65115,127.421,충청북도 청주시,outside_region,contained:충청북도
GGB277101431,서청주TG(미정차),36.64805,127.4172167,충청북도 청주시,outside_region,contained:충청북도
GGB277101432,서청주TG(미정차),36.6476667,127.4181333,충청북도 청주시,outside_region,contained:충청북도
GGB277104084,서포항IC(미정차),36.0707333,129.2196833,경상북도 포항시,outside_region,far
GGB277104085,서포항IC(미정차),36.0708,129.2201,경상북도 포항시,outside_region,far
GGB161000098,서해5도특별경비단,37.4610333,126.6015667,인천광역시,outside_region,contained:인천광역시
GGB166000828,서해그랑블,37.5167,126.7482167,인천광역시,outside_region,contained:인천광역시
GGB168000790,서해그랑블,37.5297833,126.6549833,인천광역시,outside_region,contained:인천광역시
GGB168000789,서해그랑블,37.5301,126.6549833,인천광역시,outside_region,contained:인천광역시
GGB166000829,서해그랑블,37.51645,126.7479667,인천광역시,outside_region,contained:인천광역시
GGB165000973,서해그랑블아파트후문,37.434,126.7468167,인천광역시,outside_region,contained:인천광역시
GGB165000974,서해그랑블아파트후문,37.4338667,126.7466,인천광역시,outside_region,contained:인천광역시
GGB168000354,서해아파트,37.5652167,126.6742167,인천광역시,outside_region,contained:인천광역시
GGB168000355,서해아파트,37.5653333,126.67405,인천광역시,outside_region,contained:인천광역시
GGB163000438,서화초등학교(도화e편한세상),37.4749667,126.6613667,인천광역시,outside_region,contained:인천광역시
GGB163000623,서화초등학교(도화e편한세상),37.47515,126.6608167,인천광역시,outside_region,contained:인천광역시
GGB162000117,서흥초등학교,37.4803333,126.6463333,인천광역시,outside_region,contained:인천광역시
GGB162000071,서흥초등학교,37.48045,126.6454,인천광역시,outside_region,contained:인천광역시
GGB168000655,석남고가교입구사거리,37.50655,126.6717667,인천광역시,outside_region,contained:인천광역시
GGB168000151,석남고가사거리,37.5073333,126.6724333,인천광역시,outside_region,contained:인천광역시
GGB168000656,석남금호어울림아파트101동,37.5063,126.6699833,인천광역시,outside_region,contained:인천광역시
GGB168000182,석남도서관,37.5116667,126.6789,인천광역시,outside_region,contained:인천광역시
GGB168000150,석남신사거리,37.5078333,126.6684,인천광역시,outside_region,contained:인천광역시
GGB168000149,석남신사거리,37.5078167,126.6681667,인천광역시,outside_region,contained:인천광역시
GGB168000577,석남역5번출구,37.5062167,126.67285,인천광역시,outside_region,contained:인천광역시
GGB168000165,석남초등학교,37.5092667,126.6785333,인천광역시,outside_region,contained:인천광역시
GGB168000167,석남초등학교,37.5095167,126.6787667,인천광역시,outside_region,contained:인천광역시
GGB163000241,석락아파트,37.45185,126.6696667,인천광역시,outside_region,contained:인천광역시
GGB163000244,석락아파트,37.4522167,126.66955,인천광역시,outside_region,contained:인천광역시
GGB163000365,석바위,37.45775,126.68845,인천광역시,outside_region,contained:인천광역시
GGB163000370,석바위,37.4581,126.6885167,인천광역시,outside_region,contained:인천광역시
GGB163000381,석바위시장,37.4590667,126.6896667,인천광역시,outside_region,contained:인천광역시
GGB163000382,석바위시장,37.4593,126.6892667,인천광역시,outside_region,contained:인천광역시
GGB163000374,석바위시장역,37.4578,126.6922333,인천광역시,outside_region,contained:인천광역시
GGB163000373,석바위시장역,37.4574833,126.6922667,인천광역시,outside_region,contained:인천광역시
GGB500000028,석산주유소,37.6448167,127.6398333,강원특별자치도 홍천군,outside_region,contained:강원특별자치도
GGB500000027,석산주유소,37.6450833,127.6395667,강원특별자치도 홍천군,outside_region,contained:강원특별자치도
GGB165000317,석천사거리역,37.4566333,126.7106667,인천광역시,outside_region,contained:인천광역시
GGB165000320,석천사거리역,37.45695,126.7102667,인천광역시,outside_region,contained:인천광역시
GGB166000238,선경아파트,37.4904167,126.7317833,인천광역시,outside_region,contained:인천광역시
GGB169000009,선두1리,37.6344833,126.47145,인천광역시,outside_region,contained:인천광역시
GGB169000099,선두1리,37.6346,126.4711833,인천광역시,outside_region,contained:인천광역시
GGB166000043,선린감리교회,37.47635,126.6929333,인천광역시,outside_region,contained:인천광역시
GGB166000047,선린감리교회,37.4766833,126.6927,인천광역시,outside_region,contained:인천광역시
GGB288500350,선문대,36.80325,127.0698667,충청남도 아산시,outside_region,contained:충청남도
GGB288500340,선문대,36.8031833,127.0700333,충청남도 아산시,outside_region,contained:충청남도
GGB277101375,선산IC(미정차),36.2391333,128.2611833,경상북도 구미시,outside_region,far
GGB277101376,선산IC(미정차),36.2387,128.2616167,경상북도 구미시,outside_region,far
GGB277101377,선산휴게소(미정차),36.2770833,128.2491833,경상북도 구미시,outside_region,far
GGB277101378,선산휴게소(미정차),36.2746667,128.2513667,경상북도 구미시,outside_region,far
GGB165000890,선수촌사거리,37.4390333,126.7155,인천광역시,outside_region,contained:인천광역시
GGB165000889,선수촌사거리,37.4393,126.7154833,인천광역시,outside_region,contained:인천광역시
GGB277101251,선운산IC(미정차),35.5102,126.6832167,전라북도 고창군,outside_region,far
GGB277101252,선운산IC(미정차),35.5096,126.6834167,전라북도 고창군,outside_region,far
GGB169000042,선원면주민센터,37.7125833,126.48295,인천광역시,outside_region,contained:인천광역시
GGB169000070,선원면주민센터,37.7127,126.4830333,인천광역시,outside_region,contained:인천광역시
GGB169000044,선원초등학교,37.7134667,126.4801167,인천광역시,outside_region,contained:인천광역시
GGB169000045,선원초등학교,37.71345,126.4806833,인천광역시,outside_region,contained:인천광역시
GGB170000006,선재대교입구,37.2330167,126.5358833,인천광역시,outside_region,contained:인천광역시
GGB170000005,선재대교입구,37.2331833,126.5359,인천광역시,outside_region,contained:인천광역시
GGB164000295,선학사거리,37.4229833,126.6959167,인천광역시,outside_region,contained:인천광역시
GGB164000305,선학역,37.42745,126.6987,인천광역시,outside_region,contained:인천광역시
GGB164000306,선학역(1번출구),37.4273833,126.6992333,인천광역시,outside_region,contained:인천광역시
GGB165000837,성강지식산업센터,37.3843333,126.7041,인천광역시,outside_region,contained:인천광역시
GGB165000200,성리초등학교,37.4444333,126.7071,인천광역시,outside_region,contained:인천광역시
GGB165000201,성리초등학교,37.44455,126.7066833,인천광역시,outside_region,contained:인천광역시
GGB165000257,성문아파트(문화연립),37.44885,126.7207167,인천광역시,outside_region,contained:인천광역시
GGB168000159,성민병원,37.5095,126.67235,인천광역시,outside_region,contained:인천광역시
GGB168000162,성민병원,37.5104,126.6726167,인천광역시,outside_region,contained:인천광역시
GGB168000007,성보공업,37.4805167,126.6729667,인천광역시,outside_region,contained:인천광역시
GGB166000572,성산교회,37.5193667,126.7046167,인천광역시,outside_region,contained:인천광역시
GGB277102955,성주IC(미정차),35.9191667,128.2491833,경상북도 성주군,outside_region,far
GGB277102956,성주IC(미정차),35.9190333,128.2498,경상북도 성주군,outside_region,far
GGB164000017,성지아파트,37.39,126.6610833,인천광역시,outside_region,contained:인천광역시
GGB169000038,성터지,37.6944667,126.4773833,인천광역시,outside_region,contained:인천광역시
GGB169000039,성터지,37.6946333,126.4773167,인천광역시,outside_region,contained:인천광역시
GGB164000204,성호아파트,37.42275,126.6681167,인천광역시,outside_region,contained:인천광역시
GGB285000033,성환터미널,36.9172,127.1327,충청남도 천안시,outside_region,contained:충청남도
GGB285000034,성환터미널,36.9165833,127.1329333,충청남도 천안시,outside_region,contained:충청남도
GGB169000857,세광2차아파트,37.7246333,126.4819667,인천광역시,outside_region,contained:인천광역시
GGB169000758,세광2차아파트,37.7240167,126.4814,인천광역시,outside_region,contained:인천광역시
GGB169000049,세광아파트,37.7228833,126.4797167,인천광역시,outside_region,contained:인천광역시
GGB169000050,세광아파트,37.7234167,126.4806167,인천광역시,outside_region,contained:인천광역시
GGB273500080,세명대,37.1798,128.1998833,충청북도 제천시,outside_region,contained:충청북도
GGB293500280,세종고속시외버스터미널,36.4691167,127.2732833,충청남도 연기군,outside_region,far
GGB293500270,세종고속시외버스터미널,36.4692667,127.2731667,충청남도 연기군,outside_region,far
GGB293500250,세종청사,36.5051333,127.2618167,충청남도 연기군,outside_region,far
GGB293500260,세종청사,36.50515,127.2613333,충청남도 연기군,outside_region,far
GGB165000033,세현정공,37.3958167,126.6947167,인천광역시,outside_region,contained:인천광역시
GGB165000902,센타빌딩,37.42405,126.7500333,인천광역시,outside_region,contained:인천광역시
GGB164000490,센트럴공원,37.3902,126.6437,인천광역시,outside_region,contained:인천광역시
GGB164000397,센트럴파크역,37.3923833,126.6357,인천광역시,outside_region,contained:인천광역시
GGB165001071,센트럴푸르지오501동앞,37.43005,126.7481333,인천광역시,outside_region,contained:인천광역시
GGB500000203,소라리조트팬션,37.79195,127.5308167,강원특별자치도 춘천시,outside_region,contained:강원특별자치도
GGB500000202,소라리조트펜션,37.79195,127.53065,강원특별자치도 춘천시,outside_region,contained:강원특별자치도
GGB165000710,소래포구역,37.4012,126.7338667,인천광역시,outside_region,contained:인천광역시
GGB165000114,소래포구입구.논현프루지오A,37.4028667,126.74035,인천광역시,outside_region,contained:인천광역시
GGB165000109,소래포구입구.논현프루지오A,37.4018833,126.7400167,인천광역시,outside_region,contained:인천광역시
GGB165001074,소래포구해오름광장,37.3973167,126.7367667,인천광역시,outside_region,contained:인천광역시
GGB165000122,소래풍림아파트,37.4052667,126.7361167,인천광역시,outside_region,contained:인천광역시
GGB168001541,소첨도공원,37.51055,126.6287167,인천광역시,outside_region,contained:인천광역시
GGB168001540,소첨도공원,37.5104667,126.6282833,인천광역시,outside_region,contained:인천광역시
GGB277103947,속리산IC(미정차),36.4557167,127.7872167,충청북도 보은군,outside_region,contained:충청북도
GGB277103946,속리산IC(미정차),36.45545,127.7865167,충청북도 보은군,outside_region,contained:충청북도
GGB277101299,속사IC(미정차),37.63075,128.4898333,강원특별자치도 평창군,outside_region,contained:강원특별자치도
GGB277101300,속사IC(미정차),37.63035,128.4896667,강원특별자치도 평창군,outside_region,contained:강원특별자치도
GGB255500030,속초시외버스터미널,38.211,128.5908333,강원특별자치도 속초시,outside_region,contained:강원특별자치도
GGB255500040,속초시외버스터미널,38.2110167,128.5907667,강원특별자치도 속초시,outside_region,contained:강원특별자치도
GGB162000037,솔빛마을,37.4788167,126.6357667,인천광역시,outside_region,contained:인천광역시
GGB162000034,솔빛마을,37.4787333,126.6352,인천광역시,outside_region,contained:인천광역시
GGB162000049,솔빛마을주공아파트,37.4801833,126.6376,인천광역시,outside_region,contained:인천광역시
GGB162000050,솔빛마을주공아파트,37.48035,126.6373333,인천광역시,outside_region,contained:인천광역시
GGB164000348,솔안공원,37.4125,126.6831833,인천광역시,outside_region,contained:인천광역시
GGB166000219,송내고등학교,37.4854167,126.7449833,인천광역시,outside_region,contained:인천광역시
GGB166000761,송내남부역,37.4839333,126.7534667,인천광역시,outside_region,contained:인천광역시
GGB164000669,송담초등학교,37.4114833,126.6150333,인천광역시,outside_region,contained:인천광역시
GGB164000670,송담초등학교,37.4115667,126.6153667,인천광역시,outside_region,contained:인천광역시
GGB164000012,송도1동행정복지센터,37.3917667,126.6502,인천광역시,outside_region,contained:인천광역시
GGB164000709,송도sk뷰,37.4127833,126.6245333,인천광역시,outside_region,contained:인천광역시
GGB164000710,송도sk뷰,37.4128833,126.6241667,인천광역시,outside_region,contained:인천광역시
GGB164000215,송도고입구,37.4306667,126.6468833,인천광역시,outside_region,contained:인천광역시
GGB164000221,송도고입구,37.4309,126.6472167,인천광역시,outside_region,contained:인천광역시
GGB164000472,송도공영차고지,37.3710833,126.63875,인천광역시,outside_region,contained:인천광역시
GGB164000597,송도국제교입구,37.3919667,126.6672333,인천광역시,outside_region,contained:인천광역시
GGB164000666,송도누리공원,37.3775333,126.6565,인천광역시,outside_region,contained:인천광역시
GGB164000665,송도누리공원,37.3774333,126.6568,인천광역시,outside_region,contained:인천광역시
GGB164000698,송도달빛축제공원역,37.4074,126.6258333,인천광역시,outside_region,contained:인천광역시
GGB164000699,송도달빛축제공원역,37.4072333,126.6255667,인천광역시,outside_region,contained:인천광역시
GGB165000843,송도더샵그린스퀘어,37.3730167,126.65255,인천광역시,outside_region,contained:인천광역시
GGB164000695,송도더샵마스터뷰22단지,37.3819667,126.6307667,인천광역시,outside_region,contained:인천광역시
GGB164000697,송도더샵마스터뷰22단지,37.3821167,126.6308667,인천광역시,outside_region,contained:인천광역시
GGB164000696,송도더샵마스터뷰22단지(정문),37.3821667,126.6321667,인천광역시,outside_region,contained:인천광역시
GGB164000441,송도더샵마스터뷰23단지,37.3814167,126.635,인천광역시,outside_region,contained:인천광역시
GGB164000442,송도더샵마스터뷰23단지,37.3813167,126.63415,인천광역시,outside_region,contained:인천광역시
GGB164000694,송도더샵마스터뷰23단지(정문),37.3822333,126.6325333,인천광역시,outside_region,contained:인천광역시
GGB165000842,송도더샵센트럴시티,37.373,126.6521,인천광역시,outside_region,contained:인천광역시
GGB164000013,송도더샵퍼스트월드(동문),37.3918333,126.6495833,인천광역시,outside_region,contained:인천광역시
GGB164000381,송도더샵퍼스트월드(서문),37.3900333,126.6473167,인천광역시,outside_region,contained:인천광역시
GGB164000425,송도더샵퍼스트월드B동.C동,37.3927,126.6472,인천광역시,outside_region,contained:인천광역시
GGB164000009,송도더샵퍼스트월드D동,37.3900667,126.64995,인천광역시,outside_region,contained:인천광역시
GGB164000467,송도더샵하버뷰2차,37.3970667,126.64255,인천광역시,outside_region,contained:인천광역시
GGB164000740,송도랜드마크시티13호근린공원,37.3871333,126.6177167,인천광역시,outside_region,contained:인천광역시
GGB164000741,송도랜드마크시티13호근린공원,37.3870167,126.6173833,인천광역시,outside_region,contained:인천광역시
GGB164000653,송도세브란스병원,37.383,126.6805167,인천광역시,outside_region,contained:인천광역시
GGB164000452,송도센트럴파크,37.3921667,126.6348833,인천광역시,outside_region,contained:인천광역시
GGB165000921,송도에듀포레푸르지오,37.37275,126.6599333,인천광역시,outside_region,contained:인천광역시
GGB164000505,송도역,37.4283833,126.6550333,인천광역시,outside_region,contained:인천광역시
GGB164000644,송도오션파크베르디움,37.4138333,126.6169333,인천광역시,outside_region,contained:인천광역시
GGB164000144,송도요양원,37.4166,126.6727333,인천광역시,outside_region,contained:인천광역시
GGB164000088,송도유원지(도로교통공단),37.4173333,126.6506167,인천광역시,outside_region,contained:인천광역시
GGB164000081,송도유원지(도로교통공단),37.4172,126.65005,인천광역시,outside_region,contained:인천광역시
GGB164000468,송도자이하버뷰1단지,37.3969167,126.6423333,인천광역시,outside_region,contained:인천광역시
GGB164000488,송도자이하버뷰2단지202동,37.3956,126.6442167,인천광역시,outside_region,contained:인천광역시
GGB164000207,송도재래시장,37.4264,126.6566167,인천광역시,outside_region,contained:인천광역시
GGB164000210,송도재래시장,37.4270333,126.6572333,인천광역시,outside_region,contained:인천광역시
GGB164000705,송도제2차고지,37.3668667,126.6652667,인천광역시,outside_region,contained:인천광역시
GGB164000424,송도지웰푸르지오시티,37.3840333,126.6438333,인천광역시,outside_region,contained:인천광역시
GGB164000701,송도체육센터,37.38675,126.6698167,인천광역시,outside_region,contained:인천광역시
GGB164000702,송도체육센터,37.3868833,126.6698667,인천광역시,outside_region,contained:인천광역시
GGB164000367,송도컨벤시아,37.3884833,126.6483,인천광역시,outside_region,contained:인천광역시
GGB164000369,송도컨벤시아,37.3883,126.6485667,인천광역시,outside_region,contained:인천광역시
GGB164000662,송도컨벤시아남문,37.3870333,126.64335,인천광역시,outside_region,contained:인천광역시
GGB164000663,송도컨벤시아남문,37.3867667,126.6443833,인천광역시,outside_region,contained:인천광역시
GGB165000929,송도테크노파크IT센터,37.3819333,126.6632333,인천광역시,outside_region,contained:인천광역시
GGB164000627,송도파크레인동일하이빌,37.40565,126.6575167,인천광역시,outside_region,contained:인천광역시
GGB164000628,송도파크레인동일하이빌,37.4071333,126.65695,인천광역시,outside_region,contained:인천광역시
GGB164000629,송도파크자이,37.4102667,126.6552667,인천광역시,outside_region,contained:인천광역시
GGB164000630,송도파크자이,37.40865,126.6558833,인천광역시,outside_region,contained:인천광역시
GGB164000640,송도파크자이아파트,37.41245,126.6556,인천광역시,outside_region,contained:인천광역시
GGB164000426,송도푸르지오월드마크,37.3926667,126.6463667,인천광역시,outside_region,contained:인천광역시
GGB164000494,송도푸르지오하버뷰,37.3980667,126.6406167,인천광역시,outside_region,contained:인천광역시
GGB164000033,송도풍림아이원1단지,37.3945833,126.6536333,인천광역시,outside_region,contained:인천광역시
GGB164000025,송도풍림아이원2단지,37.3940667,126.6510333,인천광역시,outside_region,contained:인천광역시
GGB164000026,송도풍림아이원2단지,37.394,126.6512,인천광역시,outside_region,contained:인천광역시
GGB164000034,송도풍림아이원2단지,37.3946333,126.6531667,인천광역시,outside_region,contained:인천광역시
GGB164000032,송도풍림아이원4단지,37.39285,126.6564,인천광역시,outside_region,contained:인천광역시
GGB164000393,송도힐스테이트5단지,37.3949,126.6488333,인천광역시,outside_region,contained:인천광역시
GGB164000554,송도힐스테이트6단지,37.39395,126.6469,인천광역시,outside_region,contained:인천광역시
GGB163000491,송림고가교,37.4799167,126.6543167,인천광역시,outside_region,contained:인천광역시
GGB163000492,송림고가교,37.4798,126.6548,인천광역시,outside_region,contained:인천광역시
GGB163000439,송림고개.도화신동아아파트,37.4771333,126.6538667,인천광역시,outside_region,contained:인천광역시
GGB163000501,송림고개.도화신동아아파트,37.4772,126.65425,인천광역시,outside_region,contained:인천광역시
GGB162000090,송림주유소,37.4823167,126.6526833,인천광역시,outside_region,contained:인천광역시
GGB277101095,송악IC(미정차),36.9355833,126.7798667,충청남도 당진시,outside_region,contained:충청남도
GGB277101096,송악IC(미정차),36.9354,126.7801333,충청남도 당진시,outside_region,contained:충청남도
GGB277103990,송촌교차로(미정차),36.8477167,127.0395333,충청남도 아산시,outside_region,contained:충청남도
GGB277103989,송촌교차로(미정차),36.8481333,127.0391833,충청남도 아산시,outside_region,contained:충청남도
GGB164000585,송학둥지아파트,37.4299,126.6490833,인천광역시,outside_region,contained:인천광역시
GGB164000584,송학둥지아파트,37.4302333,126.6492333,인천광역시,outside_region,contained:인천광역시
GGB162000020,송현시장.수도국산달동네박물관,37.4774167,126.6338667,인천광역시,outside_region,contained:인천광역시
GGB162000019,송현시장.수도국산달동네박물관,37.4772833,126.6341,인천광역시,outside_region,contained:인천광역시
GGB162000065,송현아파트,37.4812333,126.6415167,인천광역시,outside_region,contained:인천광역시
GGB162000080,송현주공아파트,37.4810667,126.6447667,인천광역시,outside_region,contained:인천광역시
GGB162000162,송현주공아파트후문,37.4824667,126.6438667,인천광역시,outside_region,contained:인천광역시
GGB166000825,수도군수지원단.장애인복지관,37.4823833,126.7459,인천광역시,outside_region,contained:인천광역시
GGB166000370,수변로삼거리,37.4937167,126.7412667,인천광역시,outside_region,contained:인천광역시
GGB166000367,수변로삼거리,37.4935333,126.7414167,인천광역시,outside_region,contained:인천광역시
GGB163000362,수봉공원.인천수봉문화회관입구,37.4656667,126.6627667,인천광역시,outside_region,contained:인천광역시
GGB163000369,수봉공원.인천수봉문화회관입구,37.4661,126.6624167,인천광역시,outside_region,contained:인천광역시
GGB169000041,수부촌,37.7071833,126.48125,인천광역시,outside_region,contained:인천광역시
GGB165000176,수산동,37.4325167,126.7324833,인천광역시,outside_region,contained:인천광역시
GGB165000175,수산동,37.43245,126.7321,인천광역시,outside_region,contained:인천광역시
GGB272500370,수안보터미널,36.8471833,127.9926167,,outside_region,contained:충청북도
GGB272500180,수안보터미널,36.84715,127.9925,충청북도 충주시,outside_region,contained:충청북도
GGB161000134,수인곡물시장,37.4632833,126.6332,인천광역시,outside_region,contained:인천광역시
GGB166000009,수출산업단지6공단입구,37.47215,126.69085,인천광역시,outside_region,contained:인천광역시
GGB166000010,수출산업단지6공단입구,37.47215,126.69125,인천광역시,outside_region,contained:인천광역시
GGB165000488,수현마을,37.4635833,126.75005,인천광역시,outside_region,contained:인천광역시
GGB165000487,수현마을,37.4633833,126.7497667,인천광역시,outside_region,contained:인천광역시
GGB161000081,수협(인천해양센터),37.4568167,126.6044,인천광역시,outside_region,contained:인천광역시
GGB169001413,수협온수지점,37.6391167,126.4930167,인천광역시,outside_region,contained:인천광역시
GGB169001411,수협온수지점,37.6389333,126.4928833,인천광역시,outside_region,contained:인천광역시
GGB165000181,순복음교회,37.4443167,126.69785,인천광역시,outside_region,contained:인천광역시
GGB163000253,순복음교회,37.4440333,126.6981167,인천광역시,outside_region,contained:인천광역시
GGB166000661,순복음교회,37.52035,126.73235,인천광역시,outside_region,contained:인천광역시
GGB277101568,순천TG(미정차),34.9838333,127.5176667,전라남도 순천시,outside_region,far
GGB277101567,순천TG(미정차),34.9842667,127.51835,전라남도 순천시,outside_region,far
GGB326500030,순천종합버스터미널,34.9472667,127.491,전라남도 순천시,outside_region,far
GGB326500010,순천종합버스터미널,34.9471833,127.4910667,전라남도 순천시,outside_region,far
GGB165000461,숭덕여중고입구,37.4611167,126.7349833,인천광역시,outside_region,contained:인천광역시
GGB165000463,숭덕여중고입구,37.4613,126.73485,인천광역시,outside_region,contained:인천광역시
GGB163000266,숭의로터리,37.4615833,126.6427,인천광역시,outside_region,contained:인천광역시
GGB163000265,숭의로터리,37.4617667,126.6422667,인천광역시,outside_region,contained:인천광역시
GGB163000273,숭의로터리,37.4625667,126.6410333,인천광역시,outside_region,contained:인천광역시
GGB163000276,숭의로터리.도원체육관,37.4630667,126.6402167,인천광역시,outside_region,contained:인천광역시
GGB163000315,숭의목공예마을앞,37.4664,126.6485833,인천광역시,outside_region,contained:인천광역시
GGB163000313,숭의목공예마을앞,37.4660833,126.6481833,인천광역시,outside_region,contained:인천광역시
GGB163000532,숭의보건지소,37.4643,126.6483667,인천광역시,outside_region,contained:인천광역시
GGB163000510,숭의역1번출구,37.4591667,126.6374,인천광역시,outside_region,contained:인천광역시
GGB163000211,숭의역2번출구,37.4599833,126.6375667,인천광역시,outside_region,contained:인천광역시
GGB166000433,쉐보레인천서비스,37.5083,126.71015,인천광역시,outside_region,contained:인천광역시
GGB167000458,쉴낙원인천장례식장,37.52545,126.7548,인천광역시,outside_region,contained:인천광역시
GGB161000650,스카이시티자이.화성파크드림,37.4918333,126.5601167,인천광역시,outside_region,contained:인천광역시
GGB168000439,스포월드골프연습장,37.6087667,126.6447833,인천광역시,outside_region,contained:인천광역시
GGB168000440,스포월드골프연습장,37.6089667,126.6449,인천광역시,outside_region,contained:인천광역시
GGB164000340,시대아파트,37.4222667,126.6685,인천광역시,outside_region,contained:인천광역시
GGB163000346,시민공원(문화창작지대)역,37.4581333,126.6829,인천광역시,outside_region,contained:인천광역시
GGB163000344,시민공원(문화창작지대)역,37.4585167,126.6814167,인천광역시,outside_region,contained:인천광역시
GGB163000334,시민공원.문화창작지대,37.4584167,126.67855,인천광역시,outside_region,contained:인천광역시
GGB163000468,시민공원.문화창작지대,37.4587167,126.6785833,인천광역시,outside_region,contained:인천광역시
GGB163000319,시민공원역.포레나미추홀,37.4573,126.6801667,인천광역시,outside_region,contained:인천광역시
GGB163000326,시민공원역.포레나미추홀,37.4577167,126.67985,인천광역시,outside_region,contained:인천광역시
GGB231001127,신계리입구,36.95665,127.1813,경기도 안성시,outside_region,contained:충청남도
GGB231001112,신계리입구,36.9566167,127.1814833,경기도 안성시,outside_region,contained:충청남도
GGB161000142,신광초등학교,37.4645833,126.6347333,인천광역시,outside_region,contained:인천광역시
GGB265500080,신남버스터미널,37.96595,128.0776,,outside_region,contained:강원특별자치도
GGB265500090,신남버스터미널,37.9658833,128.07755,,outside_region,contained:강원특별자치도
GGB277103964,신녕IC(미정차),36.0428167,128.8107,경상북도 영천시,outside_region,far
GGB277103963,신녕IC(미정차),36.0427833,128.8101333,경상북도 영천시,outside_region,far
GGB167000274,신대진중앙아파트,37.5422667,126.73915,인천광역시,outside_region,contained:인천광역시
GGB167000271,신대진중앙아파트,37.5418833,126.7394833,인천광역시,outside_region,contained:인천광역시
GGB163000507,신동아1.2차아파트,37.44015,126.6707333,인천광역시,outside_region,contained:인천광역시
GGB163000120,신동아3차아파트,37.4407167,126.6784667,인천광역시,outside_region,contained:인천광역시
GGB163000494,신동아3차아파트,37.4394167,126.67385,인천광역시,outside_region,contained:인천광역시
GGB163000119,신동아3차아파트,37.4408167,126.6779333,인천광역시,outside_region,contained:인천광역시
GGB165000381,신동아아파트,37.4674167,126.6904,인천광역시,outside_region,contained:인천광역시
GGB167000350,신동아아파트,37.5797167,126.7317,인천광역시,outside_region,contained:인천광역시
GGB167000349,신동아아파트,37.5795167,126.7318833,인천광역시,outside_region,contained:인천광역시
GGB165000382,신동아아파트,37.4675667,126.6899833,인천광역시,outside_region,contained:인천광역시
GGB167000203,신동양아파트,37.5438167,126.7206833,인천광역시,outside_region,contained:인천광역시
GGB167000202,신동양아파트,37.5434333,126.72035,인천광역시,outside_region,contained:인천광역시
GGB163000543,신라아파트,37.4481,126.689,인천광역시,outside_region,contained:인천광역시
GGB163000277,신라아파트,37.4483,126.6890167,인천광역시,outside_region,contained:인천광역시
GGB277101346,신림IC(미정차),37.2255833,128.0878833,강원특별자치도 원주시,outside_region,contained:강원특별자치도
GGB277101345,신림IC(미정차),37.22565,128.0874667,강원특별자치도 원주시,outside_region,contained:강원특별자치도
GGB166000512,신명보람마을.삼부한신아파트,37.5038167,126.7408333,인천광역시,outside_region,contained:인천광역시
GGB166000511,신명보람마을.삼부한신아파트,37.5035667,126.74085,인천광역시,outside_region,contained:인천광역시
GGB168000737,신명스카이뷰,37.6195,126.69455,인천광역시,outside_region,contained:인천광역시
GGB389500030,신반리버스정류소,35.4662667,128.3243167,경상남도 의령군,outside_region,far
GGB389500040,신반리버스정류소,35.4663333,128.3243167,경상남도 의령군,outside_region,far
GGB193500040,신복시외버스정류소,35.55115,129.2625333,울산광역시,outside_region,far
GGB193500030,신복시외버스정류소,35.5506333,129.2624167,울산광역시,outside_region,far
GGB277104581,신불IC(미정차),37.4572167,126.4899667,인천광역시,outside_region,contained:인천광역시
GGB166000903,신상교,37.5161667,126.7514167,인천광역시,outside_region,contained:인천광역시
GGB210000580,신상교,37.5163333,126.7519833,경기도 부천시,outside_region,contained:인천광역시
GGB161000089,신선초등학교,37.4518667,126.6263667,인천광역시,outside_region,contained:인천광역시
GGB161000086,신선초등학교,37.4515833,126.6255833,인천광역시,outside_region,contained:인천광역시
GGB163000055,신선초등학교앞,37.4520667,126.6296333,인천광역시,outside_region,contained:인천광역시
GGB166000643,신성미소지움,37.5156333,126.7394167,인천광역시,outside_region,contained:인천광역시
GGB166000649,신성미소지움,37.5167833,126.7391833,인천광역시,outside_region,contained:인천광역시
GGB166000660,신성미소지움후문,37.5168167,126.7423833,인천광역시,outside_region,contained:인천광역시
GGB165000355,신성성결교회.올림피아병원,37.4568,126.7196333,인천광역시,outside_region,contained:인천광역시
GGB165000383,신세계아파트,37.45845,126.7198833,인천광역시,outside_region,contained:인천광역시
GGB164000024,신송고등학교,37.3913,126.6589167,인천광역시,outside_region,contained:인천광역시
GGB164000023,신송고등학교,37.39105,126.6588833,인천광역시,outside_region,contained:인천광역시
GGB164000231,신연수역(2번출구),37.41755,126.6937167,인천광역시,outside_region,contained:인천광역시
GGB164000228,신연수역(3번출구),37.4176167,126.6931,인천광역시,outside_region,contained:인천광역시
GGB166000561,신영자동차,37.5218,126.69335,인천광역시,outside_region,contained:인천광역시
GGB166000556,신영자동차(종점),37.5217667,126.6938833,인천광역시,outside_region,contained:인천광역시
GGB165000836,신원아침도시오피스텔(홈플러스),37.46905,126.69055,인천광역시,outside_region,contained:인천광역시
GGB165000529,신일교회,37.4373833,126.74695,인천광역시,outside_region,contained:인천광역시
GGB167000107,신진아파트,37.5291333,126.7332333,인천광역시,outside_region,contained:인천광역시
GGB163000010,신창아파트,37.44425,126.64195,인천광역시,outside_region,contained:인천광역시
GGB163000464,신창아파트,37.4439333,126.6419167,인천광역시,outside_region,contained:인천광역시
GGB262500680,신철원공영버스,38.1452833,127.3084333,강원특별자치도 철원군,outside_region,contained:강원특별자치도
GGB262500090,신철원공영버스,38.1452667,127.30835,강원특별자치도 철원군,outside_region,contained:강원특별자치도
GGB277101138,신탄진IC(미정차),36.4398333,127.4202667,대전광역시,outside_region,nearest:충청북도 1717 m
GGB277101137,신탄진IC(미정차),36.43985,127.4196333,대전광역시,outside_region,nearest:충청북도 1709 m
GGB277101139,신탄진휴게소(미정차),36.4260333,127.41715,대전광역시,outside_region,nearest:충청북도 3214 m
GGB163000408,신태양아파트,37.4675167,126.6727,인천광역시,outside_region,contained:인천광역시
GGB163000406,신태양아파트,37.4678333,126.6717167,인천광역시,outside_region,contained:인천광역시
GGB166000496,신트리공원,37.50705,126.7265333,인천광역시,outside_region,contained:인천광역시
GGB166000501,신트리공원,37.5073,126.72715,인천광역시,outside_region,contained:인천광역시
GGB300500090,신평고속버스정류장,36.87915,126.7518833,충청남도 당진시,outside_region,contained:충청남도
GGB300500080,신평정류소,36.87885,126.7519333,충청남도 당진시,outside_region,contained:충청남도
GGB161000254,신포시장,37.4712167,126.6280333,인천광역시,outside_region,contained:인천광역시
GGB161000160,신포시장,37.4706833,126.62805,인천광역시,outside_region,contained:인천광역시
GGB161000150,신포역,37.46925,126.6266667,인천광역시,outside_region,contained:인천광역시
GGB161000149,신포역,37.46935,126.6264,인천광역시,outside_region,contained:인천광역시
GGB165000901,신한빌딩,37.4241333,126.7502333,인천광역시,outside_region,contained:인천광역시
GGB165000034,신한일전기,37.3965667,126.6937667,인천광역시,outside_region,contained:인천광역시
GGB169001062,신현리입구,37.6609667,126.4934167,인천광역시,outside_region,contained:인천광역시
GGB168000209,신현북초등학교,37.51785,126.6670667,인천광역시,outside_region,contained:인천광역시
GGB168000208,신현북초등학교,37.5176833,126.66715,인천광역시,outside_region,contained:인천광역시
GGB168000205,신현중학교,37.5179667,126.6634,인천광역시,outside_region,contained:인천광역시
GGB168000204,실내게이트볼장(신현중학교),37.5177833,126.6636167,인천광역시,outside_region,contained:인천광역시
GGB168001381,심곡천(심곡3교),37.5200833,126.6258667,인천광역시,outside_region,contained:인천광역시
GGB168001382,심곡천(심곡3교),37.5199,126.6259167,인천광역시,outside_region,contained:인천광역시
GGB168000951,심곡천봉수교,37.5301167,126.6612333,인천광역시,outside_region,contained:인천광역시
GGB168000290,심곡초등학교(국제성모병원),37.54335,126.6819,인천광역시,outside_region,contained:인천광역시
GGB168000288,심곡초등학교(국제성모병원),37.5433,126.6816833,인천광역시,outside_region,contained:인천광역시
GGB166000056,십정2동행정복지센터,37.474,126.7090333,인천광역시,outside_region,contained:인천광역시
GGB166000913,십정동차고지,37.4747167,126.6906667,인천광역시,outside_region,contained:인천광역시
GGB166000029,십정사거리,37.47425,126.6921,인천광역시,outside_region,contained:인천광역시
GGB166000033,십정사거리,37.4745833,126.6918833,인천광역시,outside_region,contained:인천광역시
GGB166000008,십정시장입구,37.4711,126.6941,인천광역시,outside_region,contained:인천광역시
GGB166000007,십정시장입구,37.4706333,126.6954667,인천광역시,outside_region,contained:인천광역시
GGB167000434,쌍용아파트,37.5410833,126.7411333,인천광역시,outside_region,contained:인천광역시
GGB163000186,쌍용아파트,37.4454333,126.67865,인천광역시,outside_region,contained:인천광역시
GGB163000179,쌍용아파트,37.4449667,126.6790667,인천광역시,outside_region,contained:인천광역시
GGB163000228,쌍용아파트,37.4478833,126.68075,인천광역시,outside_region,contained:인천광역시
GGB163000476,쌍용아파트,37.4481167,126.6803667,인천광역시,outside_region,contained:인천광역시
GGB164000469,쌍용아파트,37.4256167,126.65345,인천광역시,outside_region,contained:인천광역시
GGB281000016,썬밸리CC,37.0389333,127.4769333,충청북도 음성군,outside_region,contained:충청북도
GGB281000003,썬밸리CC,37.0389667,127.4766833,충청북도 음성군,outside_region,contained:충청북도
GGB167000001,아나지고개,37.5241667,126.69325,인천광역시,outside_region,contained:인천광역시
GGB167000002,아나지고개,37.52445,126.6930167,인천광역시,outside_region,contained:인천광역시
GGB168001404,아라노을공원·한신더휴,37.58935,126.7072333,인천광역시,outside_region,contained:인천광역시
GGB168001405,아라노을공원·한신더휴,37.5893333,126.7074667,인천광역시,outside_region,contained:인천광역시
GGB168000465,아라동행정복지센터,37.5938333,126.7169333,인천광역시,outside_region,contained:인천광역시
GGB168000467,아라동행정복지센터,37.5937333,126.7175,인천광역시,outside_region,contained:인천광역시
GGB168001406,아라센트럴파크,37.5888833,126.7100833,인천광역시,outside_region,contained:인천광역시
GGB168001407,아라센트럴파크,37.5887167,126.7102,인천광역시,outside_region,contained:인천광역시
GGB168000454,아라역6번출구,37.59195,126.7115833,인천광역시,outside_region,contained:인천광역시
GGB168000697,아라역7번출구,37.5920667,126.71115,인천광역시,outside_region,contained:인천광역시
GGB166000339,아름어린이공원,37.4940833,126.7354667,인천광역시,outside_region,contained:인천광역시
GGB166000337,아름어린이공원,37.4941167,126.7352833,인천광역시,outside_region,contained:인천광역시
GGB288500110,아산시외버스터미널,36.7851333,127.0158833,충청남도 아산시,outside_region,contained:충청남도
GGB168000320,아시아드경기장(공촌사거리)역,37.5512333,126.6772833,인천광역시,outside_region,contained:인천광역시
GGB168000319,아시아드경기장(공촌사거리)역,37.5514167,126.6769333,인천광역시,outside_region,contained:인천광역시
GGB168001257,아시아드대광로제비앙아파트,37.5572333,126.6686333,인천광역시,outside_region,contained:인천광역시
GGB168001258,아시아드대광로제비앙아파트,37.5571,126.6684833,인천광역시,outside_region,contained:인천광역시
GGB164000729,아암3교사거리,37.4255833,126.6140667,인천광역시,outside_region,contained:인천광역시
GGB164000730,아암3교사거리,37.4255,126.6145,인천광역시,outside_region,contained:인천광역시
GGB166000818,아울렛(CGV부평),37.5209167,126.7038333,인천광역시,outside_region,contained:인천광역시
GGB165000481,아주아파트.미추홀학교,37.4642833,126.7375333,인천광역시,outside_region,contained:인천광역시
GGB165000482,아주아파트.미추홀학교,37.4644333,126.7379333,인천광역시,outside_region,contained:인천광역시
GGB168000811,아쿠아글로리,37.5923,126.6039,인천광역시,outside_region,contained:인천광역시
GGB362500080,안계공용버스정류장,36.3897833,128.4338333,경상북도 의성군,outside_region,far
GGB354500050,안기동,36.5713333,128.7191333,경상북도 안동시,outside_region,far
GGB354500060,안기동,36.5724667,128.7189333,경상북도 안동시,outside_region,far
GGB354500080,안동대학교,36.5388167,128.7951,경상북도 안동시,outside_region,far
GGB354500020,안동대학교,36.5389667,128.7952333,경상북도 안동시,outside_region,far
GGB354500420,안동초교,36.5631,128.72775,경상북도 안동시,outside_region,far
GGB354500410,안동초교,36.5633333,128.72785,경상북도 안동시,outside_region,far
GGB354500140,안동터미널,36.5742667,128.6765,경상북도 안동시,outside_region,far
GGB354500010,안동터미널,36.5742167,128.67665,경상북도 안동시,outside_region,far
GGB168000701,안동포교회,37.58765,126.6359667,인천광역시,outside_region,contained:인천광역시
GGB168000700,안동포교회,37.5874667,126.6361167,인천광역시,outside_region,contained:인천광역시
GGB168000707,안동포사거리,37.5916667,126.6545833,인천광역시,outside_region,contained:인천광역시
GGB168000765,안동포사거리입구,37.5924167,126.6584833,인천광역시,outside_region,contained:인천광역시
GGB168000766,안동포사거리입구,37.5927333,126.6583,인천광역시,outside_region,contained:인천광역시
GGB167000425,안산초등학교(구계산고교),37.5432333,126.7334167,인천광역시,outside_region,contained:인천광역시
GGB169000177,안양대학교,37.7084,126.4487333,인천광역시,outside_region,contained:인천광역시
GGB169000301,안양대학교,37.7086833,126.44965,인천광역시,outside_region,contained:인천광역시
GGB272500130,앙성(용포),37.1079333,127.7535333,충청북도 충주시,outside_region,contained:충청북도
GGB272500140,앙성(용포),37.1078,127.7535,충청북도 충주시,outside_region,contained:충청북도
GGB169001075,애전부락,37.6247,126.4944667,인천광역시,outside_region,contained:인천광역시
GGB169001076,애전부락,37.6243833,126.4949833,인천광역시,outside_region,contained:인천광역시
GGB272500410,야동,37.1005,127.8782333,충청북도 충주시,outside_region,contained:충청북도
GGB272500400,야동,37.1007,127.8784,충청북도 충주시,outside_region,contained:충청북도
GGB281000004,양덕2리,37.0311,127.4804833,충청북도 음성군,outside_region,contained:충청북도
GGB281000015,양덕2리,37.0310833,127.4806,충청북도 음성군,outside_region,contained:충청북도
GGB281000005,양덕3리,37.0223833,127.4872667,충청북도 음성군,outside_region,contained:충청북도
GGB281000014,양덕3리,37.02245,127.4873333,충청북도 음성군,outside_region,contained:충청북도
GGB257500080,양덕원,37.61655,127.7681,강원특별자치도 홍천군,outside_region,contained:강원특별자치도
GGB257500070,양덕원,37.6165167,127.768,강원특별자치도 홍천군,outside_region,contained:강원특별자치도
GGB169000075,양도,37.66475,126.4203667,인천광역시,outside_region,contained:인천광역시
GGB169000074,양도,37.6647333,126.4201833,인천광역시,outside_region,contained:인천광역시
GGB169000913,양도면사무소,37.6625667,126.42135,인천광역시,outside_region,contained:인천광역시
GGB169000912,양도면사무소,37.6623833,126.4212833,인천광역시,outside_region,contained:인천광역시
GGB169000568,양도초등학교,37.6882833,126.4190167,인천광역시,outside_region,contained:인천광역시
GGB169000329,양도초등학교,37.6886167,126.4190167,인천광역시,outside_region,contained:인천광역시
GGB277101215,양산IC(미정차),35.3785833,129.0519333,경상남도 양산시,outside_region,far
GGB277101214,양산IC(미정차),35.3790667,129.0517,경상남도 양산시,outside_region,far
GGB277101216,양산JC(미정차),35.3318667,129.04225,경상남도 양산시,outside_region,far
GGB277101217,양산JC(미정차),35.332,129.0427333,경상남도 양산시,outside_region,far
GGB277103921,양양TG(미정차),38.0712667,128.5974833,강원특별자치도 양양군,outside_region,contained:강원특별자치도
GGB277103922,양양TG(미정차),38.0716,128.59765,강원특별자치도 양양군,outside_region,contained:강원특별자치도
GGB267500030,양양종합여객터미널,38.08485,128.6299333,강원특별자치도 양양군,outside_region,contained:강원특별자치도
GGB267500080,양양종합여객터미널,38.08485,128.62985,강원특별자치도 양양군,outside_region,contained:강원특별자치도
GGB272500090,엄정,37.0860833,127.9143,충청북도 충주시,outside_region,contained:충청북도
GGB272500100,엄정,37.0859167,127.9148,충청북도 충주시,outside_region,contained:충청북도
GGB168000788,에덴하우스,37.5885667,126.67245,인천광역시,outside_region,contained:인천광역시
GGB165000736,에코메트로10단지,37.3904667,126.7298,인천광역시,outside_region,contained:인천광역시
GGB165000728,에코메트로10단지,37.3905667,126.7295833,인천광역시,outside_region,contained:인천광역시
GGB165000652,에코메트로11단지,37.3947167,126.732,인천광역시,outside_region,contained:인천광역시
GGB165000701,에코메트로11단지후문,37.3918333,126.72905,인천광역시,outside_region,contained:인천광역시
GGB165000651,에코메트로12단지,37.39505,126.73205,인천광역시,outside_region,contained:인천광역시
GGB165000715,에코메트로7단지,37.3920167,126.7262833,인천광역시,outside_region,contained:인천광역시
GGB165000714,에코메트로7단지,37.392,126.7265833,인천광역시,outside_region,contained:인천광역시
GGB165000752,에코메트로9단지,37.3875833,126.7214333,인천광역시,outside_region,contained:인천광역시
GGB165000750,에코메트로9단지,37.3868667,126.7209333,인천광역시,outside_region,contained:인천광역시
GGB168000836,엑슬루타워,37.53,126.6522333,인천광역시,outside_region,contained:인천광역시
GGB163000187,엑슬루타워,37.4583333,126.6368,인천광역시,outside_region,contained:인천광역시
GGB168000394,엘리지안타운,37.5888667,126.6739833,인천광역시,outside_region,contained:인천광역시
GGB165000944,엘아이지식산업센터,37.3894,126.7005333,인천광역시,outside_region,contained:인천광역시
GGB165001029,엘아이지식산업센터(맞은편),37.3894,126.7000833,인천광역시,outside_region,contained:인천광역시
GGB168000025,엠파크타워,37.4896167,126.6606833,인천광역시,outside_region,contained:인천광역시
GGB168000026,엠파크타워,37.4895833,126.6611,인천광역시,outside_region,contained:인천광역시
GGB277101041,여산휴게소(미정차),36.04855,127.1037333,전라북도 익산시,outside_region,nearest:충청남도 2343 m
GGB277101042,여산휴게소(미정차),36.0485333,127.1045333,전라북도 익산시,outside_region,nearest:충청남도 2294 m
GGB164000085,여성의광장,37.4122167,126.6654,인천광역시,outside_region,contained:인천광역시
GGB164000084,여성의광장,37.4121,126.6644,인천광역시,outside_region,contained:인천광역시
GGB325500010,여수종합버스터미널,34.7583667,127.7171,전라남도 여수시,outside_region,far
GGB325500020,여수종합버스터미널,34.7584333,127.7169667,전라남도 여수시,outside_region,far
GGB169000980,여우고개,37.6376167,126.4784167,인천광역시,outside_region,contained:인천광역시
GGB169000981,여우고개,37.63755,126.47945,인천광역시,outside_region,contained:인천광역시
GGB325500040,여천시외버스정류장,34.7775,127.6515667,전라남도 여수시,outside_region,far
GGB325500050,여천시외버스정류장,34.7776833,127.6507167,전라남도 여수시,outside_region,far
GGB277101034,연무IC(미정차),36.1477,127.0601167,충청남도 논산시,outside_region,contained:충청남도
GGB277101035,연무IC(미정차),36.1475,127.0605333,충청남도 논산시,outside_region,contained:충청남도
GGB163000278,연성교회,37.4474833,126.6924833,인천광역시,outside_region,contained:인천광역시
GGB165000861,연세대,37.3804333,126.66645,인천광역시,outside_region,contained:인천광역시
GGB165000725,연세대,37.3807667,126.6666167,인천광역시,outside_region,contained:인천광역시
GGB164000489,연세대송도캠퍼스입구,37.3894167,126.6641667,인천광역시,outside_region,contained:인천광역시
GGB277103300,연수JC(미정차),37.4096333,126.63,인천광역시,outside_region,contained:인천광역시
GGB277103301,연수JC(미정차),37.4093333,126.6300333,인천광역시,outside_region,contained:인천광역시
GGB164000093,연수구청,37.4098,126.679,인천광역시,outside_region,contained:인천광역시
GGB164000089,연수구청,37.4089333,126.6784667,인천광역시,outside_region,contained:인천광역시
GGB164000296,연수병원,37.42345,126.69625,인천광역시,outside_region,contained:인천광역시
GGB164000280,연수우체국,37.4238833,126.6835,인천광역시,outside_region,contained:인천광역시
GGB164000314,연수우체국,37.4242167,126.6840167,인천광역시,outside_region,contained:인천광역시
GGB161000063,연안동행정복지센터,37.4534667,126.6048833,인천광역시,outside_region,contained:인천광역시
GGB161000097,연안부두(신선초등학교),37.4526333,126.62915,인천광역시,outside_region,contained:인천광역시
GGB161000754,연안부두로삼거리,37.4494333,126.5973,인천광역시,outside_region,contained:인천광역시
GGB161000049,연안부두바다쉼터,37.4471833,126.5977167,인천광역시,outside_region,contained:인천광역시
GGB161000071,연안부두어시장,37.4545,126.6055667,인천광역시,outside_region,contained:인천광역시
GGB161000072,연안부두어시장,37.4545833,126.6059667,인천광역시,outside_region,contained:인천광역시
GGB161000075,연안아파트,37.4502167,126.6220833,인천광역시,outside_region,contained:인천광역시
GGB161000076,연안아파트,37.4506667,126.6221333,인천광역시,outside_region,contained:인천광역시
GGB161000057,연안여객터미널,37.4533333,126.59895,인천광역시,outside_region,contained:인천광역시
GGB161000061,연안여객터미널,37.4538,126.5993,인천광역시,outside_region,contained:인천광역시
GGB161000068,연안여객터미널입구,37.4548667,126.6019667,인천광역시,outside_region,contained:인천광역시
GGB277101396,연풍IC(미정차),36.759,127.9927167,충청북도 괴산군,outside_region,contained:충청북도
GGB277101395,연풍IC(미정차),36.7590333,127.9921167,충청북도 괴산군,outside_region,contained:충청북도
GGB277103741,연풍TG(미정차),36.7605667,127.9859167,충청북도 괴산군,outside_region,contained:충청북도
GGB277103742,연풍TG(미정차),36.76045,127.9855167,충청북도 괴산군,outside_region,contained:충청북도
GGB168000186,연합의원,37.5149667,126.6686,인천광역시,outside_region,contained:인천광역시
GGB163000568,연흥아파트,37.4479167,126.6847333,인천광역시,outside_region,contained:인천광역시
GGB163000567,연흥아파트,37.4481333,126.6851167,인천광역시,outside_region,contained:인천광역시
GGB168000314,연희동광명아파트(사계절썰매장),37.5480333,126.6820833,인천광역시,outside_region,contained:인천광역시
GGB168000599,연희동광명아파트(사계절썰매장),37.5483167,126.6819167,인천광역시,outside_region,contained:인천광역시
GGB168000312,연희동행정복지센터,37.5490833,126.6768333,인천광역시,outside_region,contained:인천광역시
GGB168000311,연희동행정복지센터,37.5490167,126.6772167,인천광역시,outside_region,contained:인천광역시
GGB277101262,영광IC(미정차),35.2987167,126.5577,전라남도 영광군,outside_region,far
GGB277101261,영광IC(미정차),35.2991,126.5576,전라남도 영광군,outside_region,far
GGB277101263,영광TG(미정차),35.30325,126.5537333,전라남도 영광군,outside_region,far
GGB277101264,영광TG(미정차),35.3033667,126.5540333,전라남도 영광군,outside_region,far
GGB341500010,영광시외버스터미널,35.2758833,126.5016167,전라남도 영광군,outside_region,far
GGB341500020,영광시외버스터미널,35.27595,126.50185,전라남도 영광군,outside_region,far
GGB163000063,영남아파트,37.4388333,126.6747,인천광역시,outside_region,contained:인천광역시
GGB163000060,영남아파트,37.4386333,126.6747167,인천광역시,outside_region,contained:인천광역시
GGB277103701,영덕TG(미정차),36.3815667,129.3645833,경상북도 영덕군,outside_region,far
GGB277103702,영덕TG(미정차),36.3817667,129.3645167,경상북도 영덕군,outside_region,far
GGB365500060,영덕터미널,36.4145333,129.3725667,경상북도 영덕군,outside_region,far
GGB365500050,영덕터미널,36.41455,129.3723333,경상북도 영덕군,outside_region,far
GGB277101156,영동IC(미정차),36.2692167,127.8332167,충청북도 영동군,outside_region,contained:충청북도
GGB277101157,영동IC(미정차),36.2694,127.83345,충청북도 영동군,outside_region,contained:충청북도
GGB165000943,영림몰딩도어,37.3919,126.7019333,인천광역시,outside_region,contained:인천광역시
GGB277103005,영산IC(미정차),35.4545333,128.5108,경상남도 창녕군,outside_region,far
GGB277103006,영산IC(미정차),35.4541167,128.5109667,경상남도 창녕군,outside_region,far
GGB327514220,영산포터미널,34.99455,126.7121667,전라남도 나주시,outside_region,far
GGB327501220,영산포터미널,34.9946,126.7124167,전라남도 나주시,outside_region,far
GGB166000853,영선고등학교,37.51665,126.7449333,인천광역시,outside_region,contained:인천광역시
GGB167000123,영신군이이묘,37.5347667,126.7222833,인천광역시,outside_region,contained:인천광역시
GGB364500020,영양터미널,36.66135,129.11405,경상북도 영양군,outside_region,far
GGB277103848,영월교차로(미정차),37.1843833,128.4438667,강원특별자치도 영월군,outside_region,contained:강원특별자치도
GGB259500220,영월시외버스터미널,37.1828333,128.4656167,강원특별자치도 영월군,outside_region,contained:강원특별자치도
GGB259500070,영월시외버스터미널,37.1834833,128.4653667,강원특별자치도 영월군,outside_region,contained:강원특별자치도
GGB169000139,영은교회,37.6886333,126.4768167,인천광역시,outside_region,contained:인천광역시
GGB169000037,영은교회,37.6885,126.4770833,인천광역시,outside_region,contained:인천광역시
GGB168001064,영은슈퍼,37.59265,126.6188167,인천광역시,outside_region,contained:인천광역시
GGB168001052,영은슈퍼,37.5927667,126.61875,인천광역시,outside_region,contained:인천광역시
GGB161000660,영종e편한세상센텀베뉴.센트럴푸,37.4887667,126.5502833,인천광역시,outside_region,contained:인천광역시
GGB277103436,영종대교(미정차),37.5396833,126.5667667,인천광역시,outside_region,nearest:인천광역시 438 m
GGB277103435,영종대교(미정차),37.5398833,126.5667,인천광역시,outside_region,nearest:인천광역시 442 m
GGB161000661,영종센트럴푸르지오자이.e편한세,37.4889833,126.5500167,인천광역시,outside_region,contained:인천광역시
GGB161000765,영종소방서,37.4882667,126.41595,인천광역시,outside_region,contained:인천광역시
GGB277101369,영주IC(미정차),36.7693833,128.5713667,경상북도 영주시,outside_region,far
GGB277101370,영주IC(미정차),36.7691833,128.5717167,경상북도 영주시,outside_region,far
GGB356500060,영주종합터미널,36.8270833,128.60605,경상북도 영주시,outside_region,far
GGB356500050,영주종합터미널,36.8272,128.60605,경상북도 영주시,outside_region,far
GGB166000551,영진아파트,37.51725,126.70685,인천광역시,outside_region,contained:인천광역시
GGB166000552,영진아파트,37.5174167,126.7067667,인천광역시,outside_region,contained:인천광역시
GGB277101196,영천IC(미정차),35.9222333,128.95125,경상북도 영천시,outside_region,far
GGB277101195,영천IC(미정차),35.9225167,128.95175,경상북도 영천시,outside_region,far
GGB282500230,영춘,37.0768333,128.4847833,충청북도 단양군,outside_region,contained:충청북도
GGB282500040,영춘,37.0768333,128.4847333,충청북도 단양군,outside_region,contained:충청북도
GGB365500190,영해버스터미널,36.5388667,129.4042833,경상북도 영덕군,outside_region,far
GGB170000004,영흥버스터미널,37.2594167,126.4937667,인천광역시,outside_region,contained:인천광역시
GGB170000009,영흥수협공판장입구,37.2559,126.4961833,인천광역시,outside_region,contained:인천광역시
GGB170000010,영흥수협공판장입구,37.256,126.4962667,인천광역시,outside_region,contained:인천광역시
GGB164000593,예송중학교,37.3842,126.62785,인천광역시,outside_region,contained:인천광역시
GGB164000592,예송중학교,37.3840667,126.6277,인천광역시,outside_region,contained:인천광역시
GGB165000206,예술회관역,37.4487,126.7007,인천광역시,outside_region,contained:인천광역시
GGB165000207,예술회관역(4번출구),37.4490833,126.7011,인천광역시,outside_region,contained:인천광역시
GGB277101371,예천IC(미정차),36.6677,128.5418833,경상북도 예천군,outside_region,far
GGB277101372,예천IC(미정차),36.668,128.5418,경상북도 예천군,outside_region,far
GGB370500100,예천시외버스터미널,36.64815,128.4429333,경상북도 예천군,outside_region,far
GGB370500110,예천시외버스터미널,36.6486167,128.4431333,경상북도 예천군,outside_region,far
GGB166000854,옐림교회,37.4817833,126.7422,인천광역시,outside_region,contained:인천광역시
GGB165000108,오공본드,37.4132333,126.7028333,인천광역시,outside_region,contained:인천광역시
GGB169000013,오류골,37.6340833,126.5040167,인천광역시,outside_region,contained:인천광역시
GGB169000014,오류골,37.63425,126.5039,인천광역시,outside_region,contained:인천광역시
GGB167000354,오류동마을,37.587,126.7242667,인천광역시,outside_region,contained:인천광역시
GGB167000353,오류동마을,37.58685,126.7240333,인천광역시,outside_region,contained:인천광역시
GGB168001066,오류동역입구,37.5943333,126.6320667,인천광역시,outside_region,contained:인천광역시
GGB168001058,오류동역입구,37.5942833,126.6323333,인천광역시,outside_region,contained:인천광역시
GGB166000487,오성아파트,37.50335,126.73645,인천광역시,outside_region,contained:인천광역시
GGB166000480,오성아파트,37.50295,126.7362333,인천광역시,outside_region,contained:인천광역시
GGB166000493,오성아파트,37.50385,126.73595,인천광역시,outside_region,contained:인천광역시
GGB166000721,오성아파트,37.5038,126.73675,인천광역시,outside_region,contained:인천광역시
GGB277102888,오수IC(미정차),35.5544167,127.3218167,전라북도 임실군,outside_region,far
GGB277102887,오수IC(미정차),35.5552833,127.3219667,전라북도 임실군,outside_region,far
GGB167000249,오조산공원,37.5406167,126.7389667,인천광역시,outside_region,contained:인천광역시
GGB167000246,오조산공원,37.5399833,126.7392667,인천광역시,outside_region,contained:인천광역시
GGB277101427,오창IC(미정차),36.7149833,127.44265,충청북도 청원군,outside_region,contained:충청북도
GGB277101428,오창IC(미정차),36.7143,127.4424333,충청북도 청원군,outside_region,contained:충청북도
GGB277101426,오창휴게소(미정차),36.7568333,127.48125,충청북도 청원군,outside_region,contained:충청북도
GGB277101425,오창휴게소(미정차),36.7582833,127.4823167,충청북도 청원군,outside_region,contained:충청북도
GGB169000561,옥골.옥토끼우주센터,37.6758,126.4866,인천광역시,outside_region,contained:인천광역시
GGB169000033,옥골.옥토끼우주센터,37.6758667,126.4863667,인천광역시,outside_region,contained:인천광역시
GGB164000217,옥련1동행정복지센터,37.4278833,126.6558,인천광역시,outside_region,contained:인천광역시
GGB277103432,옥련IC(미정차),37.42565,126.6367167,인천광역시,outside_region,contained:인천광역시
GGB277100872,옥련IC(미정차),37.4245333,126.6364667,인천광역시,outside_region,contained:인천광역시
GGB164000212,옥련고개,37.4286333,126.65285,인천광역시,outside_region,contained:인천광역시
GGB164000219,옥련고개,37.42905,126.65265,인천광역시,outside_region,contained:인천광역시
GGB164000273,옥련여고입구,37.4341333,126.6472667,인천광역시,outside_region,contained:인천광역시
GGB164000271,옥련여고입구,37.4340167,126.6469833,인천광역시,outside_region,contained:인천광역시
GGB164000470,옥련중학교,37.4258833,126.6533,인천광역시,outside_region,contained:인천광역시
GGB277101125,옥산휴게소(미정차),36.6576333,127.3710333,충청북도 청원군,outside_region,contained:충청북도
GGB277101151,옥천IC(미정차),36.3166,127.55775,충청북도 옥천군,outside_region,contained:충청북도
GGB277101150,옥천IC(미정차),36.31635,127.5591833,충청북도 옥천군,outside_region,contained:충청북도
GGB277101153,옥천휴게소(미정차),36.2968833,127.5983,충청북도 옥천군,outside_region,contained:충청북도
GGB277101152,옥천휴게소(미정차),36.2974167,127.5966667,충청북도 옥천군,outside_region,contained:충청북도
GGB168000425,온누리병원,37.6028833,126.6545667,인천광역시,outside_region,contained:인천광역시
GGB169000018,온수리,37.6389667,126.4920333,인천광역시,outside_region,contained:인천광역시
GGB169000020,온수리,37.6391167,126.49205,인천광역시,outside_region,contained:인천광역시
GGB169000095,온수시장,37.6393,126.4905833,인천광역시,outside_region,contained:인천광역시
GGB169000019,온수시장,37.6393833,126.4906667,인천광역시,outside_region,contained:인천광역시
GGB281000001,온양터,37.04775,127.4751333,충청북도 음성군,outside_region,contained:충청북도
GGB281000018,온양터,37.04745,127.4753333,충청북도 음성군,outside_region,contained:충청북도
GGB372500010,온정공용버스,36.7207333,129.3450667,경상북도 울진군,outside_region,far
GGB165000349,올림픽생활기념관,37.4566333,126.71925,인천광역시,outside_region,contained:인천광역시
GGB163000019,옹진군청,37.4472667,126.6372833,인천광역시,outside_region,contained:인천광역시
GGB163000020,옹진군청,37.4472833,126.6368,인천광역시,outside_region,contained:인천광역시
GGB262500050,와수버스터미널,38.2387333,127.4371833,강원특별자치도 철원군,outside_region,contained:강원특별자치도
GGB343500010,완도공영버스터미널,34.3184667,126.74445,전라남도 완도군,outside_region,far
GGB168000409,완정공단입구,37.5964667,126.6690333,인천광역시,outside_region,contained:인천광역시
GGB168000561,완정사거리,37.5936,126.6715667,인천광역시,outside_region,contained:인천광역시
GGB168000562,완정사거리,37.5940167,126.6714167,인천광역시,outside_region,contained:인천광역시
GGB168000673,완정역,37.5938667,126.6732,인천광역시,outside_region,contained:인천광역시
GGB168000674,완정역4번출구,37.5930167,126.6735,인천광역시,outside_region,contained:인천광역시
GGB168000414,완정초등학교.검단도서관,37.5987833,126.6644833,인천광역시,outside_region,contained:인천광역시
GGB168000415,완정초등학교.검단도서관,37.5991167,126.6642167,인천광역시,outside_region,contained:인천광역시
GGB277102896,완주IC(미정차),35.8987,127.15145,전라북도 완주군,outside_region,far
GGB277102895,완주IC(미정차),35.8986333,127.1509667,전라북도 완주군,outside_region,far
GGB168000551,왕길고가,37.5840833,126.66185,인천광역시,outside_region,contained:인천광역시
GGB168000552,왕길고가,37.5838333,126.6615167,인천광역시,outside_region,contained:인천광역시
GGB168000386,왕길동,37.5974667,126.6435833,인천광역시,outside_region,contained:인천광역시
GGB168000387,왕길동,37.5977333,126.6446333,인천광역시,outside_region,contained:인천광역시
GGB168000699,왕길동(기점),37.5809333,126.6474667,인천광역시,outside_region,contained:인천광역시
GGB168000594,왕길동종점,37.581,126.6472333,인천광역시,outside_region,contained:인천광역시
GGB277101179,왜관IC(미정차),35.9773667,128.4319667,경상북도 칠곡군,outside_region,far
GGB277101180,왜관IC(미정차),35.9772333,128.4326167,경상북도 칠곡군,outside_region,far
GGB151500130,용계,35.8752833,128.67875,대구광역시,outside_region,far
GGB151500120,용계,35.8748667,128.6787833,대구광역시,outside_region,far
GGB370500120,용궁,36.6076833,128.28175,경상북도 예천군,outside_region,far
GGB370500130,용궁,36.6077333,128.2817333,경상북도 예천군,outside_region,far
GGB163000236,용남시장,37.4527667,126.6663,인천광역시,outside_region,contained:인천광역시
GGB163000177,용남파출소,37.44885,126.66655,인천광역시,outside_region,contained:인천광역시
GGB163000184,용남파출소,37.4490833,126.6663,인천광역시,outside_region,contained:인천광역시
GGB354500400,용상,36.55715,128.7548333,경상북도 안동시,outside_region,far
GGB354500090,용상,36.55695,128.7545833,경상북도 안동시,outside_region,far
GGB272500250,용원,36.9959833,127.7371167,충청북도 충주시,outside_region,contained:충청북도
GGB272500240,용원,36.9961667,127.7367333,충청북도 충주시,outside_region,contained:충청북도
GGB163000218,용일사거리,37.4514167,126.66715,인천광역시,outside_region,contained:인천광역시
GGB163000208,용일사거리,37.4508167,126.6673833,인천광역시,outside_region,contained:인천광역시
GGB163000251,용일사거리,37.4532,126.6680333,인천광역시,outside_region,contained:인천광역시
GGB277104949,용종교(미정차),37.5376167,126.7503,,outside_region,contained:인천광역시
GGB277104950,용종교(미정차),37.5376667,126.7508667,,outside_region,contained:인천광역시
GGB169000085,용진주택,37.7399667,126.5049833,인천광역시,outside_region,contained:인천광역시
GGB169000084,용진주택,37.7400667,126.5051833,인천광역시,outside_region,contained:인천광역시
GGB163000221,용현3동행정복지센터.보훈병원,37.4563,126.6515833,인천광역시,outside_region,contained:인천광역시
GGB163000224,용현3동행정복지센터.보훈병원,37.4565333,126.6515333,인천광역시,outside_region,contained:인천광역시
GGB163000550,용현고가교,37.4519833,126.65035,인천광역시,outside_region,contained:인천광역시
GGB163000611,용현고가교,37.4517667,126.64895,인천광역시,outside_region,contained:인천광역시
GGB163000134,용현초등학교입구,37.4538833,126.6391333,인천광역시,outside_region,contained:인천광역시
GGB169001080,용화사(길상낚시터),37.6249333,126.5010333,인천광역시,outside_region,contained:인천광역시
GGB169001077,용화사(길상낚시터),37.6250833,126.5010667,인천광역시,outside_region,contained:인천광역시
GGB166000592,우림라이온스밸리,37.5164167,126.7202,인천광역시,outside_region,contained:인천광역시
GGB166000594,우림라이온스밸리,37.5166167,126.7205167,인천광역시,outside_region,contained:인천광역시
GGB168000924,우림필유아파트,37.5020667,126.66805,인천광역시,outside_region,contained:인천광역시
GGB168000925,우림필유아파트,37.50205,126.6678333,인천광역시,outside_region,contained:인천광역시
GGB169000930,우물골,37.6805167,126.4186167,인천광역시,outside_region,contained:인천광역시
GGB169000929,우물골,37.68045,126.41875,인천광역시,outside_region,contained:인천광역시
GGB161000462,우미린1단지후문,37.4940333,126.5548833,인천광역시,outside_region,contained:인천광역시
GGB161000461,우미린1단지후문,37.4938667,126.5551167,인천광역시,outside_region,contained:인천광역시
GGB161000512,우미린2단지정문,37.4883333,126.55545,인천광역시,outside_region,contained:인천광역시
GGB161000513,우미린2단지정문,37.4881333,126.55515,인천광역시,outside_region,contained:인천광역시
GGB168000717,우성아파트,37.55215,126.6689,인천광역시,outside_region,contained:인천광역시
GGB168000718,우성아파트,37.5525167,126.6693,인천광역시,outside_region,contained:인천광역시
GGB165000695,우체국사거리,37.39245,126.72785,인천광역시,outside_region,contained:인천광역시
GGB277103773,운서IC(미정차),37.49835,126.4756833,인천광역시,outside_region,contained:인천광역시
GGB165000379,운연동,37.44335,126.7665333,인천광역시,outside_region,contained:인천광역시
GGB165000374,운연동,37.4429833,126.7664,인천광역시,outside_region,contained:인천광역시
GGB165001026,운연역,37.43815,126.75975,인천광역시,outside_region,contained:인천광역시
GGB165000954,운연역,37.4383833,126.7596333,인천광역시,outside_region,contained:인천광역시
GGB165001028,운연천,37.4433,126.7631833,인천광역시,outside_region,contained:인천광역시
GGB165001027,운연천,37.44335,126.7629667,인천광역시,outside_region,contained:인천광역시
GGB165000005,운전면허시험장,37.3832,126.7070667,인천광역시,outside_region,contained:인천광역시
GGB277102980,울산TG(미정차),35.55835,129.2493667,울산광역시,outside_region,far
GGB277102979,울산TG(미정차),35.5579333,129.2488667,울산광역시,outside_region,far
GGB193500010,울산시외버스터미널,35.5364333,129.3392167,울산광역시,outside_region,far
GGB372500040,울진종합버스터미널,36.9836,129.3969667,경상북도 울진군,outside_region,far
GGB168000446,원당사거리.검단선사박물관,37.5932167,126.6998167,인천광역시,outside_region,contained:인천광역시
GGB168000447,원당사거리.검단선사박물관,37.5935333,126.6999333,인천광역시,outside_region,contained:인천광역시
GGB343000001,원동버스터미널,34.3924,126.6488,전라남도 완도군,outside_region,far
GGB165000656,원동초등학교,37.396,126.7302667,인천광역시,outside_region,contained:인천광역시
GGB165000657,원동초등학교,37.3961333,126.73045,인천광역시,outside_region,contained:인천광역시
GGB164000162,원인재역(1번출구),37.4127667,126.6886667,인천광역시,outside_region,contained:인천광역시
GGB164000166,원인재역(6번출구),37.4130667,126.6882833,인천광역시,outside_region,contained:인천광역시
GGB166000821,원적산터널,37.50905,126.7002,인천광역시,outside_region,contained:인천광역시
GGB166000822,원적산터널,37.5087167,126.70035,인천광역시,outside_region,contained:인천광역시
GGB168000667,원적산터널서측,37.50625,126.6792167,인천광역시,outside_region,contained:인천광역시
GGB168000666,원적산터널서측,37.5059667,126.6792167,인천광역시,outside_region,contained:인천광역시
GGB277101282,원주IC(미정차),37.4008,127.9500333,강원특별자치도 원주시,outside_region,contained:강원특별자치도
GGB277101281,원주IC(미정차),37.401,127.9504833,강원특별자치도 원주시,outside_region,contained:강원특별자치도
GGB251500130,원주시외버스터미널,37.3447333,127.9313667,강원특별자치도 원주시,outside_region,contained:강원특별자치도
GGB251500060,원주시외버스터미널,37.3446667,127.93135,강원특별자치도 원주시,outside_region,contained:강원특별자치도
GGB277101323,원주휴게소(미정차),37.4350333,127.9301833,강원특별자치도 원주시,outside_region,contained:강원특별자치도
GGB277101324,원주휴게소(미정차),37.4350333,127.9305333,강원특별자치도 원주시,outside_region,contained:강원특별자치도
GGB168001010,원진운수차고지,37.51805,126.6528167,인천광역시,outside_region,contained:인천광역시
GGB168001011,원진운수차고지,37.5182333,126.6527167,인천광역시,outside_region,contained:인천광역시
GGB168001144,원창동(기점),37.5203667,126.65925,인천광역시,outside_region,contained:인천광역시
GGB168000184,원창동(종점),37.5179667,126.6578,인천광역시,outside_region,contained:인천광역시
GGB168001505,원창로89번길,37.5204333,126.65905,인천광역시,outside_region,contained:인천광역시
GGB265500110,원통버스터미널(시외),38.1231833,128.2030167,강원특별자치도 인제군,outside_region,contained:강원특별자치도
GGB265500100,원통버스터미널(시외),38.1232,128.2030667,강원특별자치도 인제군,outside_region,contained:강원특별자치도
GGB277104588,원흥교차로(미정차),36.4729333,128.1696833,경상북도 상주시,outside_region,far
GGB164000131,원흥아파트.옥련시장,37.42445,126.6444167,인천광역시,outside_region,contained:인천광역시
GGB164000336,원흥아파트.옥련시장,37.4246667,126.6448167,인천광역시,outside_region,contained:인천광역시
GGB168000161,월드메르디앙아파트,37.5115667,126.6686333,인천광역시,outside_region,contained:인천광역시
GGB168000163,월드메르디앙아파트,37.5121,126.6684333,인천광역시,outside_region,contained:인천광역시
GGB168000499,월드아파트,37.6188333,126.6901,인천광역시,outside_region,contained:인천광역시
GGB168000500,월드아파트,37.6188167,126.6905167,인천광역시,outside_region,contained:인천광역시
GGB164000352,웰카운티,37.3800833,126.64735,인천광역시,outside_region,contained:인천광역시
GGB164000353,웰카운티,37.3798833,126.6475667,인천광역시,outside_region,contained:인천광역시
GGB168001183,웰카운티17단지,37.5396667,126.6595833,인천광역시,outside_region,contained:인천광역시
GGB168001182,웰카운티17단지,37.5390667,126.6599667,인천광역시,outside_region,contained:인천광역시
GGB277103927,유금IC(미정차),35.9921333,129.2826833,경상북도 경주시,outside_region,far
GGB277103926,유금IC(미정차),35.9927,129.2831,경상북도 경주시,outside_region,far
GGB277101523,유성IC(미정차),36.3644333,127.33095,대전광역시,outside_region,far
GGB277101524,유성IC(미정차),36.3636,127.3311333,대전광역시,outside_region,far
GGB277101528,유성JC(미정차),36.3895,127.3402833,대전광역시,outside_region,far
GGB277101527,유성JC(미정차),36.3896167,127.3398167,대전광역시,outside_region,far
GGB277101526,유성TG(미정차),36.3644333,127.3286667,대전광역시,outside_region,far
GGB277101525,유성TG(미정차),36.3641833,127.3286833,대전광역시,outside_region,far
GGB186500010,유성시외버스정류소,36.35615,127.3305333,대전광역시,outside_region,far
GGB186500020,유성시외버스정류소,36.3561167,127.3306333,대전광역시,outside_region,far
GGB169000086,유성아파트,37.7405667,126.50275,인천광역시,outside_region,contained:인천광역시
GGB169000087,유성아파트,37.74055,126.5020833,인천광역시,outside_region,contained:인천광역시
GGB500000026,유스호스텔입구,37.6463167,127.64385,강원특별자치도 홍천군,outside_region,contained:강원특별자치도
GGB500000025,유스호스텔입구,37.6465167,127.6443833,강원특별자치도 홍천군,outside_region,contained:강원특별자치도
GGB168000397,유승아파트,37.5988,126.6494833,인천광역시,outside_region,contained:인천광역시
GGB168000398,유승아파트,37.5990167,126.6493167,인천광역시,outside_region,contained:인천광역시
GGB167000005,유승아파트.삼성홈타운아파트,37.52585,126.6976,인천광역시,outside_region,contained:인천광역시
GGB167000006,유승아파트.삼성홈타운아파트,37.5260833,126.69755,인천광역시,outside_region,contained:인천광역시
GGB163000163,유원아파트,37.4557167,126.6405333,인천광역시,outside_region,contained:인천광역시
GGB166000676,유진시스템앞,37.52255,126.7355333,인천광역시,outside_region,contained:인천광역시
GGB166000678,유진시스템앞,37.5226667,126.7361167,인천광역시,outside_region,contained:인천광역시
GGB232000001,유현마을.신동아아파트,37.5963333,126.7213,경기도 김포시,outside_region,contained:인천광역시
GGB168000484,유현사거리,37.5952833,126.7201167,인천광역시,outside_region,contained:인천광역시
GGB168000487,유현사거리,37.5951333,126.7223667,인천광역시,outside_region,contained:인천광역시
GGB163000011,윤성아파트(인항고교),37.4457333,126.6395833,인천광역시,outside_region,contained:인천광역시
GGB163000012,윤성아파트(인항고교),37.4450667,126.6399833,인천광역시,outside_region,contained:인천광역시
GGB168000188,율도입구,37.51325,126.67495,인천광역시,outside_region,contained:인천광역시
GGB168000190,율도입구,37.5134167,126.6749667,인천광역시,outside_region,contained:인천광역시
GGB165000613,은봉초등학교,37.4043333,126.7240833,인천광역시,outside_region,contained:인천광역시
GGB165000614,은봉초등학교,37.4051833,126.7235333,인천광역시,outside_region,contained:인천광역시
GGB165000325,은성프레미오,37.4517333,126.72715,인천광역시,outside_region,contained:인천광역시
GGB165000327,은성프레미오,37.4518667,126.7270333,인천광역시,outside_region,contained:인천광역시
GGB168000218,은영아파트,37.5196833,126.6688667,인천광역시,outside_region,contained:인천광역시
GGB168000365,은지초등학교사거리,37.5665667,126.6824833,인천광역시,outside_region,contained:인천광역시
GGB358500070,은척정류소,36.5332,128.07385,경상북도 상주시,outside_region,far
GGB167000198,은행마을,37.53675,126.7416333,인천광역시,outside_region,contained:인천광역시
GGB281500040,음성공용버스터미널,36.9344333,127.6895833,충청북도 음성군,outside_region,contained:충청북도
GGB281500070,음성공용버스터미널,36.9345333,127.6896833,충청북도 음성군,outside_region,contained:충청북도
GGB277101412,음성휴게소(미정차),37.0218833,127.48315,충청북도 음성군,outside_region,contained:충청북도
GGB277101411,음성휴게소(미정차),37.0204333,127.4823667,충청북도 음성군,outside_region,contained:충청북도
GGB389500050,의령시외버스터미널,35.3200333,128.25195,경상남도 의령군,outside_region,far
GGB277103035,의성IC(미정차),36.2922667,128.5806,경상북도 의성군,outside_region,far
GGB277103036,의성IC(미정차),36.2918167,128.5808667,경상북도 의성군,outside_region,far
GGB362000004,의성시외버스터미널,36.3554167,128.6936667,경상북도 의성군,outside_region,far
GGB362500380,의성시외버스터미널,36.3554667,128.69365,경상북도 의성군,outside_region,far
GGB277102996,의현교차로(미정차),36.0750667,129.3465667,경상북도 포항시,outside_region,far
GGB277102995,의현교차로(미정차),36.074,129.3456333,경상북도 포항시,outside_region,far
GGB167000122,이마트,37.5301667,126.7362667,인천광역시,outside_region,contained:인천광역시
GGB167000125,이마트,37.5307833,126.7373167,인천광역시,outside_region,contained:인천광역시
GGB162000100,이마트송림점,37.4844167,126.6598,인천광역시,outside_region,contained:인천광역시
GGB162000098,이마트송림점,37.4831167,126.6594833,인천광역시,outside_region,contained:인천광역시
GGB391500010,이방,35.6011,128.3827167,경상남도 창녕군,outside_region,far
GGB391500020,이방,35.6011,128.3825,경상남도 창녕군,outside_region,far
GGB277101059,이서휴게소(미정차),35.8038167,127.0248333,전라북도 완주군,outside_region,far
GGB277101060,이서휴게소(미정차),35.8020333,127.0247333,전라북도 완주군,outside_region,far
GGB164000409,이안송도,37.3967667,126.6515667,인천광역시,outside_region,contained:인천광역시
GGB279500040,이월,36.931,127.4289,충청북도 진천군,outside_region,contained:충청북도
GGB279500030,이월,36.9309333,127.4290833,충청북도 진천군,outside_region,contained:충청북도
GGB277101028,이인휴게소(미정차),36.3525833,127.0681667,충청남도 공주시,outside_region,contained:충청남도
GGB277101046,익산IC(미정차),35.9905167,127.1141,전라북도 완주군,outside_region,far
GGB277101045,익산IC(미정차),35.99105,127.1136833,전라북도 완주군,outside_region,far
GGB277101047,익산JC(미정차),35.9432333,127.0899667,전라북도 익산시,outside_region,far
GGB277101048,익산JC(미정차),35.9428333,127.08985,전라북도 익산시,outside_region,far
GGB277101043,익산TG(미정차),35.9891333,127.1105167,전라북도 완주군,outside_region,far
GGB277101044,익산TG(미정차),35.98895,127.11065,전라북도 완주군,outside_region,far
GGB308500060,익산공용버스터미널,35.9308333,126.9439333,전라북도 익산시,outside_region,far
GGB308500020,익산공용버스터미널,35.9308,126.9440333,전라북도 익산시,outside_region,far
GGB163000205,인명여자고등학교,37.4408833,126.6985833,인천광역시,outside_region,contained:인천광역시
GGB163000199,인명여자고등학교,37.4405833,126.6982,인천광역시,outside_region,contained:인천광역시
GGB169000354,인산저수지,37.69935,126.432,인천광역시,outside_region,contained:인천광역시
GGB169000575,인산저수지,37.6997,126.4323667,인천광역시,outside_region,contained:인천광역시
GGB168000281,인재개발원,37.5419,126.6795833,인천광역시,outside_region,contained:인천광역시
GGB168000282,인재개발원,37.54205,126.6794167,인천광역시,outside_region,contained:인천광역시
GGB277103918,인제IC(미정차),37.9134833,128.2868333,강원특별자치도 인제군,outside_region,contained:강원특별자치도
GGB277103917,인제IC(미정차),37.9130833,128.28635,강원특별자치도 인제군,outside_region,contained:강원특별자치도
GGB265500140,인제공영터미널(시외),38.0658667,128.1754333,강원특별자치도 인제군,outside_region,contained:강원특별자치도
GGB265500120,인제공영터미널(시외),38.0660667,128.17525,강원특별자치도 인제군,outside_region,contained:강원특별자치도
GGB163000405,인천가정법원.인천지방법원등기소,37.4621,126.6899333,인천광역시,outside_region,contained:인천광역시
GGB163000409,인천가정법원.인천지방법원등기소,37.4625167,126.6895,인천광역시,outside_region,contained:인천광역시
GGB165000493,인천가족공원입구,37.4759,126.7136,인천광역시,outside_region,contained:인천광역시
GGB165000495,인천가족공원입구,37.47665,126.71255,인천광역시,outside_region,contained:인천광역시
GGB164000500,인천가톨릭대,37.3834667,126.6435833,인천광역시,outside_region,contained:인천광역시
GGB165000931,인천가톨릭대학교,37.3726,126.6602667,인천광역시,outside_region,contained:인천광역시
GGB161000205,인천공항13A,37.4470667,126.4499333,인천광역시,outside_region,contained:인천광역시
GGB161000556,인천공항13B(3층),37.4468333,126.4496333,인천광역시,outside_region,contained:인천광역시
GGB161000535,인천공항1층입국장(T1),37.4487,126.4518167,인천광역시,outside_region,contained:인천광역시
GGB161000344,인천공항2A(1층),37.4491833,126.4537667,인천광역시,outside_region,contained:인천광역시
GGB277104745,인천공항2터미널진입전(미정차),37.47645,126.4261333,인천광역시,outside_region,contained:인천광역시
GGB161000536,인천공항3층출국장(T1),37.4491167,126.4523,인천광역시,outside_region,contained:인천광역시
GGB161000611,인천공항3층출국장(T2),37.4686333,126.4343667,인천광역시,outside_region,contained:인천광역시
GGB161000203,인천공항7A(3층),37.4490167,126.4520167,인천광역시,outside_region,contained:인천광역시
GGB161000204,인천공항9B,37.4487167,126.4518333,인천광역시,outside_region,contained:인천광역시
GGB161000612,인천공항B1층입국장(T2),37.4688333,126.4342,인천광역시,outside_region,contained:인천광역시
GGB161000202,인천공항T1(1층2B),37.4491833,126.4533667,인천광역시,outside_region,contained:인천광역시
GGB161000325,인천공항T1-3층,37.4484167,126.4508667,인천광역시,outside_region,contained:인천광역시
GGB161000618,인천공항T2(1)A(1층),37.46775,126.4319833,인천광역시,outside_region,contained:인천광역시
GGB161000614,인천공항T2(1)번출입구(3층),37.4675833,126.43215,인천광역시,outside_region,contained:인천광역시
GGB161000619,인천공항T2(6)B(1층),37.4695,126.4351333,인천광역시,outside_region,contained:인천광역시
GGB161000615,인천공항T2(8)번출입구(3층),37.4694167,126.4354167,인천광역시,outside_region,contained:인천광역시
GGB277102492,인천공항TG(미정차),37.5693,126.6677,인천광역시,outside_region,contained:인천광역시
GGB277102410,인천공항TG(미정차),37.5703,126.6676667,인천광역시,outside_region,contained:인천광역시
GGB277103795,인천공항전망대(미정차),37.4506167,126.424,인천광역시,outside_region,contained:인천광역시
GGB277103796,인천공항전망대(미정차),37.4507333,126.4241833,인천광역시,outside_region,contained:인천광역시
GGB163000453,인천교삼거리,37.47625,126.6689333,인천광역시,outside_region,contained:인천광역시
GGB163000452,인천교삼거리(인천기계산업단지),37.4759,126.6683833,인천광역시,outside_region,contained:인천광역시
GGB166000032,인천교통공사,37.4696333,126.7078,인천광역시,outside_region,contained:인천광역시
GGB165000261,인천교회,37.4575833,126.6948,인천광역시,outside_region,contained:인천광역시
GGB165000260,인천교회,37.4572833,126.6949833,인천광역시,outside_region,contained:인천광역시
GGB164000678,인천교회,37.4127333,126.65575,인천광역시,outside_region,contained:인천광역시
GGB168000233,인천국민안전체험관,37.5220333,126.6768667,인천광역시,outside_region,contained:인천광역시
GGB168000234,인천국민안전체험관,37.52145,126.677,인천광역시,outside_region,contained:인천광역시
GGB161000613,인천국제공항,37.44845,126.4512833,인천광역시,outside_region,contained:인천광역시
GGB129000083,인천국제공항,37.4485833,126.4514833,인천광역시,outside_region,contained:인천광역시
GGB161000032,인천국제공항(3층),37.44935,126.4537,인천광역시,outside_region,contained:인천광역시
GGB161000816,인천국제수산물타운,37.4583333,126.6081667,인천광역시,outside_region,contained:인천광역시
GGB161000815,인천국제수산물타운,37.4582167,126.608,인천광역시,outside_region,contained:인천광역시
GGB163000272,인천기계공고,37.4539833,126.6690667,인천광역시,outside_region,contained:인천광역시
GGB166000849,인천나비공원,37.52085,126.6921,인천광역시,outside_region,contained:인천광역시
GGB165000630,인천남동우체국,37.4021,126.7116333,인천광역시,outside_region,contained:인천광역시
GGB163000275,인천남부초.힐스테이트푸르지오,37.4517,126.6775667,인천광역시,outside_region,contained:인천광역시
GGB166000878,인천노인전문병원,37.4953667,126.7299667,인천광역시,outside_region,contained:인천광역시
GGB165000659,인천논현역앞,37.4001167,126.72495,인천광역시,outside_region,contained:인천광역시
GGB165000658,인천논현역앞,37.3999833,126.7246,인천광역시,outside_region,contained:인천광역시
GGB165001062,인천논현중학교,37.4080333,126.73225,인천광역시,outside_region,contained:인천광역시
GGB165001060,인천논현중학교,37.40895,126.7325667,인천광역시,outside_region,contained:인천광역시
GGB165000478,인천대공원,37.4603333,126.7491,인천광역시,outside_region,contained:인천광역시
GGB165000471,인천대공원,37.4579833,126.7487167,인천광역시,outside_region,contained:인천광역시
GGB165000398,인천대공원역,37.4483,126.7553667,인천광역시,outside_region,contained:인천광역시
GGB165000395,인천대공원역,37.4482,126.7546333,인천광역시,outside_region,contained:인천광역시
GGB277103438,인천대교(미정차),37.4149833,126.5644,인천광역시,outside_region,nearest:인천광역시 2333 m
GGB277103437,인천대교(미정차),37.4147167,126.5640667,인천광역시,outside_region,nearest:인천광역시 2368 m
GGB277103303,인천대교TG(미정차),37.4701167,126.5133167,인천광역시,outside_region,contained:인천광역시
GGB277103302,인천대교TG(미정차),37.4698833,126.5125667,인천광역시,outside_region,contained:인천광역시
GGB164000395,인천대입구역,37.3854333,126.6386,인천광역시,outside_region,contained:인천광역시
GGB164000396,인천대입구역,37.3850667,126.6389333,인천광역시,outside_region,contained:인천광역시
GGB164000385,인천대정문,37.3783667,126.6345667,인천광역시,outside_region,contained:인천광역시
GGB164000386,인천대정문,37.3776,126.6352,인천광역시,outside_region,contained:인천광역시
GGB164000499,인천대학교공과대학,37.3717333,126.6334333,인천광역시,outside_region,contained:인천광역시
GGB164000377,인천대학교공과대학,37.3723833,126.6345167,인천광역시,outside_region,contained:인천광역시
GGB164000376,인천대학교공과대학,37.3731167,126.63475,인천광역시,outside_region,contained:인천광역시
GGB164000378,인천대학교자연과학대학,37.3742833,126.6363,인천광역시,outside_region,contained:인천광역시
GGB164000375,인천대학교자연과학대학,37.3749833,126.6365,인천광역시,outside_region,contained:인천광역시
GGB168000556,인천마전도서관,37.59375,126.6630167,인천광역시,outside_region,contained:인천광역시
GGB165000680,인천만수고등학교,37.4463833,126.7428833,인천광역시,outside_region,contained:인천광역시
GGB165000681,인천만수고등학교,37.4465667,126.7429833,인천광역시,outside_region,contained:인천광역시
GGB166000483,인천미래생활고등학교,37.5011,126.7434667,인천광역시,outside_region,contained:인천광역시
GGB166000470,인천미래생활고등학교,37.5002667,126.7419667,인천광역시,outside_region,contained:인천광역시
GGB166000474,인천미래생활고등학교,37.5004667,126.7426667,인천광역시,outside_region,contained:인천광역시
GGB166000279,인천부흥고등학교,37.4918667,126.7361667,인천광역시,outside_region,contained:인천광역시
GGB164000052,인천뷰티예술고등학교,37.403,126.6721167,인천광역시,outside_region,contained:인천광역시
GGB164000053,인천뷰티예술고등학교,37.4027167,126.6728333,인천광역시,outside_region,contained:인천광역시
GGB163000423,인천비즈니스고등학교,37.4719167,126.6677667,인천광역시,outside_region,contained:인천광역시
GGB163000421,인천비즈니스고등학교,37.4714833,126.66705,인천광역시,outside_region,contained:인천광역시
GGB168001355,인천서곶초등학교,37.54665,126.6691167,인천광역시,outside_region,contained:인천광역시
GGB168001358,인천서곶초등학교,37.5467,126.6693833,인천광역시,outside_region,contained:인천광역시
GGB168000336,인천서부교육지원청,37.5517333,126.6888667,인천광역시,outside_region,contained:인천광역시
GGB168000337,인천서부교육지원청,37.5520667,126.6887167,인천광역시,outside_region,contained:인천광역시
GGB165000821,인천서창동우체국,37.42255,126.7518833,인천광역시,outside_region,contained:인천광역시
GGB165000820,인천서창동우체국,37.4223667,126.7521333,인천광역시,outside_region,contained:인천광역시
GGB166000857,인천성모병원정문,37.48555,126.72585,인천광역시,outside_region,contained:인천광역시
GGB166000844,인천성모병원정문,37.4853833,126.7259833,인천광역시,outside_region,contained:인천광역시
GGB166000919,인천성모병원종점지주차장,37.48415,126.7263833,인천광역시,outside_region,contained:인천광역시
GGB166000138,인천성모병원후문,37.4851333,126.7242333,인천광역시,outside_region,contained:인천광역시
GGB166000139,인천성모병원후문,37.4853167,126.7240333,인천광역시,outside_region,contained:인천광역시
GGB164000775,인천세관통합검사센터(서측),37.4201167,126.6145333,인천광역시,outside_region,contained:인천광역시
GGB164000774,인천세관통합검사센터(서측),37.4211833,126.61405,인천광역시,outside_region,contained:인천광역시
GGB163000191,인천소방본부,37.4485833,126.6701667,인천광역시,outside_region,contained:인천광역시
GGB163000189,인천소방본부,37.4488333,126.6695,인천광역시,outside_region,contained:인천광역시
GGB164000558,인천송일초등학교,37.3844167,126.63605,인천광역시,outside_region,contained:인천광역시
GGB164000575,인천송일초등학교,37.38445,126.6355833,인천광역시,outside_region,contained:인천광역시
GGB164000390,인천스타트업파크,37.3870833,126.6411,인천광역시,outside_region,contained:인천광역시
GGB164000394,인천스타트업파크,37.3872167,126.6405333,인천광역시,outside_region,contained:인천광역시
GGB165000290,인천시청후문,37.4566,126.7048333,인천광역시,outside_region,contained:인천광역시
GGB165000292,인천시청후문,37.4568833,126.7047667,인천광역시,outside_region,contained:인천광역시
GGB168001354,인천아시아드주경기장(동문),37.5496167,126.6687833,인천광역시,outside_region,contained:인천광역시
GGB168001359,인천아시아드주경기장(동문),37.5493833,126.669,인천광역시,outside_region,contained:인천광역시
GGB168001357,인천아시아드테니스장,37.54355,126.6696667,인천광역시,outside_region,contained:인천광역시
GGB168001356,인천아시아드테니스장,37.5435,126.6694167,인천광역시,outside_region,contained:인천광역시
GGB164000289,인천여자고등학교,37.4231333,126.6903333,인천광역시,outside_region,contained:인천광역시
GGB164000287,인천여자고등학교,37.4227833,126.6903833,인천광역시,outside_region,contained:인천광역시
GGB161000141,인천여자상업고등학교,37.4661667,126.6285667,인천광역시,outside_region,contained:인천광역시
GGB161000139,인천여자상업고등학교,37.4662833,126.6274833,인천광역시,outside_region,contained:인천광역시
GGB168000601,인천연합의원,37.515,126.6688167,인천광역시,outside_region,contained:인천광역시
GGB166000819,인천예림학교(인천성모병원),37.4861333,126.7289667,인천광역시,outside_region,contained:인천광역시
GGB166000820,인천예림학교(인천성모병원),37.4861,126.7294167,인천광역시,outside_region,contained:인천광역시
GGB161000555,인천옹진농협본점,37.4636,126.6380667,인천광역시,outside_region,contained:인천광역시
GGB162000093,인천의료원,37.4789,126.6667667,인천광역시,outside_region,contained:인천광역시
GGB163000458,인천의료원,37.4783,126.6672,인천광역시,outside_region,contained:인천광역시
GGB162000107,인천의료원,37.4776333,126.6711333,인천광역시,outside_region,contained:인천광역시
GGB162000108,인천의료원,37.47775,126.6708667,인천광역시,outside_region,contained:인천광역시
GGB162000119,인천재능대학교서문,37.47775,126.6504667,인천광역시,outside_region,contained:인천광역시
GGB162000058,인천재능대학교서문,37.4773667,126.65035,인천광역시,outside_region,contained:인천광역시
GGB164000339,인천적십자병원.풍림아파트,37.4186167,126.69165,인천광역시,outside_region,contained:인천광역시
GGB164000240,인천적십자병원.풍림아파트,37.4183833,126.69185,인천광역시,outside_region,contained:인천광역시
GGB161000183,인천정보과학고등학교,37.4717833,126.6360167,인천광역시,outside_region,contained:인천광역시
GGB162000002,인천정보과학고등학교,37.4712833,126.63705,인천광역시,outside_region,contained:인천광역시
GGB161000074,인천종합수산물센터,37.4555667,126.6030167,인천광역시,outside_region,contained:인천광역시
GGB277104639,인천진입(미정차),37.5595,126.7698167,인천광역시,outside_region,contained:인천광역시
GGB166000454,인천축산농협,37.5024,126.731,인천광역시,outside_region,contained:인천광역시
GGB166000457,인천축산농협,37.5027,126.7306667,인천광역시,outside_region,contained:인천광역시
GGB161000127,인천출입국.외국인청,37.4603167,126.6317,인천광역시,outside_region,contained:인천광역시
GGB161000129,인천출입국.외국인청,37.4609667,126.63145,인천광역시,outside_region,contained:인천광역시
GGB165000856,인천터미널,37.4412667,126.70135,인천광역시,outside_region,contained:인천광역시
GGB165000808,인천터미널,37.4413167,126.70105,인천광역시,outside_region,contained:인천광역시
GGB277104415,인천터미널출발(미정차),37.4383667,126.7061167,인천광역시,outside_region,contained:인천광역시
GGB166000607,인천테크노밸리U1센터,37.5159,126.7261333,인천광역시,outside_region,contained:인천광역시
GGB166000605,인천테크노밸리U1센터,37.5157667,126.72635,인천광역시,outside_region,contained:인천광역시
GGB164000664,인천항신국제여객터미널,37.4237667,126.6058333,인천광역시,outside_region,contained:인천광역시
GGB164000654,인천항신국제여객터미널,37.42315,126.6054833,인천광역시,outside_region,contained:인천광역시
GGB163000059,인천향교유림회관,37.43965,126.6712667,인천광역시,outside_region,contained:인천광역시
GGB163000062,인천향교유림회관,37.43985,126.6714167,인천광역시,outside_region,contained:인천광역시
GGB165000629,인천힘찬종합병원,37.4017333,126.7137833,인천광역시,outside_region,contained:인천광역시
GGB165000628,인천힘찬종합병원,37.4019333,126.7139833,인천광역시,outside_region,contained:인천광역시
GGB166000787,인평자동차고,37.4915,126.7047167,인천광역시,outside_region,contained:인천광역시
GGB166000149,인평자동차고,37.4917,126.7049833,인천광역시,outside_region,contained:인천광역시
GGB161000121,인하대병원,37.4580833,126.6324,인천광역시,outside_region,contained:인천광역시
GGB161000119,인하대병원,37.4574333,126.6335667,인천광역시,outside_region,contained:인천광역시
GGB161000486,인하대병원,37.4593333,126.6337167,인천광역시,outside_region,contained:인천광역시
GGB163000066,인하대역(1번출구),37.44655,126.6502667,인천광역시,outside_region,contained:인천광역시
GGB163000091,인하대역(7번출구),37.4476667,126.6502833,인천광역시,outside_region,contained:인천광역시
GGB163000127,인하대역3번출구,37.4502,126.6491,인천광역시,outside_region,contained:인천광역시
GGB163000122,인하대역4번출구,37.44975,126.6497167,인천광역시,outside_region,contained:인천광역시
GGB163000104,인하대정문,37.44715,126.65415,인천광역시,outside_region,contained:인천광역시
GGB163000099,인하대정문,37.447,126.6537167,인천광역시,outside_region,contained:인천광역시
GGB163000166,인하대후문,37.4509667,126.65705,인천광역시,outside_region,contained:인천광역시
GGB163000167,인하대후문,37.45145,126.6561167,인천광역시,outside_region,contained:인천광역시
GGB166000557,인향아파트,37.52085,126.69635,인천광역시,outside_region,contained:인천광역시
GGB166000559,인향아파트,37.5210833,126.6964167,인천광역시,outside_region,contained:인천광역시
GGB166000220,일신동행정복지센터,37.4847,126.7467833,인천광역시,outside_region,contained:인천광역시
GGB166000200,일신동행정복지센터,37.4842167,126.7460167,인천광역시,outside_region,contained:인천광역시
GGB166000210,일신시장,37.4859,126.7428333,인천광역시,outside_region,contained:인천광역시
GGB166000207,일신시장,37.4855833,126.7427,인천광역시,outside_region,contained:인천광역시
GGB166000866,일신주공,37.4819667,126.73975,인천광역시,outside_region,contained:인천광역시
GGB166000868,일신주공109동,37.4819833,126.74185,인천광역시,outside_region,contained:인천광역시
GGB354000001,일직,36.4757667,128.6606167,경상북도 안동시,outside_region,far
GGB354000002,일직,36.4756833,128.6609167,경상북도 안동시,outside_region,far
GGB165000515,임광그대가.서창자이아파트,37.4372333,126.7497333,인천광역시,outside_region,contained:인천광역시
GGB165000514,임광그대가.서창자이아파트,37.4374667,126.74975,인천광역시,outside_region,contained:인천광역시
GGB165001025,임광그대가103동,37.4382667,126.7487333,인천광역시,outside_region,contained:인천광역시
GGB354500040,임동정류소,36.5682667,128.9202,경상북도 안동시,outside_region,far
GGB354500030,임동정류소,36.5682,128.92,경상북도 안동시,outside_region,far
GGB277102890,임실IC(미정차),35.63095,127.3159333,전라북도 임실군,outside_region,far
GGB277102889,임실IC(미정차),35.6309667,127.31525,전라북도 임실군,outside_region,far
GGB167000283,임학사거리,37.5440833,126.7376,인천광역시,outside_region,contained:인천광역시
GGB167000290,임학역,37.5452,126.7389,인천광역시,outside_region,contained:인천광역시
GGB167000292,임학역,37.5454833,126.7388667,인천광역시,outside_region,contained:인천광역시
GGB167000288,임학지하차도앞사거리,37.5435,126.74255,인천광역시,outside_region,contained:인천광역시
GGB167000287,임학지하차도앞사거리,37.5435833,126.7415833,인천광역시,outside_region,contained:인천광역시
GGB277103775,입국장진입(미정차),37.48035,126.42315,인천광역시,outside_region,contained:인천광역시
GGB364500010,입암정류소,36.5944167,129.0898,경상북도 영양군,outside_region,far
GGB364500030,입암정류소,36.5944833,129.0900667,경상북도 영양군,outside_region,far
GGB277101005,입장휴게소(미정차),36.94195,127.1896167,충청남도 천안시,outside_region,contained:충청남도
GGB162000094,자동차매매단지,37.4799833,126.66455,인천광역시,outside_region,contained:인천광역시
GGB163000459,자동차매매단지,37.4798,126.6643,인천광역시,outside_region,contained:인천광역시
GGB168000849,자이금호힐스테이트,37.5973833,126.6407167,인천광역시,outside_region,contained:인천광역시
GGB168000850,자이금호힐스테이트,37.5970167,126.64105,인천광역시,outside_region,contained:인천광역시
GGB168001297,자이더테라스1단지,37.5219,126.6246667,인천광역시,outside_region,contained:인천광역시
GGB168001298,자이더테라스1단지,37.5218333,126.6244333,인천광역시,outside_region,contained:인천광역시
GGB165000240,작은구월사거리,37.4481333,126.71835,인천광역시,outside_region,contained:인천광역시
GGB165000239,작은구월사거리,37.4478667,126.7187167,인천광역시,outside_region,contained:인천광역시
GGB167000113,작전1동주민센터,37.5307,126.7309167,인천광역시,outside_region,contained:인천광역시
GGB167000050,작전동삼성홈플러스,37.52745,126.7222333,인천광역시,outside_region,contained:인천광역시
GGB167000044,작전동삼성홈플러스,37.5265833,126.72255,인천광역시,outside_region,contained:인천광역시
GGB167000090,작전동풍림아파트,37.5277167,126.7335,인천광역시,outside_region,contained:인천광역시
GGB167000561,작전역(중),37.5301833,126.7218,인천광역시,outside_region,contained:인천광역시
GGB167000562,작전역(중),37.5304833,126.7230833,인천광역시,outside_region,contained:인천광역시
GGB167000047,작전역.서해그랑블,37.5280167,126.71985,인천광역시,outside_region,contained:인천광역시
GGB167000414,작전역.서해그랑블,37.5278333,126.7203833,인천광역시,outside_region,contained:인천광역시
GGB167000095,작전역1번출구,37.5316167,126.7227,인천광역시,outside_region,contained:인천광역시
GGB167000076,작전역3번출구,37.5298333,126.7234833,인천광역시,outside_region,contained:인천광역시
GGB167000062,작전역4번출구,37.5293333,126.7227,인천광역시,outside_region,contained:인천광역시
GGB167000057,작전역5번출구,37.5286,126.7223,인천광역시,outside_region,contained:인천광역시
GGB167000401,작전역7번출구,37.5307167,126.72185,인천광역시,outside_region,contained:인천광역시
GGB167000093,작전역8번출구,37.5314,126.7222833,인천광역시,outside_region,contained:인천광역시
GGB167000091,작전풍림아파트,37.5277333,126.7331,인천광역시,outside_region,contained:인천광역시
GGB167000080,작전풍림아파트,37.5270333,126.7334667,인천광역시,outside_region,contained:인천광역시
GGB281000013,장고개,37.0188167,127.4924167,충청북도 음성군,outside_region,contained:충청북도
GGB281000006,장고개,37.0187333,127.4922667,충청북도 음성군,outside_region,contained:충청북도
GGB167000345,장기동,37.5774167,126.7330667,인천광역시,outside_region,contained:인천광역시
GGB167000346,장기동,37.5779167,126.7325333,인천광역시,outside_region,contained:인천광역시
GGB167000348,장기동,37.5786,126.7347167,인천광역시,outside_region,contained:인천광역시
GGB167000347,장기동,37.5779167,126.7353,인천광역시,outside_region,contained:인천광역시
GGB277103771,장기주차장(미정차),37.4837,126.4118167,인천광역시,outside_region,contained:인천광역시
GGB277104744,장기주차장출발(미정차),37.4824833,126.4208,인천광역시,outside_region,contained:인천광역시
GGB165000127,장도초등학교,37.40685,126.7333,인천광역시,outside_region,contained:인천광역시
GGB165000129,장도초등학교,37.40645,126.7343,인천광역시,outside_region,contained:인천광역시
GGB163000044,장미아파트,37.4435,126.6560833,인천광역시,outside_region,contained:인천광역시
GGB163000474,장미아파트(19동)앞,37.4457167,126.6562,인천광역시,outside_region,contained:인천광역시
GGB163000540,장미아파트(19동)앞,37.4457333,126.6564,인천광역시,outside_region,contained:인천광역시
GGB163000094,장미아파트.학익초등학교,37.4456833,126.6577,인천광역시,outside_region,contained:인천광역시
GGB163000092,장미아파트.학익초등학교,37.44545,126.6575667,인천광역시,outside_region,contained:인천광역시
GGB165000966,장서초등학교,37.4298833,126.7464833,인천광역시,outside_region,contained:인천광역시
GGB165000965,장서초등학교,37.4297167,126.7465333,인천광역시,outside_region,contained:인천광역시
GGB277101080,장성IC(미정차),35.2853667,126.7871833,전라남도 장성군,outside_region,far
GGB277101079,장성IC(미정차),35.2856333,126.7866667,전라남도 장성군,outside_region,far
GGB277101077,장성JC(미정차),35.3299833,126.80435,전라남도 장성군,outside_region,far
GGB277101078,장성JC(미정차),35.32965,126.8043167,전라남도 장성군,outside_region,far
GGB165000580,장수.서창동행정복지센터,37.4353333,126.7482667,인천광역시,outside_region,contained:인천광역시
GGB165000581,장수.서창동행정복지센터,37.4356,126.7483,인천광역시,outside_region,contained:인천광역시
GGB277103188,장수IC(미정차),37.4671333,126.7543167,인천광역시,outside_region,contained:인천광역시
GGB277103189,장수IC(미정차),37.466,126.7550333,인천광역시,outside_region,contained:인천광역시
GGB277103439,장수IC(미정차),37.4656333,126.7544833,인천광역시,outside_region,contained:인천광역시
GGB165001064,장수공영차고지,37.4628333,126.75055,인천광역시,outside_region,contained:인천광역시
GGB165000566,장수공영차고지,37.4632333,126.7507333,인천광역시,outside_region,contained:인천광역시
GGB165000336,장수교,37.4471333,126.7464833,인천광역시,outside_region,contained:인천광역시
GGB165000337,장수교(서창동입구),37.4468667,126.7470833,인천광역시,outside_region,contained:인천광역시
GGB165000393,장수동,37.4493167,126.7506667,인천광역시,outside_region,contained:인천광역시
GGB165000373,장수동,37.4486333,126.7492333,인천광역시,outside_region,contained:인천광역시
GGB165000391,장수동,37.449,126.7506167,인천광역시,outside_region,contained:인천광역시
GGB165000389,장수사거리,37.44975,126.7482167,인천광역시,outside_region,contained:인천광역시
GGB165000501,장수사거리,37.4493833,126.7484667,인천광역시,outside_region,contained:인천광역시
GGB165000342,장수초등학교,37.4492,126.7414167,인천광역시,outside_region,contained:인천광역시
GGB165000352,장수초등학교,37.44965,126.7415667,인천광역시,outside_region,contained:인천광역시
GGB165000874,장아초등학교,37.4240833,126.7556333,인천광역시,outside_region,contained:인천광역시
GGB165000873,장아초등학교,37.4236,126.7541833,인천광역시,outside_region,contained:인천광역시
GGB169001083,장안말(구초지분교)입구,37.6228833,126.5160167,인천광역시,outside_region,contained:인천광역시
GGB169001084,장안말(구초지분교)입구,37.6228,126.5167333,인천광역시,outside_region,contained:인천광역시
GGB163000285,장안사거리,37.4629333,126.6449,인천광역시,outside_region,contained:인천광역시
GGB163000295,장안사거리,37.4635333,126.6458333,인천광역시,outside_region,contained:인천광역시
GGB260500140,장평시외버스터미널,37.5860833,128.4143167,강원특별자치도 평창군,outside_region,contained:강원특별자치도
GGB260500100,장평시외버스터미널,37.586,128.4143,강원특별자치도 평창군,outside_region,contained:강원특별자치도
GGB500000107,장호원교,37.1190333,127.63505,충청북도 음성군,outside_region,contained:충청북도
GGB169001082,장흥저수지(성공회.해든뮤지움),37.6233333,126.50875,인천광역시,outside_region,contained:인천광역시
GGB169001081,장흥저수지(성공회.해든뮤지움),37.6229333,126.50945,인천광역시,outside_region,contained:인천광역시
GGB398500010,적교,35.5257167,128.3584167,경상남도 합천군,outside_region,far
GGB398500020,적교,35.5268333,128.3581833,경상남도 합천군,outside_region,far
GGB169000893,전등사남문,37.63185,126.49135,인천광역시,outside_region,contained:인천광역시
GGB169000515,전등사남문,37.63145,126.4914,인천광역시,outside_region,contained:인천광역시
GGB169000895,전등사동문,37.6342667,126.4918333,인천광역시,outside_region,contained:인천광역시
GGB169000521,전등사동문,37.6337667,126.4920167,인천광역시,outside_region,contained:인천광역시
GGB277101052,전주IC(미정차),35.8782333,127.0554,전라북도 전주시,outside_region,far
GGB277101051,전주IC(미정차),35.8787167,127.0552667,전라북도 전주시,outside_region,far
GGB277101053,전주TG(미정차),35.878,127.0600833,전라북도 전주시,outside_region,far
GGB277101054,전주TG(미정차),35.8778667,127.06015,전라북도 전주시,outside_region,far
GGB306500020,전주시외버스터미널,35.8346167,127.13235,전라북도 전주시,outside_region,far
GGB306500090,전주월드컵경기장,35.86645,127.0622167,전라북도 전주시,outside_region,far
GGB306500080,전주월드컵경기장,35.8664333,127.0618667,전라북도 전주시,outside_region,far
GGB500000017,점말,37.6240333,127.6643,강원특별자치도 홍천군,outside_region,contained:강원특별자치도
GGB500000018,점말,37.62385,127.66405,강원특별자치도 홍천군,outside_region,contained:강원특별자치도
GGB257000007,점말.모곡1리,37.68215,127.5863167,강원특별자치도 홍천군,outside_region,contained:강원특별자치도
GGB257000008,점말.모곡1리,37.6822333,127.5863667,강원특별자치도 홍천군,outside_region,contained:강원특별자치도
GGB359500170,점촌터미널,36.5860667,128.1926833,경상북도 문경시,outside_region,far
GGB359500160,점촌터미널,36.5859167,128.1927167,경상북도 문경시,outside_region,far
GGB277101385,점촌함창IC(미정차),36.5862833,128.1548667,경상북도 상주시,outside_region,far
GGB277101386,점촌함창IC(미정차),36.5859667,128.15485,경상북도 상주시,outside_region,far
GGB277101388,점촌함창TG(미정차),36.5867,128.16075,경상북도 상주시,outside_region,far
GGB277101387,점촌함창TG(미정차),36.58685,128.1606833,경상북도 상주시,outside_region,far
GGB165000477,정광아파트.만수주공11단지,37.46305,126.7401167,인천광역시,outside_region,contained:인천광역시
GGB165000476,정광아파트.만수주공11단지,37.4628667,126.74015,인천광역시,outside_region,contained:인천광역시
GGB161000083,정기무역,37.4554,126.6093167,인천광역시,outside_region,contained:인천광역시
GGB165001024,정다운그린빌,37.4384667,126.7486,인천광역시,outside_region,contained:인천광역시
GGB252510350,정동진역,37.6902833,129.03225,강원특별자치도 강릉시,outside_region,contained:강원특별자치도
GGB252510360,정동진역,37.6904,129.0319833,강원특별자치도 강릉시,outside_region,contained:강원특별자치도
GGB166000413,정병원,37.4974667,126.7378333,인천광역시,outside_region,contained:인천광역시
GGB163000386,정부인천지방합동청사,37.4682333,126.66285,인천광역시,outside_region,contained:인천광역시
GGB163000388,정부인천지방합동청사,37.4684667,126.6632667,인천광역시,outside_region,contained:인천광역시
GGB163000170,정석항공과학고,37.4504667,126.65975,인천광역시,outside_region,contained:인천광역시
GGB163000168,정석항공과학고,37.4501833,126.6599667,인천광역시,outside_region,contained:인천광역시
GGB277101014,정안IC(미정차),36.62515,127.1201833,충청남도 공주시,outside_region,contained:충청남도
GGB277101015,정안IC(미정차),36.6246667,127.1205,충청남도 공주시,outside_region,contained:충청남도
GGB277101016,정안TG(미정차),36.6214333,127.122,충청남도 공주시,outside_region,contained:충청남도
GGB277101017,정안TG(미정차),36.6213333,127.1224667,충청남도 공주시,outside_region,contained:충청남도
GGB286500050,정안휴게소,36.5717167,127.11275,충청남도 공주시,outside_region,contained:충청남도
GGB286500060,정안휴게소,36.5698833,127.1149333,충청남도 공주시,outside_region,contained:충청남도
GGB277101019,정안휴게소(미정차),36.5699333,127.1135333,충청남도 공주시,outside_region,contained:충청남도
GGB277101018,정안휴게소(미정차),36.5701,127.1132667,충청남도 공주시,outside_region,contained:충청남도
GGB277101067,정읍IC(미정차),35.5811333,126.8330833,전라북도 정읍시,outside_region,far
GGB277101068,정읍IC(미정차),35.5808333,126.8332333,전라북도 정읍시,outside_region,far
GGB309500010,정읍시외버스터미널,35.57275,126.84535,전라북도 정읍시,outside_region,far
GGB309500020,정읍시외버스터미널,35.57265,126.8454,전라북도 정읍시,outside_region,far
GGB277101066,정읍휴게소(미정차),35.6008333,126.8636,전라북도 정읍시,outside_region,far
GGB277101065,정읍휴게소(미정차),35.6006833,126.8627,전라북도 정읍시,outside_region,far
GGB277103778,제1여객터미널진입(미정차),37.4325667,126.44415,인천광역시,outside_region,contained:인천광역시
GGB277103783,제1여객터미널진입1(미정차),37.4489833,126.4872,인천광역시,outside_region,contained:인천광역시
GGB277103782,제1여객터미널진입1(미정차),37.4398833,126.4552667,인천광역시,outside_region,contained:인천광역시
GGB274199293,제1여객터미널진입2(미정차),37.4431,126.4656833,인천광역시,outside_region,contained:인천광역시
GGB277103781,제1여객터미널진입2(미정차),37.44135,126.47465,인천광역시,outside_region,contained:인천광역시
GGB277103779,제1여객터미널진입3(미정차),37.4457333,126.4637,인천광역시,outside_region,contained:인천광역시
GGB277103776,제1여객터미널진입4(미정차),37.4482833,126.45875,인천광역시,outside_region,contained:인천광역시
GGB277103780,제1여객터미널진입4(미정차),37.448,126.45855,인천광역시,outside_region,contained:인천광역시
GGB277103772,제2여객터미널진입1(미정차),37.4911667,126.4132667,인천광역시,outside_region,contained:인천광역시
GGB277103802,제2여객터미널진입2(미정차),37.4781333,126.39155,인천광역시,outside_region,contained:인천광역시
GGB277103801,제2여객터미널진입3(미정차),37.46475,126.4012167,인천광역시,outside_region,contained:인천광역시
GGB277103774,제2여객터미널출발(미정차),37.4906,126.4172,인천광역시,outside_region,contained:인천광역시
GGB277103777,제2여객터미널출발1(미정차),37.4914,126.4131,인천광역시,outside_region,contained:인천광역시
GGB277103799,제2여객터미널출발2(미정차),37.4781667,126.39135,인천광역시,outside_region,contained:인천광역시
GGB277103800,제2여객터미널출발3(미정차),37.4645333,126.4009167,인천광역시,outside_region,contained:인천광역시
GGB163000290,제물포여자중학교,37.44965,126.6897333,인천광역시,outside_region,contained:인천광역시
GGB163000298,제물포여자중학교,37.4510167,126.68835,인천광역시,outside_region,contained:인천광역시
GGB163000364,제물포역,37.4680833,126.6551333,인천광역시,outside_region,contained:인천광역시
GGB163000502,제물포역,37.4676667,126.6570167,인천광역시,outside_region,contained:인천광역시
GGB163000496,제물포역,37.4661,126.6572667,인천광역시,outside_region,contained:인천광역시
GGB163000355,제물포역,37.4663833,126.6572833,인천광역시,outside_region,contained:인천광역시
GGB163000175,제운사거리.청년창업특화거리,37.4483167,126.66755,인천광역시,outside_region,contained:인천광역시
GGB163000534,제운사거리.청년창업특화거리,37.4483667,126.6678833,인천광역시,outside_region,contained:인천광역시
GGB163000329,제일시장,37.4591667,126.6752667,인천광역시,outside_region,contained:인천광역시
GGB277101350,제천IC(미정차),37.1330333,128.1428167,충청북도 제천시,outside_region,contained:충청북도
GGB277101349,제천IC(미정차),37.1333,128.1422167,충청북도 제천시,outside_region,contained:충청북도
GGB277101351,제천TG(미정차),37.1338833,128.1473167,충청북도 제천시,outside_region,contained:충청북도
GGB277101352,제천TG(미정차),37.1341333,128.14725,충청북도 제천시,outside_region,contained:충청북도
GGB273500130,제천버스터미널,37.1420333,128.21105,충청북도 제천시,outside_region,contained:충청북도
GGB273500190,제천버스터미널,37.1420667,128.2110667,충청북도 제천시,outside_region,contained:충청북도
GGB277101353,제천휴게소(미정차),37.0932,128.1566,충청북도 제천시,outside_region,contained:충청북도
GGB277101354,제천휴게소(미정차),37.099,128.1522833,충청북도 제천시,outside_region,contained:충청북도
GGB161000114,조달청비축기지,37.45515,126.6279,인천광역시,outside_region,contained:인천광역시
GGB161000115,조달청비축기지,37.4556167,126.6287833,인천광역시,outside_region,contained:인천광역시
GGB353000002,조달품질원,36.1273667,128.1820667,,outside_region,far
GGB169000288,종갱이,37.6782333,126.4166167,인천광역시,outside_region,contained:인천광역시
GGB169000180,종갱이,37.6779667,126.41625,인천광역시,outside_region,contained:인천광역시
GGB166000005,종근당,37.4694333,126.6979167,인천광역시,outside_region,contained:인천광역시
GGB166000002,종근당,37.4690333,126.6978,인천광역시,outside_region,contained:인천광역시
GGB165000177,종합터미널,37.44195,126.7028667,인천광역시,outside_region,contained:인천광역시
GGB163000242,종합터미널,37.4417833,126.7026167,인천광역시,outside_region,contained:인천광역시
GGB168001371,좌동교차로,37.6117,126.6382833,인천광역시,outside_region,contained:인천광역시
GGB168001253,좌동마을,37.6142,126.6378333,인천광역시,outside_region,contained:인천광역시
GGB168000452,좌동마을,37.6141,126.6376333,인천광역시,outside_region,contained:인천광역시
GGB168000928,좌동마을입구,37.6133833,126.6413333,인천광역시,outside_region,contained:인천광역시
GGB168000456,좌동마을입구,37.6127667,126.6422833,인천광역시,outside_region,contained:인천광역시
GGB166000453,주공6단지후문,37.4986667,126.7427,인천광역시,outside_region,contained:인천광역시
GGB166000880,주공마트,37.4809833,126.7551167,인천광역시,outside_region,contained:인천광역시
GGB166000867,주공아파트,37.48215,126.7398,인천광역시,outside_region,contained:인천광역시
GGB166000879,주공아파트,37.4808833,126.7552,인천광역시,outside_region,contained:인천광역시
GGB272500230,주덕,36.9735333,127.80095,충청북도 충주시,outside_region,contained:충청북도
GGB272500220,주덕,36.9736667,127.8009,충청북도 충주시,outside_region,contained:충청북도
GGB277104966,주문진입체교차로(미정차),37.88215,128.82075,,outside_region,contained:강원특별자치도
GGB168000291,주물단지,37.5534333,126.6485333,인천광역시,outside_region,contained:인천광역시
GGB163000302,주안2동치안센터,37.4570167,126.6712,인천광역시,outside_region,contained:인천광역시
GGB163000214,주안7동행정복지센터,37.4480667,126.6774333,인천광역시,outside_region,contained:인천광역시
GGB163000216,주안7동행정복지센터,37.4483,126.67745,인천광역시,outside_region,contained:인천광역시
GGB163000284,주안남초등학교,37.4509333,126.68375,인천광역시,outside_region,contained:인천광역시
GGB163000283,주안남초등학교,37.4513833,126.6824667,인천광역시,outside_region,contained:인천광역시
GGB163000418,주안북부역,37.4671333,126.6786167,인천광역시,outside_region,contained:인천광역시
GGB163000417,주안북초등학교,37.4669833,126.6779833,인천광역시,outside_region,contained:인천광역시
GGB163000330,주안사거리,37.4588167,126.6772667,인천광역시,outside_region,contained:인천광역시
GGB163000514,주안사거리,37.4585,126.67675,인천광역시,outside_region,contained:인천광역시
GGB163000201,주안파크자이더플래티넘아파트,37.4483333,126.6736167,인천광역시,outside_region,contained:인천광역시
GGB163000204,주안파크자이더플래티넘아파트,37.4485333,126.674,인천광역시,outside_region,contained:인천광역시
GGB163000358,주안현대아파트,37.4583667,126.68435,인천광역시,outside_region,contained:인천광역시
GGB363500010,주왕산버스터미널,36.3906333,129.1415833,경상북도 청송군,outside_region,far
GGB165000608,주적골,37.4142167,126.7264833,인천광역시,outside_region,contained:인천광역시
GGB165000510,주적골,37.4148333,126.7263833,인천광역시,outside_region,contained:인천광역시
GGB277101136,죽암휴게소(미정차),36.4869,127.4301167,충청북도 청원군,outside_region,contained:충청북도
GGB277101249,줄포IC(미정차),35.5967333,126.6963667,전라북도 부안군,outside_region,far
GGB277101250,줄포IC(미정차),35.5964333,126.6967333,전라북도 부안군,outside_region,far
GGB168000038,중고차매매단지엠파크허브,37.4905667,126.6646333,인천광역시,outside_region,contained:인천광역시
GGB328500040,중마(동광양)버스터미널,34.9362333,127.6997333,전라남도 광양시,outside_region,far
GGB328500020,중마(동광양)버스터미널,34.93635,127.6997167,전라남도 광양시,outside_region,far
GGB168001420,중봉로교차로,37.524,126.6495833,인천광역시,outside_region,contained:인천광역시
GGB168001421,중봉로교차로,37.52405,126.6491,인천광역시,outside_region,contained:인천광역시
GGB167000268,중앙공영아파트,37.5413333,126.7402667,인천광역시,outside_region,contained:인천광역시
GGB168000014,중앙사료,37.4796167,126.6826833,인천광역시,outside_region,contained:인천광역시
GGB166000409,중앙아파트,37.4977833,126.7367,인천광역시,outside_region,contained:인천광역시
GGB167000110,중앙하이츠,37.5300833,126.7306333,인천광역시,outside_region,contained:인천광역시
GGB168001245,중앙호수공원입구(호반베르디움),37.52895,126.6404167,인천광역시,outside_region,contained:인천광역시
GGB277101421,증평IC(미정차),36.7719167,127.5021167,충청북도 청원군,outside_region,contained:충청북도
GGB277101422,증평IC(미정차),36.7713333,127.5019167,충청북도 청원군,outside_region,contained:충청북도
GGB277101424,증평TG(미정차),36.7693,127.5036,충청북도 청원군,outside_region,contained:충청북도
GGB277101423,증평TG(미정차),36.76915,127.50325,충청북도 청원군,outside_region,contained:충청북도
GGB278500010,증평공용시외버스,36.78635,127.5828333,충청북도 증평군,outside_region,contained:충청북도
GGB262500030,지경리,38.2350833,127.3499167,강원특별자치도 철원군,outside_region,contained:강원특별자치도
GGB262500070,지경리,38.2347333,127.3499333,강원특별자치도 철원군,outside_region,contained:강원특별자치도
GGB359500030,지동,36.5529833,128.0506,경상북도 문경시,outside_region,far
GGB359500020,지동,36.55295,128.0505,경상북도 문경시,outside_region,far
GGB344500010,진도공용터미널,34.4786167,126.2629167,전라남도 진도군,outside_region,far
GGB277102987,진례IC(미정차),35.2611333,128.7550667,경상남도 김해시,outside_region,far
GGB277102988,진례IC(미정차),35.2605167,128.7559,경상남도 김해시,outside_region,far
GGB363500040,진보시외버스터미널,36.5289,129.0430167,경상북도 청송군,outside_region,far
GGB363500050,진보시외버스터미널,36.5289167,129.0429833,경상북도 청송군,outside_region,far
GGB277101301,진부IC(미정차),37.6523833,128.5627333,강원특별자치도 평창군,outside_region,contained:강원특별자치도
GGB277101302,진부IC(미정차),37.652,128.5624,강원특별자치도 평창군,outside_region,contained:강원특별자치도
GGB277101304,진부TG(미정차),37.6484,128.5624667,강원특별자치도 평창군,outside_region,contained:강원특별자치도
GGB277101303,진부TG(미정차),37.6484667,128.56185,강원특별자치도 평창군,outside_region,contained:강원특별자치도
GGB260500150,진부시외버스터미널,37.6362167,128.55845,강원특별자치도 평창군,outside_region,contained:강원특별자치도
GGB260500090,진부시외버스터미널,37.6362667,128.5584833,강원특별자치도 평창군,outside_region,contained:강원특별자치도
GGB166000915,진산과학고등학교,37.51355,126.7442167,인천광역시,outside_region,contained:인천광역시
GGB166000640,진산과학고등학교,37.5138333,126.7443333,인천광역시,outside_region,contained:인천광역시
GGB166000575,진산중학교,37.5087333,126.74005,인천광역시,outside_region,contained:인천광역시
GGB166000581,진산중학교,37.5088167,126.7406333,인천광역시,outside_region,contained:인천광역시
GGB166000614,진산초등학교,37.5119667,126.7408333,인천광역시,outside_region,contained:인천광역시
GGB166000914,진산초등학교,37.5134,126.74165,인천광역시,outside_region,contained:인천광역시
GGB166000633,진산초등학교,37.51375,126.74175,인천광역시,outside_region,contained:인천광역시
GGB168000803,진웅종점,37.5892333,126.6061333,인천광역시,outside_region,contained:인천광역시
GGB168000804,진웅종점,37.5890833,126.6063333,인천광역시,outside_region,contained:인천광역시
GGB168000089,진주5단지503동앞,37.4921167,126.68655,인천광역시,outside_region,contained:인천광역시
GGB277101420,진천IC(미정차),36.8690667,127.4751833,충청북도 진천군,outside_region,contained:충청북도
GGB277101419,진천IC(미정차),36.8692667,127.4748333,충청북도 진천군,outside_region,contained:충청북도
GGB279500080,진천종합터미널,36.86035,127.4391333,,outside_region,contained:충청북도
GGB279500070,진천종합터미널,36.8603833,127.4390667,충청북도 진천군,outside_region,contained:충청북도
GGB168000548,진표에너지,37.5831,126.6533,인천광역시,outside_region,contained:인천광역시
GGB382500010,진해시외버스정류장,35.1449,128.6616,경상남도 진해시,outside_region,far
GGB163000240,진흥아파트,37.4478,126.6825667,인천광역시,outside_region,contained:인천광역시
GGB163000243,진흥아파트,37.448,126.6830167,인천광역시,outside_region,contained:인천광역시
GGB165000297,진흥아파트,37.44585,126.74055,인천광역시,outside_region,contained:인천광역시
GGB165000188,찬우물,37.4376333,126.7181667,인천광역시,outside_region,contained:인천광역시
GGB169000048,찬우물,37.72005,126.4763,인천광역시,outside_region,contained:인천광역시
GGB165000179,찬우물,37.43765,126.71775,인천광역시,outside_region,contained:인천광역시
GGB169000851,찬우물약수터,37.7204,126.4765167,인천광역시,outside_region,contained:인천광역시
GGB168000437,참빛감리교회,37.594,126.6943,인천광역시,outside_region,contained:인천광역시
GGB169000549,창골,37.72515,126.4829667,인천광역시,outside_region,contained:인천광역시
GGB277103008,창녕IC(미정차),35.5422,128.47675,경상남도 창녕군,outside_region,far
GGB277103007,창녕IC(미정차),35.5426333,128.4764,경상남도 창녕군,outside_region,far
GGB169000054,창리,37.7294833,126.48955,인천광역시,outside_region,contained:인천광역시
GGB169000053,창리,37.7286167,126.4887333,인천광역시,outside_region,contained:인천광역시
GGB169000052,창리,37.7263667,126.4856667,인천광역시,outside_region,contained:인천광역시
GGB379500110,창원종합버스터미널,35.23705,128.6393667,경상남도 창원시,outside_region,far
GGB379500100,창원종합버스터미널,35.2369167,128.6392167,경상남도 창원시,outside_region,far
GGB277101002,천안IC(미정차),36.8258167,127.1686667,충청남도 천안시,outside_region,contained:충청남도
GGB277101001,천안IC(미정차),36.8263167,127.1684667,충청남도 천안시,outside_region,contained:충청남도
GGB277101008,천안JC(미정차),36.77035,127.1799833,충청남도 천안시,outside_region,contained:충청남도
GGB277101009,천안JC(미정차),36.7698,127.1811333,충청남도 천안시,outside_region,contained:충청남도
GGB277101004,천안TG(미정차),36.8264667,127.1660167,충청남도 천안시,outside_region,contained:충청남도
GGB277101003,천안TG(미정차),36.8271333,127.1663333,충청남도 천안시,outside_region,contained:충청남도
GGB285500030,천안종합터미널,36.8198,127.1556,충청남도 천안시,outside_region,contained:충청남도
GGB285500020,천안종합터미널,36.8198333,127.1557333,충청남도 천안시,outside_region,contained:충청남도
GGB277101123,천안휴게소(미정차),36.7310333,127.2640167,충청남도 천안시,outside_region,contained:충청남도
GGB277101007,천안휴게소(미정차),36.7874833,127.1727667,충청남도 천안시,outside_region,contained:충청남도
GGB277104967,청곡교차로(미정차),38.0947667,128.6288333,,outside_region,contained:강원특별자치도
GGB165001070,청광플러스원101동앞,37.4302667,126.74815,인천광역시,outside_region,contained:인천광역시
GGB165000786,청광플러스원아파트,37.4316167,126.7502167,인천광역시,outside_region,contained:인천광역시
GGB165000775,청광플러스원아파트,37.4316333,126.7503333,인천광역시,outside_region,contained:인천광역시
GGB165000623,청능로사거리,37.4023833,126.72385,인천광역시,outside_region,contained:인천광역시
GGB165000622,청능로사거리,37.4024,126.72415,인천광역시,outside_region,contained:인천광역시
GGB168001336,청라BRT차고지입구,37.5132167,126.6245833,인천광역시,outside_region,contained:인천광역시
GGB168001337,청라BRT차고지입구,37.513,126.6223333,인천광역시,outside_region,contained:인천광역시
GGB168001522,청라BRT통합차고지,37.51305,126.6252167,인천광역시,outside_region,contained:인천광역시
GGB168001508,청라BRT통합차고지,37.5133167,126.62495,인천광역시,outside_region,contained:인천광역시
GGB168000784,청라고등학교,37.5369667,126.6599833,인천광역시,outside_region,contained:인천광역시
GGB168000785,청라고등학교,37.5368333,126.6595833,인천광역시,outside_region,contained:인천광역시
GGB168000923,청라국제도서관,37.5311833,126.66,인천광역시,outside_region,contained:인천광역시
GGB168000922,청라국제도서관,37.5311,126.6596333,인천광역시,outside_region,contained:인천광역시
GGB168001034,청라국제도시역,37.5559333,126.6258167,인천광역시,outside_region,contained:인천광역시
GGB168001289,청라국제어린이집,37.5347667,126.6599833,인천광역시,outside_region,contained:인천광역시
GGB168000984,청라국제업무단지(골드클래스),37.5292,126.6251667,인천광역시,outside_region,contained:인천광역시
GGB168000991,청라꽃농원,37.5341,126.6627667,인천광역시,outside_region,contained:인천광역시
GGB168001218,청라복합문화센터,37.52385,126.6345,인천광역시,outside_region,contained:인천광역시
GGB168001219,청라복합문화센터,37.5237,126.6346333,인천광역시,outside_region,contained:인천광역시
GGB168001288,청라웰카운티221동,37.53475,126.6596,인천광역시,outside_region,contained:인천광역시
GGB168000742,청라자이,37.5297333,126.6581667,인천광역시,outside_region,contained:인천광역시
GGB168001005,청라중봉대로(중),37.5299833,126.6500833,인천광역시,outside_region,contained:인천광역시
GGB168001004,청라중봉대로(중),37.5298333,126.6489167,인천광역시,outside_region,contained:인천광역시
GGB168001024,청라중앙호수공원입구(중),37.5299333,126.6399333,인천광역시,outside_region,contained:인천광역시
GGB168001021,청라중앙호수공원입구(중),37.52985,126.6412333,인천광역시,outside_region,contained:인천광역시
GGB168001497,청라푸르지오라피아노,37.5228,126.6320333,인천광역시,outside_region,contained:인천광역시
GGB168001498,청라푸르지오라피아노,37.5223333,126.6315833,인천광역시,outside_region,contained:인천광역시
GGB168000899,청라호반베르디움.포리공원,37.5272833,126.6409833,인천광역시,outside_region,contained:인천광역시
GGB168000919,청라호반베르디움.포리공원,37.5272167,126.6406333,인천광역시,outside_region,contained:인천광역시
GGB168000863,청라호수공원(남측),37.5259333,126.6392,인천광역시,outside_region,contained:인천광역시
GGB168000861,청라호수공원(남측),37.5258,126.6393667,인천광역시,outside_region,contained:인천광역시
GGB168000613,청소년수련관,37.5180833,126.6599,인천광역시,outside_region,contained:인천광역시
GGB169000078,청소년수련관,37.7378667,126.5124833,인천광역시,outside_region,contained:인천광역시
GGB169000079,청소년수련관,37.7376667,126.5125833,인천광역시,outside_region,contained:인천광역시
GGB168000612,청소년수련관,37.5179,126.6600167,인천광역시,outside_region,contained:인천광역시
GGB167000307,청소년수련관.어린이과학관.체육센터,37.5502333,126.7423167,인천광역시,outside_region,contained:인천광역시
GGB167000308,청소년수련관.어린이과학관.체육센터,37.5502,126.7428167,인천광역시,outside_region,contained:인천광역시
GGB277103698,청송IC(미정차),36.4554167,129.02725,경상북도 청송군,outside_region,far
GGB277103697,청송IC(미정차),36.4551667,129.0269,경상북도 청송군,outside_region,far
GGB363500030,청송버스터미널,36.4376667,129.0510167,경상북도 청송군,outside_region,far
GGB363500020,청송버스터미널,36.4376167,129.0510667,경상북도 청송군,outside_region,far
GGB277102951,청양IC(미정차),36.3744667,126.9508667,충청남도 청양군,outside_region,contained:충청남도
GGB277102952,청양IC(미정차),36.3739667,126.9504,충청남도 청양군,outside_region,contained:충청남도
GGB168000775,청양골,37.5340167,126.6765,인천광역시,outside_region,contained:인천광역시
GGB277104217,청양교차로(미정차),38.2429667,127.3747,강원특별자치도 철원군,outside_region,contained:강원특별자치도
GGB285000004,청용저수지제방,36.9049667,127.2788833,충청남도 천안시,outside_region,contained:충청남도
GGB285000003,청용저수지제방,36.9048333,127.2788167,충청남도 천안시,outside_region,contained:충청남도
GGB163000433,청운대삼거리.하늘꿈교회,37.4752,126.6581333,인천광역시,outside_region,contained:인천광역시
GGB163000500,청운대삼거리.하늘꿈교회,37.4749667,126.6581,인천광역시,outside_region,contained:인천광역시
GGB277101132,청원JC(미정차),36.5652167,127.43025,충청북도 청원군,outside_region,contained:충청북도
GGB277101133,청원JC(미정차),36.5643667,127.4309833,충청북도 청원군,outside_region,contained:충청북도
GGB277101128,청주IC(미정차),36.6266167,127.38305,충청북도 청원군,outside_region,contained:충청북도
GGB277101129,청주IC(미정차),36.6266667,127.3833333,충청북도 청원군,outside_region,contained:충청북도
GGB277101126,청주TG(미정차),36.6249333,127.3801,충청북도 청주시,outside_region,contained:충청북도
GGB277101127,청주TG(미정차),36.62475,127.3801667,충청북도 청주시,outside_region,contained:충청북도
GGB271500080,청주시외버스터미널,36.6249,127.4323,충청북도 청주시,outside_region,contained:충청북도
GGB271500090,청주시외버스터미널,36.6251167,127.4322333,충청북도 청주시,outside_region,contained:충청북도
GGB277101124,청주휴게소(미정차),36.71575,127.34725,충청북도 청원군,outside_region,contained:충청북도
GGB166000538,청천농장,37.5225,126.6872167,인천광역시,outside_region,contained:인천광역시
GGB168000511,청천농장,37.5226,126.6870833,인천광역시,outside_region,contained:인천광역시
GGB166000558,청천농장입구,37.5225167,126.6913833,인천광역시,outside_region,contained:인천광역시
GGB166000568,청천오거리,37.5176667,126.7102833,인천광역시,outside_region,contained:인천광역시
GGB166000896,청천천공영주차장,37.51675,126.7148,인천광역시,outside_region,contained:인천광역시
GGB166000586,청천초등학교,37.5204667,126.7044,인천광역시,outside_region,contained:인천광역시
GGB166000587,청천초등학교,37.52115,126.7039833,인천광역시,outside_region,contained:인천광역시
GGB166000579,청천초등학교후문,37.5208833,126.70075,인천광역시,outside_region,contained:인천광역시
GGB166000574,청천초등학교후문,37.5211167,126.69995,인천광역시,outside_region,contained:인천광역시
GGB166000537,청천치안센터,37.5172167,126.7044167,인천광역시,outside_region,contained:인천광역시
GGB166000533,청천치안센터,37.5170833,126.7040833,인천광역시,outside_region,contained:인천광역시
GGB164000496,청학중학교,37.4179333,126.6696333,인천광역시,outside_region,contained:인천광역시
GGB168001026,초은고등학교(중),37.5300167,126.65685,인천광역시,outside_region,contained:인천광역시
GGB168001025,초은고등학교(중),37.5298167,126.6560833,인천광역시,outside_region,contained:인천광역시
GGB167000254,초정마을,37.5402,126.7417167,인천광역시,outside_region,contained:인천광역시
GGB167000252,초정마을,37.5399333,126.7419,인천광역시,outside_region,contained:인천광역시
GGB169000106,초지대교,37.6279667,126.5329667,인천광역시,outside_region,contained:인천광역시
GGB169000017,초지대교,37.6278,126.5321667,인천광역시,outside_region,contained:인천광역시
GGB169000071,초지대교,37.62775,126.53315,인천광역시,outside_region,contained:인천광역시
GGB169000093,초지리,37.6339667,126.53095,인천광역시,outside_region,contained:인천광역시
GGB169000026,초지리,37.6349833,126.5302667,인천광역시,outside_region,contained:인천광역시
GGB169000508,초지삼거리,37.6387667,126.5233667,인천광역시,outside_region,contained:인천광역시
GGB169000112,초지삼거리,37.6385333,126.5231833,인천광역시,outside_region,contained:인천광역시
GGB169000024,초지진,37.6321833,126.5317,인천광역시,outside_region,contained:인천광역시
GGB169000025,초지진,37.6327333,126.53155,인천광역시,outside_region,contained:인천광역시
GGB277101163,추풍령휴게소(미정차),36.2008833,128.0018667,경상북도 김천시,outside_region,nearest:충청북도 594 m
GGB277101162,추풍령휴게소(미정차),36.2008833,128.0013333,경상북도 김천시,outside_region,nearest:충청북도 593 m
GGB371500020,춘양공용버스정류장,36.935,128.9132833,경상북도 봉화군,outside_region,far
GGB277101229,춘장대IC(미정차),36.1680167,126.6012333,충청남도 서천군,outside_region,contained:충청남도
GGB277101230,춘장대IC(미정차),36.1680833,126.6015667,충청남도 서천군,outside_region,contained:충청남도
GGB277101334,춘천JC(미정차),37.7486667,127.7938667,강원특별자치도 춘천시,outside_region,contained:강원특별자치도
GGB277101333,춘천JC(미정차),37.7494167,127.7936333,강원특별자치도 춘천시,outside_region,contained:강원특별자치도
GGB277101577,춘천JC(미정차),37.7561333,127.7882833,강원특별자치도 춘천시,outside_region,contained:강원특별자치도
GGB277101576,춘천JC(미정차),37.75605,127.7876,강원특별자치도 춘천시,outside_region,contained:강원특별자치도
GGB277101337,춘천TG(미정차),37.8391167,127.77585,강원특별자치도 춘천시,outside_region,contained:강원특별자치도
GGB277101338,춘천TG(미정차),37.83955,127.77595,강원특별자치도 춘천시,outside_region,contained:강원특별자치도
GGB250500170,춘천시외터미널,37.8634833,127.7177,강원특별자치도 춘천시,outside_region,contained:강원특별자치도
GGB250500330,춘천시외터미널,37.8633833,127.7177833,강원특별자치도 춘천시,outside_region,contained:강원특별자치도
GGB277101336,춘천휴게소(미정차),37.81135,127.7676833,강원특별자치도 춘천시,outside_region,contained:강원특별자치도
GGB277101335,춘천휴게소(미정차),37.8112667,127.7671333,강원특별자치도 춘천시,outside_region,contained:강원특별자치도
GGB277100930,출발(미정차),36.57195,128.6969333,경상북도 안동시,outside_region,far
GGB277104590,출발(미정차),36.6359333,127.4235333,충청북도 청주시,outside_region,contained:충청북도
GGB281500370,충북혁신도시버스터미널,36.9054833,127.5467667,충청북도 음성군,outside_region,contained:충청북도
GGB281500360,충북혁신도시버스터미널,36.90545,127.5468667,충청북도 음성군,outside_region,contained:충청북도
GGB166000117,충성아파트,37.4736667,126.7548667,인천광역시,outside_region,contained:인천광역시
GGB277101399,충주IC(미정차),36.9795333,127.8462167,충청북도 충주시,outside_region,contained:충청북도
GGB277101400,충주IC(미정차),36.9792333,127.8465667,충청북도 충주시,outside_region,contained:충청북도
GGB277104089,충주JC(미정차),37.0429333,127.7400333,충청북도 충주시,outside_region,contained:충청북도
GGB277104088,충주JC(미정차),37.0431833,127.7401,충청북도 충주시,outside_region,contained:충청북도
GGB277101401,충주TG(미정차),36.97285,127.8397333,충청북도 충주시,outside_region,contained:충청북도
GGB277101402,충주TG(미정차),36.9724,127.8401333,충청북도 충주시,outside_region,contained:충청북도
GGB272500150,충주공용버스터미널,36.9821,127.9147833,충청북도 충주시,outside_region,contained:충청북도
GGB272500050,충주공용버스터미널,36.98205,127.9149,충청북도 충주시,outside_region,contained:충청북도
GGB277101403,충주휴게소(미정차),37.0225,127.83815,충청북도 충주시,outside_region,contained:충청북도
GGB277101404,충주휴게소(미정차),37.02285,127.8382,충청북도 충주시,outside_region,contained:충청북도
GGB277101343,치악휴게소(미정차),37.2556667,128.04825,강원특별자치도 원주시,outside_region,contained:강원특별자치도
GGB277101344,치악휴게소(미정차),37.2547167,128.0492167,강원특별자치도 원주시,outside_region,contained:강원특별자치도
GGB277103030,칠곡IC(미정차),35.9356167,128.5352333,대구광역시,outside_region,far
GGB277103029,칠곡IC(미정차),35.9349833,128.5353,대구광역시,outside_region,far
GGB277101181,칠곡물류IC(미정차),35.9574833,128.45455,경상북도 칠곡군,outside_region,far
GGB277101182,칠곡물류IC(미정차),35.9571833,128.45505,경상북도 칠곡군,outside_region,far
GGB277103001,칠서IC(미정차),35.3282,128.5052667,경상남도 함안군,outside_region,far
GGB277103002,칠서IC(미정차),35.3275,128.5057,경상남도 함안군,outside_region,far
GGB277103000,칠원TG(미정차),35.2805333,128.5138667,경상남도 함안군,outside_region,far
GGB277102999,칠원TG(미정차),35.2801667,128.5133667,경상남도 함안군,outside_region,far
GGB277100694,칠전사거리(미정차),37.8446,127.7141833,강원특별자치도 춘천시,outside_region,contained:강원특별자치도
GGB165000846,캐슬해모로,37.3854167,126.6763,인천광역시,outside_region,contained:인천광역시
GGB165000849,캐슬해모로,37.38535,126.6762333,인천광역시,outside_region,contained:인천광역시
GGB164000419,캠퍼스타운역,37.3874333,126.6615,인천광역시,outside_region,contained:인천광역시
GGB164000420,캠퍼스타운역,37.3864833,126.6613833,인천광역시,outside_region,contained:인천광역시
GGB164000372,컨벤시아,37.3897,126.6472167,인천광역시,outside_region,contained:인천광역시
GGB161000865,쿠팡16.17센터,37.43955,126.618,인천광역시,outside_region,contained:인천광역시
GGB165000575,큰방죽삼거리,37.4217,126.7373333,인천광역시,outside_region,contained:인천광역시
GGB165000576,큰방죽삼거리,37.4227333,126.7367667,인천광역시,outside_region,contained:인천광역시
GGB170000014,큰산너머입구,37.24475,126.5271167,인천광역시,outside_region,contained:인천광역시
GGB170000013,큰산너머입구,37.2448,126.5272333,인천광역시,outside_region,contained:인천광역시
GGB167000315,킹스빌타운,37.5570667,126.74555,인천광역시,outside_region,contained:인천광역시
GGB168001227,타운하우스공장.명진화학,37.5928833,126.6091833,인천광역시,outside_region,contained:인천광역시
GGB168001226,타운하우스공장.명진화학,37.5930167,126.6093833,인천광역시,outside_region,contained:인천광역시
GGB277101031,탄천IC(미정차),36.2987167,127.06745,충청남도 공주시,outside_region,contained:충청남도
GGB277101030,탄천IC(미정차),36.2989667,127.0672167,충청남도 공주시,outside_region,contained:충청남도
GGB277101029,탄천휴게소(미정차),36.3193667,127.0714667,충청남도 공주시,outside_region,contained:충청남도
GGB169000327,탑재,37.65565,126.42745,인천광역시,outside_region,contained:인천광역시
GGB169000579,탑재,37.6556667,126.4276,인천광역시,outside_region,contained:인천광역시
GGB288500330,탕정면사무소,36.7986667,127.0604333,충청남도 아산시,outside_region,contained:충청남도
GGB254500010,태백시외버스터미널,37.1769667,128.9855167,강원특별자치도 태백시,outside_region,contained:강원특별자치도
GGB167000193,태산아파트,37.53575,126.74125,인천광역시,outside_region,contained:인천광역시
GGB168000227,태산아파트,37.5206333,126.6767833,인천광역시,outside_region,contained:인천광역시
GGB168000148,태양공단,37.5146667,126.6492,인천광역시,outside_region,contained:인천광역시
GGB168000147,태양공단,37.5133333,126.6485833,인천광역시,outside_region,contained:인천광역시
GGB277101063,태인IC(미정차),35.66175,126.9280333,전라북도 정읍시,outside_region,far
GGB277101064,태인IC(미정차),35.6613333,126.9276333,전라북도 정읍시,outside_region,far
GGB165000517,태평1차아파트,37.43915,126.7492333,인천광역시,outside_region,contained:인천광역시
GGB165000516,태평1차아파트,37.4388833,126.74945,인천광역시,outside_region,contained:인천광역시
GGB165000225,태평2차아파트,37.4354167,126.75165,인천광역시,outside_region,contained:인천광역시
GGB165000518,태평2차아파트,37.4348833,126.7515833,인천광역시,outside_region,contained:인천광역시
GGB167000183,태평아파트,37.5354833,126.7414667,인천광역시,outside_region,contained:인천광역시
GGB164000083,태평아파트,37.4111,126.66755,인천광역시,outside_region,contained:인천광역시
GGB168000326,태평아파트1차(A),37.55915,126.6526,인천광역시,outside_region,contained:인천광역시
GGB168000325,태평아파트1차(B),37.55895,126.6526167,인천광역시,outside_region,contained:인천광역시
GGB168000317,태평아파트2차(A),37.55785,126.6518833,인천광역시,outside_region,contained:인천광역시
GGB168000318,태평아파트2차(B),37.55775,126.652,인천광역시,outside_region,contained:인천광역시
GGB165000274,태평아파트입구,37.4410833,126.74925,인천광역시,outside_region,contained:인천광역시
GGB165000276,태평아파트입구,37.4411667,126.7494333,인천광역시,outside_region,contained:인천광역시
GGB168000012,태평양인천물류센터,37.4806333,126.67845,인천광역시,outside_region,contained:인천광역시
GGB165000441,태화.두진아파트,37.4622667,126.7201667,인천광역시,outside_region,contained:인천광역시
GGB165000445,태화두진아파트,37.4625167,126.7206167,인천광역시,outside_region,contained:인천광역시
GGB163000416,태화아파트,37.4673833,126.6761167,인천광역시,outside_region,contained:인천광역시
GGB163000413,태화아파트,37.46725,126.6752833,인천광역시,outside_region,contained:인천광역시
GGB166000545,태화아파트,37.5108,126.72585,인천광역시,outside_region,contained:인천광역시
GGB167000132,태화한진아파트,37.53025,126.74105,인천광역시,outside_region,contained:인천광역시
GGB166000456,테니스장,37.5007667,126.7365833,인천광역시,outside_region,contained:인천광역시
GGB165000726,테크노파크IT센타,37.3830167,126.6621167,인천광역시,outside_region,contained:인천광역시
GGB165000727,테크노파크IT센타,37.3832167,126.6620333,인천광역시,outside_region,contained:인천광역시
GGB165000938,테크노파크IT센터,37.3823667,126.6632,인천광역시,outside_region,contained:인천광역시
GGB164000421,테크노파크역,37.38185,126.6561833,인천광역시,outside_region,contained:인천광역시
GGB164000422,테크노파크역,37.3815833,126.6565167,인천광역시,outside_region,contained:인천광역시
GGB163000115,토지금고,37.4527167,126.6377,인천광역시,outside_region,contained:인천광역시
GGB163000102,토지금고시장,37.4519667,126.6378667,인천광역시,outside_region,contained:인천광역시
GGB163000509,토지금고시장앞,37.4517833,126.6375333,인천광역시,outside_region,contained:인천광역시
GGB277101213,통도사IC(미정차),35.4998333,129.0958167,울산광역시,outside_region,far
GGB277101212,통도사IC(미정차),35.5003333,129.0956833,울산광역시,outside_region,far
GGB168000810,트러스(서구장애인직업재활시설),37.58985,126.60085,인천광역시,outside_region,contained:인천광역시
GGB168000809,트러스(서구장애인직업재활시설),37.5896833,126.6010167,인천광역시,outside_region,contained:인천광역시
GGB166000774,팔도주유소,37.495,126.7033,인천광역시,outside_region,contained:인천광역시
GGB277101293,평창IC(미정차),37.5908,128.4140333,강원특별자치도 평창군,outside_region,contained:강원특별자치도
GGB277101294,평창IC(미정차),37.5902667,128.4138167,강원특별자치도 평창군,outside_region,contained:강원특별자치도
GGB277101296,평창TG(미정차),37.58725,128.4132,강원특별자치도 평창군,outside_region,contained:강원특별자치도
GGB277101295,평창TG(미정차),37.5874167,128.4128833,강원특별자치도 평창군,outside_region,contained:강원특별자치도
GGB260500440,평창휴게소,37.6107167,128.4634167,강원특별자치도 평창군,outside_region,contained:강원특별자치도
GGB260500450,평창휴게소,37.60555,128.4530667,강원특별자치도 평창군,outside_region,contained:강원특별자치도
GGB277101298,평창휴게소(미정차),37.6089833,128.4632333,강원특별자치도 평창군,outside_region,contained:강원특별자치도
GGB277101297,평창휴게소(미정차),37.6060833,128.4530167,강원특별자치도 평창군,outside_region,contained:강원특별자치도
GGB372500030,평해공용버스,36.72565,129.4415167,경상북도 울진군,outside_region,far
GGB372500020,평해공용버스,36.72555,129.4412667,경상북도 울진군,outside_region,far
GGB165000730,포레시안101동앞,37.4617667,126.7341667,인천광역시,outside_region,contained:인천광역시
GGB165000729,포레시안101동앞,37.4618667,126.7342333,인천광역시,outside_region,contained:인천광역시
GGB164000491,포스코타워앤쉐라톤호텔,37.3899833,126.6442167,인천광역시,outside_region,contained:인천광역시
GGB277104087,포항TG(미정차),36.04765,129.2991833,경상북도 포항시,outside_region,far
GGB277104086,포항TG(미정차),36.0471667,129.2988667,경상북도 포항시,outside_region,far
GGB350500010,포항터미널,36.0138,129.3493167,경상북도 포항시,outside_region,far
GGB277101366,풍기IC(미정차),36.8525667,128.5306,경상북도 영주시,outside_region,far
GGB277101365,풍기IC(미정차),36.8526333,128.5299833,경상북도 영주시,outside_region,far
GGB277101368,풍기TG(미정차),36.8498,128.52945,경상북도 영주시,outside_region,far
GGB277101367,풍기TG(미정차),36.8498833,128.5289333,경상북도 영주시,outside_region,far
GGB356500030,풍기시외버스정류소,36.84935,128.5273167,경상북도 영주시,outside_region,far
GGB356500040,풍기시외버스정류소,36.84935,128.5270333,경상북도 영주시,outside_region,far
GGB168000969,풍림1차아파트,37.5682167,126.6837167,인천광역시,outside_region,contained:인천광역시
GGB168000970,풍림1차아파트,37.5682667,126.6835167,인천광역시,outside_region,contained:인천광역시
GGB164000350,풍림2.3차아파트,37.3927167,126.6529333,인천광역시,outside_region,contained:인천광역시
GGB168000485,풍림2차,37.6130167,126.6604667,인천광역시,outside_region,contained:인천광역시
GGB164000049,풍림2차아파트,37.4020667,126.6742667,인천광역시,outside_region,contained:인천광역시
GGB164000050,풍림2차아파트,37.4019833,126.6747,인천광역시,outside_region,contained:인천광역시
GGB168000366,풍림3차아파트,37.5669333,126.68335,인천광역시,outside_region,contained:인천광역시
GGB167000441,풍림아이원,37.5572,126.7457833,인천광역시,outside_region,contained:인천광역시
GGB163000034,풍림아이원아파트,37.44155,126.6603167,인천광역시,outside_region,contained:인천광역시
GGB167000374,풍림아파트,37.5565833,126.7468833,인천광역시,outside_region,contained:인천광역시
GGB162000122,풍림아파트,37.4811667,126.6479333,인천광역시,outside_region,contained:인천광역시
GGB162000121,풍림아파트,37.4810667,126.6481667,인천광역시,outside_region,contained:인천광역시
GGB163000246,풍림아파트,37.4432333,126.6989,인천광역시,outside_region,contained:인천광역시
GGB163000245,풍림아파트,37.4432667,126.6985333,인천광역시,outside_region,contained:인천광역시
GGB165000120,풍림아파트(소래마을),37.4051,126.7359667,인천광역시,outside_region,contained:인천광역시
GGB166000899,풍림아파트104동,37.48165,126.7440167,인천광역시,outside_region,contained:인천광역시
GGB166000898,풍림아파트104동,37.4818167,126.7441,인천광역시,outside_region,contained:인천광역시
GGB258500080,풍수원,37.5275333,127.8162833,강원특별자치도 횡성군,outside_region,contained:강원특별자치도
GGB258500070,풍수원,37.5272833,127.8158,강원특별자치도 횡성군,outside_region,contained:강원특별자치도
GGB370500010,풍양버스정류소,36.5081333,128.3019667,경상북도 예천군,outside_region,far
GGB163000118,하나로쇼핑,37.45365,126.6357833,인천광역시,outside_region,contained:인천광역시
GGB167000250,하나아파트,37.5429667,126.7313667,인천광역시,outside_region,contained:인천광역시
GGB163000052,하나아파트,37.4398,126.6686833,인천광역시,outside_region,contained:인천광역시
GGB167000578,하나아파트101동,37.5283333,126.70145,인천광역시,outside_region,contained:인천광역시
GGB240000332,하늘숲,37.4585167,127.79735,경기도 양평군,outside_region,contained:강원특별자치도
GGB169000577,하우고개,37.6675167,126.4183333,인천광역시,outside_region,contained:인천광역시
GGB169000275,하우고개,37.6676167,126.41795,인천광역시,outside_region,contained:인천광역시
GGB167000569,하우스토리,37.5573833,126.74855,인천광역시,outside_region,contained:인천광역시
GGB167000570,하우스토리,37.5573667,126.7487833,인천광역시,outside_region,contained:인천광역시
GGB165000301,하우스토리만수아파트,37.4495833,126.7297,인천광역시,outside_region,contained:인천광역시
GGB262500060,학사리,38.2492167,127.4189667,강원특별자치도 철원군,outside_region,contained:강원특별자치도
GGB262500040,학사리,38.2492833,127.41915,강원특별자치도 철원군,outside_region,contained:강원특별자치도
GGB277104584,학사평교차로(미정차),38.2029667,128.5333333,강원특별자치도 속초시,outside_region,contained:강원특별자치도
GGB163000173,학산소극장,37.44955,126.6631833,인천광역시,outside_region,contained:인천광역시
GGB163000169,학산소극장,37.44935,126.6630333,인천광역시,outside_region,contained:인천광역시
GGB163000150,학익2동행정복지센터,37.4462333,126.66695,인천광역시,outside_region,contained:인천광역시
GGB163000151,학익2동행정복지센터,37.4463667,126.6666167,인천광역시,outside_region,contained:인천광역시
GGB163000505,학익고등학교,37.4403833,126.6640333,인천광역시,outside_region,contained:인천광역시
GGB163000029,학익고등학교,37.4400667,126.6644333,인천광역시,outside_region,contained:인천광역시
GGB163000089,학익사거리(동아풍림아파트),37.4437333,126.6624833,인천광역시,outside_region,contained:인천광역시
GGB163000084,학익사거리(동아풍림아파트),37.4433,126.6628,인천광역시,outside_region,contained:인천광역시
GGB163000106,학익시장,37.4437667,126.66505,인천광역시,outside_region,contained:인천광역시
GGB163000112,학익시장,37.4441833,126.6649667,인천광역시,outside_region,contained:인천광역시
GGB163000080,학익시장(법원검찰청),37.4424667,126.6649,인천광역시,outside_region,contained:인천광역시
GGB165000061,한국가스공사,37.4054333,126.68755,인천광역시,outside_region,contained:인천광역시
GGB165000312,한국건설생활환경시험연구원,37.4472167,126.73985,인천광역시,outside_region,contained:인천광역시
GGB165000315,한국건설생활환경시험연구원,37.4474333,126.7397333,인천광역시,outside_region,contained:인천광역시
GGB272500210,한국교통대,36.96255,127.8715667,충청북도 충주시,outside_region,contained:충청북도
GGB272500010,한국교통대,36.9629833,127.8701,충청북도 충주시,outside_region,contained:충청북도
GGB165000055,한국마쓰이,37.3999833,126.6989667,인천광역시,outside_region,contained:인천광역시
GGB165000057,한국마쓰이,37.40015,126.6995667,인천광역시,outside_region,contained:인천광역시
GGB166000583,한국만화박물관,37.5084333,126.7414833,인천광역시,outside_region,contained:인천광역시
GGB164000448,한국생산기술연구원,37.3837667,126.64935,인천광역시,outside_region,contained:인천광역시
GGB166000600,한국샤프(로얄금속),37.5202333,126.7110333,인천광역시,outside_region,contained:인천광역시
GGB166000816,한국아파트,37.5110833,126.7314333,인천광역시,outside_region,contained:인천광역시
GGB166000791,한국아파트,37.4848167,126.7322833,인천광역시,outside_region,contained:인천광역시
GGB166000790,한국아파트,37.4849667,126.7325833,인천광역시,outside_region,contained:인천광역시
GGB163000682,한국아파트,37.4462833,126.6381667,인천광역시,outside_region,contained:인천광역시
GGB163000017,한국아파트,37.44675,126.6380833,인천광역시,outside_region,contained:인천광역시
GGB166000560,한국지엠기술교육원,37.5137167,126.7208667,인천광역시,outside_region,contained:인천광역시
GGB166000570,한국지엠기술교육원,37.5140833,126.7214,인천광역시,outside_region,contained:인천광역시
GGB168001412,한국지엠청라주행시험장,37.5192833,126.64945,인천광역시,outside_region,contained:인천광역시
GGB168001413,한국지엠청라주행시험장,37.51985,126.6489167,인천광역시,outside_region,contained:인천광역시
GGB166000881,한국폴리텍2대학,37.4786333,126.7531333,인천광역시,outside_region,contained:인천광역시
GGB166000885,한국폴리텍2대학,37.4790667,126.7537667,인천광역시,outside_region,contained:인천광역시
GGB163000450,한국폴리텍2대학남인천캠퍼스,37.47215,126.6775,인천광역시,outside_region,contained:인천광역시
GGB163000448,한국폴리텍2대학남인천캠퍼스,37.4714667,126.6775167,인천광역시,outside_region,contained:인천광역시
GGB166000253,한남시티플라자,37.4931167,126.7255333,인천광역시,outside_region,contained:인천광역시
GGB168000370,한들마을입구.유아교육진흥원,37.57745,126.6750667,인천광역시,outside_region,contained:인천광역시
GGB168000371,한들마을입구.유아교육진흥원,37.5774667,126.6754833,인천광역시,outside_region,contained:인천광역시
GGB161000291,한라시멘트,37.4361667,126.61555,인천광역시,outside_region,contained:인천광역시
GGB165000118,한라아파트,37.4043,126.7371333,인천광역시,outside_region,contained:인천광역시
GGB165000117,한라아파트,37.4041833,126.7368,인천광역시,outside_region,contained:인천광역시
GGB167000131,한림병원,37.5323667,126.73405,인천광역시,outside_region,contained:인천광역시
GGB167000130,한림병원,37.5324,126.7336333,인천광역시,outside_region,contained:인천광역시
GGB168000755,한미반도체,37.4763333,126.6794833,인천광역시,outside_region,contained:인천광역시
GGB168000754,한미반도체,37.47605,126.67945,인천광역시,outside_region,contained:인천광역시
GGB165000773,한빛초교앞,37.4232833,126.7455167,인천광역시,outside_region,contained:인천광역시
GGB165000774,한빛초교앞,37.42335,126.7457167,인천광역시,outside_region,contained:인천광역시
GGB168000461,한사랑어린이집,37.61545,126.6389667,인천광역시,outside_region,contained:인천광역시
GGB257000013,한서교,37.6869,127.6049833,강원특별자치도 홍천군,outside_region,contained:강원특별자치도
GGB257000012,한서교,37.6866833,127.6051333,강원특별자치도 홍천군,outside_region,contained:강원특별자치도
GGB257000009,한서중학교,37.6875833,127.5963333,강원특별자치도 홍천군,outside_region,contained:강원특별자치도
GGB257000010,한서중학교,37.68765,127.5962667,강원특별자치도 홍천군,outside_region,contained:강원특별자치도
GGB257000011,한서초등학교,37.69185,127.6007167,강원특별자치도 홍천군,outside_region,contained:강원특별자치도
GGB168000246,한신빌리지(B),37.5212667,126.6852667,인천광역시,outside_region,contained:인천광역시
GGB168000229,한신빌리지(C),37.5196,126.6829333,인천광역시,outside_region,contained:인천광역시
GGB166000806,한신삼부아파트,37.5005667,126.7407167,인천광역시,outside_region,contained:인천광역시
GGB163000267,한신아파트,37.4482,126.6868833,인천광역시,outside_region,contained:인천광역시
GGB163000264,한신아파트,37.4479833,126.6867667,인천광역시,outside_region,contained:인천광역시
GGB168000105,한신휴아파트,37.4953333,126.6829333,인천광역시,outside_region,contained:인천광역시
GGB168000106,한신휴아파트,37.4940333,126.6882,인천광역시,outside_region,contained:인천광역시
GGB164000055,한양2차아파트,37.40465,126.6700167,인천광역시,outside_region,contained:인천광역시
GGB168000071,한양공구,37.4992667,126.6545833,인천광역시,outside_region,contained:인천광역시
GGB166000333,한양쇼핑,37.5045333,126.7017,인천광역시,outside_region,contained:인천광역시
GGB166000331,한양쇼핑,37.5043167,126.7018167,인천광역시,outside_region,contained:인천광역시
GGB168000868,한양수자인,37.5273833,126.6222333,인천광역시,outside_region,contained:인천광역시
GGB168000893,한양수자인,37.5272333,126.622,인천광역시,outside_region,contained:인천광역시
GGB166000356,한양아파트,37.504,126.7062167,인천광역시,outside_region,contained:인천광역시
GGB166000310,한양아파트,37.5033667,126.7029167,인천광역시,outside_region,contained:인천광역시
GGB167000124,한양아파트,37.53485,126.72275,인천광역시,outside_region,contained:인천광역시
GGB164000062,한양아파트2차,37.4052167,126.6755333,인천광역시,outside_region,contained:인천광역시
GGB168000523,한양화학,37.49515,126.6482,인천광역시,outside_region,contained:인천광역시
GGB168000865,한일베라체,37.5300167,126.6414,인천광역시,outside_region,contained:인천광역시
GGB168000948,한일베라체,37.5297667,126.6413667,인천광역시,outside_region,contained:인천광역시
GGB169000012,한전온수출장소,37.63905,126.4833,인천광역시,outside_region,contained:인천광역시
GGB164000016,한진아파트,37.3897833,126.6609,인천광역시,outside_region,contained:인천광역시
GGB167000375,한화아파트,37.5563667,126.7466833,인천광역시,outside_region,contained:인천광역시
GGB166000351,한화아파트,37.5042667,126.7056167,인천광역시,outside_region,contained:인천광역시
GGB358500050,함창버스정류장,36.5684667,128.1759667,경상북도 상주시,outside_region,far
GGB358500060,함창버스정류장,36.56815,128.17545,경상북도 상주시,outside_region,far
GGB277101266,함평IC(미정차),35.1001333,126.48165,전라남도 함평군,outside_region,far
GGB277101265,함평IC(미정차),35.1005333,126.4814333,전라남도 함평군,outside_region,far
GGB277102824,함평TG(미정차),35.0975167,126.4865333,전라남도 함평군,outside_region,far
GGB340500010,함평공영터미널,35.0622333,126.5235167,전라남도 함평군,outside_region,far
GGB340500020,함평공영터미널,35.0622667,126.52365,전라남도 함평군,outside_region,far
GGB161000207,합동청사역,37.4404167,126.4586333,인천광역시,outside_region,contained:인천광역시
GGB161000609,항동7가버스차고지,37.4462333,126.6006833,인천광역시,outside_region,contained:인천광역시
GGB161000610,항동7가버스차고지,37.4463667,126.6003833,인천광역시,outside_region,contained:인천광역시
GGB161000705,항동7가버스차고지(삼거리),37.4450167,126.5988333,인천광역시,outside_region,contained:인천광역시
GGB161000704,항동7가버스차고지(삼거리),37.4449833,126.5998833,인천광역시,outside_region,contained:인천광역시
GGB161000481,항운아파트,37.4476167,126.6239333,인천광역시,outside_region,contained:인천광역시
GGB161000065,항운아파트,37.4480833,126.62425,인천광역시,outside_region,contained:인천광역시
GGB165000058,항진축산,37.39905,126.7032833,인천광역시,outside_region,contained:인천광역시
GGB165000056,항진축산,37.3987167,126.7031833,인천광역시,outside_region,contained:인천광역시
GGB337500030,해남종합버스터미널,34.5703,126.6082333,전라남도 해남군,outside_region,far
GGB337500020,해남종합버스터미널,34.5704333,126.6081333,전라남도 해남군,outside_region,far
GGB165000805,해모로월드뷰,37.38475,126.6637333,인천광역시,outside_region,contained:인천광역시
GGB165000794,해모로월드뷰,37.3848333,126.6635333,인천광역시,outside_region,contained:인천광역시
GGB166000782,해물탕거리,37.4942,126.7276167,인천광역시,outside_region,contained:인천광역시
GGB168000813,해성단조,37.5941,126.6059167,인천광역시,outside_region,contained:인천광역시
GGB168000083,해수워터피아,37.4993,126.65975,인천광역시,outside_region,contained:인천광역시
GGB168000082,해수워터피아,37.4990333,126.6603333,인천광역시,outside_region,contained:인천광역시
GGB165000002,해안도로신항만교,37.3852333,126.6987833,인천광역시,outside_region,contained:인천광역시
GGB165000001,해안도로신항만교,37.38475,126.6979167,인천광역시,outside_region,contained:인천광역시
GGB164000411,해양경찰청,37.3949333,126.6495667,인천광역시,outside_region,contained:인천광역시
GGB164000015,해양경찰청,37.3930333,126.6502,인천광역시,outside_region,contained:인천광역시
GGB164000014,해양경찰청,37.393,126.6498,인천광역시,outside_region,contained:인천광역시
GGB168001263,핸즈코퍼레이션,37.4847,126.66645,인천광역시,outside_region,contained:인천광역시
GGB168001262,핸즈코퍼레이션,37.4850167,126.66645,인천광역시,outside_region,contained:인천광역시
GGB166000332,행정복지센터사거리,37.4936,126.7363667,인천광역시,outside_region,contained:인천광역시
GGB165000741,향촌휴먼시아2단지,37.46075,126.7292667,인천광역시,outside_region,contained:인천광역시
GGB167000432,현광아파트,37.5254,126.7356833,인천광역시,outside_region,contained:인천광역시
GGB167000071,현광아파트,37.5256667,126.7365167,인천광역시,outside_region,contained:인천광역시
GGB168000258,현광아파트,37.5278,126.67595,인천광역시,outside_region,contained:인천광역시
GGB168000260,현광아파트,37.5286167,126.6762333,인천광역시,outside_region,contained:인천광역시
GGB165000380,현광아파트,37.455,126.7298,인천광역시,outside_region,contained:인천광역시
GGB165000376,현광아파트(호산부인과),37.45535,126.7287333,인천광역시,outside_region,contained:인천광역시
GGB164000061,현대1차아파트,37.4048667,126.6756,인천광역시,outside_region,contained:인천광역시
GGB164000173,현대2차아파트,37.4265167,126.6466333,인천광역시,outside_region,contained:인천광역시
GGB166000127,현대3단지,37.4896167,126.7057333,인천광역시,outside_region,contained:인천광역시
GGB166000129,현대3단지,37.4897167,126.7060667,인천광역시,outside_region,contained:인천광역시
GGB164000342,현대3차아파트,37.4263167,126.6445667,인천광역시,outside_region,contained:인천광역시
GGB164000168,현대3차아파트,37.4264833,126.6449833,인천광역시,outside_region,contained:인천광역시
GGB164000186,현대4차아파트,37.4262333,126.6505167,인천광역시,outside_region,contained:인천광역시
GGB164000183,현대4차아파트,37.4260167,126.6504833,인천광역시,outside_region,contained:인천광역시
GGB166000405,현대5차,37.5062667,126.7088167,인천광역시,outside_region,contained:인천광역시
GGB166000408,현대5차,37.5063667,126.7090833,인천광역시,outside_region,contained:인천광역시
GGB164000176,현대5차아파트,37.4268333,126.6464667,인천광역시,outside_region,contained:인천광역시
GGB162000041,현대동부시장,37.4771667,126.6447333,인천광역시,outside_region,contained:인천광역시
GGB165000579,현대모닝.임광그대가아파트,37.4373833,126.7471833,인천광역시,outside_region,contained:인천광역시
GGB162000043,현대시장,37.4773833,126.64505,인천광역시,outside_region,contained:인천광역시
GGB162000118,현대시장,37.4765833,126.64655,인천광역시,outside_region,contained:인천광역시
GGB162000042,현대시장,37.47655,126.6473,인천광역시,outside_region,contained:인천광역시
GGB168000021,현대써비스,37.4817667,126.67975,인천광역시,outside_region,contained:인천광역시
GGB166000112,현대아파트,37.4881167,126.7085667,인천광역시,outside_region,contained:인천광역시
GGB166000682,현대아파트,37.5225333,126.7390167,인천광역시,outside_region,contained:인천광역시
GGB165000271,현대아파트,37.45735,126.6972,인천광역시,outside_region,contained:인천광역시
GGB166000681,현대아파트,37.52235,126.739,인천광역시,outside_region,contained:인천광역시
GGB163000161,현대아파트,37.4564667,126.6353667,인천광역시,outside_region,contained:인천광역시
GGB163000154,현대아파트,37.4563167,126.6348333,인천광역시,outside_region,contained:인천광역시
GGB166000788,현대아파트,37.4883,126.7092167,인천광역시,outside_region,contained:인천광역시
GGB169000083,현대아파트,37.7388,126.5089667,인천광역시,outside_region,contained:인천광역시
GGB165000267,현대아파트,37.4570833,126.697,인천광역시,outside_region,contained:인천광역시
GGB169000082,현대아파트,37.7390833,126.5088167,인천광역시,outside_region,contained:인천광역시
GGB166000105,현대아파트113동,37.4877167,126.7072667,인천광역시,outside_region,contained:인천광역시
GGB167000459,현대오일뱅크,37.5257167,126.7544167,인천광역시,outside_region,contained:인천광역시
GGB166000103,현대자동차빌딩앞,37.4876167,126.7069167,인천광역시,outside_region,contained:인천광역시
GGB162000086,현대제철,37.48315,126.64185,인천광역시,outside_region,contained:인천광역시
GGB371500250,현동정류소,36.93935,129.0016167,경상북도 봉화군,outside_region,far
GGB164000746,현송중학교,37.3931,126.6185833,인천광역시,outside_region,contained:인천광역시
GGB164000747,현송중학교,37.3929333,126.6189,인천광역시,outside_region,contained:인천광역시
GGB277103025,현풍JC(미정차),35.6755667,128.4344667,대구광역시,outside_region,far
GGB277103026,현풍JC(미정차),35.6742,128.4348667,대구광역시,outside_region,far
GGB277103009,현풍TG(미정차),35.6707167,128.4395,대구광역시,outside_region,far
GGB277103010,현풍TG(미정차),35.6708167,128.4399833,대구광역시,outside_region,far
GGB157500030,현풍버스터미널,35.69675,128.4407667,대구광역시,outside_region,far
GGB157500040,현풍버스터미널,35.69645,128.4407,대구광역시,outside_region,far
GGB277101108,혜미IC(미정차),36.7117667,126.56255,충청남도 서산시,outside_region,contained:충청남도
GGB277101107,혜미IC(미정차),36.7120333,126.5622667,충청남도 서산시,outside_region,contained:충청남도
GGB166000393,혜성프라자,37.50345,126.7146833,인천광역시,outside_region,contained:인천광역시
GGB166000395,혜성프라자,37.50375,126.7150667,인천광역시,outside_region,contained:인천광역시
GGB165000785,호구포역,37.4019,126.7092833,인천광역시,outside_region,contained:인천광역시
GGB165000784,호구포역,37.40165,126.7095667,인천광역시,outside_region,contained:인천광역시
GGB306500170,호남제일문고속버스정류장,35.8694833,127.0703667,전라북도 전주시,outside_region,far
GGB277104586,호덕교차로(미정차),35.9861667,126.7679167,전라북도 군산시,outside_region,nearest:충청남도 3467 m
GGB168000743,호반베르디움3차아파트,37.5301,126.6585333,인천광역시,outside_region,contained:인천광역시
GGB165000922,호반베르디움아파트,37.3692667,126.65665,인천광역시,outside_region,contained:인천광역시
GGB165001011,호반베르디움아파트107동,37.36915,126.6529167,인천광역시,outside_region,contained:인천광역시
GGB168001028,호수공원음악분수,37.5298167,126.6270833,인천광역시,outside_region,contained:인천광역시
GGB168001290,호수공원음악분수(중),37.5298167,126.628,인천광역시,outside_region,contained:인천광역시
GGB168001291,호수공원음악분수(중),37.5296167,126.6274333,인천광역시,outside_region,contained:인천광역시
GGB168001188,홈씨씨인천점,37.5153333,126.6486667,인천광역시,outside_region,contained:인천광역시
GGB277101110,홍성IC(미정차),36.5924333,126.56025,충청남도 홍성군,outside_region,contained:충청남도
GGB277101109,홍성IC(미정차),36.59245,126.5599167,충청남도 홍성군,outside_region,contained:충청남도
GGB297500050,홍성종합터미널,36.6014667,126.6763167,충청남도 홍성군,outside_region,contained:충청남도
GGB297500040,홍성종합터미널,36.6013667,126.6758,충청남도 홍성군,outside_region,contained:충청남도
GGB277101111,홍성휴게소(미정차),36.5529667,126.5805167,충청남도 홍성군,outside_region,contained:충청남도
GGB277101112,홍성휴게소(미정차),36.5523833,126.5808667,충청남도 홍성군,outside_region,contained:충청남도
GGB293500030,홍익대학교(조치원),36.6218833,127.2905667,충청남도 연기군,outside_region,nearest:충청북도 250 m
GGB277104580,홍제2교(미정차),37.7457833,128.8672667,강원특별자치도 강릉시,outside_region,contained:강원특별자치도
GGB277101332,홍천TG(미정차),37.6754,127.8552,강원특별자치도 홍천군,outside_region,contained:강원특별자치도
GGB277101331,홍천TG(미정차),37.6755333,127.8548,강원특별자치도 홍천군,outside_region,contained:강원특별자치도
GGB257500100,홍천시외버스터미널,37.6891,127.8789833,강원특별자치도 홍천군,outside_region,contained:강원특별자치도
GGB257500120,홍천시외버스터미널,37.6891167,127.8788333,강원특별자치도 홍천군,outside_region,contained:강원특별자치도
GGB277104589,화개네거리(미정차),35.85665,127.0672833,전라북도 전주시,outside_region,far
GGB169000077,화도,37.6369,126.41865,인천광역시,outside_region,contained:인천광역시
GGB169000105,화도터미널,37.6334333,126.4185333,인천광역시,outside_region,contained:인천광역시
GGB169000104,화도터미널,37.63345,126.4186,인천광역시,outside_region,contained:인천광역시
GGB277103797,화물터미널IC(미정차),37.49755,126.45365,인천광역시,outside_region,contained:인천광역시
GGB277103949,화서IC(미정차),36.4426667,127.9628667,경상북도 상주시,outside_region,far
GGB277103948,화서IC(미정차),36.4423833,127.96225,경상북도 상주시,outside_region,far
GGB165000107,화성보일러,37.4130333,126.7028,인천광역시,outside_region,contained:인천광역시
GGB161000651,화성파크드림.스카이시티자이,37.49205,126.5603333,인천광역시,outside_region,contained:인천광역시
GGB277102948,화원옥포IC(미정차),35.8006,128.4793333,대구광역시,outside_region,far
GGB277102947,화원옥포IC(미정차),35.8003,128.4794167,대구광역시,outside_region,far
GGB262500600,화지리,38.2159167,127.2131167,강원특별자치도 철원군,outside_region,contained:강원특별자치도
GGB162000014,화평철교.화평동냉면거리,37.4773833,126.6311,인천광역시,outside_region,contained:인천광역시
GGB162000016,화평철교.화평동냉면거리,37.47775,126.6310667,인천광역시,outside_region,contained:인천광역시
GGB277101161,황간IC(미정차),36.2218333,127.9066333,충청북도 영동군,outside_region,contained:충청북도
GGB277101160,황간IC(미정차),36.2222667,127.9065167,충청북도 영동군,outside_region,contained:충청북도
GGB277101159,황간휴게소(미정차),36.2491167,127.8538833,충청북도 영동군,outside_region,contained:충청북도
GGB277101158,황간휴게소(미정차),36.2491167,127.8535333,충청북도 영동군,outside_region,contained:충청북도
GGB277102902,황전IC(미정차),35.14675,127.4569167,전라남도 순천시,outside_region,far
GGB277102901,황전IC(미정차),35.1468167,127.45655,전라남도 순천시,outside_region,far
GGB277101143,회덕JC(미정차),36.4047167,127.4133667,대전광역시,outside_region,far
GGB277101142,회덕JC(미정차),36.4051167,127.41345,대전광역시,outside_region,far
GGB277101141,회덕JC(미정차),36.4050167,127.4195833,대전광역시,outside_region,far
GGB277101140,회덕JC(미정차),36.4050833,127.4192667,대전광역시,outside_region,far
GGB277103943,회인IC(미정차),36.4867,127.6088333,충청북도 보은군,outside_region,contained:충청북도
GGB277103942,회인IC(미정차),36.4867833,127.6084167,충청북도 보은군,outside_region,contained:충청북도
GGB277101325,횡성IC(미정차),37.5054667,127.9704,강원특별자치도 횡성군,outside_region,contained:강원특별자치도
GGB277101326,횡성IC(미정차),37.5046833,127.96985,강원특별자치도 횡성군,outside_region,contained:강원특별자치도
GGB277101327,횡성TG(미정차),37.50155,127.9705167,강원특별자치도 횡성군,outside_region,contained:강원특별자치도
GGB277101328,횡성TG(미정차),37.5015833,127.9707667,강원특별자치도 횡성군,outside_region,contained:강원특별자치도
GGB258500030,횡성시외버스터미널,37.4876,127.98395,강원특별자치도 횡성군,outside_region,contained:강원특별자치도
GGB277101288,횡성휴게소(미정차),37.46425,128.1342,강원특별자치도 횡성군,outside_region,contained:강원특별자치도
GGB277101287,횡성휴게소(미정차),37.4640167,128.1341167,강원특별자치도 횡성군,outside_region,contained:강원특별자치도
GGB258500720,횡성휴게소환승정류소,37.4627167,128.1352167,강원특별자치도 횡성군,outside_region,contained:강원특별자치도
GGB258500710,횡성휴게소환승정류소,37.4651167,128.1343833,강원특별자치도 횡성군,outside_region,contained:강원특별자치도
GGB167000024,효성2동치안센터,37.5278667,126.70585,인천광역시,outside_region,contained:인천광역시
GGB167000040,효성남초등학교,37.5277833,126.7158333,인천광역시,outside_region,contained:인천광역시
GGB167000573,효성동동화운수차고지,37.5284833,126.7026333,인천광역시,outside_region,contained:인천광역시
GGB165000358,효성상아아파트,37.4557,126.7244,인천광역시,outside_region,contained:인천광역시
GGB165000357,효성상아아파트,37.4554167,126.72475,인천광역시,outside_region,contained:인천광역시
GGB167000557,효성서초등학교(중),37.5266667,126.6981,인천광역시,outside_region,contained:인천광역시
GGB167000558,효성서초등학교(중),37.5272333,126.6987333,인천광역시,outside_region,contained:인천광역시
GGB167000023,효성소방파출소,37.5277,126.70585,인천광역시,outside_region,contained:인천광역시
GGB164000260,효정아파트,37.4247667,126.67285,인천광역시,outside_region,contained:인천광역시
GGB166000685,후정초등학교.삼산도서관,37.52185,126.7430667,인천광역시,outside_region,contained:인천광역시
GGB372500340,후포터미널,36.6828167,129.4421,경상북도 울진군,outside_region,far
GGB166000837,휴먼시아1단지,37.51955,126.7467,인천광역시,outside_region,contained:인천광역시
GGB166000838,휴먼시아1단지,37.5196,126.7469167,인천광역시,outside_region,contained:인천광역시
GGB168000885,휴먼시아후문,37.5297333,126.6472,인천광역시,outside_region,contained:인천광역시
GGB251500740,흥업,37.3030333,127.9199167,강원특별자치도 원주시,outside_region,contained:강원특별자치도
GGB251500730,흥업,37.3020833,127.91985,강원특별자치도 원주시,outside_region,contained:강원특별자치도
GGB166000799,희망천입구,37.4825167,126.7143333,인천광역시,outside_region,contained:인천광역시
GGB166000091,희망천입구,37.4829667,126.7143167,인천광역시,outside_region,contained:인천광역시
GGB168000018,희성금속,37.4824833,126.676,인천광역시,outside_region,contained:인천광역시
GGB168000876,힐데스하임,37.5297833,126.65225,인천광역시,outside_region,contained:인천광역시
GGB161000457,힐스테이트,37.4898,126.56375,인천광역시,outside_region,contained:인천광역시
GGB161000458,힐스테이트,37.4889833,126.5643333,인천광역시,outside_region,contained:인천광역시
GGB164000632,힐스테이트레이크송도(후문),37.3991833,126.6200667,인천광역시,outside_region,contained:인천광역시
GGB164000658,힐스테이트레이크송도(후문),37.3996333,126.6199333,인천광역시,outside_region,contained:인천광역시
GGB164000657,힐스테이트레이크송도1차입구,37.4013,126.6200833,인천광역시,outside_region,contained:인천광역시
GGB164000753,힐스테이트레이크송도1차입구,37.4014833,126.61975,인천광역시,outside_region,contained:인천광역시
GGB164000643,힐스테이트레이크송도2차(201동),37.396,126.6188,인천광역시,outside_region,contained:인천광역시
GGB164000659,힐스테이트레이크송도2차(201동),37.3959333,126.6185167,인천광역시,outside_region,contained:인천광역시
GGB164000715,힐스테이트송도더테라스(후문),37.4103833,126.6247667,인천광역시,outside_region,contained:인천광역시
GGB164000716,힐스테이트송도더테라스(후문),37.4104167,126.6251833,인천광역시,outside_region,contained:인천광역시
GGB163000293,힐스테이트푸르지오주안,37.45305,126.68,인천광역시,outside_region,contained:인천광역시
GGB163000022,힐스테이트학익,37.4437167,126.6499667,인천광역시,outside_region,contained:인천광역시
GGB163000023,힐스테이트학익,37.4437,126.6502833,인천광역시,outside_region,contained:인천광역시
GGB163000670,힐스테이트학익104동앞,37.4446333,126.6476333,인천광역시,outside_region,contained:인천광역시
GGB163000669,힐스테이트학익104동앞,37.4448833,126.6475,인천광역시,outside_region,contained:인천광역시
GGB165000331,힐캐슬프라자,37.4565333,126.7141167,인천광역시,outside_region,contained:인천광역시
GGB165000329,힐캐슬프라자,37.4562667,126.71405,인천광역시,outside_region,contained:인천광역시
GGB166000891,힘찬병원,37.4924833,126.73005,인천광역시,outside_region,contained:인천광역시
GGB166000892,힘찬병원,37.4924833,126.7296667,인천광역시,outside_region,contained:인천광역시
SEB161000612,인천공항T2-B1층,37.4665046,126.4340182,서울특별시,outside_region,contained:인천광역시
SEB161000611,인천공항T2-3층,37.4664571,126.4344306,서울특별시,outside_region,contained:인천광역시
SEB161000535,인천공항1층입국장,37.4491422,126.4530635,서울특별시,outside_region,contained:인천광역시
SEB161000325,인천공항T1-3층,37.4457316,126.450156,서울특별시,outside_region,contained:인천광역시
