{"type":"FeatureCollection","features":[{"type":"Feature","properties":{"sido_cd":"11","sido_nm":"서울특별시","sgg_cd":"11110","sgg_nm":"종로구"},"geometry":{"type":"Polygon","coordinates":[[[126.96905,37.56819],[126.96677,37.56579],[126.95356,37.57888],[126.95546,37.57897],[126.95579,37.58073],[126.957,37.58158],[126.95878,37.58162],[126.96067,37.5808],[126.95689,37.58542],[126.95793,37.58879],[126.95751,37.59267],[126.95633,37.59515],[126.95714,37.59839],[126.95409,37.59855],[126.95351,37.59912],[126.95275,37.60041],[126.95338,37.60537],[126.95074,37.60832],[126.95038,37.60788],[126.94998,37.60971],[126.95094,37.61236],[126.95033,37.61836],[126.95124,37.62279],[126.95217,37.62482],[126.95675,37.62537],[126.95954,37.62848],[126.96925,37.63022],[126.97179,37.63229],[126.97507,37.63139],[126.97649,37.63009],[126.97667,37.62884],[126.97821,37.62844],[126.97952,37.6292],[126.98051,37.62905],[126.97967,37.62797],[126.97921,37.62457],[126.98137,37.62173],[126.98281,37.61669],[126.9867,37.61468],[126.98707,37.61355],[126.98696,37.61057],[126.98627,37.60994],[126.9859,37.60714],[126.98774,37.60122],[126.98491,37.59944],[126.98157,37.59914],[126.98201,37.59584],[126.98427,37.59358],[126.98648,37.59251],[126.98948,37.5918],[126.98914,37.59131],[126.99853,37.59251],[127.00094,37.59239],[127.00191,37.59125],[127.00166,37.5901],[127.00234,37.58915],[127.00419,37.58795],[127.0043,37.58709],[127.00593,37.58691],[127.00653,37.58613],[127.00733,37.5832],[127.00884,37.58045],[127.01048,37.58034],[127.01216,37.58151],[127.0128,37.58132],[127.01469,37.58223],[127.01679,37.58154],[127.01801,37.57806],[127.01875,37.57753],[127.02317,37.57804],[127.02337,37.57174],[127.01882,37.57098],[127.01601,37.56982],[127.00162,37.56959],[126.9967,37.56871],[126.9889,37.56811],[126.97433,37.56926],[126.96905,37.56819]]]}},{"type":"Feature","properties":{"sido_cd":"11","sido_nm":"서울특별시","sgg_cd":"11140","sgg_nm":"중구"},"geometry":{"type":"Polygon","coordinates":[[[127.00423,37.55038],[127.00268,37.5496],[126.99852,37.54993],[126.99532,37.54724],[126.99236,37.55009],[126.98781,37.55149],[126.98543,37.55374],[126.98374,37.55304],[126.98148,37.55392],[126.97983,37.55342],[126.97693,37.55506],[126.97658,37.55486],[126.97666,37.55271],[126.97236,37.55439],[126.96907,37.5539],[126.96849,37.55538],[126.96572,37.55411],[126.96239,37.5515],[126.96171,37.55297],[126.9617,37.55534],[126.9631,37.55642],[126.96322,37.55715],[126.96304,37.55818],[126.96148,37.55885],[126.96376,37.55935],[126.9669,37.56131],[126.96959,37.56201],[126.96677,37.56579],[126.96905,37.56819],[126.97537,37.56932],[126.9889,37.56811],[126.9967,37.56871],[127.00162,37.56959],[127.01601,37.56982],[127.01882,37.57098],[127.02337,37.57174],[127.02362,37.56517],[127.02671,37.56499],[127.02676,37.56429],[127.02627,37.56299],[127.02333,37.56074],[127.02286,37.55787],[127.01937,37.5575],[127.01788,37.55657],[127.01631,37.55301],[127.01166,37.54851],[127.01068,37.54808],[127.00861,37.54398],[127.00726,37.54381],[127.00484,37.54618],[127.00531,37.54781],[127.00589,37.5482],[127.00472,37.54835],[127.00423,37.55038]]]}},{"type":"Feature","properties":{"sido_cd":"11","sido_nm":"서울특별시","sgg_cd":"11170","sgg_nm":"용산구"},"geometry":{"type":"Polygon","coordinates":[[[126.98013,37.50649],[126.97405,37.50733],[126.96585,37.51051],[126.9572,37.51541],[126.94956,37.51781],[126.94965,37.52676],[126.94467,37.53375],[126.94508,37.53493],[126.94619,37.53565],[126.95076,37.53612],[126.95283,37.53728],[126.9577,37.54208],[126.95863,37.54558],[126.96293,37.54878],[126.96369,37.5489],[126.96394,37.5498],[126.96239,37.5515],[126.96572,37.55411],[126.96849,37.55538],[126.96907,37.5539],[126.97236,37.55439],[126.97666,37.55271],[126.97658,37.55486],[126.97693,37.55506],[126.97983,37.55342],[126.98148,37.55392],[126.98374,37.55304],[126.98543,37.55374],[126.98781,37.55149],[126.99236,37.55009],[126.99532,37.54724],[126.99852,37.54993],[127.00268,37.5496],[127.00423,37.55038],[127.00472,37.54835],[127.00589,37.5482],[127.00531,37.54781],[127.00484,37.54618],[127.00726,37.54381],[127.00861,37.54398],[127.00834,37.54186],[127.00932,37.53968],[127.01153,37.53898],[127.01289,37.53931],[127.01479,37.5389],[127.02092,37.53512],[127.00797,37.52459],[127.00443,37.52026],[126.99062,37.51303],[126.98568,37.50663],[126.98013,37.50649]]]}},{"type":"Feature","properties":{"sido_cd":"11","sido_nm":"서울특별시","sgg_cd":"11200","sgg_nm":"성동구"},"geometry":{"type":"Polygon","coordinates":[[[127.02156,37.53553],[127.02092,37.53512],[127.01479,37.5389],[127.01289,37.53931],[127.01153,37.53898],[127.00947,37.53958],[127.00834,37.54186],[127.00861,37.54398],[127.01068,37.54808],[127.01166,37.54851],[127.01631,37.55301],[127.01788,37.55657],[127.01937,37.5575],[127.02286,37.55787],[127.02333,37.56074],[127.0265,37.56339],[127.02671,37.56499],[127.02362,37.56517],[127.02337,37.57174],[127.03036,37.56982],[127.03231,37.57014],[127.0351,37.57196],[127.03793,37.5729],[127.04218,37.57302],[127.04866,37.56987],[127.05871,37.56246],[127.07071,37.56058],[127.0737,37.55944],[127.05657,37.5291],[127.04667,37.534],[127.04031,37.5359],[127.02156,37.53553]]]}},{"type":"Feature","properties":{"sido_cd":"11","sido_nm":"서울특별시","sgg_cd":"11215","sgg_nm":"광진구"},"geometry":{"type":"Polygon","coordinates":[[[127.06696,37.52508],[127.05657,37.5291],[127.0737,37.55944],[127.0721,37.56005],[127.07858,37.57186],[127.08816,37.57082],[127.0884,37.57008],[127.09117,37.56956],[127.09231,37.56987],[127.09263,37.57041],[127.09457,37.5706],[127.10093,37.57356],[127.10164,37.57256],[127.10397,37.57173],[127.10418,37.571],[127.10334,37.56965],[127.10115,37.56002],[127.10896,37.55982],[127.11002,37.55846],[127.11377,37.55889],[127.11389,37.55333],[127.11157,37.54651],[127.09896,37.52795],[127.09225,37.52679],[127.08429,37.52442],[127.07758,37.52358],[127.07285,37.52371],[127.06696,37.52508]]]}},{"type":"Feature","properties":{"sido_cd":"11","sido_nm":"서울특별시","sgg_cd":"11230","sgg_nm":"동대문구"},"geometry":{"type":"Polygon","coordinates":[[[127.04866,37.56987],[127.04218,37.57302],[127.03793,37.5729],[127.0351,37.57196],[127.03231,37.57014],[127.03036,37.56982],[127.02337,37.57174],[127.02317,37.57804],[127.0295,37.58272],[127.03639,37.58992],[127.03649,37.59125],[127.03906,37.59127],[127.04075,37.5958],[127.04352,37.59691],[127.04765,37.59629],[127.05027,37.60111],[127.05101,37.60157],[127.05203,37.59995],[127.06005,37.6021],[127.06233,37.60528],[127.06625,37.60582],[127.06873,37.60687],[127.06859,37.60932],[127.06936,37.60933],[127.07172,37.60681],[127.07272,37.60244],[127.07199,37.60032],[127.06983,37.59775],[127.06963,37.59488],[127.07163,37.58795],[127.07723,37.58098],[127.07832,37.57678],[127.07864,37.57263],[127.07778,37.57008],[127.0721,37.56005],[127.05905,37.56231],[127.04866,37.56987]]]}},{"type":"Feature","properties":{"sido_cd":"11","sido_nm":"서울특별시","sgg_cd":"11260","sgg_nm":"중랑구"},"geometry":{"type":"Polygon","coordinates":[[[127.09531,37.57097],[127.09072,37.56958],[127.0884,37.57008],[127.08816,37.57082],[127.07858,37.57186],[127.07832,37.57678],[127.07723,37.58098],[127.07163,37.58795],[127.06963,37.59488],[127.06983,37.59775],[127.07199,37.60032],[127.07271,37.60227],[127.07172,37.60681],[127.0714,37.61563],[127.08164,37.61925],[127.08573,37.62017],[127.08954,37.61964],[127.09305,37.61804],[127.09682,37.61705],[127.10151,37.6198],[127.10571,37.62083],[127.10875,37.62046],[127.11085,37.62078],[127.11395,37.61943],[127.11567,37.61929],[127.11697,37.61743],[127.11667,37.61577],[127.11759,37.61171],[127.11662,37.60882],[127.11832,37.60761],[127.11828,37.60628],[127.11801,37.60458],[127.11385,37.59982],[127.11837,37.59502],[127.11782,37.59401],[127.11391,37.59334],[127.1124,37.59186],[127.11014,37.58742],[127.10933,37.58466],[127.10267,37.5841],[127.09975,37.58305],[127.10277,37.58176],[127.10267,37.5783],[127.10093,37.57356],[127.09531,37.57097]]]}},{"type":"Feature","properties":{"sido_cd":"11","sido_nm":"서울특별시","sgg_cd":"11290","sgg_nm":"성북구"},"geometry":{"type":"Polygon","coordinates":[[[127.01801,37.57806],[127.01639,37.58184],[127.01469,37.58223],[127.0128,37.58132],[127.01216,37.58151],[127.01048,37.58034],[127.00884,37.58045],[127.00733,37.5832],[127.00653,37.58613],[127.00593,37.58691],[127.0043,37.58709],[127.00419,37.58795],[127.00234,37.58915],[127.00166,37.5901],[127.00191,37.59125],[127.00094,37.59239],[126.99853,37.59251],[126.98914,37.59131],[126.98948,37.5918],[126.98648,37.59251],[126.98427,37.59358],[126.98201,37.59584],[126.98157,37.59914],[126.98491,37.59944],[126.98774,37.60122],[126.9859,37.60714],[126.98627,37.60994],[126.98696,37.61057],[126.98707,37.61355],[126.9867,37.61468],[126.98281,37.61669],[126.98137,37.62173],[126.97921,37.62457],[126.97967,37.62797],[126.98051,37.62905],[126.97952,37.6292],[126.97821,37.62844],[126.97667,37.62884],[126.97649,37.63009],[126.97507,37.63139],[126.97854,37.63385],[126.98359,37.63645],[126.98463,37.63656],[126.98606,37.6352],[126.99319,37.63203],[126.9941,37.62992],[126.99894,37.62688],[127.0045,37.62444],[127.00788,37.62391],[127.00737,37.62244],[127.00805,37.61937],[127.00849,37.61857],[127.01147,37.61642],[127.01475,37.61559],[127.01525,37.61481],[127.01764,37.61457],[127.02048,37.61255],[127.02203,37.61229],[127.02223,37.61127],[127.02722,37.61256],[127.02998,37.61234],[127.03041,37.60914],[127.0371,37.61271],[127.03912,37.61631],[127.04019,37.61595],[127.04396,37.61868],[127.04792,37.62322],[127.04999,37.62443],[127.05421,37.62017],[127.06201,37.61438],[127.06605,37.6143],[127.06801,37.61557],[127.07119,37.61637],[127.07172,37.60681],[127.06936,37.60933],[127.06859,37.60932],[127.06873,37.60687],[127.06625,37.60582],[127.06233,37.60528],[127.06005,37.6021],[127.05203,37.59995],[127.05101,37.60157],[127.05027,37.60111],[127.04765,37.59629],[127.04352,37.59691],[127.04075,37.5958],[127.03906,37.59127],[127.03649,37.59125],[127.03639,37.58992],[127.0295,37.58272],[127.02317,37.57804],[127.01875,37.57753],[127.01801,37.57806]]]}},{"type":"Feature","properties":{"sido_cd":"11","sido_nm":"서울특별시","sgg_cd":"11305","sgg_nm":"강북구"},"geometry":{"type":"Polygon","coordinates":[[[127.02067,37.6125],[127.01764,37.61457],[127.01525,37.61481],[127.01475,37.61559],[127.01147,37.61642],[127.00849,37.61857],[127.00751,37.62102],[127.00737,37.62244],[127.00788,37.62391],[127.0045,37.62444],[126.99894,37.62688],[126.9941,37.62992],[126.99319,37.63203],[126.98606,37.6352],[126.98463,37.63656],[126.98637,37.64065],[126.98589,37.64057],[126.98411,37.64191],[126.98325,37.64365],[126.98494,37.64582],[126.98464,37.64746],[126.98363,37.64991],[126.98099,37.6529],[126.97945,37.65583],[126.98129,37.65742],[126.985,37.6593],[126.98802,37.66334],[126.99284,37.66502],[126.99416,37.66628],[126.99296,37.67761],[126.99257,37.67878],[126.99174,37.67947],[126.9938,37.68025],[126.99799,37.68382],[127.00419,37.68517],[127.00829,37.68468],[127.00841,37.6813],[127.01036,37.67954],[127.01198,37.67929],[127.01387,37.67537],[127.01663,37.67267],[127.01852,37.66996],[127.01816,37.66878],[127.01545,37.66616],[127.01545,37.66348],[127.01634,37.66158],[127.01516,37.66159],[127.01379,37.65848],[127.01256,37.65275],[127.01324,37.65044],[127.01634,37.6489],[127.0182,37.64861],[127.02114,37.64902],[127.02462,37.6474],[127.02566,37.64586],[127.03267,37.64163],[127.03469,37.6376],[127.03644,37.63689],[127.03848,37.63391],[127.04824,37.62647],[127.04999,37.62443],[127.04792,37.62322],[127.04396,37.61868],[127.04019,37.61595],[127.03912,37.61631],[127.0371,37.61271],[127.03041,37.60914],[127.02998,37.61234],[127.02722,37.61256],[127.02223,37.61127],[127.02203,37.61229],[127.02067,37.6125]]]}},{"type":"Feature","properties":{"sido_cd":"11","sido_nm":"서울특별시","sgg_cd":"11320","sgg_nm":"도봉구"},"geometry":{"type":"Polygon","coordinates":[[[127.03609,37.63699],[127.03469,37.6376],[127.03267,37.64163],[127.02566,37.64586],[127.02462,37.6474],[127.02114,37.64902],[127.01779,37.64862],[127.01562,37.6491],[127.01324,37.65044],[127.01269,37.65163],[127.01266,37.65331],[127.01463,37.66089],[127.01516,37.66159],[127.01634,37.66158],[127.01545,37.66348],[127.01545,37.66616],[127.01816,37.66878],[127.01852,37.66996],[127.01663,37.67267],[127.01387,37.67537],[127.01198,37.67929],[127.01036,37.67954],[127.00841,37.6813],[127.00829,37.68468],[127.00872,37.68501],[127.00897,37.68697],[127.00809,37.68903],[127.00806,37.6906],[127.00921,37.69523],[127.01195,37.69824],[127.01494,37.69855],[127.01585,37.70103],[127.01957,37.70108],[127.02209,37.6996],[127.0249,37.69944],[127.02715,37.70072],[127.02803,37.70059],[127.0293,37.69882],[127.02973,37.69619],[127.03114,37.69294],[127.03247,37.69171],[127.03589,37.69224],[127.03843,37.69327],[127.04158,37.69536],[127.04312,37.69515],[127.04509,37.69244],[127.0482,37.69391],[127.04937,37.69291],[127.0501,37.69035],[127.05014,37.68788],[127.05192,37.68481],[127.05202,37.68387],[127.04914,37.67312],[127.04882,37.66909],[127.04929,37.66737],[127.05105,37.66457],[127.05155,37.66066],[127.05418,37.65448],[127.05436,37.65041],[127.05589,37.64597],[127.05494,37.64076],[127.05413,37.64067],[127.05321,37.6414],[127.05125,37.6452],[127.0506,37.64515],[127.0453,37.63749],[127.04394,37.63344],[127.04148,37.63128],[127.03848,37.63391],[127.03609,37.63699]]]}},{"type":"Feature","properties":{"sido_cd":"11","sido_nm":"서울특별시","sgg_cd":"11350","sgg_nm":"노원구"},"geometry":{"type":"Polygon","coordinates":[[[127.06605,37.6143],[127.06242,37.61429],[127.06091,37.61495],[127.06061,37.61565],[127.05335,37.6209],[127.04824,37.62647],[127.04148,37.63128],[127.04394,37.63344],[127.0453,37.63749],[127.0506,37.64515],[127.05125,37.6452],[127.05262,37.64209],[127.05437,37.64064],[127.05494,37.64076],[127.05589,37.64597],[127.05436,37.65041],[127.05418,37.65448],[127.05155,37.66066],[127.05105,37.66457],[127.04929,37.66737],[127.04882,37.66909],[127.04914,37.67312],[127.05201,37.68366],[127.05192,37.68481],[127.05078,37.68702],[127.05482,37.68935],[127.05683,37.68957],[127.06038,37.68869],[127.06511,37.68985],[127.06939,37.69437],[127.07263,37.69435],[127.07446,37.69548],[127.07734,37.69638],[127.08111,37.69609],[127.08429,37.69401],[127.08514,37.69142],[127.08493,37.69084],[127.08899,37.68976],[127.09284,37.68968],[127.09579,37.68886],[127.09632,37.68595],[127.09563,37.68432],[127.09467,37.684],[127.09281,37.6818],[127.09183,37.67919],[127.09227,37.67748],[127.09361,37.67662],[127.09575,37.672],[127.09441,37.66436],[127.09244,37.65809],[127.08603,37.65591],[127.08658,37.65541],[127.08921,37.65495],[127.09282,37.6549],[127.0936,37.65332],[127.0923,37.64992],[127.09445,37.64576],[127.09781,37.64528],[127.10657,37.64549],[127.10803,37.64464],[127.10959,37.64258],[127.11115,37.64241],[127.11195,37.64027],[127.11238,37.63523],[127.11204,37.63262],[127.11084,37.63047],[127.10537,37.62714],[127.10351,37.6229],[127.10407,37.62166],[127.10571,37.62083],[127.10151,37.6198],[127.09704,37.61705],[127.09305,37.61804],[127.08954,37.61964],[127.08573,37.62017],[127.08164,37.61925],[127.0714,37.61563],[127.07119,37.61637],[127.06801,37.61557],[127.06605,37.6143]]]}},{"type":"Feature","properties":{"sido_cd":"11","sido_nm":"서울특별시","sgg_cd":"11380","sgg_nm":"은평구"},"geometry":{"type":"Polygon","coordinates":[[[126.91315,37.58703],[126.90313,37.57689],[126.90282,37.57715],[126.90164,37.57592],[126.8982,37.57826],[126.89791,37.57917],[126.89623,37.58085],[126.88992,37.58444],[126.88224,37.59094],[126.88482,37.59339],[126.88658,37.59384],[126.88544,37.59109],[126.88726,37.58859],[126.89696,37.58862],[126.89984,37.58987],[126.89899,37.59266],[126.90056,37.5943],[126.90136,37.59618],[126.90149,37.59937],[126.90023,37.60203],[126.90026,37.60315],[126.90208,37.60382],[126.90171,37.60573],[126.90221,37.60709],[126.90198,37.60939],[126.90103,37.61246],[126.90339,37.6188],[126.90524,37.6195],[126.90644,37.62403],[126.90794,37.62539],[126.90881,37.62905],[126.90717,37.63058],[126.90653,37.63252],[126.90982,37.63511],[126.91082,37.64016],[126.91247,37.64169],[126.91223,37.64438],[126.90758,37.64649],[126.90527,37.64891],[126.91389,37.64471],[126.92127,37.64556],[126.92542,37.64744],[126.92974,37.6504],[126.93473,37.65064],[126.93704,37.65193],[126.93938,37.6555],[126.94103,37.65706],[126.94362,37.65815],[126.94731,37.65893],[126.94879,37.65696],[126.95125,37.65495],[126.95462,37.65475],[126.95677,37.65265],[126.96173,37.64516],[126.96501,37.64276],[126.96882,37.63868],[126.96876,37.63698],[126.97087,37.63299],[126.97179,37.63229],[126.96925,37.63022],[126.95954,37.62848],[126.95675,37.62537],[126.95217,37.62482],[126.95124,37.62279],[126.95033,37.61836],[126.95094,37.61236],[126.94998,37.60971],[126.95038,37.60788],[126.94722,37.6078],[126.94492,37.60482],[126.94242,37.60482],[126.94044,37.60286],[126.94017,37.60183],[126.94121,37.60091],[126.94068,37.59867],[126.939,37.59771],[126.93777,37.59775],[126.93366,37.5964],[126.93066,37.59449],[126.92826,37.59165],[126.92787,37.59045],[126.92812,37.58838],[126.92282,37.58562],[126.92302,37.585],[126.92081,37.58291],[126.91891,37.58341],[126.91583,37.58314],[126.91544,37.58549],[126.91315,37.58703]]]}},{"type":"Feature","properties":{"sido_cd":"11","sido_nm":"서울특별시","sgg_cd":"11410","sgg_nm":"서대문구"},"geometry":{"type":"Polygon","coordinates":[[[126.95707,37.55748],[126.94105,37.55644],[126.93673,37.55511],[126.92701,37.55867],[126.92649,37.5592],[126.92668,37.56058],[126.92825,37.56334],[126.92614,37.56503],[126.91774,37.56744],[126.90478,37.57339],[126.90161,37.57546],[126.91315,37.58703],[126.91544,37.58549],[126.91583,37.58314],[126.91891,37.58341],[126.92081,37.58291],[126.92302,37.585],[126.92282,37.58562],[126.92812,37.58838],[126.92787,37.59045],[126.92826,37.59165],[126.93066,37.59449],[126.93366,37.5964],[126.93777,37.59775],[126.939,37.59771],[126.94068,37.59867],[126.94121,37.60091],[126.94017,37.60183],[126.94044,37.60286],[126.94242,37.60482],[126.94492,37.60482],[126.94722,37.6078],[126.94899,37.60807],[126.94999,37.6077],[126.95074,37.60832],[126.95344,37.60517],[126.95275,37.60041],[126.95351,37.59912],[126.95409,37.59855],[126.95714,37.59839],[126.95633,37.59515],[126.95751,37.59267],[126.95793,37.58879],[126.95689,37.58542],[126.96067,37.5808],[126.95878,37.58162],[126.957,37.58158],[126.95579,37.58073],[126.95546,37.57897],[126.95356,37.57888],[126.96677,37.56579],[126.96959,37.56201],[126.9669,37.56131],[126.96376,37.55935],[126.96207,37.55926],[126.95871,37.55666],[126.95849,37.55724],[126.95707,37.55748]]]}},{"type":"Feature","properties":{"sido_cd":"11","sido_nm":"서울특별시","sgg_cd":"11440","sgg_nm":"마포구"},"geometry":{"type":"Polygon","coordinates":[[[126.90498,37.54132],[126.899,37.54792],[126.89063,37.55117],[126.87203,37.56004],[126.85517,37.56998],[126.85356,37.57181],[126.85412,37.57386],[126.86172,37.57586],[126.86495,37.57584],[126.86799,37.57739],[126.87335,37.57885],[126.87708,37.5789],[126.87763,37.57975],[126.87663,37.58156],[126.87667,37.58412],[126.87763,37.5862],[126.88029,37.58964],[126.88224,37.59094],[126.88992,37.58444],[126.89623,37.58085],[126.89791,37.57917],[126.8982,37.57826],[126.90164,37.57592],[126.90282,37.57715],[126.90313,37.57689],[126.90161,37.57546],[126.90478,37.57339],[126.91774,37.56744],[126.92474,37.56573],[126.9263,37.56492],[126.92825,37.56334],[126.92668,37.56058],[126.92649,37.5592],[126.92712,37.55863],[126.93687,37.5551],[126.94105,37.55644],[126.94469,37.55684],[126.95707,37.55748],[126.95849,37.55724],[126.95871,37.55666],[126.96148,37.55885],[126.96304,37.55818],[126.9631,37.55642],[126.9617,37.55534],[126.96166,37.55334],[126.96239,37.5515],[126.96394,37.5498],[126.96369,37.5489],[126.96293,37.54878],[126.95863,37.54558],[126.9577,37.54208],[126.95223,37.5368],[126.94942,37.53587],[126.9464,37.53574],[126.94508,37.53493],[126.94467,37.53375],[126.94121,37.53645],[126.93026,37.54132],[126.92763,37.53903],[126.92303,37.54059],[126.92244,37.54139],[126.90498,37.54132]]]}},{"type":"Feature","properties":{"sido_cd":"11","sido_nm":"서울특별시","sgg_cd":"11470","sgg_nm":"양천구"},"geometry":{"type":"Polygon","coordinates":[[[126.85609,37.50947],[126.8529,37.51058],[126.84529,37.50787],[126.84454,37.50644],[126.83898,37.5029],[126.83836,37.50014],[126.83641,37.50065],[126.83617,37.50304],[126.83264,37.50503],[126.83064,37.50683],[126.83068,37.50757],[126.82653,37.50875],[126.82468,37.50833],[126.82397,37.50906],[126.82385,37.51096],[126.82447,37.51304],[126.82421,37.51435],[126.82332,37.51489],[126.82324,37.51618],[126.82556,37.51985],[126.82525,37.52315],[126.82645,37.52496],[126.82881,37.52651],[126.82786,37.52818],[126.82814,37.52903],[126.82709,37.5298],[126.82549,37.52982],[126.82345,37.53254],[126.82351,37.53377],[126.82274,37.53377],[126.82182,37.53487],[126.8224,37.53649],[126.82159,37.53972],[126.82215,37.54068],[126.82541,37.54165],[126.82525,37.54215],[126.82613,37.54281],[126.82593,37.5447],[126.8276,37.54768],[126.82974,37.54767],[126.83035,37.54577],[126.82974,37.54407],[126.83008,37.54172],[126.83314,37.54184],[126.83517,37.53691],[126.83473,37.53603],[126.84049,37.52654],[126.86401,37.5298],[126.86349,37.5356],[126.86367,37.53928],[126.86216,37.54414],[126.86428,37.55139],[126.8707,37.54765],[126.87242,37.54711],[126.87685,37.54706],[126.88071,37.54787],[126.88516,37.54359],[126.88552,37.54184],[126.88832,37.5368],[126.89025,37.53467],[126.89003,37.53329],[126.8888,37.53283],[126.8888,37.53206],[126.89054,37.5315],[126.89004,37.53038],[126.88848,37.53072],[126.88631,37.52806],[126.88173,37.52632],[126.88051,37.52523],[126.87982,37.5222],[126.87947,37.51677],[126.87846,37.51428],[126.87126,37.50563],[126.86353,37.50497],[126.86246,37.50669],[126.86011,37.50669],[126.85816,37.50995],[126.85609,37.50947]]]}},{"type":"Feature","properties":{"sido_cd":"11","sido_nm":"서울특별시","sgg_cd":"11500","sgg_nm":"강서구"},"geometry":{"type":"Polygon","coordinates":[[[126.84049,37.52654],[126.83473,37.53603],[126.83517,37.53691],[126.83314,37.54184],[126.83008,37.54172],[126.82974,37.54407],[126.83035,37.54577],[126.82974,37.54767],[126.8276,37.54768],[126.82593,37.5447],[126.82613,37.54281],[126.82525,37.54215],[126.82541,37.54165],[126.82215,37.54068],[126.81236,37.54071],[126.80732,37.54362],[126.80285,37.54308],[126.80039,37.5417],[126.80083,37.54088],[126.79898,37.54027],[126.79875,37.53945],[126.79924,37.53929],[126.79949,37.53786],[126.7944,37.53583],[126.794,37.53686],[126.79419,37.53824],[126.79332,37.53973],[126.7943,37.5401],[126.79475,37.54152],[126.79204,37.54181],[126.79175,37.54375],[126.78738,37.54586],[126.77759,37.54658],[126.77681,37.54822],[126.77535,37.54907],[126.77174,37.54831],[126.77007,37.55098],[126.76755,37.55196],[126.76777,37.55325],[126.7662,37.55413],[126.76634,37.55493],[126.76469,37.55537],[126.7666,37.55667],[126.77208,37.557],[126.77311,37.5575],[126.77201,37.5588],[126.77563,37.5618],[126.77792,37.56011],[126.777,37.56398],[126.77501,37.56601],[126.7748,37.56753],[126.77563,37.56816],[126.77696,37.56634],[126.78053,37.56833],[126.7825,37.57023],[126.7819,37.57185],[126.7827,37.57356],[126.78757,37.5756],[126.79006,37.57757],[126.79052,37.58031],[126.79174,37.58114],[126.79299,37.57974],[126.79482,37.58331],[126.79591,37.58316],[126.79703,37.58418],[126.79834,37.58779],[126.79883,37.58822],[126.80079,37.588],[126.80081,37.58901],[126.79725,37.59659],[126.79702,37.59849],[126.79792,37.60075],[126.80093,37.60434],[126.80289,37.60462],[126.8055,37.60369],[126.81128,37.59868],[126.81408,37.59759],[126.81641,37.59564],[126.81759,37.59529],[126.81858,37.59359],[126.82453,37.5894],[126.83209,37.58577],[126.85163,37.57326],[126.85517,37.56998],[126.86306,37.565],[126.87203,37.56004],[126.88038,37.55618],[126.87932,37.55483],[126.8792,37.5532],[126.87799,37.55343],[126.87814,37.55155],[126.88071,37.54787],[126.87685,37.54706],[126.87242,37.54711],[126.8707,37.54765],[126.86428,37.55139],[126.86216,37.54414],[126.86367,37.53928],[126.86349,37.5356],[126.86401,37.5298],[126.84049,37.52654]]]}},{"type":"Feature","properties":{"sido_cd":"11","sido_nm":"서울특별시","sgg_cd":"11530","sgg_nm":"구로구"},"geometry":{"type":"Polygon","coordinates":[[[126.82597,37.47685],[126.82168,37.47531],[126.82122,37.47625],[126.81922,37.47616],[126.8195,37.47511],[126.81846,37.47518],[126.81867,37.47413],[126.81784,37.47315],[126.81666,37.47392],[126.81539,37.47401],[126.81475,37.47467],[126.81529,37.47645],[126.81609,37.47672],[126.81705,37.47812],[126.8182,37.47814],[126.81957,37.48028],[126.81993,37.48176],[126.81945,37.48271],[126.81943,37.48547],[126.82233,37.48674],[126.82347,37.48775],[126.82303,37.48808],[126.82274,37.48998],[126.81786,37.49158],[126.81594,37.49243],[126.81559,37.49307],[126.81439,37.4932],[126.81429,37.49463],[126.81298,37.49629],[126.814,37.4972],[126.81436,37.49831],[126.81593,37.49764],[126.81976,37.49923],[126.81938,37.5005],[126.8202,37.50158],[126.82159,37.50206],[126.82245,37.50607],[126.82224,37.5076],[126.82627,37.50875],[126.83068,37.50757],[126.83064,37.50683],[126.83264,37.50503],[126.83617,37.50304],[126.83641,37.50065],[126.83836,37.50014],[126.83898,37.5029],[126.84454,37.50644],[126.84529,37.50787],[126.8529,37.51058],[126.85609,37.50947],[126.85816,37.50995],[126.86011,37.50669],[126.86246,37.50669],[126.86353,37.50497],[126.87126,37.50563],[126.87846,37.51428],[126.87947,37.51677],[126.88963,37.51209],[126.89175,37.50987],[126.89514,37.50815],[126.89386,37.50748],[126.89334,37.50252],[126.89353,37.49772],[126.89455,37.49432],[126.89756,37.4876],[126.90045,37.48567],[126.90323,37.48499],[126.89947,37.48034],[126.89895,37.47895],[126.89521,37.47847],[126.88952,37.47946],[126.88784,37.4804],[126.88547,37.48284],[126.88066,37.48597],[126.8781,37.48629],[126.87474,37.48538],[126.87529,37.48853],[126.87278,37.4888],[126.86965,37.49252],[126.86891,37.4951],[126.86831,37.4951],[126.86704,37.49296],[126.86187,37.49039],[126.85818,37.4863],[126.85651,37.48569],[126.85256,37.48194],[126.85063,37.4816],[126.84827,37.48236],[126.84648,37.4817],[126.84533,37.4738],[126.84278,37.47492],[126.84101,37.47462],[126.83884,37.47546],[126.83579,37.47526],[126.83301,37.47725],[126.83179,37.47757],[126.82876,37.4761],[126.82597,37.47685]]]}},{"type":"Feature","properties":{"sido_cd":"11","sido_nm":"서울특별시","sgg_cd":"11545","sgg_nm":"금천구"},"geometry":{"type":"Polygon","coordinates":[[[126.91433,37.44004],[126.91135,37.43754],[126.90934,37.43416],[126.9082,37.43368],[126.90447,37.43406],[126.89938,37.43814],[126.89872,37.43931],[126.8991,37.4396],[126.89912,37.44104],[126.89823,37.44465],[126.89612,37.44585],[126.89407,37.45264],[126.89263,37.45192],[126.88962,37.45235],[126.88638,37.4562],[126.88527,37.46006],[126.88667,37.46098],[126.88865,37.46083],[126.88908,37.46153],[126.87782,37.47567],[126.87391,37.48333],[126.87398,37.48505],[126.8781,37.48629],[126.88066,37.48597],[126.88547,37.48284],[126.88872,37.4798],[126.89481,37.47851],[126.89895,37.47895],[126.89947,37.48034],[126.90067,37.47933],[126.90972,37.48095],[126.90882,37.47886],[126.90949,37.4782],[126.91162,37.47817],[126.91194,37.47691],[126.91093,37.47382],[126.90823,37.47263],[126.91162,37.46663],[126.91244,37.46568],[126.91375,37.46528],[126.91286,37.46397],[126.91415,37.45809],[126.91841,37.45716],[126.92247,37.45725],[126.92318,37.45443],[126.92875,37.45019],[126.92212,37.44517],[126.92109,37.44413],[126.91943,37.44078],[126.91805,37.43989],[126.91433,37.44004]]]}},{"type":"Feature","properties":{"sido_cd":"11","sido_nm":"서울특별시","sgg_cd":"11560","sgg_nm":"영등포구"},"geometry":{"type":"Polygon","coordinates":[[[126.90323,37.48499],[126.90045,37.48567],[126.89756,37.4876],[126.89455,37.49432],[126.89353,37.49772],[126.89334,37.50252],[126.89386,37.50748],[126.89514,37.50815],[126.89175,37.50987],[126.88963,37.51209],[126.87947,37.51677],[126.87982,37.5222],[126.88051,37.52523],[126.88173,37.52632],[126.88631,37.52806],[126.88848,37.53072],[126.89004,37.53038],[126.89054,37.5315],[126.8888,37.53206],[126.8888,37.53283],[126.89003,37.53329],[126.89025,37.53467],[126.88832,37.5368],[126.88552,37.54184],[126.88516,37.54359],[126.88071,37.54787],[126.87814,37.55155],[126.87799,37.55343],[126.8792,37.5532],[126.87932,37.55483],[126.88038,37.55618],[126.89063,37.55117],[126.899,37.54792],[126.90498,37.54132],[126.92244,37.54139],[126.92303,37.54059],[126.92763,37.53903],[126.93026,37.54132],[126.93582,37.539],[126.94121,37.53645],[126.94467,37.53375],[126.94965,37.52676],[126.94956,37.51781],[126.9394,37.51614],[126.93215,37.51565],[126.92601,37.5161],[126.92516,37.5149],[126.92706,37.51393],[126.9271,37.513],[126.9254,37.51265],[126.92083,37.5014],[126.92019,37.4982],[126.91968,37.49769],[126.91253,37.49639],[126.91182,37.4959],[126.90323,37.48499]]]}},{"type":"Feature","properties":{"sido_cd":"11","sido_nm":"서울특별시","sgg_cd":"11590","sgg_nm":"동작구"},"geometry":{"type":"Polygon","coordinates":[[[126.91324,37.48721],[126.90596,37.48499],[126.90323,37.48499],[126.91182,37.4959],[126.91253,37.49639],[126.91968,37.49769],[126.92019,37.4982],[126.92083,37.5014],[126.9254,37.51265],[126.9271,37.513],[126.92706,37.51393],[126.92516,37.5149],[126.92601,37.5161],[126.93215,37.51565],[126.9394,37.51614],[126.94956,37.51781],[126.9572,37.51541],[126.96585,37.51051],[126.97405,37.50733],[126.98013,37.50649],[126.9807,37.50274],[126.9862,37.49904],[126.98784,37.49861],[126.98775,37.49824],[126.98477,37.49928],[126.9829,37.49635],[126.98172,37.47636],[126.97692,37.47657],[126.97049,37.47537],[126.97019,37.47663],[126.9688,37.47665],[126.96444,37.48022],[126.96134,37.48349],[126.96215,37.48524],[126.96207,37.48729],[126.96107,37.49113],[126.9612,37.49339],[126.96023,37.49389],[126.95895,37.49379],[126.95868,37.49293],[126.95732,37.49179],[126.95404,37.49104],[126.94739,37.49391],[126.94339,37.49208],[126.94165,37.49225],[126.93951,37.49088],[126.93915,37.49158],[126.93112,37.49342],[126.9274,37.49495],[126.9243,37.48996],[126.91889,37.48956],[126.91597,37.48876],[126.91324,37.48721]]]}},{"type":"Feature","properties":{"sido_cd":"11","sido_nm":"서울특별시","sgg_cd":"11620","sgg_nm":"관악구"},"geometry":{"type":"Polygon","coordinates":[[[126.92875,37.45019],[126.92318,37.45443],[126.92247,37.45725],[126.91841,37.45716],[126.91415,37.45809],[126.91286,37.46397],[126.91375,37.46528],[126.91244,37.46568],[126.91162,37.46663],[126.90823,37.47263],[126.91093,37.47382],[126.91194,37.47691],[126.91162,37.47817],[126.90949,37.4782],[126.90882,37.47886],[126.90972,37.48095],[126.90067,37.47933],[126.89947,37.48034],[126.90323,37.48499],[126.90777,37.48542],[126.91889,37.48956],[126.9243,37.48996],[126.9274,37.49495],[126.93112,37.49342],[126.93915,37.49158],[126.93951,37.49088],[126.94165,37.49225],[126.94339,37.49208],[126.94739,37.49391],[126.95404,37.49104],[126.95732,37.49179],[126.95868,37.49293],[126.95895,37.49379],[126.96035,37.49385],[126.9612,37.49339],[126.96107,37.49113],[126.96207,37.48729],[126.96215,37.48524],[126.96134,37.48349],[126.96444,37.48022],[126.9688,37.47665],[126.97019,37.47663],[126.97049,37.47537],[126.97692,37.47657],[126.98172,37.47636],[126.98186,37.4747],[126.98323,37.47157],[126.98453,37.46974],[126.98686,37.46785],[126.98816,37.46552],[126.98747,37.46041],[126.98764,37.4594],[126.98862,37.45814],[126.98236,37.45516],[126.97398,37.4476],[126.97081,37.44746],[126.96456,37.44569],[126.96383,37.44422],[126.9638,37.44077],[126.96302,37.44031],[126.95998,37.44026],[126.95925,37.4392],[126.95525,37.43859],[126.95259,37.43921],[126.95102,37.43842],[126.94822,37.43852],[126.94492,37.43704],[126.9414,37.43741],[126.94021,37.43572],[126.93864,37.43605],[126.93727,37.43845],[126.93785,37.44018],[126.93537,37.44285],[126.93051,37.44529],[126.93033,37.44739],[126.93103,37.44782],[126.92875,37.45019]]]}},{"type":"Feature","properties":{"sido_cd":"11","sido_nm":"서울특별시","sgg_cd":"11650","sgg_nm":"서초구"},"geometry":{"type":"Polygon","coordinates":[[[126.99696,37.4625],[126.98862,37.45814],[126.98764,37.4594],[126.98816,37.46552],[126.98759,37.46694],[126.98453,37.46974],[126.98254,37.47277],[126.98161,37.47715],[126.9829,37.49635],[126.98477,37.49928],[126.98775,37.49824],[126.98784,37.49861],[126.9862,37.49904],[126.9807,37.50274],[126.98013,37.50649],[126.98568,37.50663],[126.99062,37.51303],[127.00443,37.52026],[127.00797,37.52459],[127.01187,37.52784],[127.01761,37.52209],[127.02131,37.51117],[127.02035,37.51081],[127.02137,37.51103],[127.03397,37.4848],[127.04135,37.48557],[127.04503,37.47729],[127.05106,37.47149],[127.04958,37.47049],[127.05007,37.4701],[127.05453,37.46853],[127.06161,37.46896],[127.06216,37.46965],[127.06253,37.47284],[127.06924,37.47389],[127.06976,37.47478],[127.07081,37.47483],[127.07265,37.4748],[127.07391,37.47286],[127.07594,37.4738],[127.07716,37.47501],[127.08516,37.47527],[127.08449,37.47287],[127.0852,37.47156],[127.08876,37.46807],[127.09336,37.4644],[127.09502,37.46366],[127.09632,37.46143],[127.09463,37.45878],[127.09512,37.4583],[127.09428,37.45652],[127.09214,37.45362],[127.09082,37.45283],[127.08832,37.44864],[127.08799,37.44506],[127.08543,37.44494],[127.08394,37.44382],[127.08257,37.44146],[127.08158,37.441],[127.07633,37.44227],[127.07192,37.44209],[127.07197,37.44001],[127.07338,37.43934],[127.07263,37.43639],[127.07143,37.4352],[127.07046,37.43006],[127.06816,37.43058],[127.06675,37.43013],[127.06567,37.42901],[127.06316,37.42971],[127.05797,37.43013],[127.05459,37.42941],[127.05089,37.42965],[127.04747,37.43087],[127.04634,37.43355],[127.04472,37.4343],[127.04097,37.43817],[127.03731,37.43849],[127.03586,37.43916],[127.03539,37.44112],[127.03681,37.44215],[127.03836,37.44565],[127.03583,37.45755],[127.03492,37.45787],[127.03343,37.46108],[127.03473,37.46385],[127.03272,37.46525],[127.03127,37.46578],[127.02986,37.46545],[127.02986,37.46345],[127.0261,37.45851],[127.02053,37.45617],[127.01617,37.45537],[127.01106,37.45539],[127.00516,37.46306],[127.00342,37.46726],[126.99628,37.46672],[126.99646,37.4648],[126.99722,37.46394],[126.99696,37.4625]]]}},{"type":"Feature","properties":{"sido_cd":"11","sido_nm":"서울특별시","sgg_cd":"11680","sgg_nm":"강남구"},"geometry":{"type":"Polygon","coordinates":[[[127.05675,37.46842],[127.05381,37.46873],[127.04958,37.47049],[127.05106,37.47149],[127.04503,37.47729],[127.04135,37.48557],[127.03397,37.4848],[127.03378,37.4851],[127.02137,37.51103],[127.02035,37.51081],[127.02131,37.51117],[127.01761,37.52209],[127.01187,37.52784],[127.02156,37.53553],[127.04031,37.5359],[127.04667,37.534],[127.05657,37.5291],[127.06696,37.52508],[127.0665,37.52093],[127.06716,37.51998],[127.06846,37.51028],[127.07002,37.50478],[127.07318,37.50213],[127.07549,37.5012],[127.09674,37.49583],[127.10222,37.49353],[127.10568,37.49141],[127.11019,37.48688],[127.11228,37.48354],[127.11104,37.48294],[127.12054,37.47038],[127.12218,37.46752],[127.12242,37.46586],[127.12229,37.46521],[127.11718,37.46182],[127.11675,37.45859],[127.1156,37.4586],[127.11364,37.45974],[127.11288,37.46048],[127.1134,37.46107],[127.10631,37.46254],[127.10473,37.46215],[127.1035,37.45963],[127.09821,37.45879],[127.09685,37.45961],[127.096,37.4625],[127.09502,37.46366],[127.09336,37.4644],[127.08621,37.47036],[127.08449,37.47287],[127.08516,37.47527],[127.08387,37.47545],[127.08035,37.47489],[127.07716,37.47501],[127.07594,37.4738],[127.07391,37.47286],[127.07265,37.4748],[127.06976,37.47478],[127.06924,37.47389],[127.06253,37.47284],[127.06216,37.46965],[127.06161,37.46896],[127.05675,37.46842]]]}},{"type":"Feature","properties":{"sido_cd":"11","sido_nm":"서울특별시","sgg_cd":"11710","sgg_nm":"송파구"},"geometry":{"type":"Polygon","coordinates":[[[127.10568,37.49141],[127.10222,37.49353],[127.09674,37.49583],[127.07549,37.5012],[127.07121,37.50352],[127.06981,37.50504],[127.06846,37.51028],[127.06716,37.51998],[127.0665,37.52093],[127.06696,37.52508],[127.07285,37.52371],[127.07758,37.52358],[127.08429,37.52442],[127.09225,37.52679],[127.09812,37.52756],[127.09896,37.52795],[127.10956,37.54347],[127.1185,37.54093],[127.12321,37.53853],[127.11916,37.52807],[127.14541,37.51649],[127.14466,37.51555],[127.14113,37.51564],[127.14329,37.51398],[127.14352,37.51269],[127.14206,37.51279],[127.14113,37.51232],[127.14025,37.50983],[127.13997,37.50859],[127.14128,37.50694],[127.14114,37.50545],[127.14437,37.50439],[127.1456,37.50343],[127.14769,37.50327],[127.15012,37.50451],[127.1519,37.50315],[127.15647,37.5019],[127.15762,37.50309],[127.16138,37.50025],[127.1601,37.49716],[127.15998,37.49422],[127.15842,37.4907],[127.1573,37.48963],[127.15764,37.48914],[127.14984,37.48527],[127.14772,37.48175],[127.1474,37.47722],[127.14424,37.47732],[127.14345,37.4741],[127.13259,37.47485],[127.13229,37.47028],[127.13187,37.46973],[127.13268,37.46823],[127.13056,37.46763],[127.12873,37.46791],[127.12577,37.46921],[127.12507,37.4689],[127.12383,37.4663],[127.12229,37.46521],[127.12218,37.46752],[127.12054,37.47038],[127.11104,37.48294],[127.11228,37.48354],[127.11019,37.48688],[127.10568,37.49141]]]}},{"type":"Feature","properties":{"sido_cd":"11","sido_nm":"서울특별시","sgg_cd":"11740","sgg_nm":"강동구"},"geometry":{"type":"Polygon","coordinates":[[[127.14473,37.51942],[127.14501,37.51693],[127.11916,37.52807],[127.12321,37.53853],[127.1185,37.54093],[127.10956,37.54347],[127.11207,37.54755],[127.11389,37.55333],[127.1139,37.5586],[127.11348,37.56025],[127.11668,37.56002],[127.11936,37.56266],[127.12175,37.56399],[127.13382,37.56845],[127.14924,37.56849],[127.16662,37.57892],[127.17395,37.57958],[127.17767,37.58083],[127.17697,37.57946],[127.17551,37.57838],[127.17536,37.57729],[127.17606,37.57428],[127.17923,37.56882],[127.17976,37.56505],[127.18197,37.56094],[127.18139,37.55285],[127.18283,37.54656],[127.18355,37.54583],[127.18091,37.54588],[127.17905,37.54664],[127.17559,37.54521],[127.17397,37.54553],[127.16319,37.54502],[127.15355,37.534],[127.15326,37.52933],[127.14958,37.52588],[127.14776,37.52217],[127.1458,37.52199],[127.14473,37.51942]]]}},{"type":"Feature","properties":{"sido_cd":"41","sido_nm":"경기도","sgg_cd":"41110","sgg_nm":"수원시"},"geometry":{"type":"Polygon","coordinates":[[[126.99265,37.23085],[126.98812,37.23359],[126.98572,37.23264],[126.98036,37.23224],[126.97991,37.23104],[126.97822,37.22957],[126.97282,37.22872],[126.97039,37.2292],[126.96925,37.23067],[126.9677,37.23484],[126.96695,37.23563],[126.95776,37.23976],[126.95735,37.2404],[126.95799,37.24127],[126.95796,37.2426],[126.95619,37.24677],[126.95337,37.24813],[126.95272,37.24909],[126.95224,37.25147],[126.95071,37.25237],[126.94998,37.25382],[126.95005,37.25584],[126.94653,37.2575],[126.9395,37.25659],[126.93513,37.25692],[126.93478,37.25788],[126.932,37.26056],[126.93085,37.26104],[126.92901,37.26366],[126.92726,37.27143],[126.92868,37.27672],[126.92802,37.27708],[126.92737,37.2788],[126.92808,37.28234],[126.92929,37.28602],[126.93139,37.28842],[126.93298,37.29163],[126.93955,37.29532],[126.93934,37.29692],[126.93547,37.29803],[126.93259,37.30076],[126.93276,37.30297],[126.93475,37.30307],[126.94159,37.30102],[126.95174,37.30065],[126.95229,37.30065],[126.95291,37.30213],[126.9543,37.30314],[126.96108,37.30197],[126.96398,37.30437],[126.96635,37.30821],[126.96666,37.31305],[126.96771,37.31594],[126.97,37.31692],[126.96692,37.32324],[126.96694,37.32408],[126.9707,37.33006],[126.97119,37.33179],[126.97354,37.33018],[126.98094,37.32659],[126.98278,37.32675],[126.98711,37.32945],[126.99141,37.33401],[127.00047,37.33849],[127.00612,37.33807],[127.00653,37.33862],[127.0091,37.33879],[127.01094,37.34322],[127.01262,37.34513],[127.0127,37.34688],[127.01331,37.34783],[127.01461,37.34915],[127.01851,37.35044],[127.01881,37.35156],[127.02508,37.34854],[127.02631,37.34862],[127.02878,37.34758],[127.03344,37.34471],[127.03207,37.34238],[127.03153,37.337],[127.03486,37.33429],[127.03602,37.33239],[127.03595,37.331],[127.03686,37.32944],[127.03827,37.3285],[127.03718,37.32728],[127.03726,37.32637],[127.04056,37.32013],[127.04945,37.3158],[127.05395,37.31609],[127.05774,37.31551],[127.05811,37.31337],[127.06062,37.31094],[127.05818,37.3049],[127.06055,37.30429],[127.06096,37.30375],[127.06089,37.30139],[127.06009,37.29946],[127.06059,37.29658],[127.07934,37.29327],[127.0798,37.29535],[127.08251,37.29698],[127.08559,37.29813],[127.08927,37.29764],[127.08988,37.29841],[127.09058,37.29714],[127.08831,37.29317],[127.08792,37.2907],[127.08883,37.28697],[127.08652,37.28608],[127.08413,37.28632],[127.08168,37.28463],[127.07541,37.28224],[127.06954,37.27874],[127.06793,37.27447],[127.06693,37.27394],[127.06466,37.27111],[127.06504,37.27025],[127.06848,37.26868],[127.06995,37.26673],[127.0736,37.26611],[127.07489,37.26451],[127.07521,37.26235],[127.0759,37.26151],[127.0769,37.26139],[127.07759,37.26244],[127.07763,37.26353],[127.07599,37.26573],[127.07761,37.2657],[127.07751,37.26698],[127.07905,37.26731],[127.08553,37.27051],[127.0862,37.26477],[127.08415,37.26245],[127.08284,37.26215],[127.08105,37.25997],[127.08105,37.2585],[127.08378,37.25847],[127.0847,37.25661],[127.08336,37.25474],[127.08244,37.25445],[127.08182,37.25268],[127.08258,37.25161],[127.08193,37.25086],[127.08249,37.25009],[127.08127,37.2485],[127.08004,37.24754],[127.07549,37.24742],[127.06962,37.24619],[127.06828,37.24489],[127.06621,37.24388],[127.06598,37.24105],[127.06688,37.24122],[127.06709,37.24037],[127.065,37.24004],[127.0644,37.23927],[127.06326,37.23917],[127.05827,37.23413],[127.05256,37.23106],[127.05383,37.23232],[127.05346,37.23358],[127.05131,37.23436],[127.04595,37.23279],[127.04499,37.23317],[127.0445,37.23426],[127.04164,37.2352],[127.03913,37.23719],[127.04262,37.24675],[127.04109,37.24737],[127.04043,37.247],[127.04104,37.24504],[127.04085,37.24377],[127.04029,37.24331],[127.03968,37.2435],[127.03714,37.2405],[127.0367,37.2384],[127.02964,37.23201],[127.0229,37.22951],[127.02396,37.22718],[127.02263,37.2249],[127.02166,37.22429],[127.0136,37.22688],[127.00987,37.22731],[127.00368,37.22929],[126.99265,37.23085]]]}},{"type":"Feature","properties":{"sido_cd":"41","sido_nm":"경기도","sgg_cd":"41130","sgg_nm":"성남시"},"geometry":{"type":"Polygon","coordinates":[[[127.13249,37.34912],[127.13414,37.34721],[127.13786,37.34439],[127.13806,37.34223],[127.13754,37.33988],[127.13047,37.33762],[127.12329,37.33701],[127.12072,37.33441],[127.11707,37.3334],[127.11467,37.33528],[127.1134,37.33566],[127.11031,37.33464],[127.10896,37.33601],[127.10397,37.33861],[127.1027,37.33996],[127.10225,37.34241],[127.10116,37.34311],[127.09699,37.34322],[127.09246,37.34713],[127.08817,37.34882],[127.08731,37.34961],[127.08701,37.35093],[127.0862,37.35153],[127.08356,37.35203],[127.08004,37.34993],[127.07762,37.34908],[127.07521,37.35143],[127.07348,37.3554],[127.07023,37.35803],[127.06116,37.36072],[127.05799,37.36079],[127.05547,37.35998],[127.05414,37.36015],[127.05295,37.36113],[127.05288,37.3636],[127.04714,37.36666],[127.04609,37.36841],[127.0306,37.37197],[127.02794,37.37214],[127.0271,37.37538],[127.02741,37.37678],[127.02889,37.37925],[127.02969,37.37934],[127.03146,37.38124],[127.03536,37.38879],[127.03704,37.38938],[127.03871,37.39107],[127.03824,37.39852],[127.03741,37.40107],[127.03846,37.40197],[127.04075,37.40227],[127.04353,37.40363],[127.0437,37.40421],[127.04237,37.40711],[127.04268,37.4081],[127.04686,37.41094],[127.0469,37.41349],[127.04168,37.41563],[127.04183,37.42691],[127.04592,37.42909],[127.04747,37.43087],[127.05089,37.42965],[127.05459,37.42941],[127.05797,37.43013],[127.06316,37.42971],[127.06567,37.42901],[127.06675,37.43013],[127.06816,37.43058],[127.07046,37.43006],[127.07143,37.4352],[127.07263,37.43639],[127.07338,37.43934],[127.07197,37.44001],[127.07165,37.4418],[127.07242,37.44235],[127.07476,37.44242],[127.08158,37.441],[127.08257,37.44146],[127.08394,37.44382],[127.08543,37.44494],[127.08799,37.44506],[127.08832,37.44864],[127.09082,37.45283],[127.09214,37.45362],[127.09428,37.45652],[127.09512,37.4583],[127.09463,37.45878],[127.09632,37.46143],[127.09685,37.45961],[127.09821,37.45879],[127.10056,37.45905],[127.1035,37.45963],[127.10473,37.46215],[127.10631,37.46254],[127.1134,37.46107],[127.11288,37.46048],[127.11364,37.45974],[127.1156,37.4586],[127.11675,37.45859],[127.11746,37.46217],[127.12383,37.4663],[127.12507,37.4689],[127.12577,37.46921],[127.12873,37.46791],[127.13056,37.46763],[127.13268,37.46823],[127.13187,37.46973],[127.13229,37.47028],[127.13259,37.47485],[127.15445,37.47369],[127.15436,37.47173],[127.1628,37.47126],[127.16225,37.47042],[127.16462,37.4691],[127.17074,37.46995],[127.17773,37.47341],[127.18022,37.47375],[127.18105,37.47329],[127.18097,37.47179],[127.18203,37.46789],[127.1816,37.46047],[127.18338,37.45909],[127.18961,37.45816],[127.19099,37.45735],[127.19237,37.45534],[127.19473,37.44902],[127.19596,37.44388],[127.19366,37.43916],[127.19379,37.43392],[127.19523,37.43103],[127.1944,37.42987],[127.19336,37.4261],[127.19464,37.42539],[127.19383,37.42408],[127.19137,37.42206],[127.18573,37.41868],[127.18489,37.41534],[127.1829,37.4149],[127.18026,37.4159],[127.179,37.41582],[127.17696,37.41465],[127.17786,37.41265],[127.17715,37.40902],[127.17501,37.40585],[127.17426,37.40543],[127.17189,37.40154],[127.17083,37.39791],[127.16836,37.39491],[127.16829,37.39268],[127.17681,37.38725],[127.17719,37.38655],[127.17651,37.38487],[127.17345,37.38267],[127.16794,37.38035],[127.16169,37.37971],[127.16098,37.37795],[127.16113,37.37576],[127.16052,37.37279],[127.15619,37.36861],[127.15285,37.36354],[127.15019,37.36135],[127.14443,37.35939],[127.13948,37.35996],[127.13394,37.35848],[127.13174,37.3512],[127.13286,37.35054],[127.13249,37.34912]]]}},{"type":"Feature","properties":{"sido_cd":"41","sido_nm":"경기도","sgg_cd":"41150","sgg_nm":"의정부시"},"geometry":{"type":"Polygon","coordinates":[[[127.04509,37.69244],[127.04312,37.69515],[127.04158,37.69536],[127.03843,37.69327],[127.03589,37.69224],[127.03247,37.69171],[127.03114,37.69294],[127.02973,37.69619],[127.0293,37.69882],[127.02803,37.70059],[127.02715,37.70072],[127.0249,37.69944],[127.02209,37.6996],[127.01957,37.70108],[127.01585,37.70103],[127.01547,37.70328],[127.01939,37.70726],[127.01951,37.70814],[127.01338,37.71416],[127.01276,37.71651],[127.01357,37.71736],[127.01414,37.71921],[127.0136,37.71933],[127.0115,37.72235],[127.01263,37.72372],[127.01263,37.72576],[127.01089,37.72625],[127.00873,37.72807],[127.00968,37.72906],[127.0098,37.73012],[127.00311,37.73865],[127.0022,37.74057],[127.00316,37.74252],[127.00457,37.74318],[127.0029,37.7439],[127.00243,37.74458],[127.00298,37.74984],[127.00277,37.75093],[127.0021,37.7514],[127.00334,37.75307],[127.00128,37.759],[127.00227,37.76276],[127.0047,37.76318],[127.0106,37.76617],[127.01728,37.76856],[127.01871,37.76859],[127.02264,37.76728],[127.02547,37.76695],[127.03508,37.76772],[127.04117,37.76674],[127.04648,37.7632],[127.05086,37.76094],[127.05459,37.76237],[127.05647,37.76171],[127.06025,37.76212],[127.0654,37.76366],[127.07045,37.76583],[127.07405,37.7685],[127.07805,37.76964],[127.07914,37.76953],[127.08154,37.77067],[127.083,37.77268],[127.08468,37.77361],[127.09273,37.77661],[127.10346,37.77868],[127.10434,37.77967],[127.11069,37.7794],[127.11541,37.77643],[127.11564,37.77376],[127.11892,37.7736],[127.12012,37.77399],[127.12807,37.77184],[127.12867,37.77063],[127.1291,37.76689],[127.12735,37.76543],[127.12651,37.76562],[127.12543,37.7633],[127.12701,37.76365],[127.13343,37.76229],[127.13966,37.76407],[127.14318,37.75884],[127.14671,37.75484],[127.14204,37.74992],[127.14248,37.74777],[127.13826,37.74731],[127.13622,37.74931],[127.12848,37.74783],[127.12823,37.74715],[127.12904,37.74554],[127.12629,37.7438],[127.12371,37.73861],[127.12367,37.73498],[127.12565,37.73354],[127.12577,37.72747],[127.12412,37.72597],[127.12366,37.72287],[127.12301,37.72214],[127.1182,37.7208],[127.11656,37.71795],[127.11261,37.71778],[127.11167,37.71723],[127.1093,37.71281],[127.10901,37.70864],[127.10707,37.70766],[127.10365,37.70721],[127.10151,37.70495],[127.09909,37.70477],[127.09663,37.70221],[127.09496,37.70274],[127.09401,37.7038],[127.09116,37.70253],[127.08384,37.70174],[127.08036,37.6996],[127.08111,37.69609],[127.07734,37.69638],[127.07446,37.69548],[127.07263,37.69435],[127.06939,37.69437],[127.06451,37.68964],[127.06038,37.68869],[127.05683,37.68957],[127.05482,37.68935],[127.05078,37.68702],[127.05005,37.68822],[127.0501,37.69035],[127.04912,37.69352],[127.0482,37.69391],[127.04509,37.69244]]]}},{"type":"Feature","properties":{"sido_cd":"41","sido_nm":"경기도","sgg_cd":"41170","sgg_nm":"안양시"},"geometry":{"type":"Polygon","coordinates":[[[126.94032,37.37605],[126.93098,37.37753],[126.92695,37.37764],[126.92142,37.37652],[126.91753,37.37678],[126.91668,37.37588],[126.91483,37.37541],[126.91171,37.36909],[126.91164,37.36784],[126.90831,37.36339],[126.90759,37.36033],[126.90554,37.35875],[126.90434,37.35709],[126.90119,37.35683],[126.89724,37.35807],[126.89561,37.36014],[126.8911,37.37527],[126.88649,37.37658],[126.88191,37.37622],[126.88014,37.38219],[126.87793,37.38729],[126.87609,37.39466],[126.87758,37.39713],[126.87771,37.39978],[126.87727,37.40014],[126.877,37.40205],[126.87741,37.40475],[126.87541,37.40679],[126.87061,37.40691],[126.8703,37.40811],[126.87124,37.41255],[126.87994,37.41019],[126.88891,37.41256],[126.88961,37.41776],[126.88895,37.41887],[126.89035,37.4204],[126.89189,37.42053],[126.89396,37.42168],[126.89648,37.42562],[126.89657,37.42776],[126.89407,37.42903],[126.89583,37.43063],[126.89781,37.43102],[126.89917,37.43392],[126.89965,37.43745],[126.90192,37.43637],[126.90447,37.43406],[126.90724,37.43359],[126.90873,37.43382],[126.91038,37.43541],[126.91135,37.43754],[126.91236,37.43859],[126.91433,37.44004],[126.91805,37.43989],[126.91943,37.44078],[126.92109,37.44413],[126.92212,37.44517],[126.92875,37.45019],[126.93103,37.44782],[126.93033,37.44739],[126.93051,37.44529],[126.93537,37.44285],[126.93785,37.44018],[126.93727,37.43845],[126.93864,37.43605],[126.94021,37.43572],[126.9414,37.43741],[126.94492,37.43704],[126.94822,37.43852],[126.95102,37.43842],[126.95259,37.43921],[126.95525,37.43859],[126.95925,37.4392],[126.95998,37.44026],[126.96302,37.44031],[126.9638,37.44077],[126.96548,37.44031],[126.96431,37.43764],[126.96424,37.43139],[126.96264,37.43107],[126.96184,37.42687],[126.96091,37.42603],[126.96181,37.42456],[126.96263,37.42106],[126.96402,37.41913],[126.97376,37.41496],[126.97526,37.4126],[126.97615,37.4061],[126.97826,37.40336],[126.98083,37.40282],[126.98257,37.40067],[126.98219,37.39884],[126.97951,37.39589],[126.98183,37.39438],[126.98101,37.39319],[126.97889,37.39236],[126.97416,37.38847],[126.9728,37.38677],[126.97223,37.38126],[126.96537,37.37198],[126.96535,37.36735],[126.96434,37.36515],[126.96617,37.36325],[126.96613,37.36219],[126.96214,37.36156],[126.95702,37.36603],[126.95313,37.36629],[126.95034,37.36737],[126.94707,37.36998],[126.94555,37.37303],[126.94669,37.37566],[126.9438,37.37799],[126.94082,37.37913],[126.94119,37.37676],[126.94032,37.37605]]]}},{"type":"Feature","properties":{"sido_cd":"41","sido_nm":"경기도","sgg_cd":"41190","sgg_nm":"부천시"},"geometry":{"type":"Polygon","coordinates":[[[126.78432,37.47241],[126.77965,37.47146],[126.7771,37.47221],[126.77456,37.47142],[126.77296,37.47231],[126.77188,37.47236],[126.77156,37.47185],[126.76774,37.47176],[126.76735,37.47333],[126.76519,37.47523],[126.76222,37.47565],[126.76179,37.47633],[126.75906,37.47682],[126.75827,37.47882],[126.75621,37.47976],[126.75581,37.48082],[126.75525,37.48082],[126.75549,37.4828],[126.75452,37.4837],[126.7498,37.48535],[126.74697,37.48539],[126.7426,37.48665],[126.74163,37.4951],[126.74362,37.50148],[126.74158,37.50893],[126.74375,37.51037],[126.7451,37.51408],[126.7458,37.51476],[126.74781,37.51453],[126.75059,37.51498],[126.75195,37.51539],[126.752,37.51641],[126.75497,37.51659],[126.75957,37.51556],[126.76028,37.51586],[126.76012,37.51797],[126.761,37.51798],[126.76032,37.5275],[126.76095,37.53786],[126.76319,37.54441],[126.76423,37.54977],[126.76501,37.55048],[126.76417,37.55082],[126.76649,37.55288],[126.7662,37.55413],[126.76777,37.55325],[126.76755,37.55196],[126.77007,37.55098],[126.77174,37.54831],[126.77535,37.54907],[126.77681,37.54822],[126.77759,37.54658],[126.78738,37.54586],[126.79175,37.54375],[126.79204,37.54181],[126.79475,37.54152],[126.7943,37.5401],[126.79332,37.53973],[126.79419,37.53824],[126.794,37.53686],[126.7944,37.53583],[126.79949,37.53786],[126.79924,37.53929],[126.79875,37.53945],[126.79898,37.54027],[126.80083,37.54088],[126.80039,37.5417],[126.80285,37.54308],[126.80732,37.54362],[126.81236,37.54071],[126.82215,37.54068],[126.82159,37.53972],[126.8224,37.53649],[126.82182,37.53487],[126.82274,37.53377],[126.82351,37.53377],[126.82345,37.53254],[126.82549,37.52982],[126.82709,37.5298],[126.82814,37.52903],[126.82786,37.52818],[126.82881,37.52651],[126.82645,37.52496],[126.82521,37.52303],[126.82556,37.51985],[126.82324,37.51618],[126.82332,37.51489],[126.82421,37.51435],[126.82447,37.51304],[126.82385,37.51096],[126.82397,37.50906],[126.82468,37.50833],[126.82224,37.5076],[126.82245,37.50607],[126.82159,37.50206],[126.8202,37.50158],[126.81938,37.5005],[126.81976,37.49923],[126.81593,37.49764],[126.81436,37.49831],[126.814,37.4972],[126.81298,37.49629],[126.81429,37.49463],[126.81439,37.4932],[126.81559,37.49307],[126.81594,37.49243],[126.81786,37.49158],[126.82274,37.48998],[126.82303,37.48808],[126.82347,37.48775],[126.82233,37.48674],[126.81943,37.48547],[126.81945,37.48271],[126.81993,37.48176],[126.81957,37.48028],[126.8182,37.47814],[126.81705,37.47812],[126.81609,37.47672],[126.81529,37.47645],[126.81475,37.47467],[126.81539,37.47401],[126.81666,37.47392],[126.81784,37.47315],[126.81867,37.47413],[126.81846,37.47518],[126.8195,37.47511],[126.81922,37.47616],[126.82122,37.47625],[126.82168,37.47531],[126.82513,37.47676],[126.82876,37.4761],[126.83179,37.47757],[126.83301,37.47725],[126.8323,37.4763],[126.83253,37.47425],[126.83203,37.47342],[126.83351,37.4687],[126.83317,37.46589],[126.83146,37.46635],[126.83106,37.46482],[126.83008,37.46473],[126.82768,37.46322],[126.82542,37.45898],[126.82379,37.45924],[126.82319,37.45835],[126.8209,37.45862],[126.81973,37.45945],[126.81774,37.45919],[126.81548,37.46098],[126.81323,37.45993],[126.81335,37.45872],[126.81268,37.45918],[126.81184,37.45886],[126.81151,37.45988],[126.80889,37.46209],[126.8041,37.4615],[126.80308,37.46174],[126.8024,37.46265],[126.80094,37.46289],[126.80106,37.46375],[126.79881,37.46454],[126.79652,37.46402],[126.79477,37.46572],[126.79253,37.46526],[126.78927,37.46566],[126.78778,37.46684],[126.78791,37.46926],[126.78519,37.47006],[126.78436,37.47127],[126.78432,37.47241]]]}},{"type":"Feature","properties":{"sido_cd":"41","sido_nm":"경기도","sgg_cd":"41210","sgg_nm":"광명시"},"geometry":{"type":"Polygon","coordinates":[[[126.87124,37.41255],[126.8703,37.40811],[126.87061,37.40691],[126.87576,37.40658],[126.87741,37.40475],[126.877,37.40205],[126.87499,37.40157],[126.87061,37.40216],[126.86197,37.40151],[126.85769,37.40224],[126.85374,37.40547],[126.85284,37.40829],[126.84683,37.41167],[126.84632,37.41247],[126.8446,37.42097],[126.84551,37.42291],[126.84193,37.42638],[126.84191,37.42785],[126.84004,37.43171],[126.84062,37.4331],[126.84186,37.4338],[126.84174,37.43443],[126.83975,37.4366],[126.83781,37.43693],[126.83771,37.44243],[126.83836,37.44622],[126.83847,37.45073],[126.83811,37.45294],[126.83883,37.4557],[126.83701,37.45601],[126.83835,37.45733],[126.83761,37.4584],[126.83628,37.45812],[126.83314,37.46035],[126.83225,37.45903],[126.82928,37.45778],[126.82923,37.4587],[126.82854,37.45956],[126.82597,37.4594],[126.82768,37.46322],[126.83008,37.46473],[126.83106,37.46482],[126.83146,37.46635],[126.83317,37.46589],[126.83351,37.4687],[126.83203,37.47342],[126.83253,37.47425],[126.8323,37.4763],[126.83301,37.47725],[126.83579,37.47526],[126.83884,37.47546],[126.84101,37.47462],[126.84278,37.47492],[126.84533,37.4738],[126.84648,37.4817],[126.84827,37.48236],[126.85063,37.4816],[126.85256,37.48194],[126.85651,37.48569],[126.85818,37.4863],[126.86187,37.49039],[126.86704,37.49296],[126.86831,37.4951],[126.86891,37.4951],[126.86965,37.49252],[126.87278,37.4888],[126.87529,37.48853],[126.87515,37.48648],[126.87474,37.48538],[126.87398,37.48505],[126.87391,37.48333],[126.87562,37.47948],[126.87986,37.47283],[126.88865,37.46247],[126.88908,37.46153],[126.88886,37.46092],[126.88667,37.46098],[126.88527,37.46006],[126.88638,37.4562],[126.88962,37.45235],[126.89263,37.45192],[126.89407,37.45264],[126.89612,37.44585],[126.89823,37.44465],[126.89851,37.44387],[126.89912,37.44104],[126.89888,37.4388],[126.90049,37.43736],[126.89965,37.43745],[126.89917,37.43392],[126.89781,37.43102],[126.89583,37.43063],[126.89407,37.42903],[126.89657,37.42776],[126.89648,37.42562],[126.89396,37.42168],[126.89189,37.42053],[126.89035,37.4204],[126.88895,37.41887],[126.88961,37.41776],[126.88891,37.41256],[126.87994,37.41019],[126.87186,37.41246],[126.87124,37.41255]]]}},{"type":"Feature","properties":{"sido_cd":"41","sido_nm":"경기도","sgg_cd":"41220","sgg_nm":"평택시"},"geometry":{"type":"Polygon","coordinates":[[[127.10335,36.96521],[127.10089,36.96162],[127.0987,36.95998],[127.09727,36.96015],[127.09633,36.95923],[127.09638,36.95571],[127.09866,36.95442],[127.10081,36.95507],[127.10182,36.95469],[127.10169,36.95363],[127.09936,36.95207],[127.09752,36.94981],[127.09686,36.94653],[127.09696,36.9444],[127.09601,36.94224],[127.09471,36.94184],[127.09365,36.94231],[127.09145,36.9439],[127.0899,36.94587],[127.08612,36.94781],[127.0838,36.94566],[127.07831,36.94241],[127.07393,36.93839],[127.07138,36.94004],[127.06064,36.93952],[127.05651,36.9371],[127.04805,36.9335],[127.03815,36.93245],[127.03485,36.93052],[127.0345,36.92951],[127.03173,36.92834],[127.0301,36.92863],[127.01586,36.93446],[126.99541,36.93552],[126.98533,36.93247],[126.97285,36.92622],[126.94323,36.918],[126.91706,36.90536],[126.91204,36.90446],[126.91021,36.90465],[126.90864,36.9051],[126.9059,36.91631],[126.90616,36.91953],[126.90511,36.92462],[126.90447,36.92603],[126.90062,36.93056],[126.89586,36.93371],[126.89266,36.93475],[126.89133,36.93372],[126.88698,36.93609],[126.86422,36.93269],[126.86547,36.93901],[126.86241,36.94885],[126.85905,36.95049],[126.84988,36.94537],[126.84424,36.95381],[126.8466,36.95497],[126.84658,36.95597],[126.84504,36.95776],[126.84402,36.95817],[126.84232,36.95741],[126.83592,36.96658],[126.83885,36.96792],[126.82536,36.98713],[126.82442,36.99033],[126.82729,36.9929],[126.82562,36.9952],[126.82422,36.99596],[126.81976,36.99545],[126.81325,36.996],[126.81242,36.99538],[126.81083,36.99559],[126.80974,36.99799],[126.80808,36.9986],[126.79966,36.9994],[126.79705,36.99711],[126.79361,36.99509],[126.79021,36.99412],[126.78711,36.99524],[126.78359,36.99809],[126.78429,36.9985],[126.78586,36.99731],[126.78668,36.99784],[126.78287,37.00215],[126.78158,37.00167],[126.78115,37.00051],[126.7799,37.00007],[126.77751,37.00195],[126.78185,37.00371],[126.79311,37.00521],[126.79522,37.00593],[126.7976,37.00803],[126.79691,37.01206],[126.82101,37.01338],[126.83806,37.01365],[126.84323,37.01457],[126.84693,37.01585],[126.85311,37.02],[126.85804,37.0261],[126.87242,37.04662],[126.88121,37.05829],[126.88253,37.06081],[126.88376,37.06648],[126.89138,37.06703],[126.89623,37.0685],[126.90108,37.0702],[126.90207,37.07204],[126.90491,37.07364],[126.90575,37.0733],[126.90597,37.0722],[126.9049,37.07152],[126.90577,37.06966],[126.91039,37.06883],[126.91488,37.06577],[126.92205,37.0653],[126.92318,37.0664],[126.92865,37.06804],[126.93024,37.0671],[126.93183,37.06326],[126.93165,37.06269],[126.94038,37.06081],[126.94409,37.0633],[126.94549,37.06556],[126.95137,37.06856],[126.95645,37.06827],[126.96125,37.06982],[126.96478,37.06886],[126.9664,37.06911],[126.96748,37.07207],[126.96883,37.07343],[126.97314,37.07203],[126.97554,37.0706],[126.98463,37.07165],[126.9876,37.07045],[126.99513,37.07005],[126.99173,37.08477],[126.99271,37.08859],[126.99359,37.08958],[126.99777,37.09126],[126.99893,37.09259],[126.99704,37.09713],[126.99831,37.10057],[126.99785,37.10445],[126.99573,37.1082],[126.99666,37.11198],[126.99744,37.11264],[127.00069,37.11839],[127.00239,37.12362],[126.99951,37.12241],[126.9981,37.12309],[127.00243,37.12438],[127.00383,37.12695],[127.00537,37.1281],[127.01346,37.12898],[127.0175,37.12992],[127.02422,37.13322],[127.02516,37.13279],[127.02887,37.13337],[127.03023,37.13398],[127.0304,37.13457],[127.03563,37.13602],[127.03852,37.13576],[127.03768,37.13367],[127.03819,37.13178],[127.04117,37.12888],[127.04557,37.12635],[127.04525,37.12926],[127.0487,37.12994],[127.05233,37.12962],[127.05237,37.13072],[127.0533,37.13195],[127.0557,37.13352],[127.05669,37.13242],[127.05807,37.13196],[127.06082,37.1323],[127.06509,37.13194],[127.06498,37.13117],[127.06637,37.13122],[127.06592,37.12983],[127.06614,37.12769],[127.06679,37.12673],[127.06896,37.12816],[127.07114,37.12561],[127.07271,37.12591],[127.07304,37.12537],[127.07928,37.12816],[127.07927,37.12577],[127.08255,37.12631],[127.08347,37.12734],[127.0862,37.12675],[127.08904,37.12794],[127.08902,37.12847],[127.09017,37.1296],[127.08998,37.12992],[127.0929,37.12935],[127.09107,37.13099],[127.09153,37.13135],[127.08774,37.1348],[127.0916,37.13728],[127.09393,37.13641],[127.09786,37.13686],[127.09815,37.13772],[127.0977,37.13881],[127.10035,37.14229],[127.10249,37.1434],[127.10365,37.14357],[127.10416,37.14192],[127.10923,37.14269],[127.11088,37.14381],[127.11413,37.14462],[127.11895,37.14378],[127.1227,37.14451],[127.12332,37.14356],[127.12111,37.14167],[127.12058,37.1395],[127.1215,37.13896],[127.12161,37.13538],[127.12062,37.12951],[127.12021,37.12899],[127.11781,37.12884],[127.11495,37.12974],[127.11261,37.12807],[127.11257,37.12624],[127.10905,37.126],[127.10867,37.12481],[127.10979,37.11741],[127.11261,37.11385],[127.12442,37.08833],[127.12644,37.08159],[127.12421,37.07754],[127.12145,37.07641],[127.10988,37.07596],[127.10807,37.07654],[127.10364,37.07575],[127.10482,37.07442],[127.10272,37.073],[127.10231,37.06868],[127.10404,37.06615],[127.10653,37.06493],[127.11398,37.06509],[127.11542,37.06473],[127.11847,37.06267],[127.12024,37.06271],[127.1257,37.06469],[127.12817,37.06347],[127.13062,37.05811],[127.12739,37.05252],[127.12389,37.05156],[127.12218,37.05042],[127.11967,37.04609],[127.11477,37.04216],[127.11229,37.04197],[127.10989,37.04077],[127.10529,37.03575],[127.10533,37.03519],[127.10705,37.03292],[127.11241,37.02908],[127.11694,37.02721],[127.11884,37.03163],[127.12231,37.03506],[127.12633,37.03333],[127.13719,37.03387],[127.14495,37.03139],[127.15307,37.02947],[127.15253,37.02155],[127.14537,37.01668],[127.14428,37.01401],[127.14481,37.01115],[127.14885,37.00817],[127.15108,37.00251],[127.15226,37.00258],[127.15392,36.99776],[127.14906,36.99783],[127.14478,36.99722],[127.14174,36.99514],[127.13618,36.99337],[127.13456,36.98929],[127.13317,36.98785],[127.13061,36.98668],[127.13123,36.98564],[127.13428,36.98544],[127.13637,36.98472],[127.13643,36.98293],[127.14114,36.97971],[127.14112,36.97872],[127.13978,36.97862],[127.1377,36.98006],[127.13641,36.98007],[127.13719,36.97849],[127.13531,36.97795],[127.13532,36.97756],[127.13397,36.97751],[127.13398,36.9768],[127.12451,36.97679],[127.12515,36.97524],[127.1195,36.96913],[127.11582,36.97114],[127.11106,36.97088],[127.11052,36.97],[127.10335,36.96521]]]}},{"type":"Feature","properties":{"sido_cd":"41","sido_nm":"경기도","sgg_cd":"41250","sgg_nm":"동두천시"},"geometry":{"type":"Polygon","coordinates":[[[127.08788,37.87208],[127.0812,37.87104],[127.0775,37.87102],[127.07373,37.87279],[127.07269,37.87181],[127.06842,37.87064],[127.06606,37.87165],[127.0646,37.87112],[127.06255,37.86921],[127.06039,37.86935],[127.05768,37.87319],[127.05351,37.87659],[127.05015,37.88147],[127.04825,37.88288],[127.0469,37.88773],[127.04626,37.89385],[127.03623,37.89593],[127.02877,37.89893],[127.02443,37.89789],[127.02259,37.89883],[127.0209,37.9006],[127.01482,37.90297],[127.01248,37.90319],[127.01061,37.90481],[127.01056,37.91034],[127.0079,37.91615],[127.01279,37.91856],[127.01291,37.91975],[127.01261,37.92065],[127.01103,37.92121],[127.00904,37.92505],[127.01005,37.92757],[127.01129,37.92735],[127.0126,37.9282],[127.01399,37.92996],[127.01676,37.93662],[127.02055,37.94005],[127.0221,37.94063],[127.02495,37.94042],[127.02757,37.94315],[127.02872,37.95209],[127.02794,37.95347],[127.02873,37.95516],[127.0293,37.95573],[127.03921,37.95783],[127.0418,37.96001],[127.04168,37.96085],[127.04493,37.97],[127.04443,37.97226],[127.04579,37.97415],[127.04892,37.97576],[127.04882,37.97885],[127.05279,37.98073],[127.05326,37.98134],[127.05705,37.98034],[127.06439,37.9796],[127.06416,37.9771],[127.06343,37.97602],[127.0661,37.97528],[127.07618,37.97668],[127.08018,37.97668],[127.08457,37.97562],[127.08633,37.97399],[127.09254,37.97086],[127.09414,37.96801],[127.09269,37.96384],[127.09224,37.96005],[127.09257,37.95923],[127.09449,37.95719],[127.09883,37.95533],[127.09924,37.95458],[127.09912,37.95246],[127.09803,37.95107],[127.09631,37.95018],[127.09558,37.94902],[127.09629,37.94682],[127.09605,37.94365],[127.10234,37.94078],[127.10801,37.93909],[127.10948,37.93552],[127.11525,37.9283],[127.1209,37.91703],[127.12197,37.91648],[127.12712,37.91566],[127.12913,37.91634],[127.13284,37.91592],[127.13512,37.91332],[127.13624,37.9131],[127.13876,37.91403],[127.14596,37.91187],[127.14786,37.90663],[127.14675,37.90442],[127.14673,37.9028],[127.14775,37.90271],[127.15027,37.90058],[127.14966,37.89792],[127.15346,37.89602],[127.15565,37.89568],[127.15311,37.8899],[127.14946,37.88439],[127.14696,37.87603],[127.14209,37.87568],[127.13984,37.87621],[127.13674,37.87506],[127.13478,37.87373],[127.1317,37.87311],[127.12856,37.87391],[127.12356,37.86983],[127.12316,37.86716],[127.12035,37.86605],[127.11755,37.86623],[127.11368,37.86548],[127.11193,37.86435],[127.11125,37.86214],[127.10919,37.85985],[127.10705,37.86238],[127.10339,37.8654],[127.09886,37.86628],[127.09598,37.8674],[127.09147,37.87121],[127.08788,37.87208]]]}},{"type":"Feature","properties":{"sido_cd":"41","sido_nm":"경기도","sgg_cd":"41270","sgg_nm":"안산시"},"geometry":{"type":"MultiPolygon","coordinates":[[[[126.46678,37.08347],[126.46686,37.08422],[126.46822,37.0846],[126.46917,37.08387],[126.46928,37.08245],[126.46845,37.08243],[126.46678,37.08347]]],[[[126.45919,37.0903],[126.4583,37.09159],[126.45878,37.09229],[126.46232,37.0938],[126.46409,37.09213],[126.46525,37.08967],[126.46446,37.0887],[126.46146,37.08878],[126.45919,37.0903]]],[[[126.44883,37.098],[126.44855,37.09923],[126.44899,37.10019],[126.45122,37.10319],[126.45211,37.10312],[126.45408,37.10103],[126.45408,37.09979],[126.45769,37.097],[126.45774,37.09627],[126.4563,37.09508],[126.45222,37.09473],[126.44883,37.098]]],[[[126.39489,37.09916],[126.39365,37.099],[126.39196,37.09964],[126.38909,37.10179],[126.38589,37.10243],[126.38202,37.10216],[126.3814,37.10259],[126.37989,37.10448],[126.37971,37.10791],[126.38201,37.11423],[126.38367,37.11504],[126.38964,37.11525],[126.39486,37.11262],[126.39656,37.10908],[126.39708,37.10331],[126.39772,37.10248],[126.39773,37.10163],[126.39489,37.09916]]],[[[126.63078,37.18737],[126.63302,37.1889],[126.63917,37.18917],[126.64013,37.18873],[126.63864,37.18806],[126.63379,37.18741],[126.63025,37.18541],[126.62993,37.18609],[126.63078,37.18737]]],[[[126.61395,37.22513],[126.61602,37.22859],[126.6171,37.22852],[126.61832,37.22486],[126.61805,37.22378],[126.61468,37.22353],[126.61395,37.22513]]],[[[126.61264,37.22793],[126.61236,37.22863],[126.613,37.2297],[126.61429,37.23011],[126.61507,37.22966],[126.61394,37.22775],[126.61264,37.22793]]],[[[126.62703,37.24976],[126.62802,37.25046],[126.63038,37.25097],[126.6312,37.2499],[126.62843,37.24724],[126.62708,37.24872],[126.62703,37.24976]]],[[[126.5814,37.29168],[126.58406,37.29431],[126.58615,37.293],[126.58219,37.28855],[126.57972,37.2881],[126.57796,37.2883],[126.57626,37.28722],[126.57516,37.28434],[126.5721,37.2824],[126.57022,37.27985],[126.56925,37.27205],[126.57002,37.272],[126.57075,37.27271],[126.57256,37.27615],[126.5772,37.27518],[126.58131,37.27307],[126.58306,37.27393],[126.58707,37.27219],[126.58718,37.2709],[126.58552,37.26864],[126.58626,37.26734],[126.59068,37.26412],[126.59686,37.26243],[126.60768,37.26339],[126.60879,37.26304],[126.60836,37.26161],[126.60912,37.26058],[126.61634,37.25898],[126.61822,37.2574],[126.61771,37.25613],[126.61569,37.25409],[126.61456,37.25046],[126.61782,37.24901],[126.62049,37.24877],[126.62117,37.24829],[126.61928,37.24616],[126.62339,37.24325],[126.62642,37.24408],[126.62351,37.23952],[126.62259,37.23664],[126.62994,37.2344],[126.63373,37.2322],[126.6423,37.22947],[126.64779,37.22607],[126.65054,37.22529],[126.65164,37.22042],[126.64974,37.21825],[126.64926,37.2152],[126.64749,37.21064],[126.64762,37.20885],[126.64945,37.20899],[126.65089,37.20978],[126.6508,37.21273],[126.65168,37.21368],[126.65322,37.21348],[126.65435,37.21185],[126.65434,37.21071],[126.65204,37.20732],[126.64722,37.20646],[126.64666,37.20571],[126.6463,37.20428],[126.65131,37.19974],[126.65067,37.19793],[126.64755,37.19289],[126.64562,37.19166],[126.64387,37.19425],[126.6418,37.19557],[126.64059,37.19793],[126.64179,37.19962],[126.64232,37.20137],[126.64131,37.20413],[126.64178,37.20592],[126.64251,37.20659],[126.64583,37.20696],[126.64689,37.20863],[126.64683,37.21077],[126.63941,37.21555],[126.62921,37.218],[126.62791,37.22215],[126.62679,37.22216],[126.62526,37.22313],[126.6234,37.22699],[126.62345,37.23423],[126.62424,37.23535],[126.6218,37.23612],[126.6195,37.23313],[126.62003,37.23046],[126.61928,37.22932],[126.61498,37.23064],[126.61324,37.233],[126.61121,37.23376],[126.60995,37.23263],[126.61043,37.23033],[126.61004,37.22957],[126.60847,37.22924],[126.6028,37.23018],[126.59951,37.2269],[126.60255,37.2242],[126.60423,37.22424],[126.60733,37.22265],[126.61162,37.21902],[126.6126,37.21629],[126.61256,37.21444],[126.61583,37.20923],[126.61432,37.20729],[126.60808,37.20928],[126.60771,37.21118],[126.6054,37.21199],[126.60294,37.20762],[126.59814,37.21111],[126.60317,37.21628],[126.60147,37.22087],[126.60095,37.22056],[126.60165,37.21819],[126.59644,37.2161],[126.59526,37.21407],[126.59071,37.21328],[126.58844,37.21362],[126.58735,37.21794],[126.58515,37.22059],[126.57657,37.22056],[126.57658,37.21732],[126.57298,37.20934],[126.56985,37.20653],[126.56857,37.20449],[126.56827,37.20283],[126.56896,37.20088],[126.56543,37.19769],[126.56315,37.19416],[126.56178,37.1933],[126.56005,37.1971],[126.56028,37.19795],[126.55915,37.19921],[126.55301,37.20363],[126.54939,37.20488],[126.54252,37.2057],[126.54234,37.20275],[126.53833,37.19842],[126.53688,37.1977],[126.53498,37.19811],[126.5351,37.19898],[126.5364,37.19899],[126.53758,37.19984],[126.54063,37.20673],[126.54144,37.20697],[126.54298,37.20625],[126.54472,37.20662],[126.54458,37.21019],[126.54323,37.21384],[126.5471,37.21567],[126.54711,37.22072],[126.54621,37.22278],[126.54357,37.22444],[126.54256,37.22278],[126.54106,37.22326],[126.54038,37.22893],[126.54124,37.22904],[126.54267,37.22814],[126.54399,37.22909],[126.54429,37.23088],[126.54353,37.23224],[126.54444,37.23358],[126.55097,37.23391],[126.55437,37.23361],[126.55671,37.23457],[126.55826,37.2371],[126.56581,37.23619],[126.56676,37.23717],[126.56428,37.23966],[126.56036,37.24253],[126.55979,37.2486],[126.56224,37.25175],[126.56302,37.2562],[126.5595,37.2571],[126.55806,37.25957],[126.55878,37.26163],[126.55757,37.26673],[126.55501,37.26851],[126.5548,37.27108],[126.55083,37.27293],[126.54886,37.27654],[126.5491,37.27898],[126.54861,37.27995],[126.54197,37.28133],[126.53947,37.28265],[126.53895,37.28546],[126.53728,37.28657],[126.53377,37.28758],[126.53266,37.28878],[126.53294,37.28915],[126.53515,37.28916],[126.54043,37.28678],[126.54164,37.28563],[126.54565,37.28442],[126.54764,37.28451],[126.55185,37.28188],[126.55378,37.28263],[126.5555,37.28409],[126.55637,37.28374],[126.55776,37.28167],[126.55646,37.2793],[126.55685,37.27784],[126.5604,37.27754],[126.56774,37.28135],[126.56767,37.28256],[126.56546,37.28282],[126.56529,37.28375],[126.56802,37.28573],[126.5695,37.28536],[126.57433,37.28833],[126.5771,37.29094],[126.57371,37.29609],[126.57306,37.29648],[126.5712,37.29628],[126.57081,37.29819],[126.57208,37.29872],[126.5736,37.29777],[126.579,37.29596],[126.6122,37.31513],[126.64525,37.32447],[126.64666,37.32176],[126.61478,37.31257],[126.58369,37.295],[126.57923,37.29324],[126.57976,37.29186],[126.5814,37.29168]]],[[[126.80715,37.29929],[126.8067,37.29778],[126.80418,37.29625],[126.78299,37.29235],[126.77258,37.28941],[126.72558,37.30232],[126.71716,37.30752],[126.73852,37.32968],[126.74656,37.32473],[126.74765,37.32478],[126.74962,37.33345],[126.75777,37.33813],[126.7602,37.34105],[126.76394,37.34162],[126.76822,37.33942],[126.77059,37.34042],[126.77391,37.34075],[126.77638,37.34201],[126.7792,37.34066],[126.7828,37.34006],[126.78405,37.33855],[126.78405,37.33747],[126.78739,37.33857],[126.79209,37.34314],[126.79051,37.34798],[126.7908,37.35037],[126.79158,37.35248],[126.79528,37.35514],[126.80216,37.3531],[126.80578,37.35349],[126.80894,37.35514],[126.81665,37.35765],[126.81856,37.35971],[126.82372,37.36314],[126.82562,37.36323],[126.82644,37.36413],[126.82763,37.3642],[126.83163,37.36165],[126.83959,37.36289],[126.84075,37.36369],[126.84166,37.36321],[126.84335,37.36329],[126.84825,37.36505],[126.84977,37.36359],[126.85028,37.36203],[126.85343,37.36044],[126.85449,37.36029],[126.85662,37.3611],[126.85996,37.36148],[126.86483,37.36152],[126.87155,37.36591],[126.87315,37.36851],[126.87933,37.37352],[126.88191,37.37622],[126.88649,37.37658],[126.8911,37.37527],[126.89561,37.36014],[126.89724,37.35807],[126.894,37.35562],[126.89375,37.35365],[126.89192,37.3514],[126.88867,37.34944],[126.88731,37.34675],[126.88767,37.34359],[126.88683,37.34032],[126.88536,37.3382],[126.88071,37.33347],[126.87923,37.33276],[126.87672,37.33265],[126.87398,37.32995],[126.87275,37.3263],[126.87336,37.32307],[126.87465,37.32209],[126.87421,37.32086],[126.87812,37.31946],[126.88163,37.32084],[126.88316,37.32086],[126.88774,37.31791],[126.89153,37.31978],[126.89389,37.3198],[126.89503,37.31917],[126.9077,37.32188],[126.91093,37.31777],[126.91028,37.31735],[126.91044,37.31677],[126.91246,37.31558],[126.91441,37.31591],[126.91551,37.31514],[126.91433,37.31131],[126.91528,37.30558],[126.91646,37.30515],[126.92064,37.30554],[126.92258,37.30644],[126.92477,37.30679],[126.93043,37.30706],[126.93052,37.30521],[126.93135,37.30396],[126.93295,37.30305],[126.93259,37.30076],[126.93547,37.29803],[126.93934,37.29692],[126.93955,37.29532],[126.93298,37.29163],[126.93139,37.28842],[126.92929,37.28602],[126.92737,37.2788],[126.92622,37.27913],[126.92371,37.28136],[126.91756,37.28539],[126.91613,37.28867],[126.91385,37.29147],[126.91309,37.29153],[126.91198,37.29015],[126.90555,37.28989],[126.9015,37.29098],[126.89841,37.294],[126.89955,37.2902],[126.8977,37.28906],[126.89641,37.28899],[126.89287,37.28645],[126.89109,37.28385],[126.89147,37.28288],[126.89091,37.28202],[126.88618,37.28053],[126.8833,37.28218],[126.87969,37.28567],[126.87853,37.28395],[126.87815,37.27923],[126.87667,37.27772],[126.87132,37.27471],[126.85822,37.27418],[126.85272,37.27204],[126.84934,37.26868],[126.8479,37.26596],[126.84717,37.26575],[126.84128,37.26865],[126.83884,37.27143],[126.83781,37.27541],[126.83372,37.27774],[126.82931,37.27861],[126.828,37.2798],[126.82627,37.28522],[126.82574,37.28881],[126.82848,37.2889],[126.82775,37.29159],[126.82165,37.2908],[126.81392,37.29505],[126.81632,37.29801],[126.80715,37.29929]]]]}},{"type":"Feature","properties":{"sido_cd":"41","sido_nm":"경기도","sgg_cd":"41280","sgg_nm":"고양시"},"geometry":{"type":"Polygon","coordinates":[[[126.82453,37.5894],[126.81858,37.59359],[126.81759,37.59529],[126.81641,37.59564],[126.81408,37.59759],[126.81128,37.59868],[126.80494,37.60402],[126.79795,37.61086],[126.78875,37.61375],[126.78251,37.61659],[126.77489,37.62175],[126.76824,37.62369],[126.76415,37.62579],[126.76091,37.62823],[126.74277,37.63798],[126.73499,37.64196],[126.72839,37.64451],[126.71826,37.64929],[126.70159,37.65932],[126.67346,37.67491],[126.67128,37.67649],[126.66846,37.68018],[126.66637,37.68606],[126.66633,37.68776],[126.66705,37.68914],[126.67655,37.70008],[126.68348,37.69513],[126.68739,37.69158],[126.6914,37.68911],[126.69662,37.6949],[126.69929,37.69703],[126.70184,37.6963],[126.70458,37.69621],[126.71191,37.69974],[126.71707,37.70024],[126.72352,37.70303],[126.72745,37.70409],[126.73065,37.70404],[126.72989,37.70494],[126.73613,37.70463],[126.74017,37.70505],[126.74802,37.70314],[126.75553,37.70489],[126.76008,37.70333],[126.76398,37.7047],[126.76495,37.70405],[126.76637,37.70604],[126.76608,37.70697],[126.77062,37.70567],[126.77335,37.70425],[126.77386,37.70677],[126.77328,37.70923],[126.77483,37.71022],[126.77785,37.7141],[126.78256,37.71761],[126.78452,37.71969],[126.78503,37.72089],[126.79015,37.72376],[126.79195,37.7242],[126.79365,37.72595],[126.79608,37.72961],[126.79558,37.73356],[126.79357,37.73497],[126.79539,37.73621],[126.79817,37.73716],[126.80076,37.73528],[126.80134,37.7303],[126.80283,37.73038],[126.8069,37.72697],[126.81399,37.72348],[126.82303,37.72881],[126.82386,37.72883],[126.82541,37.72715],[126.82608,37.727],[126.83175,37.72881],[126.83413,37.7269],[126.83563,37.72807],[126.83623,37.72748],[126.83708,37.72757],[126.83939,37.72863],[126.84125,37.7315],[126.84804,37.73369],[126.85109,37.73417],[126.8544,37.73366],[126.85647,37.73457],[126.85656,37.73572],[126.85891,37.73407],[126.85893,37.7334],[126.86094,37.73268],[126.86495,37.73254],[126.86765,37.72959],[126.87149,37.7293],[126.87343,37.72614],[126.87602,37.7255],[126.87713,37.72622],[126.88099,37.72616],[126.88327,37.71981],[126.8827,37.71931],[126.8836,37.71939],[126.88466,37.7182],[126.88614,37.71845],[126.88692,37.71888],[126.88819,37.72082],[126.88923,37.72345],[126.89172,37.7253],[126.89469,37.72677],[126.89927,37.72676],[126.90216,37.72843],[126.90189,37.73429],[126.90118,37.73527],[126.90088,37.73713],[126.90358,37.7416],[126.9089,37.74485],[126.90818,37.74542],[126.90879,37.74696],[126.91558,37.74812],[126.92183,37.74703],[126.92555,37.74807],[126.92781,37.74928],[126.92926,37.74902],[126.92974,37.74812],[126.93299,37.74538],[126.93006,37.74284],[126.93102,37.73751],[126.93006,37.7359],[126.92857,37.73603],[126.92643,37.73513],[126.92261,37.73194],[126.92189,37.73018],[126.92204,37.7292],[126.92341,37.72857],[126.92307,37.72501],[126.92504,37.71991],[126.92308,37.71624],[126.92047,37.71368],[126.92454,37.71173],[126.92467,37.70787],[126.92339,37.70598],[126.92241,37.70307],[126.92275,37.70259],[126.92174,37.69903],[126.91874,37.69418],[126.91579,37.6911],[126.91415,37.68791],[126.91402,37.6822],[126.91476,37.67994],[126.9145,37.679],[126.91138,37.67439],[126.9103,37.6738],[126.90827,37.67397],[126.90729,37.67428],[126.90688,37.67542],[126.90614,37.6734],[126.90805,37.67026],[126.91134,37.6687],[126.92036,37.66959],[126.92043,37.67146],[126.92178,37.67193],[126.92803,37.6707],[126.93006,37.67229],[126.93195,37.67236],[126.93816,37.67143],[126.93982,37.67076],[126.94293,37.67309],[126.94458,37.67645],[126.94471,37.67693],[126.94308,37.67943],[126.94479,37.68513],[126.9479,37.6869],[126.95101,37.68772],[126.95255,37.68921],[126.95444,37.69265],[126.95996,37.69149],[126.96577,37.69236],[126.97299,37.68668],[126.97535,37.68617],[126.97929,37.68622],[126.98207,37.68542],[126.98928,37.68155],[126.99116,37.67941],[126.99257,37.67878],[126.99426,37.66648],[126.99284,37.66502],[126.98802,37.66334],[126.985,37.6593],[126.98129,37.65742],[126.97945,37.65583],[126.98099,37.6529],[126.98363,37.64991],[126.98464,37.64746],[126.98494,37.64582],[126.98325,37.64365],[126.98411,37.64191],[126.98589,37.64057],[126.98637,37.64065],[126.98463,37.63656],[126.98359,37.63645],[126.97854,37.63385],[126.97507,37.63139],[126.97179,37.63229],[126.97087,37.63299],[126.96876,37.63698],[126.96882,37.63868],[126.96501,37.64276],[126.96173,37.64516],[126.95677,37.65265],[126.95462,37.65475],[126.95125,37.65495],[126.94708,37.65899],[126.94103,37.65706],[126.93938,37.6555],[126.93704,37.65193],[126.93473,37.65064],[126.92974,37.6504],[126.92542,37.64744],[126.92127,37.64556],[126.91389,37.64471],[126.90527,37.64891],[126.90758,37.64649],[126.91223,37.64438],[126.91247,37.64169],[126.91082,37.64016],[126.90982,37.63511],[126.90653,37.63252],[126.90717,37.63058],[126.90881,37.62905],[126.90794,37.62539],[126.90644,37.62403],[126.90524,37.6195],[126.90339,37.6188],[126.90103,37.61246],[126.90198,37.60939],[126.90221,37.60709],[126.90171,37.60573],[126.90208,37.60382],[126.90026,37.60315],[126.90023,37.60203],[126.90149,37.59937],[126.90136,37.59618],[126.90056,37.5943],[126.89899,37.59266],[126.89984,37.58987],[126.89696,37.58862],[126.88726,37.58859],[126.88544,37.59109],[126.88658,37.59384],[126.88482,37.59339],[126.88338,37.59172],[126.88029,37.58964],[126.87763,37.5862],[126.87667,37.58412],[126.87663,37.58156],[126.87763,37.57975],[126.87708,37.5789],[126.87335,37.57885],[126.86799,37.57739],[126.86495,37.57584],[126.86172,37.57586],[126.85412,37.57386],[126.85356,37.57181],[126.83209,37.58577],[126.82453,37.5894]],[[126.88636,37.64788],[126.88542,37.64754],[126.88866,37.6487],[126.88636,37.64788]]]}},{"type":"Feature","properties":{"sido_cd":"41","sido_nm":"경기도","sgg_cd":"41290","sgg_nm":"과천시"},"geometry":{"type":"Polygon","coordinates":[[[127.00212,37.40706],[126.99971,37.40462],[126.99498,37.40514],[126.99268,37.4067],[126.99199,37.40768],[126.98827,37.40794],[126.98578,37.40664],[126.98257,37.40067],[126.98083,37.40282],[126.97817,37.40345],[126.97615,37.4061],[126.97526,37.4126],[126.97376,37.41496],[126.96393,37.4192],[126.96263,37.42106],[126.96181,37.42456],[126.96091,37.42603],[126.96184,37.42687],[126.96264,37.43107],[126.96424,37.43139],[126.96431,37.43764],[126.96548,37.44031],[126.9638,37.44077],[126.96399,37.44485],[126.96441,37.44558],[126.96557,37.4461],[126.97081,37.44746],[126.97398,37.4476],[126.98236,37.45516],[126.99683,37.46218],[126.99722,37.46394],[126.99646,37.4648],[126.99628,37.46672],[127.00342,37.46726],[127.00516,37.46306],[127.01106,37.45539],[127.01786,37.45561],[127.02469,37.45781],[127.0261,37.45851],[127.02986,37.46345],[127.02986,37.46545],[127.03127,37.46578],[127.03272,37.46525],[127.03473,37.46385],[127.03343,37.46108],[127.03492,37.45787],[127.03583,37.45755],[127.03836,37.44565],[127.03681,37.44215],[127.03541,37.44117],[127.0358,37.43927],[127.03731,37.43849],[127.04106,37.43811],[127.04472,37.4343],[127.04634,37.43355],[127.04747,37.43087],[127.04592,37.42909],[127.04183,37.42691],[127.04168,37.41563],[127.03793,37.41391],[127.03486,37.41406],[127.02834,37.4121],[127.02115,37.4124],[127.01814,37.41318],[127.00849,37.4122],[127.00413,37.40777],[127.00212,37.40706]]]}},{"type":"Feature","properties":{"sido_cd":"41","sido_nm":"경기도","sgg_cd":"41310","sgg_nm":"구리시"},"geometry":{"type":"Polygon","coordinates":[[[127.16662,37.57892],[127.14924,37.56849],[127.13382,37.56845],[127.12175,37.56399],[127.11936,37.56266],[127.11668,37.56002],[127.11348,37.56025],[127.11377,37.55889],[127.11002,37.55846],[127.10896,37.55982],[127.10115,37.56002],[127.10334,37.56965],[127.10419,37.57105],[127.10397,37.57173],[127.10164,37.57256],[127.10093,37.57356],[127.10267,37.5783],[127.10277,37.58176],[127.09975,37.58305],[127.10267,37.5841],[127.10933,37.58466],[127.11014,37.58742],[127.1124,37.59186],[127.11391,37.59334],[127.11782,37.59401],[127.11837,37.59502],[127.11383,37.59996],[127.11801,37.60458],[127.11832,37.60761],[127.11662,37.60882],[127.11759,37.61171],[127.11667,37.61577],[127.11697,37.61743],[127.11567,37.61929],[127.11395,37.61943],[127.11085,37.62078],[127.10614,37.6206],[127.10407,37.62166],[127.10351,37.6229],[127.10537,37.62714],[127.11084,37.63047],[127.11204,37.63262],[127.11238,37.63523],[127.11195,37.64027],[127.11115,37.64241],[127.11193,37.64342],[127.1154,37.64402],[127.11651,37.6434],[127.12702,37.64132],[127.12903,37.64169],[127.13059,37.64115],[127.13339,37.6436],[127.14087,37.6463],[127.14205,37.64597],[127.14386,37.64453],[127.14626,37.64409],[127.14911,37.63993],[127.15026,37.63943],[127.14944,37.63306],[127.14814,37.63155],[127.14448,37.62911],[127.14304,37.62571],[127.14325,37.62105],[127.14702,37.61513],[127.1484,37.60615],[127.15073,37.60045],[127.15408,37.59708],[127.15658,37.59593],[127.16445,37.59422],[127.16798,37.59419],[127.16861,37.59371],[127.1692,37.5921],[127.16852,37.59063],[127.166,37.58988],[127.16373,37.59],[127.16187,37.5893],[127.16092,37.58835],[127.16046,37.58665],[127.16228,37.58453],[127.16555,37.58423],[127.17076,37.58092],[127.16856,37.57983],[127.16857,37.57895],[127.16662,37.57892]]]}},{"type":"Feature","properties":{"sido_cd":"41","sido_nm":"경기도","sgg_cd":"41360","sgg_nm":"남양주시"},"geometry":{"type":"Polygon","coordinates":[[[127.20241,37.58841],[127.20195,37.58953],[127.20078,37.59036],[127.19757,37.59159],[127.19402,37.59194],[127.18338,37.5917],[127.18022,37.58789],[127.17076,37.58092],[127.16555,37.58423],[127.16228,37.58453],[127.16082,37.58579],[127.16062,37.58775],[127.16187,37.5893],[127.16373,37.59],[127.166,37.58988],[127.16831,37.59047],[127.16918,37.59252],[127.16798,37.59419],[127.16445,37.59422],[127.15599,37.59616],[127.15408,37.59708],[127.15061,37.60063],[127.1484,37.60615],[127.14702,37.61513],[127.14325,37.62105],[127.14306,37.62589],[127.14437,37.62896],[127.14902,37.63235],[127.14975,37.63417],[127.15026,37.63943],[127.14911,37.63993],[127.14614,37.64417],[127.14386,37.64453],[127.14175,37.64613],[127.14036,37.64621],[127.13339,37.6436],[127.13059,37.64115],[127.12903,37.64169],[127.12702,37.64132],[127.11651,37.6434],[127.1154,37.64402],[127.11199,37.64345],[127.11115,37.64241],[127.10975,37.64249],[127.10803,37.64464],[127.10657,37.64549],[127.09781,37.64528],[127.09445,37.64576],[127.0923,37.64992],[127.0936,37.65332],[127.09282,37.6549],[127.08921,37.65495],[127.08658,37.65541],[127.08603,37.65591],[127.09244,37.65809],[127.09396,37.66257],[127.09573,37.67042],[127.09574,37.67227],[127.09361,37.67662],[127.09227,37.67748],[127.09183,37.67919],[127.09281,37.6818],[127.09467,37.684],[127.09563,37.68432],[127.09629,37.68574],[127.09579,37.68886],[127.09284,37.68968],[127.08899,37.68976],[127.08493,37.69084],[127.08514,37.69142],[127.08429,37.69401],[127.08111,37.69609],[127.08036,37.6996],[127.08384,37.70174],[127.09116,37.70253],[127.09401,37.7038],[127.09496,37.70274],[127.09663,37.70221],[127.09909,37.70477],[127.10151,37.70495],[127.10365,37.70721],[127.10707,37.70766],[127.10901,37.70864],[127.1093,37.71281],[127.11167,37.71723],[127.11261,37.71778],[127.11656,37.71795],[127.1182,37.7208],[127.12301,37.72214],[127.12366,37.72287],[127.12412,37.72597],[127.12577,37.72747],[127.12565,37.73354],[127.12367,37.73498],[127.12371,37.73861],[127.12629,37.7438],[127.12904,37.74554],[127.12823,37.74715],[127.12848,37.74783],[127.13622,37.74931],[127.13826,37.74731],[127.14248,37.74777],[127.14204,37.74992],[127.14671,37.75484],[127.14941,37.75544],[127.15376,37.7555],[127.15718,37.7547],[127.1598,37.75305],[127.16626,37.75294],[127.17326,37.75511],[127.17556,37.75663],[127.17626,37.75734],[127.17699,37.75977],[127.17936,37.76226],[127.18142,37.76382],[127.18381,37.76469],[127.186,37.76441],[127.18729,37.76342],[127.19092,37.76258],[127.19861,37.76329],[127.20019,37.76399],[127.20415,37.76348],[127.20488,37.76307],[127.20478,37.76164],[127.20528,37.76124],[127.21096,37.76461],[127.21265,37.76465],[127.21298,37.76151],[127.21341,37.76102],[127.22075,37.75792],[127.22203,37.75693],[127.22163,37.75502],[127.22535,37.75349],[127.22762,37.75428],[127.23068,37.75733],[127.23341,37.75846],[127.23649,37.76219],[127.24047,37.76271],[127.25158,37.76621],[127.25355,37.76772],[127.25879,37.76866],[127.25973,37.7684],[127.26038,37.77012],[127.26152,37.77107],[127.26095,37.77262],[127.26175,37.77439],[127.26336,37.77693],[127.26622,37.77899],[127.26652,37.78045],[127.26973,37.77883],[127.27287,37.77611],[127.27402,37.77406],[127.28186,37.77492],[127.29,37.77501],[127.29156,37.77604],[127.29313,37.77624],[127.3021,37.77338],[127.30989,37.7683],[127.31144,37.7682],[127.31531,37.76903],[127.31857,37.76723],[127.32185,37.76425],[127.3237,37.76176],[127.32645,37.76025],[127.33009,37.75585],[127.33396,37.75284],[127.33185,37.75114],[127.33107,37.74954],[127.33293,37.74646],[127.33531,37.74383],[127.34241,37.7378],[127.34338,37.73303],[127.34294,37.72937],[127.345,37.7277],[127.35545,37.72369],[127.35404,37.71941],[127.35415,37.71727],[127.35472,37.71663],[127.35339,37.71094],[127.35517,37.70858],[127.35512,37.70718],[127.35366,37.70501],[127.35344,37.70382],[127.35849,37.69923],[127.36135,37.69381],[127.37024,37.69302],[127.37212,37.69203],[127.37213,37.69157],[127.37075,37.69047],[127.36714,37.69011],[127.36677,37.68965],[127.36693,37.68822],[127.36857,37.68579],[127.37417,37.68219],[127.37506,37.67733],[127.3792,37.67459],[127.37755,37.6699],[127.37637,37.66011],[127.37442,37.65433],[127.37205,37.65066],[127.37113,37.64819],[127.36598,37.64005],[127.35216,37.62779],[127.3471,37.61778],[127.34391,37.60515],[127.34147,37.59179],[127.33919,37.58654],[127.32133,37.55835],[127.3171,37.55219],[127.31169,37.54547],[127.30889,37.5406],[127.30477,37.5254],[127.30562,37.52077],[127.3071,37.51638],[127.30366,37.51251],[127.29993,37.50973],[127.2924,37.50714],[127.28906,37.50714],[127.28798,37.50908],[127.28685,37.51667],[127.28478,37.52149],[127.28284,37.52359],[127.27899,37.52636],[127.26347,37.53327],[127.24855,37.5414],[127.24044,37.54395],[127.23842,37.545],[127.23618,37.55045],[127.23443,37.55206],[127.2343,37.55747],[127.23364,37.55869],[127.22906,37.56336],[127.22186,37.56467],[127.22011,37.56696],[127.21967,37.5739],[127.21294,37.57697],[127.21068,37.57987],[127.20843,37.58181],[127.20619,37.5851],[127.20241,37.58841]]]}},{"type":"Feature","properties":{"sido_cd":"41","sido_nm":"경기도","sgg_cd":"41370","sgg_nm":"오산시"},"geometry":{"type":"Polygon","coordinates":[[[127.07488,37.12639],[127.0741,37.12554],[127.07304,37.12537],[127.07271,37.12591],[127.07114,37.12561],[127.06896,37.12816],[127.06679,37.12673],[127.06614,37.12769],[127.06592,37.12983],[127.06637,37.13122],[127.06498,37.13117],[127.06509,37.13194],[127.06082,37.1323],[127.05807,37.13196],[127.05669,37.13242],[127.0557,37.13352],[127.0533,37.13195],[127.05237,37.13072],[127.05233,37.12962],[127.0487,37.12994],[127.04525,37.12926],[127.04557,37.12635],[127.04272,37.12782],[127.03819,37.13178],[127.03768,37.13367],[127.03852,37.13576],[127.03563,37.13602],[127.03446,37.13723],[127.03257,37.1402],[127.03092,37.14442],[127.02982,37.14532],[127.03034,37.14637],[127.03013,37.14952],[127.02807,37.15217],[127.02783,37.15379],[127.03049,37.15601],[127.02976,37.15876],[127.02697,37.16066],[127.0281,37.16312],[127.01905,37.16729],[127.01663,37.16785],[127.01239,37.16757],[127.00653,37.16806],[127.00007,37.17355],[126.99525,37.17501],[126.99515,37.17727],[126.9965,37.17846],[126.99977,37.17758],[127.00301,37.17914],[127.00456,37.18041],[127.00461,37.18148],[127.00243,37.18205],[127.00785,37.187],[127.00982,37.1924],[127.01104,37.19375],[127.0136,37.19481],[127.01753,37.19546],[127.02413,37.19784],[127.02665,37.20042],[127.03689,37.19994],[127.03872,37.19833],[127.04154,37.19749],[127.04251,37.19764],[127.0461,37.19626],[127.04944,37.19591],[127.05196,37.19708],[127.05441,37.19746],[127.05662,37.19721],[127.06147,37.1994],[127.06497,37.19775],[127.06602,37.19572],[127.06565,37.19216],[127.06864,37.19062],[127.06814,37.18915],[127.06532,37.18645],[127.06606,37.18432],[127.07106,37.18404],[127.07214,37.18202],[127.07222,37.17598],[127.07303,37.17456],[127.07229,37.17397],[127.07073,37.17392],[127.07072,37.17046],[127.07137,37.16942],[127.07127,37.16821],[127.07321,37.16698],[127.07347,37.16549],[127.0759,37.16368],[127.07539,37.1626],[127.07625,37.16217],[127.0789,37.16252],[127.07988,37.16135],[127.08324,37.1617],[127.08382,37.16085],[127.08895,37.16052],[127.09162,37.15947],[127.09386,37.15945],[127.09518,37.15851],[127.09571,37.15741],[127.09799,37.15585],[127.09873,37.15308],[127.0982,37.15288],[127.09776,37.1517],[127.09921,37.15116],[127.10095,37.14609],[127.10365,37.14357],[127.10035,37.14229],[127.0977,37.13881],[127.09815,37.13772],[127.09786,37.13686],[127.09393,37.13641],[127.0916,37.13728],[127.08774,37.1348],[127.09153,37.13135],[127.09107,37.13099],[127.0929,37.12935],[127.08998,37.12992],[127.09017,37.1296],[127.08902,37.12847],[127.08904,37.12794],[127.0862,37.12675],[127.08347,37.12734],[127.08255,37.12631],[127.07927,37.12577],[127.07928,37.12816],[127.07488,37.12639]]]}},{"type":"Feature","properties":{"sido_cd":"41","sido_nm":"경기도","sgg_cd":"41390","sgg_nm":"시흥시"},"geometry":{"type":"Polygon","coordinates":[[[126.75765,37.33805],[126.74962,37.33345],[126.74765,37.32478],[126.74656,37.32473],[126.73852,37.32968],[126.71716,37.30752],[126.70611,37.31044],[126.6924,37.319],[126.68136,37.32008],[126.68047,37.31948],[126.67716,37.32009],[126.67732,37.32152],[126.67604,37.3218],[126.67531,37.32379],[126.67106,37.32989],[126.69149,37.33593],[126.69181,37.33742],[126.69115,37.33921],[126.68559,37.34088],[126.68845,37.34886],[126.69291,37.34829],[126.70148,37.35069],[126.70074,37.35161],[126.70114,37.35187],[126.70247,37.35093],[126.7032,37.35127],[126.70019,37.35395],[126.70045,37.35466],[126.71829,37.37382],[126.7306,37.3862],[126.73282,37.3864],[126.74259,37.38264],[126.7457,37.38752],[126.74498,37.38854],[126.74205,37.38455],[126.73983,37.38547],[126.74055,37.3869],[126.73745,37.38822],[126.73549,37.38702],[126.73419,37.38755],[126.73351,37.38903],[126.73454,37.39204],[126.7367,37.39436],[126.73654,37.39543],[126.74225,37.39972],[126.74582,37.40117],[126.74704,37.40338],[126.75058,37.40761],[126.75059,37.40981],[126.75224,37.41448],[126.75329,37.41692],[126.75505,37.41805],[126.75369,37.42254],[126.75968,37.42653],[126.76381,37.42576],[126.76737,37.42659],[126.76903,37.42734],[126.77035,37.42905],[126.77127,37.43138],[126.77131,37.43523],[126.76884,37.44293],[126.77071,37.44851],[126.77174,37.45027],[126.77832,37.45079],[126.77977,37.45433],[126.77829,37.45508],[126.77745,37.45752],[126.77984,37.46579],[126.77942,37.46838],[126.77796,37.47],[126.77823,37.47179],[126.78047,37.4715],[126.78432,37.47241],[126.78436,37.47127],[126.78519,37.47006],[126.78791,37.46926],[126.78778,37.46684],[126.78927,37.46566],[126.79253,37.46526],[126.79477,37.46572],[126.79652,37.46402],[126.79881,37.46454],[126.80106,37.46375],[126.80094,37.46289],[126.8024,37.46265],[126.80308,37.46174],[126.8041,37.4615],[126.80889,37.46209],[126.81151,37.45988],[126.81184,37.45886],[126.81268,37.45918],[126.81335,37.45872],[126.81323,37.45993],[126.81548,37.46098],[126.81774,37.45919],[126.81973,37.45945],[126.8209,37.45862],[126.82319,37.45835],[126.82379,37.45924],[126.82542,37.45898],[126.82808,37.45962],[126.82923,37.4587],[126.82928,37.45778],[126.83225,37.45903],[126.83314,37.46035],[126.83628,37.45812],[126.83761,37.4584],[126.83835,37.45733],[126.83701,37.45601],[126.83883,37.4557],[126.83811,37.45294],[126.83847,37.45073],[126.83836,37.44622],[126.83771,37.44243],[126.83781,37.43693],[126.83975,37.4366],[126.84174,37.43443],[126.84186,37.4338],[126.84062,37.4331],[126.84004,37.43171],[126.84191,37.42785],[126.84193,37.42638],[126.84551,37.42291],[126.8446,37.42097],[126.84632,37.41247],[126.84715,37.41145],[126.85284,37.40829],[126.85374,37.40547],[126.85769,37.40224],[126.86197,37.40151],[126.87061,37.40216],[126.87499,37.40157],[126.877,37.40205],[126.87727,37.40014],[126.87771,37.39978],[126.87758,37.39713],[126.87609,37.39466],[126.87793,37.38729],[126.88014,37.38219],[126.88191,37.37622],[126.87933,37.37352],[126.87315,37.36851],[126.87155,37.36591],[126.86483,37.36152],[126.85996,37.36148],[126.85662,37.3611],[126.85449,37.36029],[126.85343,37.36044],[126.85028,37.36203],[126.84977,37.36359],[126.84825,37.36505],[126.84335,37.36329],[126.84166,37.36321],[126.84075,37.36369],[126.83959,37.36289],[126.83163,37.36165],[126.82763,37.3642],[126.82644,37.36413],[126.82562,37.36323],[126.82372,37.36314],[126.81856,37.35971],[126.81665,37.35765],[126.80894,37.35514],[126.80578,37.35349],[126.80216,37.3531],[126.79528,37.35514],[126.79158,37.35248],[126.7908,37.35037],[126.79051,37.34798],[126.79209,37.34314],[126.78739,37.33857],[126.78405,37.33747],[126.78405,37.33855],[126.7828,37.34006],[126.7792,37.34066],[126.77638,37.34201],[126.77391,37.34075],[126.77059,37.34042],[126.76822,37.33942],[126.76394,37.34162],[126.7615,37.34147],[126.75983,37.34085],[126.75954,37.33995],[126.75765,37.33805]]]}},{"type":"Feature","properties":{"sido_cd":"41","sido_nm":"경기도","sgg_cd":"41410","sgg_nm":"군포시"},"geometry":{"type":"Polygon","coordinates":[[[126.94812,37.33183],[126.94696,37.32477],[126.94505,37.32034],[126.9407,37.32123],[126.93878,37.32245],[126.93709,37.32229],[126.93559,37.32173],[126.93216,37.31845],[126.92964,37.31703],[126.92947,37.31604],[126.93024,37.31296],[126.93285,37.30885],[126.93278,37.30771],[126.93137,37.3071],[126.92477,37.30679],[126.92258,37.30644],[126.92091,37.30558],[126.91646,37.30515],[126.91528,37.30558],[126.91433,37.31094],[126.91551,37.31514],[126.91441,37.31591],[126.91246,37.31558],[126.91044,37.31677],[126.91028,37.31735],[126.91093,37.31777],[126.9077,37.32188],[126.89503,37.31917],[126.89389,37.3198],[126.89153,37.31978],[126.88774,37.31791],[126.88316,37.32086],[126.88163,37.32084],[126.87812,37.31946],[126.87421,37.32086],[126.87465,37.32209],[126.87336,37.32307],[126.87275,37.3263],[126.87398,37.32995],[126.87672,37.33265],[126.87923,37.33276],[126.88071,37.33347],[126.88536,37.3382],[126.88678,37.34019],[126.88767,37.34359],[126.88745,37.3473],[126.88867,37.34944],[126.89192,37.3514],[126.89375,37.35365],[126.89409,37.35571],[126.89724,37.35807],[126.90119,37.35683],[126.90408,37.35699],[126.90743,37.3601],[126.90831,37.36339],[126.91164,37.36784],[126.91171,37.36909],[126.91483,37.37541],[126.91668,37.37588],[126.91753,37.37678],[126.92142,37.37652],[126.92695,37.37764],[126.93277,37.37747],[126.94008,37.37585],[126.94119,37.37676],[126.94082,37.37913],[126.9438,37.37799],[126.94669,37.37566],[126.94555,37.37303],[126.94707,37.36998],[126.95034,37.36737],[126.95313,37.36629],[126.95702,37.36603],[126.96214,37.36156],[126.96052,37.35639],[126.96237,37.35534],[126.95943,37.35062],[126.95955,37.34822],[126.95824,37.34723],[126.95758,37.34434],[126.95444,37.3411],[126.95134,37.34175],[126.94856,37.33975],[126.94812,37.33183]]]}},{"type":"Feature","properties":{"sido_cd":"41","sido_nm":"경기도","sgg_cd":"41430","sgg_nm":"의왕시"},"geometry":{"type":"Polygon","coordinates":[[[126.9707,37.33006],[126.96692,37.32324],[126.97,37.31692],[126.96771,37.31594],[126.96666,37.31305],[126.96635,37.30821],[126.96398,37.30437],[126.96108,37.30197],[126.9543,37.30314],[126.95291,37.30213],[126.95229,37.30065],[126.94159,37.30102],[126.93475,37.30307],[126.93295,37.30305],[126.93135,37.30396],[126.93052,37.30521],[126.93043,37.30706],[126.93236,37.30742],[126.93301,37.30836],[126.93029,37.31283],[126.92947,37.31604],[126.92964,37.31703],[126.93216,37.31845],[126.93559,37.32173],[126.93709,37.32229],[126.93878,37.32245],[126.9407,37.32123],[126.94505,37.32034],[126.94696,37.32477],[126.9474,37.32696],[126.94856,37.33975],[126.95134,37.34175],[126.95444,37.3411],[126.95758,37.34434],[126.95824,37.34723],[126.95955,37.34822],[126.95943,37.35062],[126.96237,37.35534],[126.96052,37.35639],[126.96202,37.36148],[126.96624,37.36248],[126.9661,37.36335],[126.96434,37.36515],[126.96535,37.36735],[126.96537,37.37198],[126.97223,37.38126],[126.9728,37.38677],[126.97416,37.38847],[126.97889,37.39236],[126.98101,37.39319],[126.98171,37.39415],[126.97951,37.39589],[126.98219,37.39884],[126.98257,37.40067],[126.98578,37.40664],[126.98827,37.40794],[126.99017,37.40803],[126.99202,37.40767],[126.99477,37.40521],[126.99977,37.40463],[127.00212,37.40706],[127.00413,37.40777],[127.0086,37.41223],[127.01814,37.41318],[127.02115,37.4124],[127.02834,37.4121],[127.03486,37.41406],[127.03793,37.41391],[127.04168,37.41563],[127.0469,37.41349],[127.04675,37.41076],[127.04279,37.40824],[127.04237,37.40723],[127.04297,37.40512],[127.0437,37.40421],[127.04353,37.40363],[127.04075,37.40227],[127.03846,37.40197],[127.03741,37.40107],[127.03824,37.39852],[127.03871,37.39107],[127.03704,37.38938],[127.03536,37.38879],[127.03146,37.38124],[127.02969,37.37934],[127.02889,37.37925],[127.02741,37.37678],[127.0271,37.37538],[127.02797,37.37198],[127.02726,37.36914],[127.02559,37.36771],[127.02337,37.36333],[127.01825,37.36035],[127.01613,37.35724],[127.01687,37.35375],[127.01881,37.35156],[127.01851,37.35044],[127.01461,37.34915],[127.01331,37.34783],[127.0127,37.34688],[127.01262,37.34513],[127.01094,37.34322],[127.0091,37.33879],[127.00653,37.33862],[127.00612,37.33807],[127.00047,37.33849],[126.99141,37.33401],[126.98711,37.32945],[126.98278,37.32675],[126.98094,37.32659],[126.97354,37.33018],[126.97119,37.33179],[126.9707,37.33006]]]}},{"type":"Feature","properties":{"sido_cd":"41","sido_nm":"경기도","sgg_cd":"41450","sgg_nm":"하남시"},"geometry":{"type":"Polygon","coordinates":[[[127.17603,37.48288],[127.17584,37.47677],[127.17783,37.4749],[127.18087,37.4738],[127.18105,37.47329],[127.18004,37.47376],[127.17773,37.47341],[127.17074,37.46995],[127.16708,37.46928],[127.16405,37.4693],[127.16225,37.47042],[127.1628,37.47126],[127.15436,37.47173],[127.15445,37.47369],[127.14345,37.4741],[127.14424,37.47732],[127.1474,37.47722],[127.14772,37.48175],[127.14984,37.48527],[127.15764,37.48914],[127.1573,37.48963],[127.15842,37.4907],[127.15998,37.49422],[127.1601,37.49716],[127.16138,37.50025],[127.15762,37.50309],[127.15647,37.5019],[127.1519,37.50315],[127.15012,37.50451],[127.14769,37.50327],[127.14524,37.5035],[127.14437,37.50439],[127.14114,37.50545],[127.14128,37.50694],[127.13997,37.50859],[127.14113,37.51232],[127.14206,37.51279],[127.14352,37.51269],[127.14329,37.51398],[127.14113,37.51564],[127.14466,37.51555],[127.1454,37.5161],[127.14461,37.51696],[127.14501,37.51693],[127.14473,37.51942],[127.1458,37.52199],[127.14776,37.52217],[127.14958,37.52588],[127.15311,37.52909],[127.15355,37.534],[127.16319,37.54502],[127.17397,37.54553],[127.17559,37.54521],[127.17905,37.54664],[127.18091,37.54588],[127.18355,37.54583],[127.18283,37.54656],[127.18139,37.55285],[127.18197,37.56094],[127.17976,37.56505],[127.17923,37.56882],[127.17606,37.57428],[127.17536,37.57729],[127.17551,37.57838],[127.17697,37.57946],[127.17767,37.58083],[127.17395,37.57958],[127.16857,37.57895],[127.16856,37.57983],[127.17324,37.58259],[127.17747,37.58623],[127.18022,37.58789],[127.18338,37.5917],[127.19646,37.59177],[127.19929,37.59114],[127.20162,37.58979],[127.20243,37.58818],[127.20619,37.5851],[127.20843,37.58181],[127.21068,37.57987],[127.21294,37.57697],[127.21967,37.5739],[127.22011,37.56696],[127.22186,37.56467],[127.22906,37.56336],[127.23364,37.55869],[127.2343,37.55747],[127.23443,37.55206],[127.23618,37.55045],[127.23842,37.545],[127.24044,37.54395],[127.24855,37.5414],[127.26347,37.53327],[127.27899,37.52636],[127.28165,37.52468],[127.28478,37.52149],[127.28685,37.51667],[127.28758,37.5135],[127.28296,37.51352],[127.27965,37.51263],[127.27821,37.51128],[127.27794,37.50955],[127.27622,37.50823],[127.27142,37.50764],[127.26844,37.50622],[127.2612,37.50724],[127.25439,37.50596],[127.25327,37.50325],[127.25553,37.49615],[127.25793,37.49462],[127.25915,37.49211],[127.25896,37.49021],[127.25765,37.48878],[127.2554,37.48791],[127.2537,37.48646],[127.2538,37.48461],[127.24826,37.48193],[127.24704,37.48059],[127.24622,37.47782],[127.24174,37.47686],[127.23936,37.47514],[127.23746,37.47493],[127.22615,37.47973],[127.21573,37.4823],[127.20684,37.48031],[127.20415,37.48064],[127.20259,37.48171],[127.20133,37.48044],[127.19804,37.47959],[127.19238,37.48072],[127.18842,37.48027],[127.18547,37.48102],[127.18319,37.48357],[127.17748,37.48555],[127.17579,37.48528],[127.17603,37.48288]]]}},{"type":"Feature","properties":{"sido_cd":"41","sido_nm":"경기도","sgg_cd":"41460","sgg_nm":"용인시"},"geometry":{"type":"Polygon","coordinates":[[[127.1516,37.21854],[127.14847,37.21907],[127.1443,37.21864],[127.14002,37.2175],[127.13618,37.21564],[127.12966,37.21746],[127.12672,37.21751],[127.11738,37.21996],[127.11518,37.21915],[127.10465,37.21986],[127.09558,37.21829],[127.08896,37.21636],[127.08192,37.22015],[127.07558,37.2259],[127.07482,37.22674],[127.07456,37.22813],[127.0726,37.22916],[127.07071,37.22891],[127.06877,37.23011],[127.068,37.23468],[127.06802,37.23669],[127.06849,37.23732],[127.06805,37.23876],[127.06668,37.24015],[127.06709,37.24037],[127.06688,37.24122],[127.06598,37.24105],[127.06621,37.24388],[127.06828,37.24489],[127.06962,37.24619],[127.07549,37.24742],[127.08004,37.24754],[127.08127,37.2485],[127.08249,37.25009],[127.08193,37.25086],[127.08258,37.25161],[127.08182,37.25268],[127.08244,37.25445],[127.08336,37.25474],[127.0847,37.25661],[127.08378,37.25847],[127.08105,37.2585],[127.08122,37.26059],[127.08284,37.26215],[127.08415,37.26245],[127.0862,37.26477],[127.08553,37.27051],[127.07905,37.26731],[127.07751,37.26698],[127.07761,37.2657],[127.07599,37.26573],[127.07768,37.26287],[127.0769,37.26139],[127.0759,37.26151],[127.07492,37.26308],[127.07489,37.26451],[127.0736,37.26611],[127.06995,37.26673],[127.06848,37.26868],[127.06504,37.27025],[127.06466,37.27111],[127.06693,37.27394],[127.06793,37.27447],[127.06954,37.27874],[127.07541,37.28224],[127.08168,37.28463],[127.08413,37.28632],[127.08652,37.28608],[127.08883,37.28697],[127.08789,37.29028],[127.08831,37.29317],[127.09058,37.29714],[127.08988,37.29841],[127.08927,37.29764],[127.08559,37.29813],[127.0798,37.29535],[127.07934,37.29327],[127.06059,37.29658],[127.06009,37.29946],[127.06089,37.30139],[127.06096,37.30375],[127.06055,37.30429],[127.05818,37.3049],[127.06062,37.31094],[127.05811,37.31337],[127.0577,37.31555],[127.05395,37.31609],[127.04945,37.3158],[127.04056,37.32013],[127.03726,37.32637],[127.03718,37.32728],[127.03827,37.3285],[127.03686,37.32944],[127.03595,37.331],[127.03602,37.33239],[127.03486,37.33429],[127.03153,37.337],[127.03207,37.34238],[127.03344,37.34471],[127.02878,37.34758],[127.02631,37.34862],[127.02508,37.34854],[127.01881,37.35156],[127.01687,37.35375],[127.01613,37.35664],[127.01637,37.35775],[127.01819,37.3603],[127.0237,37.36373],[127.02559,37.36771],[127.02726,37.36914],[127.02794,37.37214],[127.0306,37.37197],[127.04609,37.36841],[127.04714,37.36666],[127.05288,37.3636],[127.05295,37.36113],[127.05414,37.36015],[127.05547,37.35998],[127.05799,37.36079],[127.06116,37.36072],[127.07023,37.35803],[127.07348,37.3554],[127.07521,37.35143],[127.07762,37.34908],[127.08004,37.34993],[127.08356,37.35203],[127.0862,37.35153],[127.08701,37.35093],[127.08731,37.34961],[127.08817,37.34882],[127.09246,37.34713],[127.09699,37.34322],[127.10116,37.34311],[127.10225,37.34241],[127.1027,37.33996],[127.10397,37.33861],[127.10896,37.33601],[127.11031,37.33464],[127.1134,37.33566],[127.11467,37.33528],[127.11688,37.33341],[127.12072,37.33441],[127.12329,37.33701],[127.13047,37.33762],[127.13634,37.33964],[127.13954,37.33884],[127.14186,37.33631],[127.1482,37.3377],[127.15267,37.34001],[127.15755,37.34107],[127.16206,37.34332],[127.17376,37.34467],[127.17673,37.34442],[127.17876,37.34322],[127.19162,37.34724],[127.19608,37.34404],[127.19803,37.34145],[127.19826,37.33949],[127.19692,37.33472],[127.20041,37.32902],[127.20147,37.32861],[127.20846,37.331],[127.21265,37.33742],[127.21411,37.33807],[127.21681,37.34067],[127.2181,37.34277],[127.21831,37.34505],[127.21946,37.34657],[127.22115,37.34696],[127.22287,37.34562],[127.22358,37.34593],[127.22158,37.3493],[127.21792,37.3522],[127.2167,37.35465],[127.21702,37.35521],[127.21863,37.35563],[127.21967,37.3544],[127.22262,37.35438],[127.22501,37.35528],[127.22899,37.3591],[127.23369,37.35799],[127.23541,37.35841],[127.23806,37.36042],[127.23901,37.35933],[127.2389,37.35553],[127.23982,37.35416],[127.24187,37.35331],[127.24356,37.35453],[127.24691,37.35565],[127.25442,37.35076],[127.25835,37.34976],[127.26138,37.3484],[127.26358,37.34423],[127.26503,37.34268],[127.26892,37.34235],[127.27442,37.34293],[127.2808,37.34616],[127.28334,37.34531],[127.28367,37.33856],[127.28324,37.33659],[127.28099,37.33459],[127.28111,37.33383],[127.28015,37.33219],[127.27979,37.33013],[127.28037,37.32808],[127.28232,37.32741],[127.28205,37.32228],[127.28311,37.31907],[127.28175,37.31643],[127.27949,37.31377],[127.27726,37.30921],[127.27896,37.30674],[127.2786,37.30544],[127.28169,37.29795],[127.28152,37.29696],[127.2778,37.2904],[127.27855,37.28664],[127.27995,37.28551],[127.28176,37.27804],[127.28052,37.27704],[127.27626,37.27518],[127.27573,37.27475],[127.27596,37.2736],[127.28006,37.26963],[127.28118,37.2691],[127.28457,37.26898],[127.28742,37.27084],[127.29148,37.27165],[127.29668,37.27049],[127.29901,37.26926],[127.30039,37.26618],[127.30103,37.26568],[127.30216,37.26617],[127.30285,37.26738],[127.30277,37.26958],[127.30414,37.27093],[127.30556,37.27087],[127.31073,37.27328],[127.31655,37.27382],[127.31921,37.27498],[127.32298,37.27409],[127.33089,37.27024],[127.33665,37.27121],[127.3388,37.27054],[127.34094,37.26582],[127.34088,37.265],[127.34018,37.26316],[127.33666,37.26117],[127.33618,37.25778],[127.33694,37.25532],[127.33857,37.25239],[127.33607,37.25163],[127.33344,37.24932],[127.33115,37.24312],[127.33445,37.23781],[127.3342,37.23141],[127.33339,37.22716],[127.33087,37.22304],[127.33187,37.22],[127.33853,37.21629],[127.33958,37.21207],[127.34218,37.20808],[127.34519,37.20751],[127.34724,37.20612],[127.3484,37.20436],[127.35592,37.20262],[127.35614,37.20119],[127.35684,37.20063],[127.36136,37.20048],[127.36205,37.20111],[127.37038,37.20392],[127.37821,37.19555],[127.37597,37.191],[127.37393,37.18991],[127.37204,37.18976],[127.37224,37.18603],[127.37529,37.1851],[127.38121,37.18756],[127.38193,37.18673],[127.38238,37.18274],[127.38828,37.18141],[127.39446,37.18082],[127.39902,37.18096],[127.40186,37.18018],[127.40357,37.18033],[127.40503,37.18164],[127.40948,37.18408],[127.41037,37.18417],[127.41122,37.18339],[127.41415,37.17339],[127.41302,37.17002],[127.41063,37.16751],[127.40969,37.16438],[127.41043,37.16049],[127.41216,37.15694],[127.41232,37.15507],[127.41484,37.15208],[127.41792,37.15136],[127.4235,37.15183],[127.42982,37.14774],[127.42954,37.14701],[127.42729,37.14592],[127.42586,37.14304],[127.42562,37.14074],[127.42644,37.13861],[127.42615,37.13643],[127.42561,37.13397],[127.42418,37.13113],[127.42141,37.12768],[127.42091,37.12607],[127.41747,37.1238],[127.41501,37.12283],[127.41373,37.12157],[127.41257,37.11943],[127.41266,37.11788],[127.41398,37.11621],[127.41521,37.1157],[127.42027,37.11573],[127.42566,37.11311],[127.42307,37.11119],[127.4242,37.11042],[127.42459,37.10944],[127.42107,37.10651],[127.42418,37.0997],[127.42376,37.09884],[127.42172,37.09728],[127.41984,37.09737],[127.41628,37.09574],[127.41612,37.09309],[127.40197,37.09388],[127.39899,37.09538],[127.39795,37.09643],[127.39372,37.10458],[127.39408,37.10544],[127.39323,37.1065],[127.38895,37.10832],[127.38747,37.10818],[127.38414,37.10594],[127.38171,37.10592],[127.3792,37.1052],[127.37888,37.10294],[127.37695,37.1011],[127.37436,37.10262],[127.37405,37.10496],[127.373,37.10582],[127.36926,37.10677],[127.35904,37.10757],[127.35822,37.10725],[127.35507,37.10373],[127.35442,37.1006],[127.3528,37.10001],[127.34768,37.10357],[127.34495,37.10332],[127.34343,37.10402],[127.33969,37.10932],[127.33336,37.11174],[127.33078,37.11682],[127.33006,37.11656],[127.32959,37.11881],[127.32672,37.11944],[127.31636,37.10984],[127.31328,37.10947],[127.31214,37.10711],[127.31063,37.10538],[127.3057,37.10711],[127.3041,37.10909],[127.30334,37.11176],[127.29989,37.11237],[127.29908,37.11684],[127.29714,37.12033],[127.29493,37.1212],[127.29324,37.12293],[127.29231,37.12665],[127.28861,37.12968],[127.28788,37.13147],[127.28627,37.13202],[127.28425,37.13078],[127.28206,37.134],[127.27436,37.13364],[127.27307,37.13501],[127.27193,37.14103],[127.27312,37.14331],[127.27225,37.14481],[127.26915,37.14714],[127.26803,37.14933],[127.26954,37.15144],[127.26877,37.15424],[127.26694,37.15533],[127.26386,37.15589],[127.26167,37.15408],[127.26047,37.15207],[127.25548,37.15134],[127.2535,37.14686],[127.25026,37.14524],[127.25128,37.14267],[127.25281,37.1412],[127.25371,37.13809],[127.25116,37.1336],[127.25291,37.13088],[127.25338,37.129],[127.25116,37.12312],[127.24581,37.12205],[127.24302,37.1225],[127.23645,37.12125],[127.23386,37.11768],[127.22939,37.11713],[127.2271,37.11533],[127.22617,37.11394],[127.22322,37.1129],[127.22016,37.11343],[127.2147,37.11093],[127.21205,37.11057],[127.20999,37.11235],[127.20932,37.11227],[127.20861,37.1101],[127.20884,37.10884],[127.20983,37.10765],[127.20943,37.10558],[127.20741,37.10342],[127.20502,37.10242],[127.20232,37.1004],[127.19891,37.09686],[127.1976,37.093],[127.19527,37.08907],[127.19238,37.08709],[127.1889,37.08661],[127.18623,37.08449],[127.18212,37.08707],[127.17904,37.08761],[127.17626,37.08767],[127.17308,37.08587],[127.1662,37.0866],[127.16308,37.08784],[127.1618,37.0889],[127.1537,37.09101],[127.14628,37.09141],[127.14471,37.09085],[127.14211,37.08783],[127.13734,37.08914],[127.13597,37.09081],[127.13579,37.09169],[127.13385,37.09241],[127.13217,37.09146],[127.12594,37.09063],[127.12306,37.09135],[127.11261,37.11385],[127.10979,37.11741],[127.10868,37.12489],[127.10905,37.126],[127.11257,37.12624],[127.11261,37.12807],[127.11495,37.12974],[127.11781,37.12884],[127.12021,37.12899],[127.12072,37.12966],[127.12161,37.13538],[127.1215,37.13896],[127.12058,37.13942],[127.12107,37.14158],[127.12332,37.14356],[127.1227,37.14451],[127.12708,37.14565],[127.12949,37.14875],[127.13059,37.15185],[127.12883,37.15848],[127.12788,37.15982],[127.12794,37.16072],[127.12915,37.16203],[127.13121,37.16287],[127.13387,37.16493],[127.13379,37.16612],[127.13256,37.16806],[127.13301,37.16909],[127.14383,37.17018],[127.1456,37.16965],[127.14841,37.16968],[127.15115,37.1716],[127.15563,37.17676],[127.15762,37.17679],[127.15923,37.17795],[127.16065,37.18031],[127.15908,37.18413],[127.16026,37.18599],[127.16132,37.19041],[127.16096,37.19164],[127.15572,37.19666],[127.15546,37.19774],[127.15285,37.19723],[127.15196,37.19911],[127.15339,37.20191],[127.15431,37.20212],[127.15537,37.20346],[127.15589,37.20595],[127.15777,37.20717],[127.15172,37.21414],[127.1516,37.21854]]]}},{"type":"Feature","properties":{"sido_cd":"41","sido_nm":"경기도","sgg_cd":"41480","sgg_nm":"파주시"},"geometry":{"type":"Polygon","coordinates":[[[126.76008,37.70333],[126.75553,37.70489],[126.75404,37.70473],[126.7521,37.70385],[126.74802,37.70314],[126.74017,37.70505],[126.73613,37.70463],[126.72989,37.70494],[126.73065,37.70404],[126.72745,37.70409],[126.72352,37.70303],[126.71707,37.70024],[126.71191,37.69974],[126.70458,37.69621],[126.70184,37.6963],[126.69929,37.69703],[126.69662,37.6949],[126.6914,37.68911],[126.68739,37.69158],[126.68348,37.69513],[126.67655,37.70008],[126.67972,37.70515],[126.68362,37.71339],[126.68544,37.7237],[126.6848,37.72565],[126.67739,37.73501],[126.674,37.75001],[126.67617,37.755],[126.67365,37.76427],[126.67289,37.76938],[126.66638,37.78595],[126.66328,37.78743],[126.66216,37.79015],[126.66506,37.79864],[126.66605,37.81207],[126.67164,37.82661],[126.67396,37.83105],[126.67176,37.83287],[126.67138,37.83472],[126.66891,37.83466],[126.6602,37.83883],[126.65935,37.84024],[126.66096,37.8436],[126.66501,37.84319],[126.67101,37.84577],[126.67621,37.84398],[126.6796,37.84597],[126.68012,37.84718],[126.6799,37.85169],[126.68593,37.85865],[126.6888,37.86376],[126.69218,37.86843],[126.68648,37.87245],[126.68345,37.874],[126.68153,37.87283],[126.68014,37.87034],[126.67261,37.87006],[126.67523,37.87443],[126.67193,37.87722],[126.67207,37.87799],[126.67552,37.87717],[126.67993,37.87845],[126.68206,37.87972],[126.67941,37.88076],[126.67875,37.88152],[126.67877,37.8823],[126.68021,37.88405],[126.67974,37.88461],[126.67649,37.88461],[126.67636,37.88228],[126.67565,37.88164],[126.67413,37.88146],[126.67255,37.88215],[126.67233,37.88302],[126.67447,37.88465],[126.67448,37.8859],[126.67175,37.88678],[126.67016,37.88796],[126.6722,37.88869],[126.67737,37.89773],[126.67702,37.90446],[126.67586,37.90618],[126.68045,37.91111],[126.6828,37.9128],[126.68457,37.9126],[126.68233,37.91525],[126.68144,37.91558],[126.67848,37.91433],[126.67436,37.91396],[126.6701,37.91428],[126.66789,37.91585],[126.66592,37.91834],[126.66577,37.92205],[126.66678,37.92445],[126.66864,37.92585],[126.66921,37.92797],[126.66756,37.93269],[126.66929,37.93709],[126.67185,37.93971],[126.66994,37.94048],[126.66906,37.9414],[126.6694,37.94468],[126.67213,37.94762],[126.67237,37.94845],[126.67069,37.95197],[126.67038,37.9557],[126.67294,37.95546],[126.67547,37.9544],[126.67637,37.95351],[126.67918,37.95578],[126.67967,37.95751],[126.6813,37.95811],[126.68731,37.9572],[126.6882,37.96031],[126.69001,37.96104],[126.69118,37.96336],[126.69156,37.96624],[126.69458,37.96702],[126.69832,37.96925],[126.70066,37.96912],[126.70098,37.97137],[126.70249,37.97432],[126.7077,37.97564],[126.70885,37.97516],[126.70966,37.97351],[126.70948,37.97059],[126.71204,37.9684],[126.71528,37.96932],[126.71665,37.96886],[126.71767,37.96765],[126.71773,37.96569],[126.71939,37.96495],[126.72197,37.9665],[126.72418,37.96643],[126.72557,37.96688],[126.72778,37.96868],[126.73041,37.96879],[126.73506,37.96744],[126.73658,37.96582],[126.73757,37.9664],[126.73996,37.9727],[126.74455,37.97422],[126.74698,37.9765],[126.74806,37.97903],[126.75216,37.98165],[126.75864,37.98366],[126.76054,37.98338],[126.76081,37.98408],[126.76312,37.98505],[126.76511,37.98454],[126.77019,37.98056],[126.77142,37.97899],[126.7728,37.97835],[126.77421,37.9788],[126.77533,37.98041],[126.77265,37.9815],[126.77182,37.98235],[126.77348,37.984],[126.77586,37.98445],[126.77918,37.98293],[126.78224,37.98046],[126.78385,37.98103],[126.78362,37.98227],[126.79369,37.99231],[126.7964,37.99369],[126.79724,37.99283],[126.80091,37.992],[126.7985,37.98771],[126.80203,37.97955],[126.80451,37.97075],[126.81045,37.96767],[126.81134,37.96887],[126.81252,37.9693],[126.81471,37.96822],[126.81847,37.96409],[126.81748,37.96218],[126.81754,37.96129],[126.81886,37.95852],[126.82073,37.95746],[126.8283,37.9598],[126.83114,37.96324],[126.83268,37.96398],[126.83594,37.96403],[126.83678,37.96473],[126.83781,37.97331],[126.83881,37.97762],[126.84023,37.98095],[126.84398,37.98501],[126.84738,37.98677],[126.85027,37.98744],[126.85494,37.98724],[126.86597,37.97736],[126.87184,37.97115],[126.87874,37.96767],[126.88351,37.96642],[126.88776,37.96614],[126.89346,37.96803],[126.89496,37.96985],[126.89543,37.9722],[126.89267,37.97828],[126.89198,37.98084],[126.89116,37.98819],[126.89174,37.99238],[126.89415,37.99715],[126.89396,37.99897],[126.89469,37.99945],[126.89546,37.99937],[126.89824,37.99714],[126.90484,37.99442],[126.92163,37.98593],[126.9317,37.98228],[126.93568,37.98173],[126.94091,37.98239],[126.95246,37.988],[126.95659,37.99172],[126.96166,37.99765],[126.96957,38.00333],[126.97866,38.00366],[126.98208,38.00469],[126.98581,38.00314],[126.99215,38.00337],[126.99609,38.0014],[127.00099,37.99625],[127.0103,37.99323],[127.01315,37.99352],[127.01528,37.99231],[127.01704,37.98693],[127.0159,37.98578],[127.0126,37.98457],[127.01129,37.97612],[127.00853,37.97384],[127.00644,37.97325],[127.00078,37.97393],[126.99635,37.9732],[126.99122,37.96694],[126.98952,37.96377],[126.98852,37.96009],[126.98176,37.95659],[126.97912,37.95408],[126.97742,37.94861],[126.97744,37.94614],[126.97621,37.94431],[126.97336,37.94203],[126.97032,37.94203],[126.96689,37.93934],[126.96482,37.93902],[126.96443,37.93831],[126.96409,37.93294],[126.96505,37.92824],[126.96305,37.92708],[126.96184,37.92527],[126.96155,37.92428],[126.962,37.92291],[126.96002,37.92016],[126.95717,37.92227],[126.95633,37.92234],[126.9496,37.91897],[126.95056,37.9168],[126.95473,37.91247],[126.95316,37.90871],[126.95084,37.90721],[126.94918,37.90535],[126.94762,37.90257],[126.94673,37.89964],[126.94711,37.89844],[126.94854,37.89675],[126.94818,37.89376],[126.946,37.88846],[126.94808,37.88465],[126.94649,37.88047],[126.9471,37.87947],[126.94567,37.87547],[126.94426,37.87363],[126.94493,37.87033],[126.94612,37.86829],[126.94634,37.86699],[126.94508,37.86468],[126.94283,37.86255],[126.93977,37.85699],[126.9385,37.85406],[126.93887,37.8525],[126.93562,37.84939],[126.93451,37.84624],[126.93649,37.84079],[126.93298,37.83857],[126.92728,37.83805],[126.92644,37.83857],[126.92533,37.84159],[126.91933,37.84163],[126.91393,37.84107],[126.91238,37.84024],[126.91193,37.83846],[126.913,37.83603],[126.91136,37.82864],[126.90919,37.82854],[126.90299,37.82639],[126.90231,37.82472],[126.90562,37.82005],[126.91022,37.81648],[126.91013,37.81462],[126.90872,37.81201],[126.90879,37.81051],[126.91164,37.80824],[126.91191,37.80615],[126.90988,37.80465],[126.90672,37.80359],[126.90555,37.8021],[126.9053,37.79664],[126.90389,37.79095],[126.90649,37.79097],[126.91204,37.79208],[126.9146,37.79168],[126.91952,37.79039],[126.92128,37.78821],[126.92721,37.78508],[126.9321,37.78878],[126.93812,37.78694],[126.93679,37.78425],[126.93517,37.78275],[126.93338,37.77994],[126.93629,37.77421],[126.9328,37.77069],[126.93391,37.76758],[126.9309,37.76307],[126.92869,37.75759],[126.93165,37.75536],[126.932,37.75392],[126.93155,37.75187],[126.92971,37.74853],[126.92893,37.74918],[126.92781,37.74928],[126.92555,37.74807],[126.92183,37.74703],[126.91558,37.74812],[126.90879,37.74696],[126.90818,37.74542],[126.9089,37.74485],[126.90358,37.7416],[126.90088,37.73713],[126.90118,37.73527],[126.90189,37.73429],[126.90216,37.72843],[126.89927,37.72676],[126.89469,37.72677],[126.89172,37.7253],[126.88873,37.7228],[126.88819,37.72082],[126.88692,37.71888],[126.88466,37.7182],[126.8836,37.71939],[126.8827,37.71931],[126.88327,37.71981],[126.88099,37.72616],[126.87713,37.72622],[126.87602,37.7255],[126.87343,37.72614],[126.87149,37.7293],[126.86765,37.72959],[126.86495,37.73254],[126.86094,37.73268],[126.85893,37.7334],[126.85891,37.73407],[126.85656,37.73572],[126.85647,37.73457],[126.8544,37.73366],[126.85109,37.73417],[126.84804,37.73369],[126.84125,37.7315],[126.83939,37.72863],[126.83708,37.72757],[126.83623,37.72748],[126.83563,37.72807],[126.83413,37.7269],[126.83175,37.72881],[126.82608,37.727],[126.82541,37.72715],[126.82386,37.72883],[126.82303,37.72881],[126.81399,37.72348],[126.8069,37.72697],[126.80283,37.73038],[126.80134,37.7303],[126.80076,37.73528],[126.79817,37.73716],[126.79726,37.73701],[126.79357,37.73497],[126.79558,37.73356],[126.79608,37.72961],[126.79365,37.72595],[126.79195,37.7242],[126.79015,37.72376],[126.78503,37.72089],[126.78452,37.71969],[126.78256,37.71761],[126.77785,37.7141],[126.77483,37.71022],[126.77328,37.70923],[126.77386,37.70677],[126.77335,37.70425],[126.77062,37.70567],[126.76608,37.70697],[126.76637,37.70604],[126.76495,37.70405],[126.76398,37.7047],[126.76008,37.70333]]]}},{"type":"Feature","properties":{"sido_cd":"41","sido_nm":"경기도","sgg_cd":"41500","sgg_nm":"이천시"},"geometry":{"type":"Polygon","coordinates":[[[127.4105,37.18411],[127.40908,37.1839],[127.40503,37.18164],[127.40357,37.18033],[127.40186,37.18018],[127.39902,37.18096],[127.39446,37.18082],[127.38828,37.18141],[127.38238,37.18274],[127.38193,37.18673],[127.38121,37.18756],[127.37529,37.1851],[127.37224,37.18603],[127.37204,37.18976],[127.37393,37.18991],[127.37597,37.191],[127.37821,37.19555],[127.37038,37.20392],[127.36205,37.20111],[127.36136,37.20048],[127.35684,37.20063],[127.35614,37.20119],[127.35592,37.20262],[127.3484,37.20436],[127.34724,37.20612],[127.34519,37.20751],[127.34218,37.20808],[127.33958,37.21207],[127.33853,37.21629],[127.33187,37.22],[127.33087,37.22304],[127.33339,37.22716],[127.3342,37.23141],[127.33445,37.23781],[127.33115,37.24312],[127.33344,37.24932],[127.33607,37.25163],[127.33857,37.25239],[127.33694,37.25532],[127.33618,37.25778],[127.33666,37.26117],[127.34018,37.26316],[127.34088,37.265],[127.34096,37.26577],[127.3388,37.27054],[127.33886,37.27134],[127.34068,37.27282],[127.34331,37.27318],[127.34503,37.27403],[127.34908,37.27681],[127.34815,37.27924],[127.34319,37.28236],[127.34246,37.28604],[127.34015,37.28811],[127.34317,37.29106],[127.346,37.29125],[127.34739,37.29],[127.34801,37.29001],[127.35308,37.29232],[127.35456,37.29433],[127.35714,37.2946],[127.35755,37.29638],[127.35711,37.29881],[127.35511,37.3],[127.35449,37.30067],[127.3545,37.30148],[127.35703,37.30367],[127.35772,37.30507],[127.36131,37.30719],[127.36432,37.30768],[127.36494,37.30849],[127.36495,37.30993],[127.36362,37.31217],[127.36341,37.31581],[127.365,37.31658],[127.36739,37.31512],[127.3696,37.31523],[127.37212,37.317],[127.37268,37.31872],[127.37591,37.32073],[127.3768,37.32069],[127.37839,37.31934],[127.38148,37.31901],[127.38717,37.31889],[127.39031,37.31969],[127.39251,37.32098],[127.39263,37.32222],[127.39364,37.32354],[127.39786,37.3261],[127.39991,37.32724],[127.40503,37.32767],[127.40798,37.33092],[127.41248,37.33393],[127.41497,37.33411],[127.42063,37.33865],[127.42155,37.3403],[127.42119,37.34178],[127.42194,37.34291],[127.42368,37.34411],[127.43,37.34657],[127.43379,37.35081],[127.43533,37.35441],[127.44246,37.35844],[127.44385,37.35769],[127.44913,37.35219],[127.4548,37.35412],[127.4561,37.35595],[127.46022,37.3582],[127.46252,37.35879],[127.46377,37.35814],[127.46468,37.35836],[127.47049,37.36152],[127.47491,37.35737],[127.47577,37.35684],[127.47691,37.35687],[127.47818,37.35592],[127.48387,37.35057],[127.48526,37.35028],[127.48724,37.34905],[127.48952,37.34236],[127.49979,37.33973],[127.50209,37.33791],[127.50825,37.33824],[127.51031,37.33958],[127.51376,37.33931],[127.51557,37.33756],[127.5169,37.3345],[127.52054,37.33026],[127.5218,37.32966],[127.52668,37.32966],[127.52919,37.32661],[127.52654,37.32247],[127.52895,37.32124],[127.52965,37.32018],[127.5288,37.3162],[127.53556,37.31353],[127.54261,37.31306],[127.54472,37.31224],[127.54607,37.31092],[127.54636,37.30994],[127.54639,37.30143],[127.54305,37.29644],[127.54273,37.29475],[127.53681,37.2897],[127.53438,37.28928],[127.53067,37.27924],[127.52919,37.27352],[127.52996,37.26747],[127.53236,37.26066],[127.53274,37.2573],[127.53318,37.2562],[127.53629,37.25325],[127.53707,37.25161],[127.53737,37.24663],[127.53281,37.24354],[127.52969,37.24293],[127.52555,37.24049],[127.52521,37.23975],[127.52696,37.22946],[127.5255,37.22757],[127.52761,37.22739],[127.53008,37.21779],[127.52987,37.21177],[127.53147,37.20823],[127.53147,37.20535],[127.5308,37.20501],[127.53008,37.20276],[127.53128,37.19999],[127.53109,37.19813],[127.52793,37.19699],[127.52624,37.19523],[127.52589,37.19394],[127.5196,37.18761],[127.51597,37.18532],[127.51741,37.18481],[127.51755,37.18213],[127.52286,37.18124],[127.52659,37.17602],[127.52679,37.17346],[127.52789,37.17296],[127.54681,37.17419],[127.55283,37.17544],[127.55669,37.17704],[127.55777,37.1782],[127.5579,37.17976],[127.55876,37.18088],[127.56618,37.1764],[127.56888,37.17365],[127.57051,37.17023],[127.57252,37.1713],[127.57278,37.17202],[127.57532,37.1743],[127.57708,37.17507],[127.57761,37.17623],[127.5776,37.17718],[127.57445,37.18243],[127.57279,37.1836],[127.57236,37.18458],[127.57637,37.18916],[127.57815,37.1895],[127.5786,37.18868],[127.58048,37.18747],[127.58381,37.18696],[127.59049,37.1879],[127.59303,37.18963],[127.59526,37.18974],[127.596,37.18963],[127.5981,37.18793],[127.5993,37.18311],[127.60167,37.18337],[127.60484,37.17891],[127.61239,37.17338],[127.61398,37.17015],[127.61408,37.16766],[127.6158,37.16334],[127.61947,37.16244],[127.62533,37.16488],[127.62659,37.16596],[127.62951,37.16642],[127.6305,37.1661],[127.63117,37.16391],[127.63019,37.15932],[127.62868,37.15618],[127.62894,37.1531],[127.63018,37.14954],[127.63312,37.14526],[127.63709,37.14231],[127.63783,37.14103],[127.63415,37.12373],[127.63405,37.12154],[127.63509,37.11604],[127.63443,37.10598],[127.63501,37.10364],[127.63455,37.10123],[127.63334,37.09839],[127.6315,37.09652],[127.62285,37.09287],[127.61452,37.08789],[127.60989,37.0861],[127.60428,37.08609],[127.60089,37.08553],[127.59982,37.08384],[127.60017,37.08185],[127.6045,37.07747],[127.60516,37.07328],[127.60507,37.07031],[127.60415,37.0685],[127.60299,37.06861],[127.60211,37.07063],[127.59589,37.07394],[127.58907,37.07274],[127.58768,37.0738],[127.58407,37.07489],[127.5795,37.07536],[127.57599,37.0738],[127.5736,37.06987],[127.56982,37.06588],[127.56648,37.06314],[127.56513,37.06027],[127.56501,37.05894],[127.56792,37.05554],[127.56711,37.05252],[127.56846,37.04911],[127.56813,37.0477],[127.56241,37.04461],[127.56214,37.04392],[127.56095,37.04327],[127.55811,37.04318],[127.55043,37.0454],[127.54446,37.04871],[127.54388,37.04953],[127.54011,37.05096],[127.53199,37.05564],[127.5307,37.05581],[127.5279,37.05515],[127.52313,37.05544],[127.5198,37.05677],[127.51858,37.05756],[127.51826,37.0584],[127.51252,37.05622],[127.51154,37.05533],[127.51,37.05258],[127.51009,37.05162],[127.50901,37.04946],[127.50465,37.04796],[127.49929,37.04777],[127.49689,37.04838],[127.49072,37.0513],[127.48996,37.05282],[127.49355,37.05653],[127.49781,37.05718],[127.50481,37.06039],[127.50723,37.06261],[127.50846,37.06407],[127.50679,37.06932],[127.50762,37.06991],[127.5111,37.0701],[127.51254,37.07135],[127.51474,37.07617],[127.51407,37.07801],[127.51492,37.08026],[127.51595,37.08133],[127.5186,37.08237],[127.51619,37.08438],[127.51562,37.08572],[127.51482,37.09344],[127.51348,37.09557],[127.51053,37.09677],[127.51091,37.09932],[127.51183,37.10018],[127.51463,37.10119],[127.51332,37.1055],[127.50774,37.10578],[127.50486,37.10841],[127.50389,37.10966],[127.50294,37.11823],[127.49882,37.12348],[127.49749,37.12436],[127.49373,37.12391],[127.49248,37.12309],[127.48049,37.12663],[127.47518,37.12739],[127.46996,37.12954],[127.45796,37.13035],[127.45345,37.13524],[127.45028,37.14147],[127.44802,37.14419],[127.44783,37.14492],[127.44971,37.14614],[127.45033,37.14808],[127.44967,37.1486],[127.44706,37.14858],[127.44587,37.14941],[127.44421,37.14939],[127.4416,37.14924],[127.43884,37.148],[127.43385,37.14829],[127.43269,37.14879],[127.42982,37.14774],[127.4235,37.15183],[127.41792,37.15136],[127.41484,37.15208],[127.41232,37.15507],[127.41216,37.15694],[127.41043,37.16049],[127.40969,37.16438],[127.41063,37.16751],[127.41302,37.17002],[127.41415,37.17339],[127.41299,37.1766],[127.41182,37.18235],[127.4105,37.18411]]]}},{"type":"Feature","properties":{"sido_cd":"41","sido_nm":"경기도","sgg_cd":"41550","sgg_nm":"안성시"},"geometry":{"type":"Polygon","coordinates":[[[127.29566,36.92889],[127.30408,36.91514],[127.29779,36.90263],[127.29409,36.89912],[127.29067,36.89685],[127.2898,36.89382],[127.28856,36.89353],[127.28482,36.89569],[127.27953,36.90024],[127.2805,36.90281],[127.28033,36.90427],[127.27856,36.90607],[127.27491,36.90832],[127.27176,36.91331],[127.26694,36.91376],[127.25913,36.91561],[127.25758,36.91654],[127.25406,36.92181],[127.25312,36.92226],[127.24976,36.92144],[127.24884,36.92085],[127.24821,36.91921],[127.24402,36.9174],[127.23758,36.92065],[127.23609,36.92383],[127.23365,36.92362],[127.22885,36.92439],[127.22021,36.9303],[127.21653,36.93037],[127.21261,36.92972],[127.21073,36.93041],[127.20988,36.9313],[127.20983,36.93244],[127.21016,36.93412],[127.2116,36.93565],[127.21167,36.93788],[127.20589,36.94178],[127.20683,36.94608],[127.20448,36.95015],[127.20189,36.95211],[127.19539,36.95207],[127.19011,36.95286],[127.18798,36.95524],[127.1819,36.95753],[127.1808,36.95686],[127.17994,36.95789],[127.17767,36.95827],[127.17799,36.9598],[127.17708,36.96071],[127.17587,36.96106],[127.17604,36.96207],[127.17234,36.96319],[127.16989,36.96248],[127.16505,36.96202],[127.16127,36.96417],[127.15539,36.96572],[127.1554,36.96642],[127.15677,36.96723],[127.15381,36.96942],[127.14913,36.96988],[127.1443,36.97151],[127.13564,36.96784],[127.13458,36.96611],[127.13347,36.96532],[127.13174,36.96502],[127.1195,36.96913],[127.12515,36.97524],[127.12451,36.97679],[127.13398,36.9768],[127.13397,36.97751],[127.13532,36.97756],[127.13531,36.97795],[127.13719,36.97849],[127.13641,36.98007],[127.1377,36.98006],[127.13978,36.97862],[127.14112,36.97872],[127.14114,36.97971],[127.13643,36.98293],[127.13637,36.98472],[127.13428,36.98544],[127.13123,36.98564],[127.13061,36.98668],[127.13317,36.98785],[127.13456,36.98929],[127.13618,36.99337],[127.14174,36.99514],[127.14478,36.99722],[127.14906,36.99783],[127.15392,36.99776],[127.15226,37.00258],[127.15108,37.00251],[127.14885,37.00817],[127.14481,37.01115],[127.14428,37.01401],[127.14537,37.01668],[127.15253,37.02155],[127.15307,37.02947],[127.14495,37.03139],[127.13719,37.03387],[127.12633,37.03333],[127.12231,37.03506],[127.11884,37.03163],[127.11694,37.02721],[127.11241,37.02908],[127.10705,37.03292],[127.10529,37.03575],[127.10794,37.03874],[127.11005,37.0409],[127.11195,37.04187],[127.11477,37.04216],[127.11967,37.04609],[127.12218,37.05042],[127.12389,37.05156],[127.12739,37.05252],[127.13063,37.05823],[127.12817,37.06347],[127.1257,37.06469],[127.12024,37.06271],[127.11847,37.06267],[127.11542,37.06473],[127.11398,37.06509],[127.10673,37.06486],[127.10404,37.06615],[127.10231,37.06868],[127.10272,37.073],[127.10482,37.07442],[127.10364,37.07575],[127.10807,37.07654],[127.10988,37.07596],[127.12145,37.07641],[127.12389,37.07724],[127.12644,37.08159],[127.12511,37.0866],[127.12306,37.09135],[127.12594,37.09063],[127.13217,37.09146],[127.13385,37.09241],[127.13579,37.09169],[127.13597,37.09081],[127.13734,37.08914],[127.14211,37.08783],[127.14471,37.09085],[127.14628,37.09141],[127.1537,37.09101],[127.1618,37.0889],[127.16308,37.08784],[127.1662,37.0866],[127.17308,37.08587],[127.17626,37.08767],[127.17904,37.08761],[127.18212,37.08707],[127.18623,37.08449],[127.1889,37.08661],[127.19238,37.08709],[127.19527,37.08907],[127.1976,37.093],[127.19891,37.09686],[127.20232,37.1004],[127.20502,37.10242],[127.20741,37.10342],[127.20943,37.10558],[127.20983,37.10765],[127.20884,37.10884],[127.20861,37.1101],[127.20932,37.11227],[127.20999,37.11235],[127.21205,37.11057],[127.2147,37.11093],[127.22016,37.11343],[127.22322,37.1129],[127.22617,37.11394],[127.2271,37.11533],[127.22939,37.11713],[127.23386,37.11768],[127.23645,37.12125],[127.24302,37.1225],[127.24581,37.12205],[127.25116,37.12312],[127.25338,37.129],[127.25291,37.13088],[127.25116,37.1336],[127.25371,37.13809],[127.25281,37.1412],[127.25128,37.14267],[127.25026,37.14524],[127.2535,37.14686],[127.25548,37.15134],[127.26047,37.15207],[127.26167,37.15408],[127.26386,37.15589],[127.26694,37.15533],[127.26877,37.15424],[127.26954,37.15144],[127.26803,37.14933],[127.26915,37.14714],[127.27225,37.14481],[127.27312,37.14331],[127.27193,37.14103],[127.27307,37.13501],[127.27436,37.13364],[127.28206,37.134],[127.28425,37.13078],[127.28627,37.13202],[127.28788,37.13147],[127.28861,37.12968],[127.29231,37.12665],[127.29324,37.12293],[127.29493,37.1212],[127.29714,37.12033],[127.29908,37.11684],[127.29989,37.11237],[127.30334,37.11176],[127.3041,37.10909],[127.3057,37.10711],[127.31063,37.10538],[127.31214,37.10711],[127.31328,37.10947],[127.31636,37.10984],[127.32672,37.11944],[127.32959,37.11881],[127.33006,37.11656],[127.33078,37.11682],[127.33336,37.11174],[127.33969,37.10932],[127.34343,37.10402],[127.34495,37.10332],[127.34768,37.10357],[127.3528,37.10001],[127.35442,37.1006],[127.35507,37.10373],[127.35822,37.10725],[127.35904,37.10757],[127.36926,37.10677],[127.373,37.10582],[127.37405,37.10496],[127.37436,37.10262],[127.37695,37.1011],[127.37888,37.10294],[127.3792,37.1052],[127.38171,37.10592],[127.38414,37.10594],[127.38747,37.10818],[127.38903,37.10832],[127.39323,37.1065],[127.39408,37.10544],[127.39382,37.10438],[127.39795,37.09643],[127.39899,37.09538],[127.40197,37.09388],[127.41612,37.09309],[127.41628,37.09574],[127.41984,37.09737],[127.42172,37.09728],[127.42376,37.09884],[127.42418,37.0997],[127.42107,37.10651],[127.42459,37.10944],[127.4242,37.11042],[127.42307,37.11119],[127.42566,37.11311],[127.42027,37.11573],[127.41521,37.1157],[127.41398,37.11621],[127.41266,37.11788],[127.41257,37.11943],[127.41373,37.12157],[127.41501,37.12283],[127.41747,37.1238],[127.42091,37.12607],[127.42141,37.12768],[127.42418,37.13113],[127.42561,37.13397],[127.42644,37.13861],[127.42562,37.14074],[127.42586,37.14304],[127.42729,37.14592],[127.42954,37.14701],[127.43026,37.14815],[127.43269,37.14879],[127.43385,37.14829],[127.43884,37.148],[127.4416,37.14924],[127.44538,37.14943],[127.44706,37.14858],[127.45009,37.1484],[127.44971,37.14614],[127.44783,37.14492],[127.44802,37.14419],[127.45028,37.14147],[127.45345,37.13524],[127.45835,37.13015],[127.46996,37.12954],[127.47518,37.12739],[127.48049,37.12663],[127.49248,37.12309],[127.49373,37.12391],[127.4968,37.12449],[127.49882,37.12348],[127.50294,37.11823],[127.50394,37.10954],[127.50774,37.10578],[127.51318,37.10562],[127.51364,37.10493],[127.5146,37.10112],[127.51183,37.10018],[127.51091,37.09932],[127.51053,37.09677],[127.51348,37.09557],[127.51482,37.09344],[127.51562,37.08572],[127.51619,37.08438],[127.5186,37.08244],[127.51595,37.08133],[127.51492,37.08026],[127.51407,37.07801],[127.51474,37.07617],[127.51254,37.07135],[127.5111,37.0701],[127.50762,37.06991],[127.50679,37.06932],[127.50846,37.06407],[127.50723,37.06261],[127.50481,37.06039],[127.49781,37.05718],[127.49355,37.05653],[127.4897,37.05249],[127.48179,37.05332],[127.47137,37.05254],[127.46804,37.053],[127.46859,37.05159],[127.46843,37.05065],[127.46127,37.04706],[127.45772,37.0436],[127.45719,37.04223],[127.45721,37.04059],[127.45934,37.03897],[127.45975,37.03648],[127.45974,37.03547],[127.45806,37.03297],[127.45784,37.03021],[127.4593,37.02719],[127.45941,37.02537],[127.45801,37.02058],[127.45428,37.02143],[127.44959,37.01821],[127.44833,37.01645],[127.44764,37.01258],[127.4467,37.01103],[127.444,37.01191],[127.44111,37.01162],[127.43838,37.00992],[127.43446,37.00526],[127.42973,37.00188],[127.4222,37.00477],[127.41509,36.99966],[127.41203,37.00028],[127.40969,36.9994],[127.40815,36.99818],[127.40196,36.99878],[127.39404,36.99794],[127.39254,36.9965],[127.3907,36.99088],[127.38536,36.98506],[127.38492,36.98366],[127.38608,36.98139],[127.38961,36.98016],[127.39412,36.9773],[127.3996,36.97004],[127.40186,36.96775],[127.39807,36.96432],[127.3966,36.96399],[127.39157,36.96474],[127.38759,36.96407],[127.38533,36.96048],[127.38589,36.9598],[127.38538,36.95914],[127.38006,36.95855],[127.37913,36.95756],[127.37863,36.9558],[127.37917,36.95398],[127.37853,36.95147],[127.3755,36.94818],[127.37311,36.94846],[127.37252,36.94929],[127.36205,36.94927],[127.35946,36.9485],[127.35789,36.94748],[127.35606,36.9502],[127.35598,36.95106],[127.3551,36.95167],[127.35163,36.95268],[127.34974,36.95257],[127.34351,36.94798],[127.34281,36.94629],[127.34343,36.9443],[127.34305,36.94352],[127.33867,36.94277],[127.33218,36.93952],[127.33109,36.93819],[127.32703,36.93578],[127.32455,36.93579],[127.32318,36.93643],[127.31649,36.93465],[127.31503,36.93222],[127.30915,36.92909],[127.30038,36.9292],[127.29706,36.92983],[127.29566,36.92889]]]}},{"type":"Feature","properties":{"sido_cd":"41","sido_nm":"경기도","sgg_cd":"41570","sgg_nm":"김포시"},"geometry":{"type":"MultiPolygon","coordinates":[[[[126.55133,37.59984],[126.5518,37.59927],[126.55066,37.59625],[126.54963,37.59584],[126.5472,37.6024],[126.54805,37.60473],[126.54924,37.60465],[126.54992,37.59986],[126.55038,37.59942],[126.55133,37.59984]]],[[[126.66679,37.68416],[126.66995,37.67792],[126.67346,37.67491],[126.70159,37.65932],[126.71826,37.64929],[126.72839,37.64451],[126.73499,37.64196],[126.74277,37.63798],[126.76091,37.62823],[126.76415,37.62579],[126.76824,37.62369],[126.77489,37.62175],[126.78251,37.61659],[126.78875,37.61375],[126.79853,37.61048],[126.80494,37.60402],[126.80289,37.60462],[126.80093,37.60434],[126.79792,37.60075],[126.7971,37.59891],[126.79725,37.59659],[126.80081,37.58901],[126.80079,37.588],[126.79883,37.58822],[126.79834,37.58779],[126.79703,37.58418],[126.79591,37.58316],[126.79482,37.58331],[126.79367,37.5816],[126.78705,37.58555],[126.78411,37.58259],[126.78193,37.58391],[126.7801,37.58436],[126.77336,37.58512],[126.77089,37.58604],[126.76807,37.58806],[126.76731,37.58803],[126.76308,37.58489],[126.76155,37.58531],[126.7577,37.58479],[126.75556,37.58274],[126.75564,37.58124],[126.75474,37.58043],[126.75182,37.57957],[126.74993,37.58095],[126.75003,37.58368],[126.74628,37.58712],[126.74362,37.59335],[126.73798,37.5935],[126.73705,37.59318],[126.73502,37.59047],[126.72901,37.59294],[126.72513,37.592],[126.7216,37.59622],[126.7191,37.59793],[126.71812,37.5978],[126.71714,37.59858],[126.71318,37.60282],[126.71199,37.60479],[126.70837,37.60493],[126.70663,37.60343],[126.70451,37.60265],[126.70425,37.60555],[126.70608,37.60777],[126.70628,37.61015],[126.70528,37.61154],[126.69982,37.61583],[126.69863,37.61746],[126.69152,37.62133],[126.68745,37.62283],[126.68168,37.62653],[126.68085,37.6274],[126.68074,37.62864],[126.68007,37.62964],[126.67517,37.62995],[126.67442,37.63036],[126.67408,37.63223],[126.67094,37.63436],[126.66563,37.63624],[126.66245,37.63693],[126.66108,37.63672],[126.65944,37.63823],[126.65794,37.63855],[126.65693,37.63796],[126.65428,37.63807],[126.65341,37.63833],[126.65246,37.63958],[126.65158,37.63877],[126.65131,37.6377],[126.65169,37.63517],[126.64758,37.62874],[126.64492,37.6286],[126.64227,37.62773],[126.63948,37.62776],[126.63695,37.62603],[126.63657,37.62049],[126.63434,37.61941],[126.63281,37.61692],[126.63142,37.61346],[126.62929,37.61096],[126.62769,37.60597],[126.6234,37.6028],[126.61475,37.60587],[126.61314,37.60561],[126.60906,37.60415],[126.60711,37.60127],[126.60412,37.59883],[126.59272,37.59298],[126.56575,37.58608],[126.56365,37.58697],[126.56306,37.58948],[126.56473,37.59291],[126.56606,37.59417],[126.56239,37.59706],[126.5594,37.60056],[126.55417,37.6093],[126.55404,37.61453],[126.55316,37.61803],[126.54956,37.62709],[126.53793,37.63682],[126.53438,37.64181],[126.52896,37.65297],[126.5297,37.65589],[126.53141,37.65771],[126.53446,37.65914],[126.53552,37.66171],[126.53576,37.66502],[126.5353,37.66633],[126.52524,37.67218],[126.52347,37.67443],[126.52298,37.67652],[126.52325,37.67876],[126.52545,37.68741],[126.52555,37.69269],[126.52728,37.70314],[126.52214,37.70793],[126.51851,37.71273],[126.51846,37.7216],[126.51966,37.72619],[126.52602,37.73809],[126.5274,37.74389],[126.52784,37.7484],[126.5227,37.75394],[126.51458,37.76466],[126.51456,37.76695],[126.53633,37.7719],[126.53753,37.77121],[126.54058,37.77059],[126.55515,37.76898],[126.55884,37.76756],[126.56163,37.76505],[126.56135,37.76157],[126.56676,37.75603],[126.56889,37.75509],[126.57527,37.75379],[126.58043,37.75381],[126.58258,37.75415],[126.58907,37.75639],[126.59102,37.75777],[126.59201,37.75774],[126.59981,37.75657],[126.60185,37.75429],[126.60397,37.75323],[126.60947,37.75291],[126.62261,37.76228],[126.62715,37.7686],[126.6279,37.77156],[126.62882,37.77236],[126.63894,37.77843],[126.64908,37.78128],[126.667,37.78452],[126.67289,37.76938],[126.67365,37.76427],[126.67617,37.755],[126.674,37.75001],[126.67739,37.73501],[126.6848,37.72565],[126.68544,37.7237],[126.68362,37.71339],[126.67972,37.70515],[126.67655,37.70008],[126.66705,37.68914],[126.66633,37.68776],[126.66679,37.68416]]],[[[126.53845,37.77405],[126.52629,37.77343],[126.51763,37.77162],[126.51654,37.7721],[126.51507,37.77543],[126.51481,37.78086],[126.51535,37.78243],[126.51767,37.7842],[126.51957,37.78646],[126.51963,37.78761],[126.51864,37.79043],[126.51887,37.79249],[126.51978,37.79269],[126.52384,37.7898],[126.52575,37.78568],[126.52717,37.78385],[126.53215,37.78077],[126.53737,37.77895],[126.53994,37.7771],[126.54044,37.77609],[126.54022,37.77536],[126.53845,37.77405]]]]}},{"type":"Feature","properties":{"sido_cd":"41","sido_nm":"경기도","sgg_cd":"41590","sgg_nm":"화성시"},"geometry":{"type":"MultiPolygon","coordinates":[[[[126.55741,37.06448],[126.55776,37.06296],[126.55929,37.06179],[126.55367,37.05835],[126.55288,37.05929],[126.55741,37.06448]]],[[[126.73032,37.07218],[126.73191,37.07772],[126.73581,37.083],[126.73526,37.09264],[126.73533,37.09305],[126.73608,37.09308],[126.73743,37.09179],[126.73929,37.0881],[126.73944,37.08651],[126.74195,37.08323],[126.74265,37.0799],[126.74251,37.07676],[126.74112,37.07564],[126.73383,37.07351],[126.7317,37.07223],[126.73032,37.07218]]],[[[126.53704,37.10894],[126.53795,37.11076],[126.5375,37.11243],[126.54017,37.11181],[126.54117,37.10898],[126.54167,37.10276],[126.53985,37.09945],[126.5391,37.09905],[126.53704,37.10894]]],[[[126.61517,37.11833],[126.61385,37.11721],[126.6128,37.1178],[126.61318,37.11882],[126.6145,37.11965],[126.61558,37.11959],[126.61517,37.11833]]],[[[126.63753,37.13998],[126.63731,37.14344],[126.63775,37.14354],[126.63919,37.14227],[126.63866,37.1415],[126.63881,37.13949],[126.63817,37.13935],[126.63753,37.13998]]],[[[126.74646,37.16],[126.74279,37.15556],[126.74258,37.1538],[126.74181,37.15283],[126.73752,37.14974],[126.73631,37.14942],[126.73582,37.14986],[126.73367,37.14986],[126.73114,37.1491],[126.73208,37.14642],[126.72807,37.13876],[126.72191,37.13659],[126.71922,37.132],[126.7173,37.13076],[126.71378,37.12943],[126.71301,37.12951],[126.7113,37.1311],[126.70942,37.13149],[126.70639,37.13104],[126.70503,37.12879],[126.70484,37.12314],[126.69824,37.11979],[126.6954,37.11992],[126.69238,37.11917],[126.68848,37.11612],[126.68771,37.1151],[126.68838,37.11396],[126.68613,37.11192],[126.68255,37.11178],[126.67791,37.11503],[126.67796,37.11565],[126.68089,37.1156],[126.68318,37.11699],[126.6845,37.11959],[126.68193,37.12844],[126.67744,37.13497],[126.67622,37.13563],[126.67458,37.13466],[126.6737,37.1347],[126.67351,37.13799],[126.67616,37.13885],[126.67901,37.14073],[126.68256,37.14885],[126.68371,37.14974],[126.68989,37.15084],[126.6945,37.15236],[126.6945,37.15316],[126.69295,37.15399],[126.69073,37.15718],[126.68417,37.15968],[126.68926,37.16784],[126.68887,37.16793],[126.6836,37.16325],[126.68261,37.16037],[126.67012,37.1557],[126.66393,37.15657],[126.65904,37.15382],[126.65485,37.15297],[126.65066,37.15362],[126.64934,37.15454],[126.64944,37.15657],[126.65785,37.15924],[126.66065,37.16211],[126.66059,37.16348],[126.65877,37.16482],[126.65765,37.16737],[126.65586,37.17349],[126.65555,37.17766],[126.65376,37.17921],[126.65312,37.18024],[126.65328,37.18092],[126.65365,37.18137],[126.65462,37.18138],[126.65601,37.18093],[126.65721,37.18028],[126.6585,37.17842],[126.66086,37.17803],[126.66186,37.18011],[126.66292,37.1814],[126.66467,37.18238],[126.66505,37.18331],[126.66566,37.18619],[126.66456,37.18742],[126.66615,37.18903],[126.66684,37.18921],[126.66785,37.18851],[126.66973,37.18914],[126.66473,37.19147],[126.65989,37.19047],[126.65836,37.18989],[126.65451,37.18586],[126.65411,37.18367],[126.65477,37.1828],[126.6505,37.18253],[126.64962,37.18291],[126.64927,37.18376],[126.65018,37.18527],[126.65515,37.18965],[126.65534,37.19038],[126.65106,37.19109],[126.65162,37.19165],[126.65727,37.19096],[126.66033,37.1963],[126.662,37.19677],[126.66568,37.19635],[126.66579,37.19576],[126.67121,37.19439],[126.66918,37.19646],[126.67075,37.19713],[126.67796,37.19761],[126.67985,37.19828],[126.68035,37.19961],[126.68389,37.20122],[126.68658,37.20221],[126.69193,37.20314],[126.69203,37.20491],[126.69269,37.20635],[126.69916,37.21374],[126.69175,37.2143],[126.69021,37.21302],[126.68844,37.20755],[126.6849,37.20829],[126.68418,37.20945],[126.67921,37.20718],[126.67894,37.20395],[126.6768,37.20079],[126.67406,37.19969],[126.67245,37.20023],[126.66623,37.20864],[126.6654,37.21168],[126.66611,37.21674],[126.66687,37.21794],[126.66813,37.218],[126.67557,37.22111],[126.67738,37.2236],[126.67354,37.22778],[126.67296,37.22958],[126.67154,37.2303],[126.66857,37.22916],[126.66477,37.23364],[126.66453,37.23679],[126.66131,37.23823],[126.6567,37.2378],[126.65763,37.23595],[126.65557,37.23476],[126.65144,37.2388],[126.64808,37.24901],[126.64977,37.25159],[126.64994,37.25417],[126.65057,37.25418],[126.65237,37.25075],[126.65615,37.24801],[126.65498,37.24681],[126.66714,37.2444],[126.66777,37.2432],[126.66897,37.24267],[126.67259,37.24409],[126.67661,37.24647],[126.68028,37.25602],[126.67859,37.25691],[126.67653,37.25683],[126.6754,37.25743],[126.67691,37.26073],[126.67825,37.26135],[126.6798,37.26059],[126.67943,37.25901],[126.67981,37.25797],[126.68112,37.25722],[126.68487,37.2594],[126.68673,37.26271],[126.69086,37.26257],[126.69312,37.26152],[126.69856,37.26154],[126.70411,37.25863],[126.70899,37.25864],[126.71726,37.25611],[126.72167,37.2568],[126.72368,37.25752],[126.72405,37.25842],[126.72546,37.25858],[126.72659,37.25783],[126.72669,37.25596],[126.72782,37.25423],[126.72942,37.25446],[126.73403,37.25035],[126.73553,37.25073],[126.73833,37.25396],[126.74071,37.25515],[126.74893,37.25578],[126.75701,37.25505],[126.75898,37.254],[126.76387,37.25281],[126.76754,37.24832],[126.77248,37.24901],[126.77518,37.24793],[126.77589,37.24693],[126.77761,37.2379],[126.78174,37.23439],[126.78641,37.23298],[126.78515,37.23451],[126.7831,37.23437],[126.7783,37.23925],[126.77778,37.24079],[126.77806,37.24595],[126.78936,37.24437],[126.78952,37.24782],[126.78809,37.25517],[126.79304,37.25945],[126.79154,37.26136],[126.79011,37.26732],[126.79614,37.27092],[126.80217,37.26963],[126.80928,37.26681],[126.81047,37.26719],[126.80991,37.26865],[126.80838,37.26841],[126.80502,37.27492],[126.80361,37.27655],[126.80057,37.27781],[126.7992,37.279],[126.79936,37.2794],[126.80108,37.27969],[126.80261,37.28294],[126.80449,37.28366],[126.80464,37.29318],[126.81173,37.2934],[126.81464,37.29281],[126.81932,37.29053],[126.82349,37.28644],[126.8252,37.28309],[126.82556,37.28106],[126.82806,37.27708],[126.83561,37.27657],[126.83726,37.27493],[126.83753,37.27219],[126.84143,37.26765],[126.84523,37.2659],[126.84717,37.26575],[126.8479,37.26596],[126.84934,37.26868],[126.85272,37.27204],[126.85822,37.27418],[126.87132,37.27471],[126.87667,37.27772],[126.87815,37.27923],[126.87853,37.28395],[126.87969,37.28567],[126.8833,37.28218],[126.88618,37.28053],[126.89091,37.28202],[126.89147,37.28288],[126.89109,37.28385],[126.89287,37.28645],[126.89641,37.28899],[126.8977,37.28906],[126.89955,37.2902],[126.89841,37.294],[126.9015,37.29098],[126.90555,37.28989],[126.91198,37.29015],[126.91309,37.29153],[126.91385,37.29147],[126.91613,37.28867],[126.91756,37.28539],[126.92371,37.28136],[126.92622,37.27913],[126.92737,37.2788],[126.92802,37.27708],[126.92868,37.27672],[126.92726,37.27143],[126.92901,37.26366],[126.93085,37.26104],[126.932,37.26056],[126.93478,37.25788],[126.93513,37.25692],[126.9395,37.25659],[126.94653,37.2575],[126.95005,37.25584],[126.94998,37.25382],[126.95071,37.25237],[126.95224,37.25147],[126.95272,37.24909],[126.95337,37.24813],[126.95619,37.24677],[126.95796,37.2426],[126.95799,37.24127],[126.95735,37.2404],[126.95776,37.23976],[126.96695,37.23563],[126.9677,37.23484],[126.96925,37.23067],[126.97039,37.2292],[126.97282,37.22872],[126.97822,37.22957],[126.97991,37.23104],[126.98036,37.23224],[126.98572,37.23264],[126.98812,37.23359],[126.99039,37.23263],[126.99265,37.23085],[127.00368,37.22929],[127.00987,37.22731],[127.0136,37.22688],[127.02166,37.22429],[127.02263,37.2249],[127.02396,37.22718],[127.0229,37.22951],[127.02964,37.23201],[127.0367,37.2384],[127.03714,37.2405],[127.03968,37.2435],[127.04029,37.24331],[127.04085,37.24377],[127.04104,37.24504],[127.04043,37.247],[127.04109,37.24737],[127.04262,37.24675],[127.03912,37.23724],[127.04164,37.2352],[127.04421,37.23444],[127.04498,37.23379],[127.04499,37.23317],[127.04595,37.23279],[127.0495,37.23409],[127.05166,37.23431],[127.05362,37.23344],[127.05383,37.23232],[127.05256,37.23106],[127.05827,37.23413],[127.06326,37.23917],[127.0644,37.23927],[127.065,37.24004],[127.06668,37.24015],[127.06805,37.23876],[127.06843,37.23765],[127.068,37.23468],[127.06892,37.22993],[127.07071,37.22891],[127.0726,37.22916],[127.07456,37.22813],[127.07482,37.22674],[127.07558,37.2259],[127.08192,37.22015],[127.08896,37.21636],[127.09558,37.21829],[127.10465,37.21986],[127.11518,37.21915],[127.11738,37.21996],[127.12672,37.21751],[127.12966,37.21746],[127.13618,37.21564],[127.14002,37.2175],[127.1443,37.21864],[127.14847,37.21907],[127.15125,37.21872],[127.1516,37.21854],[127.15172,37.21414],[127.15777,37.20717],[127.15589,37.20595],[127.15537,37.20346],[127.15431,37.20212],[127.15339,37.20191],[127.15196,37.19911],[127.15285,37.19723],[127.15546,37.19774],[127.15572,37.19666],[127.16091,37.19172],[127.16132,37.19066],[127.16023,37.18589],[127.15908,37.18413],[127.16065,37.18031],[127.15923,37.17795],[127.15762,37.17679],[127.15563,37.17676],[127.15115,37.1716],[127.14789,37.16953],[127.14383,37.17018],[127.13301,37.16909],[127.13256,37.16806],[127.13379,37.16612],[127.13387,37.16493],[127.13121,37.16287],[127.12915,37.16203],[127.12794,37.16072],[127.12788,37.15982],[127.12883,37.15848],[127.13059,37.15179],[127.12944,37.14865],[127.12708,37.14565],[127.11895,37.14378],[127.11413,37.14462],[127.11088,37.14381],[127.10923,37.14269],[127.10416,37.14192],[127.10365,37.14357],[127.10095,37.14609],[127.09921,37.15116],[127.09776,37.1517],[127.0982,37.15288],[127.09873,37.15308],[127.09799,37.15585],[127.09571,37.15741],[127.09518,37.15851],[127.09386,37.15945],[127.09162,37.15947],[127.08895,37.16052],[127.08382,37.16085],[127.08324,37.1617],[127.07988,37.16135],[127.0789,37.16252],[127.07625,37.16217],[127.07539,37.1626],[127.0759,37.16368],[127.07347,37.16549],[127.07321,37.16698],[127.07127,37.16821],[127.07137,37.16942],[127.07072,37.17046],[127.07073,37.17392],[127.07229,37.17397],[127.07303,37.17456],[127.07222,37.17598],[127.07214,37.18202],[127.07106,37.18404],[127.06606,37.18432],[127.06532,37.18645],[127.06814,37.18915],[127.06864,37.19062],[127.06565,37.19216],[127.06602,37.19572],[127.06497,37.19775],[127.06147,37.1994],[127.05662,37.19721],[127.05441,37.19746],[127.05196,37.19708],[127.04944,37.19591],[127.0461,37.19626],[127.04251,37.19764],[127.04154,37.19749],[127.03872,37.19833],[127.03689,37.19994],[127.02665,37.20042],[127.02413,37.19784],[127.01753,37.19546],[127.0136,37.19481],[127.01104,37.19375],[127.00982,37.1924],[127.00785,37.187],[127.00243,37.18205],[127.00461,37.18148],[127.00456,37.18041],[127.00301,37.17914],[126.99977,37.17758],[126.9965,37.17846],[126.99515,37.17727],[126.99525,37.17501],[127.00007,37.17355],[127.00653,37.16806],[127.01239,37.16757],[127.01663,37.16785],[127.01905,37.16729],[127.0281,37.16312],[127.02697,37.16066],[127.02976,37.15876],[127.03049,37.15601],[127.02783,37.15379],[127.02807,37.15217],[127.03013,37.14952],[127.03034,37.14637],[127.02982,37.14532],[127.03092,37.14442],[127.03334,37.13876],[127.03563,37.13602],[127.0304,37.13457],[127.03023,37.13398],[127.02887,37.13337],[127.02516,37.13279],[127.02422,37.13322],[127.0175,37.12992],[127.01346,37.12898],[127.00537,37.1281],[127.00383,37.12695],[127.00243,37.12438],[126.9981,37.12309],[126.99951,37.12241],[127.00239,37.12362],[127.00069,37.11839],[126.99744,37.11264],[126.99666,37.11198],[126.99573,37.1082],[126.99785,37.10445],[126.99831,37.10057],[126.99704,37.09713],[126.99893,37.09259],[126.99777,37.09126],[126.99359,37.08958],[126.99271,37.08859],[126.99173,37.08477],[126.99513,37.07005],[126.9876,37.07045],[126.98463,37.07165],[126.97554,37.0706],[126.97314,37.07203],[126.96883,37.07343],[126.96748,37.07207],[126.9664,37.06911],[126.96478,37.06886],[126.96125,37.06982],[126.95645,37.06827],[126.95137,37.06856],[126.94549,37.06556],[126.94409,37.0633],[126.94038,37.06081],[126.93165,37.06269],[126.93183,37.06326],[126.93024,37.0671],[126.92865,37.06804],[126.92318,37.0664],[126.92205,37.0653],[126.91488,37.06577],[126.91039,37.06883],[126.90577,37.06966],[126.9049,37.07152],[126.90597,37.0722],[126.90575,37.0733],[126.90491,37.07364],[126.90207,37.07204],[126.90108,37.0702],[126.89623,37.0685],[126.89138,37.06703],[126.88391,37.06656],[126.88253,37.06081],[126.88121,37.05829],[126.87242,37.04662],[126.85804,37.0261],[126.85311,37.02],[126.84693,37.01585],[126.84323,37.01457],[126.83806,37.01365],[126.82101,37.01338],[126.79691,37.01206],[126.79666,37.01602],[126.79503,37.01804],[126.79456,37.02579],[126.78906,37.02917],[126.75101,37.02925],[126.74882,37.0301],[126.74475,37.03632],[126.74435,37.03919],[126.7448,37.04162],[126.74837,37.04904],[126.75659,37.05639],[126.76895,37.06014],[126.77018,37.06385],[126.76659,37.0637],[126.76289,37.0628],[126.76134,37.06808],[126.76413,37.06897],[126.76406,37.07189],[126.7635,37.07232],[126.76277,37.07522],[126.76367,37.0812],[126.76495,37.0847],[126.76424,37.08651],[126.7656,37.08933],[126.7666,37.08917],[126.76711,37.09094],[126.76628,37.09319],[126.76823,37.0957],[126.77033,37.10148],[126.76982,37.10386],[126.76904,37.10299],[126.76635,37.10372],[126.76527,37.10495],[126.76534,37.10592],[126.75827,37.11106],[126.75817,37.11255],[126.75981,37.11712],[126.76874,37.1279],[126.774,37.1283],[126.77552,37.1299],[126.7761,37.1323],[126.7827,37.13512],[126.78682,37.13269],[126.78749,37.1298],[126.79493,37.12901],[126.79576,37.13442],[126.80113,37.13865],[126.81038,37.14016],[126.81195,37.13941],[126.81539,37.14275],[126.80765,37.14435],[126.80451,37.15147],[126.80045,37.15343],[126.79954,37.15359],[126.79477,37.15088],[126.79032,37.14955],[126.78749,37.15058],[126.78276,37.15121],[126.78125,37.15203],[126.78553,37.1549],[126.78832,37.15523],[126.79499,37.15825],[126.7976,37.16245],[126.79576,37.1662],[126.79575,37.16922],[126.79619,37.17043],[126.792,37.17315],[126.79259,37.17658],[126.79557,37.17971],[126.79728,37.18633],[126.79711,37.18888],[126.79531,37.18136],[126.78862,37.17358],[126.77798,37.16468],[126.76644,37.16422],[126.75991,37.16473],[126.75304,37.16672],[126.74923,37.16688],[126.74652,37.16548],[126.7468,37.16171],[126.74646,37.16]]],[[[126.63062,37.17381],[126.62829,37.1687],[126.62711,37.16709],[126.6224,37.16315],[126.61821,37.1576],[126.61447,37.15542],[126.61465,37.15669],[126.61688,37.15917],[126.61747,37.16179],[126.61622,37.17329],[126.61675,37.17511],[126.61845,37.17717],[126.62019,37.17849],[126.62182,37.17898],[126.62666,37.17538],[126.63062,37.17381]]],[[[126.65772,37.20206],[126.65813,37.20296],[126.65891,37.20292],[126.65866,37.20192],[126.65772,37.20206]]],[[[126.66313,37.20344],[126.66028,37.20489],[126.66214,37.20571],[126.66352,37.20488],[126.66313,37.20344]]],[[[126.76268,37.26013],[126.76216,37.2611],[126.76564,37.26197],[126.76647,37.25951],[126.76268,37.26013]]],[[[126.66709,37.27454],[126.66668,37.27532],[126.67286,37.28089],[126.67867,37.28368],[126.68017,37.2839],[126.68497,37.28062],[126.68002,37.27438],[126.66876,37.27345],[126.66709,37.27454]]],[[[126.74589,37.28362],[126.74491,37.28301],[126.73752,37.28353],[126.73508,37.2826],[126.73423,37.28309],[126.73475,37.28594],[126.73666,37.28832],[126.73942,37.28918],[126.74062,37.289],[126.74246,37.28766],[126.74538,37.28799],[126.74589,37.28362]]]]}},{"type":"Feature","properties":{"sido_cd":"41","sido_nm":"경기도","sgg_cd":"41610","sgg_nm":"광주시"},"geometry":{"type":"Polygon","coordinates":[[[127.23903,37.35926],[127.23806,37.36042],[127.23541,37.35841],[127.23369,37.35799],[127.22924,37.35919],[127.22501,37.35528],[127.22262,37.35438],[127.21967,37.3544],[127.21863,37.35563],[127.21702,37.35521],[127.2167,37.35465],[127.21792,37.3522],[127.22158,37.3493],[127.22358,37.34593],[127.22287,37.34562],[127.22115,37.34696],[127.21946,37.34657],[127.21831,37.34505],[127.2181,37.34277],[127.21681,37.34067],[127.21411,37.33807],[127.21265,37.33742],[127.20846,37.331],[127.20147,37.32861],[127.20041,37.32902],[127.19692,37.33472],[127.19826,37.33949],[127.19803,37.34145],[127.19608,37.34404],[127.19162,37.34724],[127.17876,37.34322],[127.17673,37.34442],[127.17376,37.34467],[127.16206,37.34332],[127.15755,37.34107],[127.15267,37.34001],[127.1482,37.3377],[127.14186,37.33631],[127.13954,37.33884],[127.13634,37.33964],[127.13727,37.33973],[127.13787,37.34036],[127.13802,37.34408],[127.13303,37.3484],[127.13248,37.3491],[127.13286,37.35054],[127.13174,37.3512],[127.13394,37.35848],[127.13948,37.35996],[127.14443,37.35939],[127.15019,37.36135],[127.15285,37.36354],[127.15619,37.36861],[127.16052,37.37279],[127.16113,37.37576],[127.16098,37.37795],[127.16169,37.37971],[127.16794,37.38035],[127.17345,37.38267],[127.17651,37.38487],[127.17719,37.38655],[127.17681,37.38725],[127.16829,37.39268],[127.16836,37.39491],[127.17083,37.39791],[127.17189,37.40154],[127.17426,37.40543],[127.17501,37.40585],[127.17715,37.40902],[127.17786,37.41265],[127.17696,37.41465],[127.179,37.41582],[127.18026,37.4159],[127.1829,37.4149],[127.18489,37.41534],[127.18573,37.41868],[127.19137,37.42206],[127.19383,37.42408],[127.19464,37.42539],[127.19336,37.4261],[127.1944,37.42987],[127.19523,37.43103],[127.19379,37.43392],[127.19366,37.43916],[127.19596,37.44388],[127.19473,37.44902],[127.19237,37.45534],[127.19099,37.45735],[127.18961,37.45816],[127.18338,37.45909],[127.1816,37.46047],[127.18203,37.46789],[127.18097,37.47179],[127.18105,37.47329],[127.18087,37.4738],[127.17783,37.4749],[127.17584,37.47677],[127.17579,37.48528],[127.17765,37.48554],[127.18319,37.48357],[127.18547,37.48102],[127.18842,37.48027],[127.19238,37.48072],[127.19804,37.47959],[127.20133,37.48044],[127.20259,37.48171],[127.20415,37.48064],[127.20684,37.48031],[127.21573,37.4823],[127.22615,37.47973],[127.23746,37.47493],[127.23936,37.47514],[127.24174,37.47686],[127.24622,37.47782],[127.24704,37.48059],[127.24826,37.48193],[127.2538,37.48461],[127.2537,37.48646],[127.2554,37.48791],[127.25765,37.48878],[127.25896,37.49021],[127.25915,37.49211],[127.25793,37.49462],[127.25553,37.49615],[127.25327,37.50325],[127.25439,37.50596],[127.2612,37.50724],[127.26844,37.50622],[127.27142,37.50764],[127.27622,37.50823],[127.27794,37.50955],[127.27821,37.51128],[127.27957,37.51258],[127.2832,37.51354],[127.28758,37.5135],[127.28798,37.50908],[127.28934,37.50701],[127.2924,37.50714],[127.29787,37.50889],[127.30128,37.51055],[127.30451,37.51333],[127.31736,37.52921],[127.32287,37.53309],[127.32596,37.53414],[127.34787,37.53575],[127.35555,37.53415],[127.36419,37.52997],[127.36636,37.5278],[127.37156,37.52012],[127.38073,37.50428],[127.38356,37.50262],[127.38046,37.49001],[127.38881,37.47563],[127.38869,37.47432],[127.38653,37.46992],[127.38698,37.46736],[127.38521,37.4599],[127.38184,37.45838],[127.37799,37.45878],[127.36799,37.45695],[127.36773,37.45624],[127.37214,37.45199],[127.37264,37.4491],[127.37241,37.4449],[127.38231,37.44313],[127.38437,37.43746],[127.384,37.43531],[127.38448,37.43446],[127.38929,37.42882],[127.39488,37.42611],[127.39885,37.42237],[127.40063,37.42138],[127.40098,37.4185],[127.39821,37.41575],[127.39831,37.41533],[127.40018,37.41311],[127.40406,37.41008],[127.40964,37.40776],[127.41197,37.40517],[127.4129,37.40286],[127.41232,37.40077],[127.41281,37.3982],[127.41742,37.38949],[127.42028,37.38661],[127.42157,37.38592],[127.42516,37.38577],[127.42974,37.38803],[127.43543,37.38642],[127.4425,37.38738],[127.44448,37.38552],[127.44528,37.38133],[127.44367,37.37613],[127.44376,37.36979],[127.44592,37.36342],[127.44597,37.36082],[127.43584,37.3549],[127.43379,37.35081],[127.43018,37.34671],[127.42368,37.34411],[127.42207,37.34303],[127.42119,37.34178],[127.42155,37.3403],[127.41983,37.33784],[127.41497,37.33411],[127.41261,37.33399],[127.40798,37.33092],[127.40503,37.32767],[127.39991,37.32724],[127.39364,37.32354],[127.39263,37.32222],[127.39251,37.32098],[127.39003,37.3196],[127.38717,37.31889],[127.38148,37.31901],[127.37839,37.31934],[127.3768,37.32069],[127.37591,37.32073],[127.37268,37.31872],[127.37212,37.317],[127.3696,37.31523],[127.36739,37.31512],[127.365,37.31658],[127.36336,37.31577],[127.36362,37.31217],[127.36495,37.30993],[127.36494,37.30849],[127.36432,37.30768],[127.36131,37.30719],[127.35772,37.30507],[127.35703,37.30367],[127.3545,37.30148],[127.35449,37.30067],[127.35511,37.3],[127.35711,37.29881],[127.35755,37.29638],[127.35714,37.2946],[127.35456,37.29433],[127.35308,37.29232],[127.34801,37.29001],[127.34739,37.29],[127.346,37.29125],[127.34317,37.29106],[127.34015,37.28811],[127.34246,37.28604],[127.34319,37.28236],[127.34815,37.27924],[127.34906,37.27698],[127.34503,37.27403],[127.34331,37.27318],[127.34043,37.27269],[127.33893,37.27143],[127.3388,37.27054],[127.33665,37.27121],[127.33089,37.27024],[127.32298,37.27409],[127.31921,37.27498],[127.31655,37.27382],[127.31073,37.27328],[127.30556,37.27087],[127.30414,37.27093],[127.30277,37.26958],[127.30285,37.26738],[127.30216,37.26617],[127.30113,37.26568],[127.30039,37.26618],[127.29901,37.26926],[127.29668,37.27049],[127.29148,37.27165],[127.28742,37.27084],[127.28457,37.26898],[127.28118,37.2691],[127.28006,37.26963],[127.27594,37.27373],[127.27573,37.27475],[127.27626,37.27518],[127.28052,37.27704],[127.28176,37.27804],[127.27995,37.28551],[127.27855,37.28664],[127.2778,37.2904],[127.28152,37.29696],[127.28169,37.29795],[127.2786,37.30544],[127.27896,37.30674],[127.27726,37.30921],[127.27949,37.31377],[127.28175,37.31643],[127.28311,37.31907],[127.28205,37.32228],[127.28232,37.32741],[127.28037,37.32808],[127.27979,37.33013],[127.28015,37.33219],[127.28111,37.33383],[127.28099,37.33459],[127.28324,37.33659],[127.28367,37.33856],[127.28334,37.34531],[127.2808,37.34616],[127.27442,37.34293],[127.26892,37.34235],[127.26503,37.34268],[127.26358,37.34423],[127.26138,37.3484],[127.25835,37.34976],[127.25442,37.35076],[127.24691,37.35565],[127.24356,37.35453],[127.24187,37.35331],[127.23982,37.35416],[127.2389,37.35553],[127.23903,37.35926]]]}},{"type":"Feature","properties":{"sido_cd":"41","sido_nm":"경기도","sgg_cd":"41630","sgg_nm":"양주시"},"geometry":{"type":"Polygon","coordinates":[[[127.00293,37.75054],[127.00243,37.74458],[127.0029,37.7439],[127.00457,37.74318],[127.00316,37.74252],[127.0022,37.74057],[127.00311,37.73865],[127.0098,37.73012],[127.00968,37.72906],[127.00873,37.72807],[127.01089,37.72625],[127.01263,37.72576],[127.01263,37.72372],[127.0115,37.72235],[127.0136,37.71933],[127.01414,37.71921],[127.01357,37.71736],[127.01276,37.71651],[127.01338,37.71416],[127.01953,37.70804],[127.01939,37.70726],[127.01547,37.70328],[127.01585,37.70103],[127.01494,37.69855],[127.01195,37.69824],[127.00884,37.69461],[127.00806,37.69055],[127.00809,37.68903],[127.00896,37.68711],[127.00863,37.68487],[127.00386,37.68514],[126.99799,37.68382],[126.9938,37.68025],[126.99116,37.67941],[126.98928,37.68155],[126.98086,37.68594],[126.97299,37.68668],[126.96577,37.69236],[126.95996,37.69149],[126.95444,37.69265],[126.95255,37.68921],[126.95101,37.68772],[126.9479,37.6869],[126.94479,37.68513],[126.94308,37.67943],[126.94471,37.67693],[126.94458,37.67645],[126.94293,37.67309],[126.93982,37.67076],[126.93816,37.67143],[126.93195,37.67236],[126.93006,37.67229],[126.92803,37.6707],[126.92081,37.67186],[126.92036,37.66959],[126.91297,37.66873],[126.91134,37.6687],[126.90805,37.67026],[126.90614,37.6734],[126.9064,37.67486],[126.90688,37.67542],[126.90729,37.67428],[126.9103,37.6738],[126.91241,37.67562],[126.9145,37.679],[126.91476,37.67994],[126.91402,37.6822],[126.91415,37.68791],[126.91579,37.6911],[126.91874,37.69418],[126.92174,37.69903],[126.92275,37.70259],[126.92241,37.70307],[126.92339,37.70598],[126.92467,37.70787],[126.92454,37.71173],[126.92047,37.71368],[126.92308,37.71624],[126.92504,37.71991],[126.92307,37.72501],[126.92341,37.72857],[126.92204,37.7292],[126.92189,37.73018],[126.92261,37.73194],[126.92643,37.73513],[126.92857,37.73603],[126.93006,37.7359],[126.93102,37.73751],[126.93006,37.74284],[126.93299,37.74538],[126.92974,37.74812],[126.93155,37.75187],[126.932,37.75392],[126.93165,37.75536],[126.92869,37.75759],[126.9309,37.76307],[126.93391,37.76758],[126.9328,37.77069],[126.93629,37.77421],[126.93338,37.77994],[126.93517,37.78275],[126.93679,37.78425],[126.93812,37.78694],[126.9321,37.78878],[126.92721,37.78508],[126.92128,37.78821],[126.91952,37.79039],[126.9146,37.79168],[126.91204,37.79208],[126.90649,37.79097],[126.90389,37.79095],[126.9053,37.79664],[126.90555,37.8021],[126.90672,37.80359],[126.90988,37.80465],[126.91191,37.80615],[126.91164,37.80824],[126.90879,37.81051],[126.90872,37.81201],[126.91013,37.81462],[126.91022,37.81648],[126.90562,37.82005],[126.90231,37.82472],[126.90299,37.82639],[126.90919,37.82854],[126.91136,37.82864],[126.913,37.83603],[126.91193,37.83846],[126.91238,37.84024],[126.91393,37.84107],[126.91933,37.84163],[126.92533,37.84159],[126.92644,37.83857],[126.92728,37.83805],[126.93298,37.83857],[126.93649,37.84079],[126.93451,37.84624],[126.93562,37.84939],[126.93887,37.8525],[126.9385,37.85406],[126.93977,37.85699],[126.94283,37.86255],[126.94508,37.86468],[126.94634,37.86699],[126.94612,37.86829],[126.94493,37.87033],[126.94426,37.87363],[126.94567,37.87547],[126.9471,37.87947],[126.94649,37.88047],[126.94808,37.88465],[126.946,37.88846],[126.94818,37.89376],[126.94854,37.89675],[126.94711,37.89844],[126.94673,37.89964],[126.94762,37.90257],[126.94918,37.90535],[126.95084,37.90721],[126.95316,37.90871],[126.95473,37.91247],[126.95056,37.9168],[126.9496,37.91897],[126.95633,37.92234],[126.95717,37.92227],[126.96002,37.92016],[126.962,37.92291],[126.96155,37.92428],[126.96184,37.92527],[126.96305,37.92708],[126.96505,37.92824],[126.96409,37.93294],[126.96443,37.93831],[126.96482,37.93902],[126.96689,37.93934],[126.97032,37.94203],[126.97336,37.94203],[126.97534,37.94032],[126.98101,37.93746],[126.98545,37.93889],[126.98941,37.93628],[126.99197,37.93758],[126.99309,37.93664],[126.9932,37.93451],[126.99962,37.93309],[126.9997,37.93562],[127.0012,37.93561],[127.00131,37.93303],[127.00259,37.93325],[127.00971,37.92916],[127.01014,37.92805],[127.00904,37.92505],[127.01103,37.92121],[127.01261,37.92065],[127.01291,37.91975],[127.01279,37.91856],[127.0079,37.91615],[127.01056,37.91034],[127.01034,37.90607],[127.01071,37.90447],[127.01248,37.90319],[127.01482,37.90297],[127.0209,37.9006],[127.02259,37.89883],[127.02443,37.89789],[127.02877,37.89893],[127.03623,37.89593],[127.04626,37.89385],[127.0469,37.88773],[127.04825,37.88288],[127.05015,37.88147],[127.05351,37.87659],[127.05768,37.87319],[127.06039,37.86935],[127.06255,37.86921],[127.0646,37.87112],[127.06606,37.87165],[127.06842,37.87064],[127.07269,37.87181],[127.07373,37.87279],[127.0775,37.87102],[127.0812,37.87104],[127.08788,37.87208],[127.09147,37.87121],[127.09598,37.8674],[127.09886,37.86628],[127.10339,37.8654],[127.10705,37.86238],[127.10919,37.85985],[127.10887,37.85894],[127.11036,37.85557],[127.11255,37.85258],[127.1147,37.85064],[127.11615,37.84391],[127.11567,37.83854],[127.11795,37.83643],[127.11715,37.83454],[127.1182,37.83232],[127.12039,37.83092],[127.12189,37.82815],[127.12191,37.82511],[127.12078,37.82363],[127.12019,37.81736],[127.12191,37.81376],[127.12201,37.81208],[127.11875,37.80904],[127.11714,37.80412],[127.11806,37.79996],[127.11719,37.7959],[127.11293,37.7885],[127.10595,37.78318],[127.10592,37.78055],[127.10346,37.77868],[127.09471,37.77718],[127.08468,37.77361],[127.083,37.77268],[127.08154,37.77067],[127.07914,37.76953],[127.07805,37.76964],[127.07405,37.7685],[127.07045,37.76583],[127.0654,37.76366],[127.06025,37.76212],[127.05647,37.76171],[127.05422,37.76232],[127.05276,37.76137],[127.05086,37.76094],[127.04648,37.7632],[127.04117,37.76674],[127.03508,37.76772],[127.02547,37.76695],[127.02264,37.76728],[127.01871,37.76859],[127.01728,37.76856],[127.0106,37.76617],[127.0047,37.76318],[127.00227,37.76276],[127.00128,37.759],[127.00334,37.75307],[127.0021,37.7514],[127.00293,37.75054]]]}},{"type":"Feature","properties":{"sido_cd":"41","sido_nm":"경기도","sgg_cd":"41650","sgg_nm":"포천시"},"geometry":{"type":"Polygon","coordinates":[[[127.18142,37.76382],[127.17699,37.75977],[127.17566,37.75671],[127.17326,37.75511],[127.1677,37.75324],[127.1598,37.75305],[127.15718,37.7547],[127.15376,37.7555],[127.14941,37.75544],[127.14671,37.75484],[127.14318,37.75884],[127.13966,37.76407],[127.13343,37.76229],[127.12701,37.76365],[127.12543,37.7633],[127.12651,37.76562],[127.12735,37.76543],[127.1291,37.76689],[127.12867,37.77063],[127.12807,37.77184],[127.12012,37.77399],[127.11892,37.7736],[127.11564,37.77376],[127.11541,37.77643],[127.11175,37.77891],[127.11069,37.7794],[127.10434,37.77967],[127.10592,37.78055],[127.10595,37.78318],[127.11293,37.7885],[127.11639,37.79438],[127.11719,37.7959],[127.11806,37.79996],[127.11714,37.80412],[127.11875,37.80904],[127.12201,37.81208],[127.12209,37.8132],[127.12019,37.81736],[127.12078,37.82363],[127.12191,37.82511],[127.12189,37.82815],[127.12039,37.83092],[127.1182,37.83232],[127.11715,37.83454],[127.11795,37.83643],[127.11567,37.83854],[127.11615,37.84391],[127.11505,37.84779],[127.11485,37.85034],[127.11036,37.85557],[127.10887,37.85894],[127.10919,37.85985],[127.11125,37.86214],[127.11193,37.86435],[127.11368,37.86548],[127.11755,37.86623],[127.12035,37.86605],[127.12316,37.86716],[127.12356,37.86983],[127.12856,37.87391],[127.1317,37.87311],[127.13478,37.87373],[127.13674,37.87506],[127.13984,37.87621],[127.14209,37.87568],[127.14696,37.87603],[127.14946,37.88439],[127.15311,37.8899],[127.15565,37.89568],[127.15346,37.89602],[127.14966,37.89792],[127.15027,37.90058],[127.14775,37.90271],[127.14673,37.9028],[127.14675,37.90442],[127.14786,37.90663],[127.14596,37.91187],[127.13876,37.91403],[127.13624,37.9131],[127.13512,37.91332],[127.13284,37.91592],[127.12913,37.91634],[127.12712,37.91566],[127.12197,37.91648],[127.1209,37.91703],[127.11525,37.9283],[127.10948,37.93552],[127.10801,37.93909],[127.10234,37.94078],[127.09605,37.94365],[127.09629,37.94682],[127.09558,37.94902],[127.09631,37.95018],[127.09803,37.95107],[127.09912,37.95246],[127.09924,37.95458],[127.09883,37.95533],[127.09449,37.95719],[127.09224,37.96005],[127.09269,37.96384],[127.09414,37.96801],[127.09254,37.97086],[127.09171,37.97144],[127.09267,37.9749],[127.09038,37.98207],[127.09037,37.9844],[127.09096,37.98779],[127.0948,37.98911],[127.10057,37.9897],[127.10795,37.98885],[127.11154,37.98931],[127.11409,37.98647],[127.11733,37.98574],[127.1202,37.9795],[127.12078,37.97942],[127.12343,37.98029],[127.1296,37.98386],[127.13053,37.98466],[127.13203,37.98779],[127.1352,37.98968],[127.14054,37.99201],[127.14315,37.99126],[127.14482,37.99192],[127.14687,37.99564],[127.14684,37.99772],[127.14564,38.00095],[127.14121,38.00492],[127.14051,38.00661],[127.14024,38.01148],[127.14261,38.01442],[127.1452,38.01496],[127.14532,38.01565],[127.1392,38.02143],[127.13871,38.02285],[127.13952,38.02427],[127.13958,38.02613],[127.13549,38.02926],[127.13535,38.03138],[127.13715,38.03331],[127.13802,38.03542],[127.13779,38.03744],[127.13481,38.03918],[127.12815,38.03668],[127.12602,38.03653],[127.12444,38.03707],[127.12254,38.03907],[127.11825,38.03864],[127.11436,38.03998],[127.11788,38.04266],[127.11796,38.04391],[127.11458,38.04723],[127.11229,38.05141],[127.1148,38.05744],[127.11717,38.06065],[127.11898,38.06143],[127.12258,38.06162],[127.12373,38.06143],[127.12484,38.05996],[127.12569,38.05969],[127.12931,38.06093],[127.13491,38.06561],[127.13826,38.06646],[127.13872,38.0675],[127.13834,38.0691],[127.13966,38.07138],[127.14115,38.07274],[127.14367,38.07361],[127.14421,38.0735],[127.14768,38.06968],[127.1471,38.06523],[127.14625,38.06273],[127.14685,38.05914],[127.14874,38.0577],[127.15228,38.05877],[127.15566,38.06263],[127.15696,38.06339],[127.1595,38.0634],[127.16467,38.06138],[127.16635,38.06135],[127.16746,38.06181],[127.16889,38.06387],[127.17092,38.06552],[127.17376,38.06642],[127.17705,38.06606],[127.1836,38.06386],[127.18662,38.06444],[127.18574,38.07225],[127.18625,38.07431],[127.19073,38.07784],[127.19225,38.08249],[127.19099,38.08543],[127.1882,38.08748],[127.18451,38.09223],[127.18221,38.10731],[127.18394,38.11034],[127.18428,38.11441],[127.18266,38.11665],[127.17657,38.11982],[127.17283,38.12004],[127.17156,38.12156],[127.17422,38.12394],[127.17577,38.12881],[127.17545,38.13502],[127.17401,38.14021],[127.17291,38.14156],[127.17356,38.1432],[127.17522,38.14446],[127.17673,38.14652],[127.17718,38.15151],[127.17611,38.1538],[127.1756,38.15895],[127.17394,38.16111],[127.17459,38.16789],[127.1736,38.16923],[127.17378,38.17113],[127.17428,38.17274],[127.17675,38.1748],[127.17753,38.17602],[127.17938,38.18465],[127.1817,38.18509],[127.1879,38.18825],[127.1904,38.18886],[127.18818,38.18452],[127.18603,38.17295],[127.18625,38.17079],[127.18739,38.16878],[127.1887,38.16362],[127.18999,38.16069],[127.19552,38.15688],[127.19866,38.15589],[127.20288,38.15341],[127.2082,38.14714],[127.21177,38.14688],[127.21342,38.14338],[127.21889,38.13924],[127.22189,38.13763],[127.22252,38.13811],[127.2237,38.14143],[127.22327,38.14686],[127.22591,38.14821],[127.23203,38.14703],[127.23389,38.14733],[127.23508,38.14801],[127.23766,38.15159],[127.23749,38.15202],[127.23962,38.15454],[127.24705,38.15943],[127.25166,38.16197],[127.25434,38.1628],[127.25586,38.16396],[127.2585,38.16865],[127.26038,38.17037],[127.26165,38.17047],[127.26352,38.17146],[127.26505,38.17352],[127.266,38.17586],[127.26442,38.17828],[127.26612,38.1805],[127.27193,38.1815],[127.27527,38.18145],[127.27698,38.18237],[127.28312,38.18288],[127.28658,38.18034],[127.28687,38.17893],[127.28933,38.1769],[127.29618,38.1763],[127.29729,38.17498],[127.29635,38.1736],[127.29478,38.17264],[127.29119,38.17233],[127.28797,38.17003],[127.28725,38.16871],[127.28728,38.16614],[127.28799,38.16422],[127.28752,38.16088],[127.28464,38.15775],[127.28724,38.15233],[127.28718,38.15135],[127.28329,38.14475],[127.27841,38.13922],[127.27555,38.13679],[127.27557,38.13427],[127.27739,38.13249],[127.27748,38.12764],[127.27674,38.12545],[127.28043,38.12552],[127.28195,38.12474],[127.28305,38.12337],[127.28331,38.12022],[127.28259,38.11894],[127.2832,38.11648],[127.28559,38.11511],[127.28819,38.11671],[127.29234,38.11408],[127.29485,38.11526],[127.29586,38.11632],[127.29951,38.11551],[127.30274,38.11568],[127.30569,38.11718],[127.30723,38.11936],[127.31129,38.11597],[127.31184,38.10949],[127.31248,38.10736],[127.3167,38.10062],[127.32119,38.09522],[127.32415,38.09477],[127.32556,38.09512],[127.32993,38.09431],[127.33233,38.09193],[127.33739,38.08982],[127.3381,38.1005],[127.33894,38.10136],[127.34601,38.10426],[127.35337,38.10434],[127.35607,38.10625],[127.36445,38.10704],[127.3709,38.11004],[127.37185,38.11111],[127.37197,38.11366],[127.37809,38.11774],[127.38194,38.11652],[127.38311,38.11658],[127.3836,38.11538],[127.38576,38.11426],[127.39196,38.11404],[127.39396,38.1134],[127.40048,38.11374],[127.40301,38.11319],[127.40497,38.10956],[127.406,38.10607],[127.40839,38.10423],[127.41206,38.10272],[127.41519,38.10367],[127.43057,38.11528],[127.43263,38.11282],[127.44003,38.10913],[127.44104,38.10809],[127.4444,38.09752],[127.44557,38.08599],[127.44635,38.08384],[127.44694,38.07952],[127.44611,38.07275],[127.44698,38.07079],[127.44632,38.06439],[127.44489,38.06024],[127.4437,38.05913],[127.44668,38.05433],[127.44566,38.05098],[127.44439,38.05],[127.44177,38.04478],[127.43504,38.03799],[127.43019,38.03465],[127.42491,38.0334],[127.42429,38.03094],[127.42623,38.02958],[127.42719,38.02749],[127.42349,38.02015],[127.42154,38.01902],[127.41828,38.01475],[127.4168,38.01062],[127.41481,38.00692],[127.41479,38.00175],[127.41302,37.9978],[127.40907,37.9963],[127.4065,37.99163],[127.40529,37.99054],[127.40386,37.99061],[127.39942,37.9894],[127.3898,37.98268],[127.38666,37.98323],[127.38504,37.98241],[127.38395,37.98111],[127.38412,37.97793],[127.38539,37.97615],[127.38245,37.97422],[127.38184,37.97227],[127.38264,37.9697],[127.38009,37.96663],[127.3779,37.96534],[127.37614,37.96153],[127.37744,37.9594],[127.37917,37.95892],[127.37973,37.95778],[127.37951,37.95647],[127.37683,37.95293],[127.37875,37.95112],[127.38235,37.95045],[127.38313,37.94958],[127.38491,37.94709],[127.384,37.94413],[127.38428,37.94354],[127.38282,37.94276],[127.38169,37.94081],[127.37981,37.93913],[127.37754,37.93877],[127.37455,37.93653],[127.37195,37.93386],[127.36989,37.93062],[127.3661,37.92883],[127.3643,37.92595],[127.35583,37.92165],[127.35031,37.92233],[127.34744,37.92607],[127.34518,37.92721],[127.33996,37.92426],[127.3384,37.92384],[127.33644,37.92416],[127.33303,37.9265],[127.33098,37.92591],[127.33043,37.92362],[127.32899,37.92203],[127.33089,37.91718],[127.32786,37.91241],[127.33039,37.91004],[127.33056,37.90905],[127.33046,37.90782],[127.3291,37.90715],[127.32739,37.90284],[127.32819,37.89689],[127.32913,37.89431],[127.3237,37.88785],[127.32308,37.88075],[127.32391,37.87616],[127.32375,37.87374],[127.32236,37.87148],[127.3206,37.87139],[127.31755,37.86929],[127.31341,37.86782],[127.3117,37.86614],[127.31011,37.86648],[127.30867,37.86802],[127.30547,37.86884],[127.30064,37.8681],[127.29617,37.86887],[127.29317,37.87342],[127.29154,37.87414],[127.28728,37.86833],[127.28588,37.86558],[127.28491,37.86031],[127.28036,37.85543],[127.28028,37.85464],[127.28034,37.85389],[127.28632,37.84828],[127.27903,37.84234],[127.27857,37.83941],[127.2763,37.83591],[127.27413,37.83052],[127.27413,37.82647],[127.27513,37.82497],[127.27583,37.8247],[127.27923,37.81661],[127.2774,37.80882],[127.27785,37.80637],[127.27875,37.80546],[127.27083,37.79459],[127.27052,37.79378],[127.27121,37.79155],[127.27216,37.79039],[127.27097,37.78629],[127.26841,37.78516],[127.26625,37.77904],[127.26336,37.77693],[127.26175,37.77439],[127.26095,37.77262],[127.26152,37.77107],[127.26038,37.77012],[127.25973,37.7684],[127.25879,37.76866],[127.25355,37.76772],[127.25158,37.76621],[127.24047,37.76271],[127.23649,37.76219],[127.23341,37.75846],[127.23068,37.75733],[127.22762,37.75428],[127.22508,37.75344],[127.22163,37.75502],[127.22203,37.75693],[127.22075,37.75792],[127.21341,37.76102],[127.21298,37.76151],[127.21265,37.76465],[127.21096,37.76461],[127.20528,37.76124],[127.20478,37.76164],[127.20474,37.76329],[127.2005,37.76399],[127.19861,37.76329],[127.19092,37.76258],[127.18407,37.76474],[127.18142,37.76382]]]}},{"type":"Feature","properties":{"sido_cd":"41","sido_nm":"경기도","sgg_cd":"41670","sgg_nm":"여주시"},"geometry":{"type":"Polygon","coordinates":[[[127.63074,37.16578],[127.62965,37.16642],[127.62659,37.16596],[127.62533,37.16488],[127.61947,37.16244],[127.6158,37.16334],[127.61408,37.16766],[127.61398,37.17015],[127.61239,37.17338],[127.60484,37.17891],[127.60167,37.18337],[127.5993,37.18311],[127.5981,37.18793],[127.596,37.18963],[127.59526,37.18974],[127.59303,37.18963],[127.59049,37.1879],[127.58381,37.18696],[127.58048,37.18747],[127.5786,37.18868],[127.57815,37.1895],[127.57637,37.18916],[127.57236,37.18458],[127.57279,37.1836],[127.57445,37.18243],[127.5776,37.17718],[127.57761,37.17623],[127.57708,37.17507],[127.57532,37.1743],[127.57278,37.17202],[127.57252,37.1713],[127.57051,37.17023],[127.56888,37.17365],[127.56618,37.1764],[127.55876,37.18088],[127.5579,37.17976],[127.55777,37.1782],[127.55669,37.17704],[127.55283,37.17544],[127.54681,37.17419],[127.52789,37.17296],[127.52679,37.17346],[127.52659,37.17602],[127.52286,37.18124],[127.51755,37.18213],[127.51741,37.18481],[127.51597,37.18532],[127.5196,37.18761],[127.52589,37.19394],[127.52624,37.19523],[127.52793,37.19699],[127.53109,37.19813],[127.53128,37.19999],[127.53008,37.20276],[127.5308,37.20501],[127.53147,37.20535],[127.53147,37.20823],[127.52987,37.21177],[127.53008,37.21779],[127.52761,37.22739],[127.5255,37.22757],[127.52696,37.22946],[127.52521,37.23975],[127.52555,37.24049],[127.52969,37.24293],[127.53281,37.24354],[127.53737,37.24663],[127.53707,37.25161],[127.53629,37.25325],[127.53318,37.2562],[127.53274,37.2573],[127.53236,37.26066],[127.52996,37.26747],[127.52919,37.27352],[127.53067,37.27924],[127.53438,37.28928],[127.53681,37.2897],[127.54273,37.29475],[127.54305,37.29644],[127.54639,37.30143],[127.54607,37.31092],[127.54472,37.31224],[127.54261,37.31306],[127.53556,37.31353],[127.5288,37.3162],[127.52965,37.32018],[127.52895,37.32124],[127.52654,37.32247],[127.52919,37.32661],[127.52668,37.32966],[127.5218,37.32966],[127.52054,37.33026],[127.5169,37.3345],[127.51557,37.33756],[127.51376,37.33931],[127.51031,37.33958],[127.50825,37.33824],[127.50209,37.33791],[127.49979,37.33973],[127.48952,37.34236],[127.48724,37.34905],[127.48526,37.35028],[127.48387,37.35057],[127.47818,37.35592],[127.47691,37.35687],[127.47577,37.35684],[127.47491,37.35737],[127.47049,37.36152],[127.46468,37.35836],[127.46377,37.35814],[127.46252,37.35879],[127.46022,37.3582],[127.4561,37.35595],[127.4548,37.35412],[127.45081,37.35251],[127.44884,37.35219],[127.44385,37.35769],[127.44246,37.35844],[127.44603,37.36091],[127.44592,37.36342],[127.44376,37.36979],[127.44367,37.37613],[127.44528,37.38133],[127.44448,37.38552],[127.4425,37.38738],[127.43543,37.38642],[127.42974,37.38803],[127.42516,37.38577],[127.42157,37.38592],[127.42028,37.38661],[127.41742,37.38949],[127.41281,37.3982],[127.41232,37.40077],[127.4129,37.40286],[127.41197,37.40517],[127.40964,37.40776],[127.40406,37.41008],[127.40018,37.41311],[127.39831,37.41533],[127.39821,37.41575],[127.40098,37.4185],[127.40063,37.42138],[127.40158,37.42169],[127.40259,37.42453],[127.40738,37.43009],[127.40977,37.43131],[127.41462,37.43217],[127.42024,37.43765],[127.42287,37.43951],[127.42862,37.43666],[127.43047,37.43689],[127.43289,37.43617],[127.43422,37.43527],[127.4426,37.43408],[127.4499,37.43132],[127.45548,37.42855],[127.46011,37.42726],[127.46371,37.4266],[127.4652,37.42685],[127.47093,37.42537],[127.47171,37.42497],[127.47304,37.42299],[127.4723,37.42261],[127.47431,37.42233],[127.47965,37.42366],[127.48093,37.42535],[127.48243,37.42897],[127.48523,37.43223],[127.48919,37.43381],[127.49445,37.43274],[127.49811,37.43313],[127.50801,37.43981],[127.51037,37.43871],[127.51643,37.43765],[127.52286,37.43474],[127.52789,37.42987],[127.53152,37.42427],[127.5354,37.4171],[127.53696,37.41131],[127.54017,37.41166],[127.54241,37.41103],[127.54395,37.41002],[127.54737,37.40987],[127.5497,37.41051],[127.55103,37.41185],[127.55145,37.41413],[127.55416,37.41728],[127.55613,37.41776],[127.56004,37.41753],[127.5625,37.41625],[127.56362,37.41504],[127.56629,37.41382],[127.57116,37.41291],[127.57175,37.41164],[127.58186,37.41687],[127.5832,37.41696],[127.58419,37.41424],[127.58556,37.41412],[127.58649,37.41463],[127.58851,37.41732],[127.58748,37.41985],[127.59035,37.42212],[127.59056,37.42279],[127.59354,37.4198],[127.59429,37.42067],[127.60012,37.42063],[127.60898,37.41725],[127.61114,37.41552],[127.61446,37.41475],[127.61694,37.41485],[127.62026,37.40901],[127.6223,37.40968],[127.62657,37.41331],[127.63538,37.41347],[127.64144,37.40857],[127.64293,37.40602],[127.64602,37.40462],[127.65213,37.40764],[127.65307,37.40911],[127.65276,37.41031],[127.65413,37.41269],[127.65847,37.41749],[127.66018,37.41575],[127.66523,37.41434],[127.66844,37.41189],[127.67628,37.4128],[127.68515,37.41256],[127.68747,37.41123],[127.68616,37.40166],[127.68639,37.39944],[127.69491,37.40341],[127.69749,37.40562],[127.6987,37.40741],[127.70228,37.40808],[127.70548,37.40996],[127.70779,37.41067],[127.7104,37.40658],[127.71359,37.4054],[127.7157,37.40164],[127.71436,37.39849],[127.7046,37.39255],[127.70336,37.38788],[127.70371,37.38588],[127.706,37.3832],[127.70294,37.38059],[127.70146,37.37615],[127.70131,37.37388],[127.70742,37.37009],[127.71102,37.37173],[127.71647,37.36998],[127.71828,37.37108],[127.72293,37.37158],[127.72446,37.37134],[127.72754,37.37344],[127.72828,37.37479],[127.73205,37.37567],[127.73867,37.3714],[127.74578,37.3689],[127.75241,37.36923],[127.75447,37.36806],[127.75948,37.36704],[127.76117,37.36379],[127.75929,37.35986],[127.75983,37.35448],[127.75833,37.35044],[127.75782,37.34574],[127.75902,37.34149],[127.76005,37.34137],[127.76069,37.34072],[127.76157,37.33369],[127.76036,37.32912],[127.76289,37.32305],[127.76219,37.32078],[127.76546,37.31335],[127.76772,37.31055],[127.76856,37.30826],[127.76724,37.30572],[127.76807,37.30248],[127.76567,37.30141],[127.76192,37.30211],[127.75763,37.30006],[127.75477,37.29769],[127.75598,37.2963],[127.7565,37.29469],[127.7538,37.28901],[127.75578,37.28284],[127.7547,37.27852],[127.75529,37.2721],[127.75768,37.26378],[127.75831,37.25803],[127.75367,37.25124],[127.74886,37.24748],[127.74765,37.24347],[127.74672,37.23477],[127.7469,37.23178],[127.7464,37.22963],[127.74884,37.22808],[127.75022,37.22642],[127.75094,37.22446],[127.75078,37.22175],[127.74792,37.21668],[127.74658,37.21665],[127.74077,37.21195],[127.73684,37.21005],[127.73539,37.20803],[127.73556,37.20552],[127.7346,37.20332],[127.7331,37.20166],[127.73257,37.19964],[127.73284,37.19622],[127.72846,37.19161],[127.7279,37.18935],[127.72812,37.18664],[127.72655,37.18274],[127.72292,37.18176],[127.72118,37.18339],[127.71811,37.18381],[127.7146,37.18107],[127.71484,37.18026],[127.7138,37.17843],[127.71223,37.17676],[127.71062,37.17589],[127.70969,37.17215],[127.70884,37.17092],[127.70716,37.17069],[127.70483,37.16732],[127.70458,37.1665],[127.70513,37.16297],[127.70399,37.15649],[127.70084,37.15381],[127.69618,37.15232],[127.69486,37.15059],[127.69441,37.14964],[127.69403,37.14407],[127.6954,37.14037],[127.69205,37.13763],[127.69027,37.1372],[127.68749,37.13511],[127.67973,37.13654],[127.67616,37.13676],[127.67057,37.1363],[127.66822,37.13665],[127.66576,37.13924],[127.66215,37.13907],[127.66014,37.13977],[127.65752,37.14201],[127.65486,37.14588],[127.64761,37.15075],[127.64181,37.15138],[127.6387,37.15308],[127.63377,37.15317],[127.63263,37.15251],[127.62876,37.1538],[127.62868,37.15618],[127.63019,37.15932],[127.63117,37.16391],[127.63074,37.16578]]]}},{"type":"Feature","properties":{"sido_cd":"41","sido_nm":"경기도","sgg_cd":"41800","sgg_nm":"연천군"},"geometry":{"type":"Polygon","coordinates":[[[127.11228,38.05096],[127.11458,38.04723],[127.11796,38.04391],[127.11788,38.04266],[127.11436,38.03998],[127.11825,38.03864],[127.12254,38.03907],[127.12444,38.03707],[127.12602,38.03653],[127.12815,38.03668],[127.13481,38.03918],[127.13779,38.03744],[127.13802,38.03542],[127.13715,38.03331],[127.13535,38.03138],[127.13549,38.02926],[127.13958,38.02613],[127.13952,38.02427],[127.13871,38.02285],[127.1392,38.02143],[127.14532,38.01565],[127.1452,38.01496],[127.14261,38.01442],[127.14024,38.01148],[127.1408,38.00553],[127.14564,38.00095],[127.14684,37.99772],[127.14687,37.99564],[127.14482,37.99192],[127.14315,37.99126],[127.14054,37.99201],[127.1352,37.98968],[127.13203,37.98779],[127.13053,37.98466],[127.1296,37.98386],[127.12343,37.98029],[127.12078,37.97942],[127.1202,37.9795],[127.11733,37.98574],[127.11409,37.98647],[127.11154,37.98931],[127.10795,37.98885],[127.10057,37.9897],[127.0948,37.98911],[127.09143,37.98813],[127.09081,37.98755],[127.09038,37.98207],[127.09267,37.9749],[127.09171,37.97144],[127.08633,37.97399],[127.08457,37.97562],[127.08018,37.97668],[127.07378,37.97647],[127.0661,37.97528],[127.06343,37.97602],[127.06416,37.9771],[127.06439,37.9796],[127.05705,37.98034],[127.05326,37.98134],[127.05279,37.98073],[127.04882,37.97885],[127.04892,37.97576],[127.04579,37.97415],[127.04443,37.97226],[127.04493,37.97],[127.04168,37.96085],[127.0418,37.96001],[127.03921,37.95783],[127.0293,37.95573],[127.02873,37.95516],[127.02794,37.95347],[127.02872,37.95209],[127.02757,37.94315],[127.02495,37.94042],[127.0221,37.94063],[127.021,37.94029],[127.01676,37.93662],[127.01399,37.92996],[127.01129,37.92735],[127.01005,37.92757],[127.00971,37.92916],[127.00395,37.93256],[127.00259,37.93325],[127.00131,37.93303],[127.0012,37.93561],[126.9997,37.93562],[126.99962,37.93309],[126.9932,37.93451],[126.99309,37.93664],[126.99197,37.93758],[126.98941,37.93628],[126.98545,37.93889],[126.98101,37.93746],[126.97534,37.94032],[126.97336,37.94203],[126.97721,37.94553],[126.97742,37.94861],[126.97912,37.95408],[126.98176,37.95659],[126.98852,37.96009],[126.98952,37.96377],[126.99122,37.96694],[126.99635,37.9732],[127.00078,37.97393],[127.00544,37.97318],[127.00853,37.97384],[127.01129,37.97612],[127.0126,37.98457],[127.0159,37.98578],[127.01704,37.98693],[127.01556,37.99175],[127.01487,37.9926],[127.01315,37.99352],[127.0103,37.99323],[127.00099,37.99625],[126.99609,38.0014],[126.99215,38.00337],[126.98581,38.00314],[126.98208,38.00469],[126.97866,38.00366],[126.96957,38.00333],[126.96166,37.99765],[126.95659,37.99172],[126.95246,37.988],[126.94379,37.98356],[126.94091,37.98239],[126.9372,37.98171],[126.9317,37.98228],[126.92163,37.98593],[126.90484,37.99442],[126.89824,37.99714],[126.89546,37.99937],[126.89469,37.99945],[126.89396,37.99897],[126.89415,37.99715],[126.89174,37.99238],[126.89118,37.98707],[126.89198,37.98084],[126.89267,37.97828],[126.89514,37.97311],[126.89546,37.9711],[126.89436,37.96881],[126.89346,37.96803],[126.88776,37.96614],[126.88137,37.96682],[126.87874,37.96767],[126.87184,37.97115],[126.86597,37.97736],[126.85494,37.98724],[126.85277,37.98756],[126.84809,37.98704],[126.84398,37.98501],[126.84023,37.98095],[126.83881,37.97762],[126.83781,37.97331],[126.83678,37.96473],[126.83594,37.96403],[126.83268,37.96398],[126.83114,37.96324],[126.8283,37.9598],[126.82073,37.95746],[126.81886,37.95852],[126.81754,37.96129],[126.81748,37.96218],[126.81847,37.96409],[126.81471,37.96822],[126.81252,37.9693],[126.81134,37.96887],[126.81045,37.96767],[126.80451,37.97075],[126.80203,37.97955],[126.7985,37.98771],[126.80091,37.992],[126.8074,37.99375],[126.81423,37.99312],[126.81864,37.99393],[126.82251,37.99242],[126.82955,37.9931],[126.83021,37.99366],[126.83046,37.99872],[126.83016,37.99913],[126.82688,37.99934],[126.82533,38.00022],[126.82485,38.00489],[126.82307,38.01133],[126.82515,38.01629],[126.82874,38.02019],[126.83508,38.01817],[126.83322,38.02186],[126.83379,38.0227],[126.83529,38.02328],[126.83566,38.0245],[126.83276,38.02597],[126.83046,38.02542],[126.83104,38.03224],[126.83184,38.03375],[126.83581,38.03418],[126.83876,38.03392],[126.84539,38.03178],[126.84728,38.03298],[126.84836,38.03309],[126.85359,38.03148],[126.85369,38.03318],[126.85238,38.03509],[126.85255,38.03734],[126.85462,38.04013],[126.85269,38.04361],[126.85283,38.0531],[126.85807,38.05312],[126.85799,38.06032],[126.85944,38.06462],[126.86625,38.06945],[126.86707,38.07375],[126.86956,38.07789],[126.86558,38.08151],[126.86456,38.08332],[126.86057,38.08587],[126.85879,38.0894],[126.85607,38.09966],[126.86716,38.11118],[126.88366,38.11625],[126.88919,38.12882],[126.90048,38.13343],[126.9047,38.13789],[126.91706,38.13672],[126.92701,38.12852],[126.93047,38.12741],[126.93235,38.13165],[126.94411,38.13464],[126.956,38.1346],[126.96086,38.13607],[126.96086,38.13968],[126.96274,38.13963],[126.96511,38.13802],[126.96483,38.13582],[126.96992,38.14354],[126.96943,38.14562],[126.96827,38.14717],[126.96113,38.15124],[126.95689,38.15517],[126.95003,38.15911],[126.95173,38.1649],[126.95454,38.16326],[126.96572,38.1714],[126.96918,38.18193],[126.96826,38.1861],[126.96292,38.19053],[126.96669,38.19441],[126.96679,38.19911],[126.96883,38.19966],[126.97508,38.19933],[126.97546,38.19986],[126.97549,38.20409],[126.97587,38.20488],[126.9793,38.20519],[126.98029,38.20748],[126.98395,38.21091],[126.9838,38.21252],[126.98224,38.21413],[126.98186,38.21642],[126.9801,38.21774],[126.98107,38.21984],[126.98,38.2213],[126.97816,38.22214],[126.97915,38.22285],[126.97959,38.22412],[126.98126,38.22543],[126.98203,38.22746],[126.9844,38.22695],[126.98658,38.22716],[126.98816,38.22582],[126.99026,38.22693],[126.9899,38.22866],[126.99159,38.22947],[127.00151,38.223],[127.00524,38.22288],[127.00558,38.22499],[127.00642,38.22583],[127.008,38.22612],[127.01417,38.23706],[127.02218,38.24038],[127.02093,38.24588],[127.03286,38.24844],[127.04189,38.25902],[127.05506,38.259],[127.06686,38.26568],[127.07256,38.27169],[127.076,38.27808],[127.08586,38.27927],[127.09331,38.28211],[127.10056,38.28595],[127.10403,38.28838],[127.10468,38.29057],[127.10928,38.29204],[127.11399,38.26527],[127.11046,38.25169],[127.1111,38.24832],[127.10986,38.24381],[127.11013,38.24216],[127.113,38.23759],[127.11462,38.23629],[127.11774,38.23634],[127.12288,38.23251],[127.12627,38.23377],[127.12961,38.23321],[127.13054,38.23256],[127.13466,38.23376],[127.13592,38.23615],[127.13983,38.2374],[127.14149,38.23725],[127.14697,38.23972],[127.14851,38.24251],[127.1497,38.24261],[127.15266,38.24172],[127.15836,38.2389],[127.1608,38.23582],[127.16243,38.23252],[127.15959,38.22605],[127.16005,38.22467],[127.16146,38.22304],[127.16084,38.22114],[127.15944,38.21907],[127.16209,38.21678],[127.16956,38.21385],[127.17188,38.21137],[127.17223,38.20596],[127.16645,38.19954],[127.16605,38.19851],[127.17389,38.1917],[127.17546,38.18825],[127.17742,38.18575],[127.17938,38.18465],[127.17753,38.17602],[127.17675,38.1748],[127.17428,38.17274],[127.17378,38.17113],[127.1736,38.16923],[127.17459,38.16789],[127.17394,38.16111],[127.1756,38.15895],[127.17611,38.1538],[127.17718,38.15151],[127.17673,38.14652],[127.17522,38.14446],[127.17356,38.1432],[127.17291,38.14156],[127.17401,38.14021],[127.17545,38.13502],[127.17577,38.12881],[127.17422,38.12394],[127.17156,38.12156],[127.17283,38.12004],[127.17657,38.11982],[127.18304,38.11642],[127.18374,38.11556],[127.18433,38.11402],[127.18394,38.11034],[127.18221,38.10731],[127.18451,38.09223],[127.1882,38.08748],[127.19099,38.08543],[127.19225,38.08249],[127.19073,38.07784],[127.18625,38.07431],[127.18574,38.07225],[127.18662,38.06444],[127.1836,38.06386],[127.17705,38.06606],[127.17376,38.06642],[127.17092,38.06552],[127.16889,38.06387],[127.16746,38.06181],[127.16635,38.06135],[127.16467,38.06138],[127.1595,38.0634],[127.15696,38.06339],[127.15566,38.06263],[127.15228,38.05877],[127.14874,38.0577],[127.14685,38.05914],[127.14625,38.06273],[127.1471,38.06523],[127.14768,38.06968],[127.14421,38.0735],[127.14367,38.07361],[127.14115,38.07274],[127.13966,38.07138],[127.13834,38.0691],[127.13872,38.0675],[127.13826,38.06646],[127.13491,38.06561],[127.12931,38.06093],[127.12569,38.05969],[127.12484,38.05996],[127.12373,38.06143],[127.12258,38.06162],[127.11898,38.06143],[127.11717,38.06065],[127.1148,38.05744],[127.11319,38.05431],[127.11228,38.05096]]]}},{"type":"Feature","properties":{"sido_cd":"41","sido_nm":"경기도","sgg_cd":"41820","sgg_nm":"가평군"},"geometry":{"type":"Polygon","coordinates":[[[127.55944,37.72581],[127.55968,37.72314],[127.56217,37.72232],[127.5624,37.72104],[127.56103,37.71822],[127.55806,37.7143],[127.55855,37.71118],[127.55842,37.70602],[127.55699,37.70486],[127.55063,37.6878],[127.55015,37.68546],[127.54989,37.68056],[127.55096,37.67819],[127.55034,37.67591],[127.54975,37.67549],[127.54921,37.66757],[127.55165,37.66502],[127.55281,37.66155],[127.54649,37.65743],[127.54487,37.65535],[127.54391,37.65159],[127.54197,37.65097],[127.53923,37.65119],[127.53568,37.65035],[127.53523,37.64637],[127.53702,37.643],[127.54003,37.64069],[127.54378,37.63818],[127.54682,37.63756],[127.54826,37.6332],[127.55898,37.62845],[127.55988,37.62736],[127.55981,37.62341],[127.56288,37.6209],[127.56517,37.62008],[127.56646,37.61878],[127.56759,37.61566],[127.56873,37.61456],[127.57075,37.61367],[127.57032,37.61021],[127.56956,37.60831],[127.56615,37.60796],[127.5623,37.60435],[127.56244,37.60001],[127.55908,37.59423],[127.559,37.5923],[127.56062,37.59054],[127.56152,37.58706],[127.56025,37.58308],[127.5586,37.58382],[127.55469,37.58421],[127.55245,37.58608],[127.53788,37.58461],[127.53606,37.58584],[127.52411,37.58665],[127.52178,37.58641],[127.52012,37.58566],[127.51296,37.57812],[127.51003,37.57647],[127.50436,37.57492],[127.49834,37.57184],[127.49735,37.57184],[127.4911,37.57378],[127.49012,37.57498],[127.48414,37.57526],[127.4784,37.57686],[127.47473,37.57725],[127.47159,37.57989],[127.46941,37.59106],[127.47104,37.59384],[127.47091,37.59495],[127.4726,37.59641],[127.47351,37.60792],[127.47217,37.60928],[127.47185,37.61828],[127.47118,37.62113],[127.46988,37.62361],[127.46835,37.62467],[127.4626,37.62493],[127.46166,37.62664],[127.45827,37.62997],[127.45642,37.63394],[127.4566,37.63559],[127.45558,37.63691],[127.4541,37.63851],[127.45227,37.63889],[127.44863,37.64447],[127.44485,37.64777],[127.44392,37.64814],[127.44191,37.64679],[127.43808,37.64789],[127.43723,37.6514],[127.43477,37.65361],[127.43778,37.65723],[127.44138,37.6598],[127.43986,37.66181],[127.43506,37.66504],[127.42983,37.66941],[127.42815,37.67154],[127.42809,37.6703],[127.42707,37.66816],[127.42509,37.66563],[127.42217,37.66393],[127.41887,37.6633],[127.41644,37.66337],[127.4121,37.66019],[127.40813,37.65988],[127.40124,37.65449],[127.39943,37.65086],[127.38005,37.65142],[127.37835,37.651],[127.37328,37.64767],[127.37113,37.64819],[127.37205,37.65066],[127.37442,37.65433],[127.37637,37.66011],[127.37755,37.6699],[127.3792,37.67459],[127.37506,37.67733],[127.37417,37.68219],[127.36857,37.68579],[127.36693,37.68822],[127.36677,37.68965],[127.36714,37.69011],[127.37075,37.69047],[127.37213,37.69157],[127.37212,37.69203],[127.37024,37.69302],[127.36135,37.69381],[127.35849,37.69923],[127.35344,37.70382],[127.35366,37.70501],[127.35512,37.70718],[127.35517,37.70858],[127.35339,37.71094],[127.35472,37.71663],[127.35415,37.71727],[127.35404,37.71941],[127.35545,37.72369],[127.345,37.7277],[127.3429,37.72942],[127.34338,37.73303],[127.34241,37.7378],[127.33531,37.74383],[127.33293,37.74646],[127.33107,37.74954],[127.33185,37.75114],[127.33396,37.75284],[127.33009,37.75585],[127.32645,37.76025],[127.3237,37.76176],[127.31992,37.76619],[127.31565,37.76897],[127.30989,37.7683],[127.3021,37.77338],[127.29313,37.77624],[127.29156,37.77604],[127.29,37.77501],[127.28186,37.77492],[127.27402,37.77406],[127.27287,37.77611],[127.26973,37.77883],[127.26652,37.78045],[127.26841,37.78516],[127.27093,37.78622],[127.2719,37.78865],[127.27216,37.79039],[127.27121,37.79155],[127.27052,37.79378],[127.27083,37.79459],[127.27875,37.80546],[127.27785,37.80637],[127.2774,37.80882],[127.27923,37.81661],[127.27583,37.8247],[127.27513,37.82497],[127.27413,37.82647],[127.27413,37.83052],[127.2763,37.83591],[127.27857,37.83941],[127.27903,37.84234],[127.28632,37.84828],[127.28034,37.85389],[127.28028,37.85464],[127.28036,37.85543],[127.28491,37.86031],[127.28588,37.86558],[127.28728,37.86833],[127.29154,37.87414],[127.29317,37.87342],[127.29617,37.86887],[127.30064,37.8681],[127.30547,37.86884],[127.30867,37.86802],[127.31011,37.86648],[127.3117,37.86614],[127.31341,37.86782],[127.31755,37.86929],[127.3206,37.87139],[127.32236,37.87148],[127.32375,37.87374],[127.32391,37.87616],[127.32308,37.88075],[127.3237,37.88785],[127.32913,37.89431],[127.32819,37.89689],[127.32739,37.90284],[127.3291,37.90715],[127.33046,37.90782],[127.33056,37.90905],[127.33039,37.91004],[127.32786,37.91241],[127.33089,37.91718],[127.32899,37.92203],[127.33043,37.92362],[127.33098,37.92591],[127.33303,37.9265],[127.33644,37.92416],[127.3384,37.92384],[127.33996,37.92426],[127.34518,37.92721],[127.34744,37.92607],[127.35031,37.92233],[127.35583,37.92165],[127.3643,37.92595],[127.3661,37.92883],[127.36989,37.93062],[127.37195,37.93386],[127.37455,37.93653],[127.37754,37.93877],[127.37981,37.93913],[127.38169,37.94081],[127.38282,37.94276],[127.38428,37.94354],[127.384,37.94413],[127.38491,37.94709],[127.38313,37.94958],[127.38235,37.95045],[127.37875,37.95112],[127.37683,37.95293],[127.37951,37.95647],[127.37973,37.95778],[127.37917,37.95892],[127.37744,37.9594],[127.37614,37.96153],[127.3779,37.96534],[127.38009,37.96663],[127.38264,37.9697],[127.38184,37.97227],[127.38245,37.97422],[127.38539,37.97615],[127.38412,37.97793],[127.38395,37.98111],[127.38504,37.98241],[127.38666,37.98323],[127.3898,37.98268],[127.39942,37.9894],[127.40386,37.99061],[127.40529,37.99054],[127.4065,37.99163],[127.40907,37.9963],[127.41302,37.9978],[127.41479,38.00175],[127.41481,38.00692],[127.4168,38.01062],[127.41828,38.01475],[127.42154,38.01902],[127.42349,38.02015],[127.42719,38.02749],[127.42623,38.02958],[127.42429,38.03094],[127.42491,38.0334],[127.43019,38.03465],[127.43504,38.03799],[127.44177,38.04478],[127.44439,38.05],[127.44566,38.05098],[127.44912,38.04983],[127.45222,38.04744],[127.45237,38.04336],[127.45067,38.03898],[127.45095,38.03761],[127.45346,38.03089],[127.45524,38.02946],[127.45627,38.02726],[127.45547,38.02503],[127.45682,38.01886],[127.45799,38.01623],[127.46139,38.0129],[127.46925,38.00859],[127.47216,38.00606],[127.47897,38.00615],[127.48554,38.00436],[127.49021,38.00517],[127.49727,38.00361],[127.4984,38.0011],[127.50141,37.99956],[127.50583,38.00052],[127.51635,38.00102],[127.52351,38.00187],[127.52568,38.00171],[127.52752,38.00071],[127.53807,38.00071],[127.53974,38.00118],[127.54267,37.9956],[127.54345,37.9919],[127.54345,37.98881],[127.5461,37.98517],[127.54609,37.98206],[127.5471,37.97976],[127.54473,37.97479],[127.54433,37.96812],[127.5483,37.96613],[127.5516,37.9662],[127.56125,37.96278],[127.57322,37.96405],[127.58785,37.96126],[127.59412,37.95688],[127.59652,37.95637],[127.60009,37.95651],[127.60139,37.95605],[127.60299,37.9551],[127.60331,37.95423],[127.60354,37.95281],[127.60267,37.94771],[127.60482,37.94416],[127.60904,37.94365],[127.61376,37.93939],[127.61643,37.93141],[127.6166,37.92945],[127.61554,37.92746],[127.61252,37.92516],[127.61207,37.92081],[127.61349,37.9197],[127.61624,37.91498],[127.61721,37.9124],[127.61772,37.90653],[127.61137,37.89622],[127.60822,37.89017],[127.6076,37.88986],[127.60881,37.88326],[127.60586,37.87669],[127.60363,37.87494],[127.60219,37.87454],[127.59496,37.87587],[127.58506,37.8759],[127.57641,37.87283],[127.56914,37.86632],[127.56644,37.8616],[127.5659,37.85868],[127.56242,37.85548],[127.55519,37.85444],[127.55232,37.85311],[127.55088,37.85205],[127.55013,37.84789],[127.54932,37.84685],[127.54121,37.84627],[127.53751,37.84485],[127.53356,37.84262],[127.53032,37.84002],[127.52839,37.83773],[127.52495,37.83013],[127.52443,37.82623],[127.52489,37.82422],[127.52743,37.82208],[127.53519,37.81783],[127.53674,37.81531],[127.53716,37.81237],[127.5359,37.80923],[127.52968,37.80454],[127.52289,37.79578],[127.52166,37.79334],[127.52167,37.79103],[127.52355,37.78805],[127.52922,37.78316],[127.53694,37.77528],[127.54033,37.77108],[127.54354,37.76536],[127.54444,37.7623],[127.54448,37.75994],[127.54229,37.75548],[127.53762,37.75133],[127.52961,37.74647],[127.51509,37.73885],[127.5099,37.73486],[127.50825,37.73229],[127.50721,37.72888],[127.50684,37.72381],[127.50731,37.71967],[127.51093,37.71769],[127.51962,37.72253],[127.52538,37.7269],[127.52867,37.72633],[127.53088,37.72505],[127.53352,37.72221],[127.53749,37.72013],[127.5408,37.71909],[127.54249,37.71953],[127.54819,37.72342],[127.55209,37.72826],[127.55735,37.72899],[127.55986,37.72851],[127.55944,37.72581]]]}},{"type":"Feature","properties":{"sido_cd":"41","sido_nm":"경기도","sgg_cd":"41830","sgg_nm":"양평군"},"geometry":{"type":"Polygon","coordinates":[[[127.50801,37.43981],[127.49838,37.43326],[127.4971,37.43289],[127.49374,37.43281],[127.48919,37.43381],[127.48645,37.43284],[127.48474,37.43183],[127.48243,37.42897],[127.48093,37.42535],[127.47965,37.42366],[127.47431,37.42233],[127.4723,37.42261],[127.47304,37.42299],[127.47171,37.42497],[127.47093,37.42537],[127.4652,37.42685],[127.46371,37.4266],[127.46011,37.42726],[127.45548,37.42855],[127.4499,37.43132],[127.4426,37.43408],[127.43422,37.43527],[127.43289,37.43617],[127.43047,37.43689],[127.42862,37.43666],[127.42287,37.43951],[127.42024,37.43765],[127.41462,37.43217],[127.40977,37.43131],[127.40738,37.43009],[127.40259,37.42453],[127.40158,37.42169],[127.40063,37.42138],[127.39885,37.42237],[127.39488,37.42611],[127.38929,37.42882],[127.38448,37.43446],[127.384,37.43531],[127.38437,37.43746],[127.38231,37.44313],[127.37247,37.44481],[127.37264,37.4491],[127.37214,37.45199],[127.36771,37.45629],[127.36799,37.45695],[127.37449,37.45838],[127.37799,37.45878],[127.3821,37.45843],[127.38521,37.4599],[127.38698,37.46736],[127.38653,37.46992],[127.38869,37.47432],[127.38881,37.47563],[127.38046,37.49001],[127.38356,37.50262],[127.38073,37.50428],[127.37156,37.52012],[127.36549,37.52888],[127.36146,37.53158],[127.35706,37.53361],[127.34906,37.53561],[127.32596,37.53414],[127.32287,37.53309],[127.31736,37.52921],[127.3071,37.51638],[127.30562,37.52077],[127.30477,37.5254],[127.30889,37.5406],[127.31169,37.54547],[127.3171,37.55219],[127.32133,37.55835],[127.33457,37.57872],[127.33991,37.58792],[127.34147,37.59179],[127.34391,37.60515],[127.34636,37.6154],[127.34799,37.6197],[127.35216,37.62779],[127.36598,37.64005],[127.37113,37.64819],[127.37328,37.64767],[127.37835,37.651],[127.38005,37.65142],[127.39943,37.65086],[127.40124,37.65449],[127.40813,37.65988],[127.4121,37.66019],[127.41644,37.66337],[127.41887,37.6633],[127.42217,37.66393],[127.42509,37.66563],[127.42707,37.66816],[127.42809,37.6703],[127.42815,37.67154],[127.42983,37.66941],[127.43506,37.66504],[127.43986,37.66181],[127.44138,37.6598],[127.43778,37.65723],[127.43477,37.65361],[127.43723,37.6514],[127.43808,37.64789],[127.44191,37.64679],[127.44392,37.64814],[127.44485,37.64777],[127.44863,37.64447],[127.45227,37.63889],[127.4541,37.63851],[127.45558,37.63691],[127.4566,37.63559],[127.45642,37.63394],[127.45827,37.62997],[127.46166,37.62664],[127.4626,37.62493],[127.46835,37.62467],[127.46988,37.62361],[127.47118,37.62113],[127.47185,37.61828],[127.47217,37.60928],[127.47351,37.60792],[127.4726,37.59641],[127.47091,37.59495],[127.47104,37.59384],[127.46941,37.59106],[127.47159,37.57989],[127.47473,37.57725],[127.4784,37.57686],[127.48414,37.57526],[127.49012,37.57498],[127.4911,37.57378],[127.49735,37.57184],[127.49834,37.57184],[127.50436,37.57492],[127.51003,37.57647],[127.51296,37.57812],[127.52012,37.58566],[127.52178,37.58641],[127.52411,37.58665],[127.53606,37.58584],[127.53788,37.58461],[127.55245,37.58608],[127.55469,37.58421],[127.5586,37.58382],[127.56025,37.58308],[127.56152,37.58706],[127.56062,37.59054],[127.559,37.5923],[127.55908,37.59423],[127.56244,37.60001],[127.5623,37.60435],[127.56615,37.60796],[127.56956,37.60831],[127.57032,37.61021],[127.57075,37.61367],[127.56873,37.61456],[127.56759,37.61566],[127.56646,37.61878],[127.56517,37.62008],[127.56288,37.6209],[127.55981,37.62341],[127.55988,37.62736],[127.55898,37.62845],[127.56457,37.63307],[127.57192,37.6322],[127.57507,37.6335],[127.57951,37.63313],[127.58202,37.63413],[127.58367,37.63596],[127.58322,37.63903],[127.58402,37.64054],[127.58568,37.64211],[127.59068,37.64317],[127.5986,37.64674],[127.60104,37.64877],[127.60235,37.65134],[127.60722,37.65103],[127.60864,37.65015],[127.60935,37.64813],[127.61294,37.64599],[127.61541,37.6473],[127.61613,37.64717],[127.61812,37.6457],[127.62015,37.64306],[127.6234,37.64138],[127.62522,37.64273],[127.62756,37.64262],[127.63379,37.63799],[127.63937,37.63288],[127.64688,37.63292],[127.6471,37.63025],[127.64944,37.62473],[127.65241,37.62267],[127.65601,37.62242],[127.66197,37.62441],[127.66368,37.62402],[127.66439,37.62332],[127.66463,37.62167],[127.66589,37.61943],[127.66756,37.61733],[127.68082,37.60903],[127.68331,37.60825],[127.68594,37.60673],[127.6872,37.60433],[127.69192,37.60171],[127.69653,37.60037],[127.70025,37.59667],[127.70036,37.59573],[127.69843,37.59395],[127.69794,37.59158],[127.7008,37.58968],[127.70625,37.58857],[127.70812,37.5864],[127.71369,37.58884],[127.71598,37.58814],[127.72104,37.59068],[127.72311,37.59063],[127.73947,37.58716],[127.74565,37.58855],[127.74783,37.59036],[127.75349,37.59188],[127.76458,37.58581],[127.76622,37.58298],[127.76703,37.5826],[127.77561,37.58005],[127.78291,37.57869],[127.78596,37.57855],[127.7884,37.57949],[127.79119,37.58265],[127.79275,37.58533],[127.79335,37.58541],[127.79641,37.58441],[127.80037,37.58213],[127.80426,37.57886],[127.80487,37.5752],[127.80648,37.57411],[127.80973,37.57337],[127.81033,37.57285],[127.81067,37.57224],[127.81007,37.57066],[127.81045,37.56867],[127.8129,37.56464],[127.82686,37.56075],[127.82874,37.56124],[127.83711,37.56046],[127.83995,37.5595],[127.84354,37.55595],[127.84614,37.55419],[127.84945,37.55321],[127.8491,37.54959],[127.84635,37.54779],[127.84613,37.54569],[127.84678,37.54489],[127.84668,37.54402],[127.8424,37.53902],[127.83238,37.53827],[127.82862,37.53639],[127.82493,37.53776],[127.82193,37.53802],[127.8151,37.53653],[127.81278,37.53723],[127.8095,37.53674],[127.80638,37.53501],[127.80652,37.53134],[127.80507,37.53024],[127.79653,37.52851],[127.79624,37.52535],[127.79675,37.52357],[127.79014,37.51906],[127.78685,37.51465],[127.78399,37.51219],[127.78114,37.513],[127.77858,37.50959],[127.77394,37.50609],[127.76486,37.50272],[127.75936,37.50366],[127.76003,37.50271],[127.76007,37.49973],[127.75923,37.49656],[127.75974,37.49295],[127.76033,37.49234],[127.76434,37.49251],[127.76541,37.49309],[127.77448,37.49165],[127.77505,37.48984],[127.77627,37.48843],[127.77801,37.48793],[127.7806,37.48818],[127.78205,37.48165],[127.78793,37.47598],[127.79491,37.47272],[127.79948,37.47234],[127.80069,37.46998],[127.80055,37.46811],[127.79914,37.46564],[127.79767,37.46504],[127.79635,37.46361],[127.7963,37.46282],[127.7975,37.45635],[127.79955,37.45168],[127.79959,37.4462],[127.79893,37.44484],[127.79862,37.44238],[127.8018,37.43533],[127.80305,37.43432],[127.80396,37.42904],[127.80196,37.42718],[127.79889,37.42715],[127.79749,37.42664],[127.79461,37.42425],[127.79248,37.41824],[127.7918,37.41385],[127.79011,37.41],[127.78942,37.40691],[127.7879,37.40541],[127.78787,37.40133],[127.78744,37.4006],[127.78369,37.39861],[127.78442,37.39577],[127.78238,37.39208],[127.78314,37.39027],[127.78095,37.38679],[127.78037,37.38683],[127.77659,37.38324],[127.77585,37.37842],[127.77717,37.37672],[127.7778,37.3712],[127.76989,37.36948],[127.76316,37.3699],[127.7617,37.36916],[127.75948,37.36704],[127.75447,37.36806],[127.75241,37.36923],[127.74578,37.3689],[127.73867,37.3714],[127.73205,37.37567],[127.72828,37.37479],[127.72754,37.37344],[127.72391,37.37119],[127.72293,37.37158],[127.71828,37.37108],[127.71647,37.36998],[127.71102,37.37173],[127.70892,37.37097],[127.70797,37.37011],[127.70729,37.37015],[127.70131,37.37388],[127.70146,37.37615],[127.70294,37.38059],[127.706,37.3832],[127.70371,37.38588],[127.70336,37.38803],[127.70401,37.39081],[127.7046,37.39255],[127.71436,37.39849],[127.7157,37.40164],[127.71359,37.4054],[127.7104,37.40658],[127.70779,37.41067],[127.70548,37.40996],[127.70228,37.40808],[127.6987,37.40741],[127.69749,37.40562],[127.69491,37.40341],[127.68639,37.39944],[127.68616,37.40166],[127.68747,37.41123],[127.68515,37.41256],[127.67628,37.4128],[127.66844,37.41189],[127.66523,37.41434],[127.66018,37.41575],[127.65847,37.41749],[127.65413,37.41269],[127.65276,37.41031],[127.65307,37.40911],[127.65213,37.40764],[127.64602,37.40462],[127.64293,37.40602],[127.64144,37.40857],[127.63538,37.41347],[127.62657,37.41331],[127.6223,37.40968],[127.62026,37.40901],[127.61694,37.41485],[127.61446,37.41475],[127.61114,37.41552],[127.60898,37.41725],[127.60012,37.42063],[127.59429,37.42067],[127.59354,37.4198],[127.59056,37.42279],[127.59035,37.42212],[127.58748,37.41985],[127.58851,37.41732],[127.58649,37.41463],[127.58556,37.41412],[127.58419,37.41424],[127.5832,37.41696],[127.58186,37.41687],[127.57175,37.41164],[127.57116,37.41291],[127.56629,37.41382],[127.56362,37.41504],[127.5625,37.41625],[127.56004,37.41753],[127.55613,37.41776],[127.55416,37.41728],[127.55145,37.41413],[127.55103,37.41185],[127.5497,37.41051],[127.54737,37.40987],[127.54395,37.41002],[127.54241,37.41103],[127.54017,37.41166],[127.53696,37.41131],[127.5354,37.4171],[127.53152,37.42427],[127.52789,37.42987],[127.52286,37.43474],[127.51643,37.43765],[127.51037,37.43871],[127.50801,37.43981]]]}}]}