route_id,route_name,source,day_type,headway_min_m,headway_max_m,up_first,up_last,down_first,down_last
200000006,300,gyeonggi,평일,10,15,04:20,21:30,06:10,23:20
200000006,300,gyeonggi,토요일,10,15,04:20,21:30,06:10,23:20
200000006,300,gyeonggi,일요일,10,15,04:20,21:30,06:10,23:20
200000006,300,gyeonggi,공휴일,10,15,04:20,21:30,06:10,23:20
200000008,400,gyeonggi,평일,30,40,04:30,23:00,06:30,23:50
200000008,400,gyeonggi,토요일,30,50,04:30,23:00,06:30,23:50
200000008,400,gyeonggi,일요일,30,50,04:30,23:00,06:30,23:50
200000008,400,gyeonggi,공휴일,30,50,04:30,23:00,06:30,23:50
200000010,900,gyeonggi,평일,10,25,04:10,22:00,06:10,00:00
200000010,900,gyeonggi,토요일,10,25,04:10,22:00,06:10,00:00
200000010,900,gyeonggi,일요일,10,25,04:10,22:00,06:10,00:00
200000010,900,gyeonggi,공휴일,10,25,04:10,22:00,06:10,00:00
200000013,999,gyeonggi,평일,50,120,04:20,20:50,06:10,23:00
200000013,999,gyeonggi,토요일,50,120,04:20,20:50,06:10,23:00
200000013,999,gyeonggi,일요일,50,120,04:20,20:50,06:10,23:00
200000013,999,gyeonggi,공휴일,50,120,04:20,20:50,06:10,23:00
200000015,9090,gyeonggi,평일,15,20,04:20,22:40,05:10,23:30
200000015,9090,gyeonggi,토요일,15,20,04:20,22:40,05:10,23:30
200000015,9090,gyeonggi,일요일,22,23,04:20,22:40,05:10,23:30
200000015,9090,gyeonggi,공휴일,22,23,04:20,22:40,05:10,23:30
200000016,50-2,gyeonggi,평일,140,170,05:20,20:50,06:10,21:50
200000016,50-2,gyeonggi,토요일,140,170,05:20,20:50,06:10,21:50
200000016,50-2,gyeonggi,일요일,140,170,05:20,20:50,06:10,21:50
200000016,50-2,gyeonggi,공휴일,140,170,05:20,20:50,06:10,21:50
200000018,50-4,gyeonggi,평일,120,140,05:00,20:20,05:50,21:10
200000018,50-4,gyeonggi,토요일,120,140,05:00,20:20,05:50,21:10
200000018,50-4,gyeonggi,일요일,120,140,05:00,20:20,05:50,21:10
200000018,50-4,gyeonggi,공휴일,120,140,05:00,20:20,05:50,21:10
200000020,50-5,gyeonggi,평일,150,190,06:10,20:30,07:20,21:45
200000020,50-5,gyeonggi,토요일,150,190,06:10,20:30,07:20,21:45
200000020,50-5,gyeonggi,일요일,150,190,06:10,20:30,07:20,21:45
200000020,50-5,gyeonggi,공휴일,150,190,06:10,20:30,07:20,21:45
200000023,83-1,gyeonggi,평일,14,20,05:00,23:20,05:40,23:55
200000023,83-1,gyeonggi,토요일,15,22,05:00,23:20,05:40,23:55
200000023,83-1,gyeonggi,일요일,15,25,05:00,23:20,05:40,23:55
200000023,83-1,gyeonggi,공휴일,15,25,05:00,23:20,05:40,23:55
200000024,310,gyeonggi,평일,12,15,04:20,22:30,05:10,23:30
200000024,310,gyeonggi,토요일,12,15,04:20,22:30,05:10,23:30
200000024,310,gyeonggi,일요일,18,20,04:20,22:30,05:10,23:30
200000024,310,gyeonggi,공휴일,18,20,04:20,22:30,05:10,23:30
200000025,92,gyeonggi,평일,14,16,05:00,22:30,06:10,23:30
200000025,92,gyeonggi,토요일,15,17,05:00,22:30,06:10,23:30
200000025,92,gyeonggi,일요일,15,17,05:00,22:30,06:10,23:30
200000025,92,gyeonggi,공휴일,15,17,05:00,22:30,06:10,23:30
200000028,301,gyeonggi,평일,10,25,04:20,21:30,06:10,23:30
200000028,301,gyeonggi,토요일,10,25,04:20,21:30,06:10,23:30
200000028,301,gyeonggi,일요일,10,25,04:20,21:30,06:10,23:30
200000028,301,gyeonggi,공휴일,10,25,04:20,21:30,06:10,23:30
200000029,92-1,gyeonggi,평일,10,11,04:45,22:10,06:15,23:50
200000029,92-1,gyeonggi,토요일,12,14,04:45,22:10,06:15,23:50
200000029,92-1,gyeonggi,일요일,13,14,04:45,22:10,06:15,23:50
200000029,92-1,gyeonggi,공휴일,13,14,04:45,22:10,06:15,23:50
200000031,300-1,gyeonggi,평일,60,80,05:00,22:00,05:40,22:40
200000031,300-1,gyeonggi,토요일,60,80,05:00,22:00,05:40,22:40
200000031,300-1,gyeonggi,일요일,60,80,05:00,22:00,05:40,22:40
200000031,300-1,gyeonggi,공휴일,60,80,05:00,22:00,05:40,22:40
200000037,13,gyeonggi,평일,8,12,04:50,22:20,05:50,23:20
200000037,13,gyeonggi,토요일,10,14,04:50,22:20,05:50,23:20
200000037,13,gyeonggi,일요일,11,15,04:50,22:20,05:50,23:20
200000037,13,gyeonggi,공휴일,11,15,04:50,22:20,05:50,23:20
200000040,7-2,gyeonggi,평일,46,50,05:00,22:35,06:15,23:50
200000040,7-2,gyeonggi,토요일,57,60,05:00,22:35,06:15,23:50
200000040,7-2,gyeonggi,일요일,57,60,05:00,22:35,06:15,23:50
200000040,7-2,gyeonggi,공휴일,57,60,05:00,22:35,06:15,23:50
200000043,64,gyeonggi,평일,70,80,04:50,21:50,06:30,23:35
200000043,64,gyeonggi,토요일,90,105,04:50,21:50,06:30,23:35
200000043,64,gyeonggi,일요일,90,105,04:50,21:50,06:30,23:35
200000043,64,gyeonggi,공휴일,90,105,04:50,21:50,06:30,23:35
200000045,7-1,gyeonggi,평일,18,20,05:00,22:40,06:20,00:00
200000045,7-1,gyeonggi,토요일,20,23,05:00,22:40,06:20,00:00
200000045,7-1,gyeonggi,일요일,26,28,05:00,22:40,06:20,00:00
200000045,7-1,gyeonggi,공휴일,26,28,05:00,22:40,06:20,00:00
200000049,112,gyeonggi,평일,15,17,05:00,22:50,06:05,23:55
200000049,112,gyeonggi,토요일,17,21,05:00,22:50,06:05,23:55
200000049,112,gyeonggi,일요일,18,23,05:00,22:50,06:05,23:55
200000049,112,gyeonggi,공휴일,18,23,05:00,22:50,06:05,23:55
200000053,20,gyeonggi,평일,35,40,05:00,22:00,06:30,23:25
200000053,20,gyeonggi,토요일,42,48,05:00,22:00,06:30,23:25
200000053,20,gyeonggi,일요일,50,55,05:00,22:00,06:30,23:25
200000053,20,gyeonggi,공휴일,50,55,05:00,22:00,06:30,23:25
200000054,82-1,gyeonggi,평일,16,24,05:00,23:05,06:05,00:00
200000054,82-1,gyeonggi,토요일,25,35,05:00,23:05,06:05,00:00
200000054,82-1,gyeonggi,일요일,25,35,05:00,23:05,06:05,00:00
200000054,82-1,gyeonggi,공휴일,25,35,05:00,23:05,06:05,00:00
200000055,25,gyeonggi,평일,20,55,05:00,22:30,06:00,23:25
200000055,25,gyeonggi,토요일,25,65,05:00,22:30,06:00,23:25
200000055,25,gyeonggi,일요일,30,140,05:00,22:30,06:00,23:25
200000055,25,gyeonggi,공휴일,30,140,05:00,22:30,06:00,23:25
200000060,11,gyeonggi,평일,12,17,04:00,20:40,06:20,23:00
200000060,11,gyeonggi,토요일,14,17,04:00,20:40,06:20,23:00
200000060,11,gyeonggi,일요일,14,17,04:00,20:40,06:20,23:00
200000060,11,gyeonggi,공휴일,14,17,04:00,20:40,06:20,23:00
200000069,13-1,gyeonggi,평일,15,19,04:50,22:00,06:50,00:00
200000069,13-1,gyeonggi,토요일,17,20,04:50,22:00,06:50,00:00
200000069,13-1,gyeonggi,일요일,19,22,04:50,22:00,06:50,00:00
200000069,13-1,gyeonggi,공휴일,19,22,04:50,22:00,06:50,00:00
200000070,11-1,gyeonggi,평일,23,26,05:00,22:40,05:10,22:40
200000070,11-1,gyeonggi,토요일,30,33,05:00,22:40,05:10,22:40
200000070,11-1,gyeonggi,일요일,30,33,05:00,22:40,05:10,22:40
200000070,11-1,gyeonggi,공휴일,30,33,05:00,22:40,05:10,22:40
200000074,27,gyeonggi,평일,110,135,04:50,22:30,06:10,23:50
200000074,27,gyeonggi,토요일,110,135,04:50,22:30,06:10,23:50
200000074,27,gyeonggi,일요일,110,135,04:50,22:30,06:10,23:50
200000074,27,gyeonggi,공휴일,110,135,04:50,22:30,06:10,23:50
200000076,5,gyeonggi,평일,20,25,04:45,22:50,06:00,23:50
200000076,5,gyeonggi,토요일,25,30,04:45,22:50,06:00,23:50
200000076,5,gyeonggi,일요일,30,33,04:45,22:50,06:00,23:50
200000076,5,gyeonggi,공휴일,30,33,04:45,22:50,06:00,23:50
200000078,62-1,gyeonggi,평일,10,15,05:00,22:30,05:00,23:00
200000078,62-1,gyeonggi,토요일,14,20,05:00,22:30,05:00,23:00
200000078,62-1,gyeonggi,일요일,15,21,05:00,22:30,05:00,23:00
200000078,62-1,gyeonggi,공휴일,15,21,05:00,22:30,05:00,23:00
200000085,98,gyeonggi,평일,18,22,04:50,22:10,06:20,23:35
200000085,98,gyeonggi,토요일,23,30,04:50,22:10,06:20,23:35
200000085,98,gyeonggi,일요일,25,30,04:50,22:10,06:20,23:35
200000085,98,gyeonggi,공휴일,25,30,04:50,22:10,06:20,23:35
200000090,13-5,gyeonggi,평일,14,25,06:50,23:00,04:50,21:00
200000090,13-5,gyeonggi,토요일,15,25,06:50,23:00,04:50,21:00
200000090,13-5,gyeonggi,일요일,15,25,06:50,23:00,04:50,21:00
200000090,13-5,gyeonggi,공휴일,15,25,06:50,23:00,04:50,21:00
200000095,3,gyeonggi,평일,10,14,05:00,22:00,06:25,23:35
200000095,3,gyeonggi,토요일,12,17,05:00,22:00,06:25,23:35
200000095,3,gyeonggi,일요일,13,18,05:00,22:00,06:25,23:35
200000095,3,gyeonggi,공휴일,13,18,05:00,22:00,06:25,23:35
200000097,2-1,gyeonggi,평일,20,28,05:00,22:00,06:30,23:30
200000097,2-1,gyeonggi,토요일,30,40,05:00,22:00,06:30,23:30
200000097,2-1,gyeonggi,일요일,30,40,05:00,22:00,06:30,23:30
200000097,2-1,gyeonggi,공휴일,30,40,05:00,22:00,06:30,23:30
200000099,37,gyeonggi,평일,40,55,04:50,21:40,06:05,23:00
200000099,37,gyeonggi,토요일,55,70,04:50,21:40,06:05,23:00
200000099,37,gyeonggi,일요일,75,90,04:50,21:40,06:05,23:00
200000099,37,gyeonggi,공휴일,75,90,04:50,21:40,06:05,23:00
200000103,9,gyeonggi,평일,25,35,04:50,21:50,05:50,23:00
200000103,9,gyeonggi,토요일,30,50,04:50,21:50,05:50,23:00
200000103,9,gyeonggi,일요일,30,50,04:50,21:50,05:50,23:00
200000103,9,gyeonggi,공휴일,30,50,04:50,21:50,05:50,23:00
200000104,3000,gyeonggi,평일,12,14,04:30,01:00,05:30,02:00
200000104,3000,gyeonggi,토요일,12,15,04:30,01:00,05:30,02:00
200000104,3000,gyeonggi,일요일,15,17,05:00,23:00,06:00,00:00
200000104,3000,gyeonggi,공휴일,15,17,05:00,23:00,06:00,00:00
200000106,46,gyeonggi,평일,70,210,05:00,20:35,06:45,22:20
200000106,46,gyeonggi,토요일,70,210,05:00,20:35,06:45,22:20
200000106,46,gyeonggi,일요일,70,210,05:00,20:35,06:45,22:20
200000106,46,gyeonggi,공휴일,70,210,05:00,20:35,06:45,22:20
200000107,88,gyeonggi,평일,13,17,04:40,22:30,06:00,23:40
200000107,88,gyeonggi,토요일,18,22,04:40,22:30,06:00,23:40
200000107,88,gyeonggi,일요일,20,26,04:40,22:30,06:00,23:40
200000107,88,gyeonggi,공휴일,20,26,04:40,22:30,06:00,23:40
200000108,3003,gyeonggi,평일,6,20,05:30,23:30,06:30,00:30
200000108,3003,gyeonggi,토요일,6,20,05:30,23:30,06:30,00:30
200000108,3003,gyeonggi,일요일,13,15,05:30,23:00,06:30,00:00
200000108,3003,gyeonggi,공휴일,13,15,05:30,23:00,06:30,00:00
200000109,7002,gyeonggi,평일,20,30,05:20,23:00,06:20,00:00
200000109,7002,gyeonggi,토요일,20,30,05:20,23:00,06:20,00:00
200000109,7002,gyeonggi,일요일,20,30,05:20,23:00,06:20,00:00
200000109,7002,gyeonggi,공휴일,20,30,05:20,23:00,06:20,00:00
200000110,3007,gyeonggi,평일,8,15,05:20,00:00,06:15,01:00
200000110,3007,gyeonggi,토요일,10,20,05:20,00:00,06:15,01:00
200000110,3007,gyeonggi,일요일,12,25,05:20,23:10,06:15,00:10
200000110,3007,gyeonggi,공휴일,12,25,05:20,23:10,06:15,00:10
200000112,7000,gyeonggi,평일,10,20,05:30,00:00,06:30,01:00
200000112,7000,gyeonggi,토요일,10,20,05:30,00:00,06:30,01:00
200000112,7000,gyeonggi,일요일,12,20,05:30,23:30,06:30,00:30
200000112,7000,gyeonggi,공휴일,12,20,05:30,23:30,06:30,00:30
200000115,5100,gyeonggi,평일,6,15,05:30,00:10,06:10,01:00
200000115,5100,gyeonggi,토요일,6,25,05:30,00:10,06:10,01:00
200000115,5100,gyeonggi,일요일,8,23,05:30,23:20,06:10,00:00
200000115,5100,gyeonggi,공휴일,8,23,05:30,23:20,06:10,00:00
200000119,7001,gyeonggi,평일,12,20,05:20,23:50,06:20,00:50
200000119,7001,gyeonggi,토요일,12,20,05:20,23:50,06:20,00:50
200000119,7001,gyeonggi,일요일,18,20,05:20,23:20,06:20,00:20
200000119,7001,gyeonggi,공휴일,18,20,05:20,23:20,06:20,00:20
200000120,2007,gyeonggi,평일,10,18,04:30,22:50,05:30,23:50
200000120,2007,gyeonggi,토요일,11,17,04:30,22:50,05:30,23:50
200000120,2007,gyeonggi,일요일,15,19,04:30,22:50,05:30,23:50
200000120,2007,gyeonggi,공휴일,15,19,04:30,22:50,05:30,23:50
200000144,99,gyeonggi,평일,30,50,04:40,20:30,07:20,23:20
200000144,99,gyeonggi,토요일,50,70,04:40,20:30,07:20,23:20
200000144,99,gyeonggi,일요일,50,70,04:40,20:30,07:20,23:20
200000144,99,gyeonggi,공휴일,50,70,04:40,20:30,07:20,23:20
200000145,3002,gyeonggi,평일,10,45,05:25,23:30,06:30,00:30
200000145,3002,gyeonggi,토요일,25,45,05:25,23:30,06:30,00:30
200000145,3002,gyeonggi,일요일,25,45,05:25,23:30,06:30,00:30
200000145,3002,gyeonggi,공휴일,25,45,05:25,23:30,06:30,00:30
200000146,80,gyeonggi,평일,19,25,05:00,22:45,05:55,23:40
200000146,80,gyeonggi,토요일,24,32,05:00,22:45,05:55,23:40
200000146,80,gyeonggi,일요일,28,34,05:00,22:45,05:55,23:40
200000146,80,gyeonggi,공휴일,28,34,05:00,22:45,05:55,23:40
200000148,35,gyeonggi,평일,11,14,04:40,22:45,06:10,00:00
200000148,35,gyeonggi,토요일,12,15,04:40,22:45,06:10,00:00
200000148,35,gyeonggi,일요일,13,15,04:40,22:45,06:10,00:00
200000148,35,gyeonggi,공휴일,13,15,04:40,22:45,06:10,00:00
200000149,7790,gyeonggi,평일,10,25,05:00,23:30,06:00,00:30
200000149,7790,gyeonggi,토요일,20,25,05:00,22:50,06:00,00:00
200000149,7790,gyeonggi,일요일,25,30,05:00,22:50,06:00,00:00
200000149,7790,gyeonggi,공휴일,25,30,05:00,22:50,06:00,00:00
200000150,7800,gyeonggi,평일,1,14,05:00,23:50,06:00,01:00
200000150,7800,gyeonggi,토요일,8,10,05:00,23:00,06:00,00:00
200000150,7800,gyeonggi,일요일,10,12,05:00,23:00,06:00,00:00
200000150,7800,gyeonggi,공휴일,10,12,05:00,23:00,06:00,00:00
200000152,15-1,gyeonggi,평일,30,50,04:40,20:30,06:40,22:30
200000152,15-1,gyeonggi,토요일,50,60,04:40,20:30,06:40,22:30
200000152,15-1,gyeonggi,일요일,50,60,04:40,20:30,06:40,22:30
200000152,15-1,gyeonggi,공휴일,50,60,04:40,20:30,06:40,22:30
200000175,5300,gyeonggi,평일,10,20,05:00,23:55,06:20,01:10
200000175,5300,gyeonggi,토요일,10,20,05:00,23:55,06:20,01:10
200000175,5300,gyeonggi,일요일,15,30,05:00,23:55,06:20,01:10
200000175,5300,gyeonggi,공휴일,15,30,05:00,23:55,06:20,01:10
200000182,20-1,gyeonggi,평일,35,40,04:50,21:50,06:20,23:15
200000182,20-1,gyeonggi,토요일,42,48,04:50,21:50,06:20,23:15
200000182,20-1,gyeonggi,일요일,50,55,04:50,21:50,06:20,23:15
200000182,20-1,gyeonggi,공휴일,50,55,04:50,21:50,06:20,23:15
200000185,13-4,gyeonggi,평일,9,10,04:50,22:20,06:05,23:35
200000185,13-4,gyeonggi,토요일,12,14,04:50,22:20,06:05,23:35
200000185,13-4,gyeonggi,일요일,15,18,04:50,22:20,06:05,23:35
200000185,13-4,gyeonggi,공휴일,15,18,04:50,22:20,06:05,23:35
200000186,9-1,gyeonggi,평일,60,70,04:40,22:00,05:55,23:30
200000186,9-1,gyeonggi,토요일,70,80,04:40,22:00,05:55,23:30
200000186,9-1,gyeonggi,일요일,70,80,04:40,22:00,05:55,23:30
200000186,9-1,gyeonggi,공휴일,70,80,04:40,22:00,05:55,23:30
200000196,99-2,gyeonggi,평일,25,30,04:30,21:30,05:45,23:00
200000196,99-2,gyeonggi,토요일,30,40,04:30,21:30,05:45,23:00
200000196,99-2,gyeonggi,일요일,35,45,04:30,21:30,05:45,23:00
200000196,99-2,gyeonggi,공휴일,35,45,04:30,21:30,05:45,23:00
200000202,61,gyeonggi,평일,22,30,05:00,22:10,06:40,23:45
200000202,61,gyeonggi,토요일,30,35,05:00,22:10,06:40,23:45
200000202,61,gyeonggi,일요일,35,40,05:00,22:10,06:40,23:45
200000202,61,gyeonggi,공휴일,35,40,05:00,22:10,06:40,23:45
200000205,8800,gyeonggi,평일,2,19,05:10,23:30,06:10,00:30
200000205,8800,gyeonggi,토요일,9,19,05:10,23:30,06:10,00:30
200000205,8800,gyeonggi,일요일,11,20,05:10,23:10,06:10,00:10
200000205,8800,gyeonggi,공휴일,11,20,05:10,23:10,06:10,00:10
200000208,81,gyeonggi,평일,30,35,05:00,22:40,06:10,23:50
200000208,81,gyeonggi,토요일,35,40,05:00,22:40,06:10,23:50
200000208,81,gyeonggi,일요일,35,40,05:00,22:40,06:10,23:50
200000208,81,gyeonggi,공휴일,35,40,05:00,22:40,06:10,23:50
200000211,20-2,gyeonggi,평일,26,28,04:50,22:40,05:50,23:40
200000211,20-2,gyeonggi,토요일,30,33,04:50,22:40,05:50,23:40
200000211,20-2,gyeonggi,일요일,32,36,04:50,22:40,05:50,23:40
200000211,20-2,gyeonggi,공휴일,32,36,04:50,22:40,05:50,23:40
200000237,5-2,gyeonggi,평일,22,32,05:00,22:00,06:20,23:20
200000237,5-2,gyeonggi,토요일,28,43,05:00,22:00,06:20,23:20
200000237,5-2,gyeonggi,일요일,28,43,05:00,22:00,06:20,23:20
200000237,5-2,gyeonggi,공휴일,28,43,05:00,22:00,06:20,23:20
200000262,G5100,gyeonggi,평일,10,199,06:40,20:45,07:40,21:45
200000262,G5100,gyeonggi,토요일,18,64,06:40,20:45,07:40,21:45
200000262,G5100,gyeonggi,일요일,23,74,06:40,20:25,07:40,21:25
200000262,G5100,gyeonggi,공휴일,23,74,06:40,20:25,07:40,21:25
200000265,30-1,gyeonggi,평일,15,17,04:55,22:50,05:50,23:45
200000265,30-1,gyeonggi,토요일,24,26,04:55,22:50,05:50,23:45
200000265,30-1,gyeonggi,일요일,24,26,04:55,22:50,05:50,23:45
200000265,30-1,gyeonggi,공휴일,24,26,04:55,22:50,05:50,23:45
200000266,19,gyeonggi,평일,10,15,04:30,22:15,05:30,23:15
200000266,19,gyeonggi,토요일,10,20,04:30,22:15,05:30,23:15
200000266,19,gyeonggi,일요일,15,20,04:30,22:15,05:30,23:15
200000266,19,gyeonggi,공휴일,15,20,04:30,22:15,05:30,23:15
200000272,32-4,gyeonggi,평일,85,125,05:10,21:30,07:05,23:20
200000272,32-4,gyeonggi,토요일,130,210,05:10,21:30,07:05,23:20
200000272,32-4,gyeonggi,일요일,130,210,05:10,21:30,07:05,23:20
200000272,32-4,gyeonggi,공휴일,130,210,05:10,21:30,07:05,23:20
200000274,3008,gyeonggi,평일,15,165,07:00,21:30,08:00,22:30
200000274,3008,gyeonggi,토요일,15,165,07:00,21:30,08:00,22:30
200000274,3008,gyeonggi,일요일,15,165,07:00,21:30,08:00,22:30
200000274,3008,gyeonggi,공휴일,15,165,07:00,21:30,08:00,22:30
200000282,5-3,gyeonggi,평일,38,48,05:00,22:20,06:40,23:50
200000282,5-3,gyeonggi,토요일,55,75,05:00,22:20,06:40,23:50
200000282,5-3,gyeonggi,일요일,55,75,05:00,22:20,06:40,23:50
200000282,5-3,gyeonggi,공휴일,55,75,05:00,22:20,06:40,23:50
200000283,3000(예약),gyeonggi,평일,30,,07:00,07:30,00:00,00:00
200000284,7770(예약),gyeonggi,평일,50,,06:20,07:30,00:00,00:00
200000285,7780(예약),gyeonggi,평일,10,30,06:20,08:10,00:00,00:00
200000286,7800(예약),gyeonggi,평일,20,,06:20,08:00,00:00,00:00
200000288,16-2,gyeonggi,평일,25,50,05:00,22:40,05:30,23:10
200000288,16-2,gyeonggi,토요일,25,50,05:00,22:40,05:30,23:10
200000288,16-2,gyeonggi,일요일,25,50,05:00,22:40,05:30,23:10
200000288,16-2,gyeonggi,공휴일,25,50,05:00,22:40,05:30,23:10
200000289,3002예약,gyeonggi,평일,,,07:20,00:00,00:00,00:00
200000290,3007예약,gyeonggi,평일,20,,07:20,07:40,00:00,00:00
200000293,3003예약,gyeonggi,평일,25,,07:20,07:45,,
200000296,5100예약,gyeonggi,평일,35,,06:30,07:55,00:00,00:00
200000297,8800예약,gyeonggi,평일,20,40,06:10,08:00,00:00,00:00
200000299,5200,gyeonggi,평일,40,80,05:30,22:30,06:50,23:50
200000299,5200,gyeonggi,토요일,40,80,05:30,22:30,06:50,23:50
200000299,5200,gyeonggi,일요일,40,80,05:30,22:30,06:50,23:50
200000299,5200,gyeonggi,공휴일,40,80,05:30,22:30,06:50,23:50
200000314,4000,gyeonggi,평일,30,65,04:50,21:40,06:10,23:00
200000314,4000,gyeonggi,토요일,70,75,04:50,21:40,06:10,23:00
200000314,4000,gyeonggi,일요일,70,75,04:50,21:40,06:10,23:00
200000314,4000,gyeonggi,공휴일,70,75,04:50,21:40,06:10,23:00
200000315,7-1A,gyeonggi,평일,35,40,05:00,22:30,06:15,23:45
200000315,7-1A,gyeonggi,토요일,50,60,05:00,22:30,06:15,23:45
200000315,7-1A,gyeonggi,일요일,50,60,05:00,22:30,06:15,23:45
200000315,7-1A,gyeonggi,공휴일,50,60,05:00,22:30,06:15,23:45
200000317,수원똑버스01,gyeonggi,평일,,,06:00,00:00,06:00,00:00
200000317,수원똑버스01,gyeonggi,토요일,,,06:00,00:00,06:00,00:00
200000317,수원똑버스01,gyeonggi,일요일,,,06:00,00:00,06:00,00:00
200000317,수원똑버스01,gyeonggi,공휴일,,,06:00,00:00,06:00,00:00
200000325,M5443,gyeonggi,평일,20,40,05:40,23:30,06:40,00:30
200000325,M5443,gyeonggi,토요일,80,70,05:40,23:30,06:40,00:30
200000325,M5443,gyeonggi,일요일,80,70,05:40,23:30,06:40,00:30
200000325,M5443,gyeonggi,공휴일,80,70,05:40,23:30,06:40,00:30
200000326,M5443(예약),gyeonggi,평일,90,,06:20,07:50,,
200000327,수원MDRT,gyeonggi,평일,30,80,06:40,23:00,07:40,23:40
200000328,8450,gyeonggi,평일,40,60,05:20,22:00,06:50,23:30
200000328,8450,gyeonggi,토요일,40,60,05:20,22:00,06:50,23:30
200000328,8450,gyeonggi,일요일,40,60,05:20,22:00,06:50,23:30
200000328,8450,gyeonggi,공휴일,40,60,05:20,22:00,06:50,23:30
200000329,수원똑버스02,gyeonggi,평일,,,06:00,00:00,06:00,00:00
200000329,수원똑버스02,gyeonggi,토요일,,,06:00,00:00,06:00,00:00
200000329,수원똑버스02,gyeonggi,일요일,,,06:00,00:00,06:00,00:00
200000329,수원똑버스02,gyeonggi,공휴일,,,06:00,00:00,06:00,00:00
200000330,수원똑버스03,gyeonggi,평일,,,06:00,00:00,,
200000330,수원똑버스03,gyeonggi,토요일,,,06:00,00:00,,
200000330,수원똑버스03,gyeonggi,일요일,,,06:00,00:00,,
200000330,수원똑버스03,gyeonggi,공휴일,,,06:00,00:00,,
200000331,P5342(출근),gyeonggi,평일,20,,06:40,07:20,18:00,18:40
200000332,P5342(퇴근),gyeonggi,평일,20,,06:40,07:20,18:00,18:40
200000333,1112(예약),gyeonggi,평일,,,04:40,22:30,06:00,23:50
200000334,M5422(예약),gyeonggi,평일,,,05:00,23:00,05:40,23:40
200000335,M5107(예약),gyeonggi,평일,15,44,05:00,23:00,06:00,00:00
200000336,M5115(예약),gyeonggi,평일,40,,05:10,22:50,06:10,23:50
200000337,9100,gyeonggi,평일,10,30,05:30,23:30,07:00,01:00
200000337,9100,gyeonggi,토요일,25,30,05:30,23:30,07:00,01:00
200000337,9100,gyeonggi,일요일,25,30,05:30,23:30,07:00,01:00
200000337,9100,gyeonggi,공휴일,25,30,05:30,23:30,07:00,01:00
200000338,수원똑버스04,gyeonggi,평일,,,06:00,00:00,,
200000338,수원똑버스04,gyeonggi,토요일,,,06:00,00:00,,
200000338,수원똑버스04,gyeonggi,일요일,,,06:00,00:00,,
200000338,수원똑버스04,gyeonggi,공휴일,,,06:00,00:00,,
200000339,9100-1(출근예약),gyeonggi,평일,20,,07:20,07:40,00:00,00:00
200000339,9100-1(출근예약),gyeonggi,토요일,,,00:00,00:00,00:00,00:00
200000339,9100-1(출근예약),gyeonggi,일요일,,,00:00,00:00,00:00,00:00
200000339,9100-1(출근예약),gyeonggi,공휴일,,,00:00,00:00,00:00,00:00
200000340,9100-1(퇴근예약),gyeonggi,평일,50,,18:30,19:20,00:00,00:00
200000340,9100-1(퇴근예약),gyeonggi,토요일,,,00:00,00:00,00:00,00:00
200000340,9100-1(퇴근예약),gyeonggi,일요일,,,00:00,00:00,00:00,00:00
200000340,9100-1(퇴근예약),gyeonggi,공휴일,,,00:00,00:00,00:00,00:00
200000342,9200,gyeonggi,평일,20,45,05:30,22:30,06:30,23:30
200000342,9200,gyeonggi,토요일,30,43,05:30,22:30,06:30,23:30
200000342,9200,gyeonggi,일요일,30,43,05:30,22:30,06:30,23:30
200000342,9200,gyeonggi,공휴일,30,43,05:30,22:30,06:30,23:30
200000343,M5165,gyeonggi,평일,20,50,04:50,22:50,06:10,00:10
200000343,M5165,gyeonggi,토요일,20,50,04:50,22:50,06:10,00:10
200000343,M5165,gyeonggi,일요일,30,50,04:50,22:50,06:10,00:10
200000343,M5165,gyeonggi,공휴일,30,50,04:50,22:50,06:10,00:10
204000004,6,gyeonggi,평일,8,10,05:30,22:40,06:25,23:05
204000004,6,gyeonggi,토요일,10,12,05:30,22:40,06:25,23:05
204000004,6,gyeonggi,일요일,11,13,05:30,22:40,06:25,23:05
204000004,6,gyeonggi,공휴일,11,13,05:30,22:40,06:25,23:05
204000005,57,gyeonggi,평일,6,10,05:00,22:30,06:00,23:35
204000005,57,gyeonggi,토요일,9,13,05:00,22:30,06:00,23:35
204000005,57,gyeonggi,일요일,11,15,05:00,22:30,06:00,23:35
204000005,57,gyeonggi,공휴일,11,15,05:00,22:30,06:00,23:35
204000007,357,gyeonggi,평일,15,20,05:00,22:30,06:00,23:40
204000007,357,gyeonggi,토요일,19,25,05:00,22:30,06:00,23:40
204000007,357,gyeonggi,일요일,22,28,05:00,22:30,06:00,23:40
204000007,357,gyeonggi,공휴일,22,28,05:00,22:30,06:00,23:40
204000012,50,gyeonggi,평일,7,17,05:00,22:30,05:50,23:25
204000012,50,gyeonggi,토요일,9,19,05:00,22:30,05:50,23:25
204000012,50,gyeonggi,일요일,12,22,05:00,22:30,05:50,23:25
204000012,50,gyeonggi,공휴일,12,22,05:00,22:30,05:50,23:25
204000013,60,gyeonggi,평일,15,25,05:00,22:00,06:05,23:15
204000013,60,gyeonggi,토요일,23,33,05:00,22:00,06:05,23:15
204000013,60,gyeonggi,일요일,27,37,05:00,22:00,06:05,23:15
204000013,60,gyeonggi,공휴일,27,37,05:00,22:00,06:05,23:15
204000017,55,gyeonggi,평일,10,20,04:00,22:00,04:00,23:20
204000017,55,gyeonggi,토요일,15,25,04:00,22:00,04:00,23:20
204000017,55,gyeonggi,일요일,18,28,04:00,22:00,04:00,23:20
204000017,55,gyeonggi,공휴일,18,28,04:00,22:00,04:00,23:20
204000018,100,gyeonggi,평일,150,160,05:10,19:00,06:00,20:00
204000018,100,gyeonggi,토요일,150,160,05:10,19:00,06:00,20:00
204000018,100,gyeonggi,일요일,150,160,05:10,19:00,06:00,20:00
204000018,100,gyeonggi,공휴일,150,160,05:10,19:00,06:00,20:00
204000019,33-1,gyeonggi,평일,14,24,04:10,22:00,05:35,23:10
204000019,33-1,gyeonggi,토요일,19,29,04:10,22:00,05:35,23:10
204000019,33-1,gyeonggi,일요일,20,30,04:10,22:00,05:35,23:10
204000019,33-1,gyeonggi,공휴일,20,30,04:10,22:00,05:35,23:10
204000020,33,gyeonggi,평일,12,22,04:20,22:00,05:25,23:15
204000020,33,gyeonggi,토요일,17,27,04:20,22:00,05:25,23:15
204000020,33,gyeonggi,일요일,22,32,04:20,22:00,05:25,23:15
204000020,33,gyeonggi,공휴일,22,32,04:20,22:00,05:25,23:15
204000021,51,gyeonggi,평일,5,15,04:20,22:00,05:45,23:15
204000021,51,gyeonggi,토요일,11,21,04:20,22:00,05:45,23:15
204000021,51,gyeonggi,일요일,13,23,04:20,22:00,05:45,23:15
204000021,51,gyeonggi,공휴일,13,23,04:20,22:00,05:45,23:15
204000022,220,gyeonggi,평일,11,21,04:30,22:20,05:55,23:50
204000022,220,gyeonggi,토요일,15,25,04:30,22:20,05:55,23:50
204000022,220,gyeonggi,일요일,17,27,04:30,22:20,05:55,23:50
204000022,220,gyeonggi,공휴일,17,27,04:30,22:20,05:55,23:50
204000024,9407,gyeonggi,평일,10,20,04:50,23:00,05:50,00:10
204000024,9407,gyeonggi,토요일,15,30,04:50,23:00,05:50,00:10
204000024,9407,gyeonggi,일요일,20,30,04:50,23:00,05:50,00:10
204000024,9407,gyeonggi,공휴일,20,30,04:50,23:00,05:50,00:10
204000025,521,gyeonggi,평일,15,30,05:50,21:40,06:50,22:40
204000025,521,gyeonggi,토요일,20,30,06:00,21:40,06:50,22:40
204000025,521,gyeonggi,일요일,20,30,06:00,21:40,06:50,22:40
204000025,521,gyeonggi,공휴일,20,30,06:00,21:40,06:50,22:40
204000026,52,gyeonggi,평일,90,100,05:30,21:00,06:00,21:25
204000029,200,gyeonggi,평일,30,40,05:00,22:00,06:10,23:10
204000029,200,gyeonggi,토요일,45,55,05:00,22:00,06:10,23:10
204000029,200,gyeonggi,일요일,55,65,05:00,22:00,06:10,23:10
204000029,200,gyeonggi,공휴일,55,65,05:00,22:00,06:10,23:10
204000032,240,gyeonggi,평일,7,9,05:00,23:00,05:35,23:40
204000032,240,gyeonggi,토요일,10,10,05:00,23:00,05:35,23:40
204000032,240,gyeonggi,일요일,11,11,05:00,23:00,05:35,23:40
204000032,240,gyeonggi,공휴일,11,11,05:00,23:00,05:35,23:40
204000039,330,gyeonggi,평일,10,20,04:30,22:20,05:25,23:20
204000039,330,gyeonggi,토요일,13,23,04:30,22:20,05:25,23:20
204000039,330,gyeonggi,일요일,15,25,04:30,22:20,05:25,23:20
204000039,330,gyeonggi,공휴일,15,25,04:30,22:20,05:25,23:20
204000040,340,gyeonggi,평일,17,27,04:30,22:10,04:30,23:20
204000040,340,gyeonggi,토요일,27,37,04:30,22:10,04:30,23:20
204000040,340,gyeonggi,일요일,30,40,04:30,22:10,04:30,23:20
204000040,340,gyeonggi,공휴일,30,40,04:30,22:10,04:30,23:20
204000041,9004,gyeonggi,평일,9,20,05:00,23:20,05:30,00:00
204000041,9004,gyeonggi,토요일,12,25,05:00,23:20,05:30,00:00
204000041,9004,gyeonggi,일요일,15,30,05:00,23:20,05:30,00:00
204000041,9004,gyeonggi,공휴일,15,30,05:00,23:20,05:30,00:00
204000044,350,gyeonggi,평일,7,9,05:00,22:30,05:30,23:10
204000044,350,gyeonggi,토요일,12,12,05:00,22:30,05:30,23:10
204000044,350,gyeonggi,일요일,12,12,05:00,22:30,05:30,23:10
204000044,350,gyeonggi,공휴일,12,12,05:00,22:30,05:30,23:10
204000046,9003,gyeonggi,평일,2,25,05:00,23:10,05:40,00:00
204000046,9003,gyeonggi,토요일,20,30,05:00,23:10,05:40,00:00
204000046,9003,gyeonggi,일요일,30,40,05:00,23:10,05:40,00:00
204000046,9003,gyeonggi,공휴일,30,40,05:00,23:10,05:40,00:00
204000048,250,gyeonggi,평일,12,22,04:55,22:30,05:40,23:10
204000048,250,gyeonggi,토요일,14,24,04:55,22:30,05:40,23:10
204000048,250,gyeonggi,일요일,15,25,04:55,22:30,05:40,23:10
204000048,250,gyeonggi,공휴일,15,25,04:55,22:30,05:40,23:10
204000051,390,gyeonggi,평일,15,20,05:20,23:00,05:20,23:00
204000051,390,gyeonggi,토요일,30,40,05:20,23:00,05:20,23:00
204000051,390,gyeonggi,일요일,30,40,05:20,23:00,05:20,23:00
204000051,390,gyeonggi,공휴일,30,40,05:20,23:00,05:20,23:00
204000056,4500,gyeonggi,평일,30,40,04:40,22:30,06:00,23:45
204000056,4500,gyeonggi,토요일,40,50,04:40,22:30,06:00,23:45
204000056,4500,gyeonggi,일요일,40,50,04:40,22:30,06:00,23:45
204000056,4500,gyeonggi,공휴일,40,50,04:40,22:30,06:00,23:45
204000057,3330,gyeonggi,평일,5,15,04:50,23:30,05:00,23:30
204000057,3330,gyeonggi,토요일,10,20,04:50,23:30,05:00,23:30
204000057,3330,gyeonggi,일요일,10,20,04:50,23:30,05:00,23:30
204000057,3330,gyeonggi,공휴일,10,20,04:50,23:30,05:00,23:30
204000059,9507,gyeonggi,평일,19,33,04:40,22:30,05:55,23:45
204000059,9507,gyeonggi,토요일,30,45,04:40,22:30,05:55,23:45
204000059,9507,gyeonggi,일요일,33,52,04:40,22:30,05:55,23:45
204000059,9507,gyeonggi,공휴일,33,52,04:40,22:30,05:55,23:45
204000060,103,gyeonggi,평일,18,30,05:00,21:50,06:10,23:20
204000060,103,gyeonggi,토요일,25,40,05:00,21:50,06:10,23:20
204000060,103,gyeonggi,일요일,25,40,05:00,21:50,06:10,23:20
204000060,103,gyeonggi,공휴일,25,40,05:00,21:50,06:10,23:20
204000065,9607,gyeonggi,평일,25,38,04:50,22:20,06:05,23:30
204000065,9607,gyeonggi,토요일,35,50,04:50,22:20,06:05,23:30
204000065,9607,gyeonggi,일요일,45,60,04:50,22:20,06:05,23:30
204000065,9607,gyeonggi,공휴일,45,60,04:50,22:20,06:05,23:30
204000067,341,gyeonggi,평일,13,23,04:30,22:30,05:20,23:30
204000067,341,gyeonggi,토요일,18,28,04:30,22:30,05:20,23:30
204000067,341,gyeonggi,일요일,18,28,04:30,22:30,05:20,23:30
204000067,341,gyeonggi,공휴일,18,28,04:30,22:30,05:20,23:30
204000070,9007,gyeonggi,평일,5,20,05:00,22:50,06:00,23:50
204000070,9007,gyeonggi,토요일,20,30,05:00,22:50,06:00,23:50
204000070,9007,gyeonggi,일요일,20,30,05:00,22:50,06:00,23:50
204000070,9007,gyeonggi,공휴일,20,30,05:00,22:50,06:00,23:50
204000073,315,gyeonggi,평일,14,24,04:50,22:20,05:55,23:25
204000073,315,gyeonggi,토요일,20,30,04:50,22:20,05:55,23:25
204000073,315,gyeonggi,일요일,25,35,04:50,22:20,05:55,23:25
204000073,315,gyeonggi,공휴일,25,35,04:50,22:20,05:55,23:25
204000076,382,gyeonggi,평일,23,35,05:00,22:00,06:15,23:05
204000076,382,gyeonggi,토요일,40,50,05:00,22:00,06:15,23:05
204000076,382,gyeonggi,일요일,55,65,05:00,22:00,06:15,23:05
204000076,382,gyeonggi,공휴일,55,65,05:00,22:00,06:15,23:05
204000079,380,gyeonggi,평일,15,25,04:40,22:10,05:45,23:20
204000079,380,gyeonggi,토요일,20,30,04:40,22:10,05:45,23:20
204000079,380,gyeonggi,일요일,35,45,04:40,22:10,05:45,23:20
204000079,380,gyeonggi,공휴일,35,45,04:40,22:10,05:45,23:20
204000081,1151,gyeonggi,평일,1,10,05:20,23:00,06:20,00:00
204000081,1151,gyeonggi,토요일,8,10,05:20,23:00,06:20,00:00
204000081,1151,gyeonggi,일요일,8,12,05:20,23:00,06:20,00:00
204000081,1151,gyeonggi,공휴일,8,12,05:20,23:00,06:20,00:00
204000082,G8110,gyeonggi,평일,8,15,05:00,23:00,05:50,23:50
204000082,G8110,gyeonggi,토요일,15,20,05:00,23:00,05:50,23:50
204000082,G8110,gyeonggi,일요일,15,20,05:00,23:00,05:50,23:50
204000082,G8110,gyeonggi,공휴일,15,20,05:00,23:00,05:50,23:50
204000083,100출,gyeonggi,평일,,,03:10,03:10,04:00,04:00
204000083,100출,gyeonggi,토요일,,,03:10,03:10,04:00,04:00
204000083,100출,gyeonggi,일요일,,,00:00,00:00,,
204000084,331,gyeonggi,평일,18,28,04:50,22:20,05:50,23:20
204000084,331,gyeonggi,토요일,25,35,04:50,22:20,05:50,23:20
204000084,331,gyeonggi,일요일,25,35,04:50,22:20,05:50,23:20
204000084,331,gyeonggi,공휴일,25,35,04:50,22:20,05:50,23:20
204000131,370,gyeonggi,평일,25,35,05:00,22:30,05:30,23:05
204000131,370,gyeonggi,토요일,38,48,05:00,22:30,05:30,23:05
204000131,370,gyeonggi,일요일,50,60,05:00,22:30,05:30,23:05
204000131,370,gyeonggi,공휴일,50,60,05:00,22:30,05:30,23:05
204000139,231,gyeonggi,평일,18,28,04:50,22:20,06:00,23:25
204000139,231,gyeonggi,토요일,32,42,04:50,22:20,06:00,23:25
204000139,231,gyeonggi,일요일,32,42,04:50,22:20,06:00,23:25
204000139,231,gyeonggi,공휴일,32,42,04:50,22:20,06:00,23:25
204000141,9200,gyeonggi,평일,11,30,05:00,22:30,06:10,23:50
204000141,9200,gyeonggi,토요일,30,35,05:00,22:30,06:10,23:50
204000141,9200,gyeonggi,일요일,35,40,05:00,22:30,06:10,23:50
204000141,9200,gyeonggi,공휴일,35,40,05:00,22:30,06:10,23:50
204000145,누리1,gyeonggi,평일,17,27,05:30,22:30,06:15,23:20
204000145,누리1,gyeonggi,토요일,23,33,05:30,22:30,06:15,23:20
204000145,누리1,gyeonggi,일요일,23,33,05:30,22:30,06:15,23:20
204000145,누리1,gyeonggi,공휴일,23,33,05:30,22:30,06:15,23:20
204000146,누리2,gyeonggi,평일,16,26,06:30,22:15,05:00,23:25
204000146,누리2,gyeonggi,토요일,22,32,06:30,22:15,05:00,23:25
204000146,누리2,gyeonggi,일요일,22,32,06:30,22:15,05:00,23:25
204000146,누리2,gyeonggi,공휴일,22,32,06:30,22:15,05:00,23:25
204000147,누리3,gyeonggi,평일,17,27,05:00,22:00,06:00,23:00
204000147,누리3,gyeonggi,토요일,23,33,05:00,22:00,06:00,23:00
204000147,누리3,gyeonggi,일요일,23,33,05:00,22:00,06:00,23:00
204000147,누리3,gyeonggi,공휴일,23,33,05:00,22:00,06:00,23:00
204000149,반디1,gyeonggi,평일,,,01:40,03:40,02:40,04:40
204000150,반디1-1,gyeonggi,평일,,,23:00,01:00,00:10,02:10
204000151,720-1A,gyeonggi,평일,10,15,05:00,23:00,04:40,23:00
204000151,720-1A,gyeonggi,토요일,10,20,05:00,23:00,04:40,23:00
204000151,720-1A,gyeonggi,일요일,15,20,05:00,23:00,04:40,23:00
204000151,720-1A,gyeonggi,공휴일,15,20,05:00,23:00,04:40,23:00
204000152,반디2,gyeonggi,평일,,,23:20,04:00,00:20,05:00
204000153,9400,gyeonggi,평일,40,70,05:30,21:30,06:20,22:20
204000153,9400,gyeonggi,토요일,55,70,05:30,21:30,06:20,22:20
204000153,9400,gyeonggi,일요일,55,70,05:30,21:30,06:20,22:20
204000153,9400,gyeonggi,공휴일,55,70,05:30,21:30,06:20,22:20
204000155,누리4,gyeonggi,평일,18,30,05:00,22:00,06:00,23:10
204000155,누리4,gyeonggi,토요일,35,45,05:00,22:00,06:00,23:10
204000155,누리4,gyeonggi,일요일,45,55,05:00,22:00,06:00,23:10
204000155,누리4,gyeonggi,공휴일,45,55,05:00,22:00,06:00,23:10
204000156,9800,gyeonggi,평일,30,70,05:50,22:00,06:40,22:50
204000156,9800,gyeonggi,토요일,60,70,05:50,22:00,06:40,22:50
204000156,9800,gyeonggi,일요일,60,70,05:50,22:00,06:40,22:50
204000156,9800,gyeonggi,공휴일,60,70,05:50,22:00,06:40,22:50
204000159,342,gyeonggi,평일,15,30,05:00,22:00,06:00,23:00
204000159,342,gyeonggi,토요일,25,35,05:00,22:00,06:00,23:00
204000159,342,gyeonggi,일요일,30,40,05:00,22:00,06:00,23:00
204000159,342,gyeonggi,공휴일,30,40,05:00,22:00,06:00,23:00
204000163,310,gyeonggi,평일,10,20,05:00,22:30,06:00,23:30
204000163,310,gyeonggi,토요일,15,25,05:00,22:30,06:00,23:30
204000163,310,gyeonggi,일요일,15,25,05:00,22:30,06:00,23:30
204000163,310,gyeonggi,공휴일,15,25,05:00,22:30,06:00,23:30
204000170,3100,gyeonggi,평일,30,40,05:00,23:00,05:50,23:50
204000170,3100,gyeonggi,토요일,40,60,05:00,23:00,05:50,23:50
204000170,3100,gyeonggi,일요일,40,60,05:00,23:00,05:50,23:50
204000170,3100,gyeonggi,공휴일,40,60,05:00,23:00,05:50,23:50
204000171,53,gyeonggi,토요일,35,45,05:30,21:00,05:45,21:15
204000171,53,gyeonggi,일요일,35,45,05:30,21:00,05:45,21:15
204000171,53,gyeonggi,공휴일,35,45,05:30,21:00,05:45,21:15
204000172,4103,gyeonggi,평일,15,40,05:00,23:00,05:50,23:50
204000172,4103,gyeonggi,토요일,20,40,05:00,23:00,05:50,23:50
204000172,4103,gyeonggi,일요일,30,40,05:00,23:00,05:50,23:50
204000172,4103,gyeonggi,공휴일,30,40,05:00,23:00,05:50,23:50
204000173,811,gyeonggi,평일,15,25,06:00,23:00,06:30,23:30
204000173,811,gyeonggi,토요일,20,40,06:00,23:00,06:30,23:30
204000173,811,gyeonggi,일요일,20,40,06:00,23:00,06:30,23:30
204000173,811,gyeonggi,공휴일,20,40,06:00,23:00,06:30,23:30
204000174,810,gyeonggi,평일,15,25,05:00,23:00,05:30,23:30
204000174,810,gyeonggi,토요일,25,35,05:00,23:00,05:30,23:30
204000174,810,gyeonggi,일요일,25,35,05:00,23:00,05:30,23:30
204000174,810,gyeonggi,공휴일,25,35,05:00,23:00,05:30,23:30
204000178,반디3,gyeonggi,평일,,,23:00,05:00,23:40,05:40
204000179,반디4,gyeonggi,평일,,,23:20,04:00,00:20,05:00
204000180,210,gyeonggi,평일,15,25,05:00,22:00,05:30,22:30
204000180,210,gyeonggi,토요일,25,35,05:00,22:00,05:30,22:30
204000180,210,gyeonggi,일요일,30,40,05:00,22:00,05:30,22:30
204000180,210,gyeonggi,공휴일,30,40,05:00,22:00,05:30,22:30
204000181,375,gyeonggi,평일,12,25,05:00,22:50,06:00,23:50
204000181,375,gyeonggi,토요일,20,30,05:00,22:50,06:00,23:50
204000181,375,gyeonggi,일요일,20,30,05:00,22:50,06:00,23:50
204000181,375,gyeonggi,공휴일,20,30,05:00,22:50,06:00,23:50
204000182,351,gyeonggi,평일,15,25,05:00,22:30,06:05,23:40
204000182,351,gyeonggi,토요일,15,25,05:00,22:30,06:05,23:40
204000182,351,gyeonggi,일요일,15,25,05:00,22:30,06:05,23:40
204000182,351,gyeonggi,공휴일,15,25,05:00,22:30,06:05,23:40
204000183,S2,gyeonggi,평일,20,35,06:20,09:25,06:35,09:45
204000184,S1,gyeonggi,평일,15,20,06:40,09:00,07:20,09:30
204000185,395,gyeonggi,평일,10,20,05:00,23:10,05:40,23:50
204000185,395,gyeonggi,토요일,20,30,05:00,23:10,05:40,23:50
204000185,395,gyeonggi,일요일,20,30,05:00,23:10,05:40,23:50
204000185,395,gyeonggi,공휴일,20,30,05:00,23:10,05:40,23:50
204000189,G8110(예약),gyeonggi,평일,28,52,06:40,08:00,07:45,09:15
204000189,G8110(예약),gyeonggi,토요일,,,00:00,00:00,00:00,00:00
204000189,G8110(예약),gyeonggi,일요일,,,00:00,00:00,00:00,00:00
204000189,G8110(예약),gyeonggi,공휴일,,,00:00,00:00,00:00,00:00
204000190,M4102(예약),gyeonggi,평일,20,50,06:10,08:20,07:30,09:40
204000190,M4102(예약),gyeonggi,토요일,,,00:00,00:00,00:00,00:00
204000190,M4102(예약),gyeonggi,일요일,,,00:00,00:00,00:00,00:00
204000190,M4102(예약),gyeonggi,공휴일,,,00:00,00:00,00:00,00:00
204000191,9000(예약),gyeonggi,평일,37,37,06:37,07:14,08:10,09:00
204000191,9000(예약),gyeonggi,토요일,,,00:00,00:00,00:00,00:00
204000191,9000(예약),gyeonggi,일요일,,,00:00,00:00,00:00,00:00
204000191,9000(예약),gyeonggi,공휴일,,,00:00,00:00,00:00,00:00
204000192,311,gyeonggi,평일,20,30,05:00,22:40,06:10,23:50
204000192,311,gyeonggi,토요일,30,40,05:00,22:40,06:10,23:50
204000192,311,gyeonggi,일요일,30,40,05:00,22:40,06:10,23:50
204000192,311,gyeonggi,공휴일,30,40,05:00,22:40,06:10,23:50
204000194,332,gyeonggi,평일,10,20,04:50,22:00,05:40,22:50
204000194,332,gyeonggi,토요일,18,28,04:50,22:00,05:40,22:50
204000194,332,gyeonggi,일요일,18,28,04:50,22:00,05:40,22:50
204000194,332,gyeonggi,공휴일,18,28,04:50,22:00,05:40,22:50
204000195,241,gyeonggi,평일,15,35,05:00,22:30,05:50,23:20
204000195,241,gyeonggi,토요일,50,60,05:00,22:30,05:50,23:20
204000195,241,gyeonggi,일요일,50,60,05:00,22:30,05:50,23:20
204000195,241,gyeonggi,공휴일,50,60,05:00,22:30,05:50,23:20
205000002,333,gyeonggi,평일,10,25,04:50,23:20,05:00,23:20
205000002,333,gyeonggi,토요일,15,30,04:50,23:20,05:00,23:20
205000002,333,gyeonggi,일요일,15,30,04:50,23:20,05:00,23:20
205000002,333,gyeonggi,공휴일,15,30,04:50,23:20,05:00,23:20
205000003,3-1,gyeonggi,평일,7,20,04:50,23:00,04:30,23:00
205000003,3-1,gyeonggi,토요일,8,25,04:50,23:00,04:30,23:00
205000003,3-1,gyeonggi,일요일,10,30,04:50,23:00,04:30,23:00
205000003,3-1,gyeonggi,공휴일,10,30,04:50,23:00,04:30,23:00
206000003,300,gyeonggi,평일,5,20,04:50,23:30,04:50,23:30
206000003,300,gyeonggi,토요일,8,30,04:50,23:30,04:50,23:30
206000003,300,gyeonggi,일요일,10,30,04:50,23:30,04:50,23:30
206000003,300,gyeonggi,공휴일,10,30,04:50,23:30,04:50,23:30
206000007,102,gyeonggi,평일,8,12,05:00,23:10,05:45,23:55
206000007,102,gyeonggi,토요일,12,20,05:00,23:10,05:45,23:55
206000007,102,gyeonggi,일요일,12,20,05:00,23:10,05:45,23:55
206000007,102,gyeonggi,공휴일,12,20,05:00,23:10,05:45,23:55
207000002,72-1,gyeonggi,평일,15,25,04:45,23:20,05:35,00:10
207000002,72-1,gyeonggi,토요일,30,50,04:45,23:20,05:35,00:10
207000002,72-1,gyeonggi,일요일,30,50,04:45,23:20,05:35,00:10
207000002,72-1,gyeonggi,공휴일,30,50,04:45,23:20,05:35,00:10
207000003,1-9,gyeonggi,평일,8,15,05:00,22:50,05:40,23:30
207000003,1-9,gyeonggi,토요일,13,20,05:00,22:50,05:40,23:30
207000003,1-9,gyeonggi,일요일,13,20,05:00,22:50,05:40,23:30
207000003,1-9,gyeonggi,공휴일,13,20,05:00,22:50,05:40,23:30
207000004,10-1,gyeonggi,평일,10,15,05:30,23:30,06:05,00:00
207000004,10-1,gyeonggi,토요일,15,25,05:30,23:30,06:05,00:00
207000004,10-1,gyeonggi,일요일,15,25,05:30,23:30,06:05,00:00
207000004,10-1,gyeonggi,공휴일,15,25,05:30,23:30,06:05,00:00
207000009,1-1,gyeonggi,평일,10,15,04:10,22:50,05:40,00:05
207000009,1-1,gyeonggi,토요일,10,18,04:10,22:50,05:40,00:05
207000009,1-1,gyeonggi,일요일,15,20,04:10,22:50,05:40,00:05
207000009,1-1,gyeonggi,공휴일,15,20,04:10,22:50,05:40,00:05
207000019,3,gyeonggi,평일,25,30,05:00,23:00,05:50,23:50
207000019,3,gyeonggi,토요일,40,60,05:00,23:00,05:50,23:50
207000019,3,gyeonggi,일요일,40,60,05:00,23:00,05:50,23:50
207000019,3,gyeonggi,공휴일,40,60,05:00,23:00,05:50,23:50
207000021,7,gyeonggi,평일,6,12,04:25,22:50,05:30,23:50
207000021,7,gyeonggi,토요일,10,15,04:30,22:50,05:35,23:50
207000021,7,gyeonggi,일요일,10,15,04:30,22:50,05:35,23:50
207000021,7,gyeonggi,공휴일,10,15,04:30,22:50,05:35,23:50
207000025,11,gyeonggi,평일,20,30,04:10,21:30,05:10,22:30
207000025,11,gyeonggi,토요일,35,50,04:10,21:30,05:10,22:30
207000025,11,gyeonggi,일요일,35,50,04:10,21:30,05:10,22:30
207000025,11,gyeonggi,공휴일,35,50,04:10,21:30,05:10,22:30
207000026,133,gyeonggi,평일,20,35,05:00,22:30,06:35,23:50
207000026,133,gyeonggi,토요일,30,35,05:00,22:30,06:35,23:50
207000026,133,gyeonggi,일요일,35,40,05:00,22:30,06:35,23:50
207000026,133,gyeonggi,공휴일,35,40,05:00,22:30,06:35,23:50
207000027,36,gyeonggi,평일,20,50,04:00,00:50,05:45,02:30
207000027,36,gyeonggi,토요일,20,50,04:00,00:50,05:45,02:30
207000027,36,gyeonggi,일요일,30,60,04:00,00:50,05:45,02:30
207000027,36,gyeonggi,공휴일,30,60,04:00,00:50,05:45,02:30
207000033,23,gyeonggi,평일,17,25,05:20,22:50,06:20,23:50
207000033,23,gyeonggi,토요일,25,30,05:20,22:50,06:20,23:50
207000033,23,gyeonggi,일요일,30,35,05:20,22:50,06:20,23:50
207000033,23,gyeonggi,공휴일,30,35,05:20,22:50,06:20,23:50
207000034,5,gyeonggi,평일,15,20,04:40,22:40,05:30,23:30
207000034,5,gyeonggi,토요일,20,25,04:40,22:40,05:30,23:30
207000034,5,gyeonggi,일요일,20,25,04:40,22:40,05:30,23:30
207000034,5,gyeonggi,공휴일,20,25,04:40,22:40,05:30,23:30
207000035,8,gyeonggi,평일,9,12,04:50,00:00,05:20,00:30
207000035,8,gyeonggi,토요일,16,20,04:50,00:00,05:20,00:30
207000035,8,gyeonggi,일요일,18,20,04:50,00:00,05:20,00:30
207000035,8,gyeonggi,공휴일,18,20,04:50,00:00,05:20,00:30
207000052,1-5,gyeonggi,평일,40,60,05:00,21:30,05:30,22:00
207000052,1-5,gyeonggi,토요일,40,60,05:00,21:30,05:30,22:00
207000052,1-5,gyeonggi,일요일,90,140,05:00,21:30,05:30,22:00
207000052,1-5,gyeonggi,공휴일,90,140,05:00,21:30,05:30,22:00
207000053,31,gyeonggi,평일,8,17,05:30,23:00,06:20,23:45
207000053,31,gyeonggi,토요일,12,15,05:30,23:00,06:20,23:45
207000053,31,gyeonggi,일요일,15,23,05:30,23:00,06:20,23:45
207000053,31,gyeonggi,공휴일,15,23,05:30,23:00,06:20,23:45
207000068,25-1,gyeonggi,평일,20,40,04:50,22:50,06:25,00:10
207000068,25-1,gyeonggi,토요일,35,50,04:50,22:50,06:25,00:10
207000068,25-1,gyeonggi,일요일,35,50,04:50,22:50,06:25,00:10
207000068,25-1,gyeonggi,공휴일,35,50,04:50,22:50,06:25,00:10
207000070,3100,gyeonggi,평일,10,20,03:35,23:00,05:30,01:00
207000070,3100,gyeonggi,토요일,11,23,03:35,23:00,05:30,01:00
207000070,3100,gyeonggi,일요일,11,23,03:35,23:00,05:30,01:00
207000070,3100,gyeonggi,공휴일,11,23,03:35,23:00,05:30,01:00
207000080,78,gyeonggi,평일,25,35,05:20,22:30,06:20,23:30
207000080,78,gyeonggi,토요일,30,40,05:20,22:30,06:20,23:30
207000080,78,gyeonggi,일요일,30,40,05:20,22:30,06:20,23:30
207000080,78,gyeonggi,공휴일,30,40,05:20,22:30,06:20,23:30
207000085,10-2,gyeonggi,평일,10,20,05:10,23:00,06:00,23:30
207000085,10-2,gyeonggi,토요일,15,20,05:10,23:00,06:00,23:30
207000085,10-2,gyeonggi,일요일,15,20,05:10,23:00,06:00,23:30
207000085,10-2,gyeonggi,공휴일,15,20,05:10,23:00,06:00,23:30
207000093,10-3,gyeonggi,평일,20,630,06:27,19:33,00:00,00:00
207000097,12,gyeonggi,평일,20,60,05:00,23:00,05:30,23:30
207000097,12,gyeonggi,토요일,20,60,05:00,23:00,05:30,23:30
207000097,12,gyeonggi,일요일,20,60,05:00,23:00,05:30,23:30
207000097,12,gyeonggi,공휴일,20,60,05:00,23:00,05:30,23:30
207000098,1-7,gyeonggi,평일,17,20,05:20,22:30,06:20,23:30
207000098,1-7,gyeonggi,토요일,25,30,05:20,22:30,06:20,23:30
207000098,1-7,gyeonggi,일요일,30,35,05:20,22:30,06:20,23:30
207000098,1-7,gyeonggi,공휴일,30,35,05:20,22:30,06:20,23:30
207000099,G6000,gyeonggi,평일,5,30,05:00,23:00,06:05,00:05
207000099,G6000,gyeonggi,토요일,15,30,05:00,23:00,06:05,00:05
207000099,G6000,gyeonggi,일요일,20,35,05:00,23:00,06:05,00:05
207000099,G6000,gyeonggi,공휴일,20,35,05:00,23:00,06:05,00:05
207000100,56,gyeonggi,평일,20,40,05:00,22:50,05:55,23:45
207000100,56,gyeonggi,토요일,30,40,05:00,22:50,05:55,23:45
207000100,56,gyeonggi,일요일,30,40,05:00,22:50,05:55,23:45
207000100,56,gyeonggi,공휴일,30,40,05:00,22:50,05:55,23:45
207000101,1-8,gyeonggi,평일,10,20,05:20,23:20,06:00,00:00
207000101,1-8,gyeonggi,토요일,15,20,05:20,23:20,06:00,00:00
207000101,1-8,gyeonggi,일요일,15,25,05:20,23:20,06:00,00:00
207000101,1-8,gyeonggi,공휴일,15,25,05:20,23:20,06:00,00:00
207000102,G6100,gyeonggi,평일,10,40,05:00,23:00,06:00,00:00
207000102,G6100,gyeonggi,토요일,20,40,05:00,23:00,06:00,00:00
207000102,G6100,gyeonggi,일요일,20,40,05:00,23:00,06:00,00:00
207000102,G6100,gyeonggi,공휴일,20,40,05:00,23:00,06:00,00:00
207000103,360,gyeonggi,평일,20,30,05:05,22:30,06:05,23:30
207000103,360,gyeonggi,토요일,30,40,05:05,22:30,06:05,23:30
207000103,360,gyeonggi,일요일,35,50,05:05,22:30,06:05,23:30
207000103,360,gyeonggi,공휴일,35,50,05:05,22:30,06:05,23:30
207000104,1102,gyeonggi,평일,20,30,05:00,22:50,06:30,00:20
207000104,1102,gyeonggi,토요일,30,40,05:00,22:50,06:30,00:20
207000104,1102,gyeonggi,일요일,40,50,05:00,22:50,06:30,00:20
207000104,1102,gyeonggi,공휴일,40,50,05:00,22:50,06:30,00:20
207000105,G6000N,gyeonggi,평일,,,23:30,00:00,00:25,00:55
207000106,G6100N,gyeonggi,평일,,,23:30,00:00,00:30,01:00
207000107,57-1,gyeonggi,평일,20,30,05:50,23:00,06:35,23:45
207000107,57-1,gyeonggi,토요일,35,45,05:50,23:00,06:35,23:45
207000107,57-1,gyeonggi,일요일,35,45,05:50,23:00,06:35,23:45
207000107,57-1,gyeonggi,공휴일,35,45,05:50,23:00,06:35,23:45
207000109,1205,gyeonggi,평일,20,40,05:00,22:00,06:10,23:10
207000109,1205,gyeonggi,토요일,40,50,05:00,22:00,06:10,23:10
207000109,1205,gyeonggi,일요일,40,50,05:00,22:00,06:10,23:10
207000109,1205,gyeonggi,공휴일,40,50,05:00,22:00,06:10,23:10
207000110,106-1,gyeonggi,평일,15,30,04:00,21:00,04:35,21:35
207000110,106-1,gyeonggi,토요일,25,35,04:00,21:00,04:35,21:35
207000110,106-1,gyeonggi,일요일,25,35,04:00,21:00,04:35,21:35
207000110,106-1,gyeonggi,공휴일,25,35,04:00,21:00,04:35,21:35
207000114,학생02-B(등교),gyeonggi,평일,,,07:45,07:45,00:00,00:00
207000115,학생03-A(등교),gyeonggi,평일,,,07:40,07:40,00:00,00:00
207000116,학생03-B(등교),gyeonggi,평일,,,07:45,07:45,00:00,00:00
207000117,학생01-B(등교),gyeonggi,평일,,,07:45,07:45,00:00,00:00
207000118,학생02-A(등교),gyeonggi,평일,,,07:40,07:40,00:00,00:00
207000119,학생01-A(등교),gyeonggi,평일,,,07:40,07:40,00:00,00:00
207000120,의정부똑버스01,gyeonggi,평일,,,06:00,00:00,,
207000120,의정부똑버스01,gyeonggi,토요일,,,06:00,00:00,,
207000120,의정부똑버스01,gyeonggi,일요일,,,06:00,00:00,,
207000120,의정부똑버스01,gyeonggi,공휴일,,,06:00,00:00,,
207000122,의정부똑버스02,gyeonggi,평일,,,06:00,00:00,,
207000122,의정부똑버스02,gyeonggi,토요일,,,06:00,00:00,,
207000122,의정부똑버스02,gyeonggi,일요일,,,06:00,00:00,,
207000122,의정부똑버스02,gyeonggi,공휴일,,,06:00,00:00,,
207000123,G6100(예약),gyeonggi,평일,15,20,06:45,07:20,07:55,08:30
207000123,G6100(예약),gyeonggi,토요일,15,20,,,,
207000124,G6000(예약),gyeonggi,평일,40,,05:15,07:45,06:20,08:50
207000125,학생01-A(하교),gyeonggi,평일,,120,15:05,17:05,00:00,00:00
207000126,학생01-B(하교),gyeonggi,평일,,120,15:05,17:05,00:00,00:00
207000127,학생02-A(하교),gyeonggi,평일,,120,15:05,17:05,00:00,00:00
207000128,학생02-B(하교),gyeonggi,평일,,120,15:05,17:05,00:00,00:00
207000129,학생03-A(하교),gyeonggi,평일,,120,15:05,17:05,00:00,00:00
207000130,학생03-B(하교),gyeonggi,평일,,120,15:05,17:05,00:00,00:00
207000132,학생04,gyeonggi,평일,10,,07:55,08:05,00:00,00:00
207000133,학생05,gyeonggi,평일,10,,08:00,08:10,00:00,00:00
207000134,학생06,gyeonggi,평일,,45,16:20,17:00,00:00,00:00
207000135,1108,gyeonggi,평일,25,40,05:00,22:50,06:30,00:10
207000135,1108,gyeonggi,토요일,40,50,05:00,22:50,06:30,00:10
207000135,1108,gyeonggi,일요일,40,50,05:00,22:50,06:30,00:10
207000135,1108,gyeonggi,공휴일,40,50,05:00,22:50,06:30,00:10
208000001,15,gyeonggi,평일,6,7,05:00,23:20,04:40,23:50
208000001,15,gyeonggi,토요일,10,12,05:00,23:20,04:40,23:50
208000001,15,gyeonggi,일요일,11,14,05:00,23:20,04:40,23:50
208000001,15,gyeonggi,공휴일,11,14,05:00,23:20,04:40,23:50
208000002,15-2,gyeonggi,평일,6,9,05:55,23:20,05:10,22:30
208000002,15-2,gyeonggi,토요일,10,15,05:55,23:20,05:10,22:30
208000002,15-2,gyeonggi,일요일,11,16,05:55,23:20,05:10,22:30
208000002,15-2,gyeonggi,공휴일,11,16,05:55,23:20,05:10,22:30
208000004,11-2,gyeonggi,평일,11,11,04:30,23:00,05:10,23:50
208000004,11-2,gyeonggi,토요일,14,16,04:30,23:00,05:10,23:50
208000004,11-2,gyeonggi,일요일,16,18,04:30,23:00,05:10,23:50
208000004,11-2,gyeonggi,공휴일,16,18,04:30,23:00,05:10,23:50
208000005,11-5,gyeonggi,평일,11,11,04:30,23:00,05:25,23:55
208000005,11-5,gyeonggi,토요일,14,16,04:30,23:00,05:25,23:55
208000005,11-5,gyeonggi,일요일,14,16,04:30,23:00,05:25,23:55
208000005,11-5,gyeonggi,공휴일,14,16,04:30,23:00,05:25,23:55
208000006,11-3,gyeonggi,평일,7,10,04:55,22:30,05:50,23:30
208000006,11-3,gyeonggi,토요일,12,16,04:55,22:30,05:50,23:30
208000006,11-3,gyeonggi,일요일,14,19,04:55,22:30,05:50,23:30
208000006,11-3,gyeonggi,공휴일,14,19,04:55,22:30,05:50,23:30
208000007,1,gyeonggi,평일,16,25,05:10,22:40,05:50,23:40
208000007,1,gyeonggi,토요일,25,30,05:10,22:40,05:50,23:40
208000007,1,gyeonggi,일요일,30,35,05:10,22:40,05:50,23:40
208000007,1,gyeonggi,공휴일,30,35,05:10,22:40,05:50,23:40
208000008,3,gyeonggi,평일,8,11,04:40,22:50,05:50,23:50
208000008,3,gyeonggi,토요일,14,16,04:40,22:50,05:50,23:50
208000008,3,gyeonggi,일요일,15,17,04:40,22:50,05:50,23:50
208000008,3,gyeonggi,공휴일,15,17,04:40,22:50,05:50,23:50
208000009,81,gyeonggi,평일,14,15,05:30,22:40,06:05,23:10
208000009,81,gyeonggi,토요일,19,24,05:30,22:40,06:05,23:10
208000009,81,gyeonggi,일요일,23,24,05:30,22:40,06:05,23:10
208000009,81,gyeonggi,공휴일,23,24,05:30,22:40,06:05,23:10
208000010,8-1,gyeonggi,평일,6,6,05:00,22:50,05:45,23:35
208000010,8-1,gyeonggi,토요일,8,8,05:00,22:50,05:45,23:35
208000010,8-1,gyeonggi,일요일,8,8,05:00,22:50,05:45,23:35
208000010,8-1,gyeonggi,공휴일,8,8,05:00,22:50,05:45,23:35
208000011,8-2,gyeonggi,평일,21,26,05:00,22:50,05:40,23:30
208000011,8-2,gyeonggi,토요일,25,27,05:00,22:50,05:40,23:30
208000011,8-2,gyeonggi,일요일,30,35,05:00,22:50,05:40,23:30
208000011,8-2,gyeonggi,공휴일,30,35,05:00,22:50,05:40,23:30
208000012,88,gyeonggi,평일,5,5,04:55,23:00,05:30,23:30
208000012,88,gyeonggi,토요일,6,6,04:55,23:00,05:30,23:30
208000012,88,gyeonggi,일요일,6,6,04:55,23:00,05:30,23:30
208000012,88,gyeonggi,공휴일,6,6,04:55,23:00,05:30,23:30
208000013,6,gyeonggi,평일,12,12,05:00,22:20,05:40,23:00
208000013,6,gyeonggi,토요일,17,17,05:00,22:20,05:40,23:00
208000013,6,gyeonggi,일요일,17,17,05:00,22:20,05:40,23:00
208000013,6,gyeonggi,공휴일,17,17,05:00,22:20,05:40,23:00
208000014,20,gyeonggi,평일,16,33,05:00,22:00,06:25,23:20
208000014,20,gyeonggi,토요일,26,26,05:00,22:00,06:25,23:20
208000014,20,gyeonggi,일요일,30,30,05:00,22:00,06:25,23:20
208000014,20,gyeonggi,공휴일,30,30,05:00,22:00,06:25,23:20
208000015,5-2,gyeonggi,평일,14,20,05:00,22:40,05:55,23:30
208000015,5-2,gyeonggi,토요일,16,21,05:00,22:40,05:55,23:30
208000015,5-2,gyeonggi,일요일,18,24,05:00,22:40,05:55,23:30
208000015,5-2,gyeonggi,공휴일,18,24,05:00,22:40,05:55,23:30
208000016,5,gyeonggi,평일,22,22,04:35,22:30,06:00,23:50
208000016,5,gyeonggi,토요일,27,27,04:35,22:30,06:00,23:50
208000016,5,gyeonggi,일요일,30,30,04:35,22:30,06:00,23:50
208000016,5,gyeonggi,공휴일,30,30,04:35,22:30,06:00,23:50
208000017,51,gyeonggi,평일,7,8,04:35,22:30,05:25,23:20
208000017,51,gyeonggi,토요일,10,11,04:35,22:30,05:25,23:20
208000017,51,gyeonggi,일요일,12,13,04:35,22:30,05:25,23:20
208000017,51,gyeonggi,공휴일,12,13,04:35,22:30,05:25,23:20
208000018,60,gyeonggi,평일,12,19,04:45,23:00,05:35,23:50
208000018,60,gyeonggi,토요일,13,20,04:45,23:00,05:35,23:50
208000018,60,gyeonggi,일요일,14,21,04:45,23:00,05:35,23:50
208000018,60,gyeonggi,공휴일,14,21,04:45,23:00,05:35,23:50
208000019,9,gyeonggi,평일,12,12,04:42,22:50,04:42,22:50
208000019,9,gyeonggi,토요일,15,15,04:42,22:50,04:42,22:50
208000019,9,gyeonggi,일요일,15,15,04:42,22:50,04:42,22:50
208000019,9,gyeonggi,공휴일,15,15,04:42,22:50,04:42,22:50
208000020,9-3,gyeonggi,평일,9,9,04:42,23:00,04:42,23:00
208000020,9-3,gyeonggi,토요일,13,13,04:42,23:00,04:42,23:00
208000020,9-3,gyeonggi,일요일,14,14,04:42,23:00,04:42,23:00
208000020,9-3,gyeonggi,공휴일,14,14,04:42,23:00,04:42,23:00
208000021,1-2,gyeonggi,평일,12,12,05:00,22:40,05:50,23:30
208000021,1-2,gyeonggi,토요일,14,14,05:00,22:40,05:50,23:30
208000021,1-2,gyeonggi,일요일,15,15,05:00,22:40,05:50,23:30
208000021,1-2,gyeonggi,공휴일,15,15,05:00,22:40,05:50,23:30
208000024,1-1,gyeonggi,평일,17,17,04:40,22:30,05:40,23:20
208000024,1-1,gyeonggi,토요일,21,21,04:40,22:30,05:40,23:20
208000024,1-1,gyeonggi,일요일,24,24,04:40,22:30,05:40,23:20
208000024,1-1,gyeonggi,공휴일,24,24,04:40,22:30,05:40,23:20
208000025,10,gyeonggi,평일,7,10,05:00,23:00,05:40,23:30
208000025,10,gyeonggi,토요일,8,13,05:00,23:00,05:40,23:30
208000025,10,gyeonggi,일요일,12,15,05:00,23:00,05:40,23:30
208000025,10,gyeonggi,공휴일,12,15,05:00,23:00,05:40,23:30
208000026,917,gyeonggi,평일,20,25,04:20,22:20,05:30,23:50
208000026,917,gyeonggi,토요일,30,35,04:20,22:20,05:30,23:50
208000026,917,gyeonggi,일요일,30,35,04:20,22:20,05:30,23:50
208000026,917,gyeonggi,공휴일,30,35,04:20,22:20,05:30,23:50
208000027,3030,gyeonggi,평일,13,21,05:25,01:00,06:30,01:55
208000027,3030,gyeonggi,토요일,15,25,05:25,01:00,06:30,01:55
208000027,3030,gyeonggi,일요일,20,30,05:25,01:00,06:30,01:55
208000027,3030,gyeonggi,공휴일,20,30,05:25,01:00,06:30,01:55
208000028,8,gyeonggi,평일,10,10,05:00,22:40,05:50,23:30
208000028,8,gyeonggi,토요일,12,12,05:00,22:40,05:50,23:30
208000028,8,gyeonggi,일요일,13,13,05:00,22:40,05:50,23:30
208000028,8,gyeonggi,공휴일,13,13,05:00,22:40,05:50,23:30
208000029,22,gyeonggi,평일,14,14,05:00,23:00,05:50,23:50
208000029,22,gyeonggi,토요일,18,18,05:00,23:00,05:50,23:50
208000029,22,gyeonggi,일요일,20,20,05:00,23:00,05:50,23:50
208000029,22,gyeonggi,공휴일,20,20,05:00,23:00,05:50,23:50
208000030,52,gyeonggi,평일,30,36,05:00,22:40,06:05,23:50
208000030,52,gyeonggi,토요일,40,48,05:00,22:40,06:05,23:50
208000030,52,gyeonggi,일요일,40,48,05:00,22:40,06:05,23:50
208000030,52,gyeonggi,공휴일,40,48,05:00,22:40,06:05,23:50
208000032,87,gyeonggi,평일,15,18,05:00,23:00,05:45,23:45
208000032,87,gyeonggi,토요일,22,25,05:00,23:00,05:45,23:45
208000032,87,gyeonggi,일요일,22,25,05:00,23:00,05:45,23:45
208000032,87,gyeonggi,공휴일,22,25,05:00,23:00,05:45,23:45
208000033,15-1,gyeonggi,평일,10,20,06:00,23:00,06:10,23:10
208000033,15-1,gyeonggi,토요일,20,30,06:00,23:00,06:10,23:10
208000033,15-1,gyeonggi,일요일,20,30,06:00,23:00,06:10,23:10
208000033,15-1,gyeonggi,공휴일,20,30,06:00,23:00,06:10,23:10
208000035,52-1,gyeonggi,평일,60,60,05:00,22:40,05:50,23:15
208000035,52-1,gyeonggi,토요일,80,80,05:00,22:40,05:50,23:15
208000035,52-1,gyeonggi,일요일,80,80,05:00,22:40,05:50,23:15
208000035,52-1,gyeonggi,공휴일,80,80,05:00,22:40,05:50,23:15
208000036,1-5,gyeonggi,평일,50,70,04:50,22:40,05:50,23:40
208000036,1-5,gyeonggi,토요일,50,70,04:50,22:40,05:50,23:40
208000036,1-5,gyeonggi,일요일,70,90,04:50,22:40,05:50,23:40
208000036,1-5,gyeonggi,공휴일,70,90,04:50,22:40,05:50,23:40
208000038,83,gyeonggi,평일,40,60,06:40,23:00,05:20,21:50
208000038,83,gyeonggi,토요일,70,90,06:40,23:00,05:20,21:50
208000038,83,gyeonggi,일요일,70,90,06:40,23:00,05:20,21:50
208000038,83,gyeonggi,공휴일,70,90,06:40,23:00,05:20,21:50
208000039,60-1,gyeonggi,평일,70,70,04:45,22:40,05:30,23:15
208000039,60-1,gyeonggi,토요일,70,70,04:45,22:40,05:30,23:15
208000039,60-1,gyeonggi,일요일,70,70,04:45,22:40,05:30,23:15
208000039,60-1,gyeonggi,공휴일,70,70,04:45,22:40,05:30,23:15
208000041,80,gyeonggi,평일,14,22,06:10,23:20,05:00,22:00
208000041,80,gyeonggi,토요일,25,25,06:10,23:20,05:00,22:00
208000041,80,gyeonggi,일요일,30,30,06:10,23:20,05:00,22:00
208000041,80,gyeonggi,공휴일,30,30,06:10,23:20,05:00,22:00
208000063,M5333,gyeonggi,평일,15,30,05:00,22:30,05:55,23:30
208000063,M5333,gyeonggi,토요일,25,30,05:00,22:30,05:55,23:30
208000063,M5333,gyeonggi,일요일,30,40,05:00,22:30,05:55,23:30
208000063,M5333,gyeonggi,공휴일,30,40,05:00,22:30,05:55,23:30
208000064,91,gyeonggi,평일,14,20,04:45,23:15,05:35,00:05
208000064,91,gyeonggi,토요일,19,25,04:45,23:00,05:35,23:50
208000064,91,gyeonggi,일요일,19,25,04:45,23:00,05:35,23:50
208000064,91,gyeonggi,공휴일,19,25,04:45,23:00,05:35,23:50
208000065,55,gyeonggi,평일,13,22,05:20,22:50,05:50,23:10
208000065,55,gyeonggi,토요일,20,35,05:20,22:50,05:50,23:10
208000065,55,gyeonggi,일요일,20,35,05:20,22:50,05:50,23:10
208000065,55,gyeonggi,공휴일,20,35,05:20,22:50,05:50,23:10
208000066,G9633,gyeonggi,평일,10,15,05:20,23:00,06:00,23:50
208000066,G9633,gyeonggi,토요일,15,20,05:20,23:00,06:00,23:50
208000066,G9633,gyeonggi,일요일,15,20,05:20,23:00,06:00,23:50
208000066,G9633,gyeonggi,공휴일,15,20,05:20,23:00,06:00,23:50
208000067,33,gyeonggi,평일,16,25,05:00,22:40,05:45,23:25
208000067,33,gyeonggi,토요일,18,35,05:00,22:40,05:45,23:25
208000067,33,gyeonggi,일요일,22,37,05:00,22:40,05:45,23:25
208000067,33,gyeonggi,공휴일,22,37,05:00,22:40,05:45,23:25
208000068,M5556,gyeonggi,평일,20,40,04:50,23:30,05:40,00:10
208000068,M5556,gyeonggi,토요일,30,40,04:50,23:30,05:40,00:10
208000068,M5556,gyeonggi,일요일,30,40,04:50,23:30,05:40,00:10
208000068,M5556,gyeonggi,공휴일,30,40,04:50,23:30,05:40,00:10
208000071,AY01,gyeonggi,평일,,30,10:00,22:00,10:50,22:50
208000071,AY01,gyeonggi,토요일,,30,10:00,22:00,10:50,22:50
208000071,AY01,gyeonggi,일요일,,30,10:00,22:00,10:50,22:50
208000072,AY02,gyeonggi,평일,,80,00:00,01:20,00:00,01:20
208000072,AY02,gyeonggi,토요일,,80,00:00,01:20,00:00,01:20
208000072,AY02,gyeonggi,일요일,,80,00:00,01:20,00:00,01:20
208000072,AY02,gyeonggi,공휴일,,80,00:00,01:20,00:00,01:20
208000073,안양똑버스01,gyeonggi,평일,,,06:00,23:00,06:00,23:00
208000073,안양똑버스01,gyeonggi,토요일,,,06:00,23:00,06:00,23:00
208000073,안양똑버스01,gyeonggi,일요일,,,06:00,23:00,06:00,23:00
208000073,안양똑버스01,gyeonggi,공휴일,,,06:00,23:00,06:00,23:00
208000075,M5556(예약),gyeonggi,평일,20,40,06:50,07:20,07:56,07:56
208000075,M5556(예약),gyeonggi,토요일,30,40,,,,
208000075,M5556(예약),gyeonggi,일요일,30,40,,,,
208000075,M5556(예약),gyeonggi,공휴일,30,40,,,,
208000076,M5333(예약),gyeonggi,평일,35,35,07:00,07:35,08:15,09:10
210000001,50,gyeonggi,평일,5,15,04:50,22:45,04:50,00:00
210000001,50,gyeonggi,토요일,12,20,04:50,22:45,04:50,00:00
210000001,50,gyeonggi,일요일,12,20,04:50,22:45,04:50,00:00
210000001,50,gyeonggi,공휴일,12,20,04:50,22:45,04:50,00:00
210000002,12-1,gyeonggi,평일,6,15,04:50,23:30,04:50,23:30
210000002,12-1,gyeonggi,토요일,11,20,04:50,23:30,04:50,23:30
210000002,12-1,gyeonggi,일요일,11,20,04:50,23:30,04:50,23:30
210000002,12-1,gyeonggi,공휴일,11,20,04:50,23:30,04:50,23:30
210000004,55,gyeonggi,평일,7,12,05:00,23:45,05:15,00:00
210000004,55,gyeonggi,토요일,10,14,05:00,23:45,05:15,00:00
210000004,55,gyeonggi,일요일,10,14,05:00,23:45,05:15,00:00
210000004,55,gyeonggi,공휴일,10,14,05:00,23:45,05:15,00:00
210000005,55-1,gyeonggi,평일,6,14,05:00,23:48,05:12,00:00
210000005,55-1,gyeonggi,토요일,9,14,05:00,23:48,05:12,00:00
210000005,55-1,gyeonggi,일요일,9,14,05:00,23:48,05:12,00:00
210000005,55-1,gyeonggi,공휴일,9,14,05:00,23:48,05:12,00:00
210000006,53,gyeonggi,평일,10,20,04:20,23:00,05:00,00:10
210000006,53,gyeonggi,토요일,12,20,04:20,23:00,05:00,00:10
210000006,53,gyeonggi,일요일,12,20,04:20,23:00,05:00,00:10
210000006,53,gyeonggi,공휴일,12,20,04:20,23:00,05:00,00:10
210000007,56,gyeonggi,평일,10,20,04:00,23:30,04:40,00:10
210000007,56,gyeonggi,토요일,13,23,04:00,23:30,04:40,00:10
210000007,56,gyeonggi,일요일,13,23,04:00,23:30,04:40,00:10
210000007,56,gyeonggi,공휴일,13,23,04:00,23:30,04:40,00:10
210000009,52,gyeonggi,평일,9,12,05:20,23:30,05:40,00:00
210000009,52,gyeonggi,토요일,15,19,05:20,23:30,05:40,00:00
210000009,52,gyeonggi,일요일,15,19,05:20,23:30,05:40,00:00
210000009,52,gyeonggi,공휴일,15,19,05:20,23:30,05:40,00:00
210000012,70-2,gyeonggi,평일,6,13,04:10,23:15,05:10,00:25
210000012,70-2,gyeonggi,토요일,9,15,04:10,23:15,05:10,00:25
210000012,70-2,gyeonggi,일요일,9,15,04:10,23:15,05:10,00:25
210000012,70-2,gyeonggi,공휴일,9,15,04:10,23:15,05:10,00:25
210000013,3,gyeonggi,평일,15,30,04:20,23:20,05:25,00:00
210000013,3,gyeonggi,토요일,20,35,04:20,23:20,05:25,00:00
210000013,3,gyeonggi,일요일,20,35,04:20,23:20,05:25,00:00
210000013,3,gyeonggi,공휴일,20,35,04:20,23:20,05:25,00:00
210000014,5,gyeonggi,평일,7,18,04:40,23:10,05:00,00:05
210000014,5,gyeonggi,토요일,10,18,04:40,23:10,05:00,00:05
210000014,5,gyeonggi,일요일,10,18,04:40,23:10,05:00,00:05
210000014,5,gyeonggi,공휴일,10,18,04:40,23:10,05:00,00:05
210000016,5-3,gyeonggi,평일,25,45,05:20,23:50,05:45,00:15
210000016,5-3,gyeonggi,토요일,25,45,05:20,23:50,05:45,00:15
210000016,5-3,gyeonggi,일요일,25,45,05:20,23:50,05:45,00:15
210000016,5-3,gyeonggi,공휴일,25,45,05:20,23:50,05:45,00:15
210000017,5-4,gyeonggi,평일,25,40,05:20,23:20,05:45,00:00
210000017,5-4,gyeonggi,토요일,25,40,05:20,23:20,05:45,00:00
210000017,5-4,gyeonggi,일요일,25,40,05:20,23:20,05:45,00:00
210000017,5-4,gyeonggi,공휴일,25,40,05:20,23:20,05:45,00:00
210000019,6,gyeonggi,평일,11,20,05:00,23:30,05:25,23:55
210000019,6,gyeonggi,토요일,15,25,05:00,23:30,05:25,23:55
210000019,6,gyeonggi,일요일,15,25,05:00,23:30,05:25,23:55
210000019,6,gyeonggi,공휴일,15,25,05:00,23:30,05:25,23:55
210000024,8,gyeonggi,평일,20,30,05:10,23:10,04:50,23:05
210000024,8,gyeonggi,토요일,25,35,05:10,23:10,04:50,23:05
210000024,8,gyeonggi,일요일,25,35,05:10,23:10,04:50,23:05
210000024,8,gyeonggi,공휴일,25,35,05:10,23:10,04:50,23:05
210000027,12,gyeonggi,평일,60,90,04:30,22:20,05:50,23:40
210000027,12,gyeonggi,토요일,90,120,04:30,22:20,05:50,23:40
210000027,12,gyeonggi,일요일,90,120,04:30,22:20,05:50,23:40
210000027,12,gyeonggi,공휴일,90,120,04:30,22:20,05:50,23:40
210000033,23-2,gyeonggi,평일,9,14,04:50,22:55,05:45,23:50
210000033,23-2,gyeonggi,토요일,10,16,04:50,22:55,05:45,23:50
210000033,23-2,gyeonggi,일요일,10,16,04:50,22:55,05:45,23:50
210000033,23-2,gyeonggi,공휴일,10,16,04:50,22:55,05:45,23:50
210000034,70,gyeonggi,평일,17,27,04:50,22:50,05:20,00:05
210000034,70,gyeonggi,토요일,25,35,04:50,22:50,05:20,00:05
210000034,70,gyeonggi,일요일,25,35,04:50,22:50,05:20,00:05
210000034,70,gyeonggi,공휴일,25,35,04:50,22:50,05:20,00:05
210000036,70-3,gyeonggi,평일,10,20,04:20,22:50,05:40,00:10
210000036,70-3,gyeonggi,토요일,14,25,04:20,22:50,05:40,00:10
210000036,70-3,gyeonggi,일요일,14,25,04:20,22:50,05:40,00:10
210000036,70-3,gyeonggi,공휴일,14,25,04:20,22:50,05:40,00:10
210000037,71,gyeonggi,평일,14,22,04:50,23:00,05:50,23:50
210000037,71,gyeonggi,토요일,17,25,04:50,23:00,05:50,23:50
210000037,71,gyeonggi,일요일,17,25,04:50,23:00,05:50,23:50
210000037,71,gyeonggi,공휴일,17,25,04:50,23:00,05:50,23:50
210000038,75,gyeonggi,평일,15,20,03:45,22:20,05:30,00:00
210000038,75,gyeonggi,토요일,20,22,03:45,22:20,05:30,00:00
210000038,75,gyeonggi,일요일,20,22,03:45,22:20,05:30,00:00
210000038,75,gyeonggi,공휴일,20,22,03:45,22:20,05:30,00:00
210000039,700,gyeonggi,평일,15,25,05:10,01:20,06:10,02:20
210000039,700,gyeonggi,토요일,20,35,05:10,01:20,06:10,02:20
210000039,700,gyeonggi,일요일,20,35,05:10,01:20,06:10,02:20
210000039,700,gyeonggi,공휴일,20,35,05:10,01:20,06:10,02:20
210000040,57,gyeonggi,평일,9,20,05:00,23:30,05:30,00:00
210000040,57,gyeonggi,토요일,15,25,05:00,23:30,05:30,00:00
210000040,57,gyeonggi,일요일,15,25,05:00,23:30,05:30,00:00
210000040,57,gyeonggi,공휴일,15,25,05:00,23:30,05:30,00:00
210000042,59,gyeonggi,평일,15,25,05:10,22:40,05:25,23:30
210000042,59,gyeonggi,토요일,20,25,05:10,22:40,05:25,23:30
210000042,59,gyeonggi,일요일,20,25,05:10,22:40,05:25,23:30
210000042,59,gyeonggi,공휴일,20,25,05:10,22:40,05:25,23:30
210000043,60,gyeonggi,평일,10,20,05:00,23:00,05:00,23:00
210000043,60,gyeonggi,토요일,13,20,05:00,23:00,05:00,23:00
210000043,60,gyeonggi,일요일,13,20,05:00,23:00,05:00,23:00
210000043,60,gyeonggi,공휴일,13,20,05:00,23:00,05:00,23:00
210000046,6-2,gyeonggi,평일,11,20,05:05,23:30,05:10,23:35
210000046,6-2,gyeonggi,토요일,15,25,05:05,23:30,05:10,23:35
210000046,6-2,gyeonggi,일요일,15,25,05:05,23:30,05:10,23:35
210000046,6-2,gyeonggi,공휴일,15,25,05:05,23:30,05:10,23:35
210000049,56-1,gyeonggi,평일,9,20,05:00,23:45,05:00,23:45
210000049,56-1,gyeonggi,토요일,15,25,05:00,23:45,05:00,23:45
210000049,56-1,gyeonggi,일요일,15,25,05:00,23:45,05:00,23:45
210000049,56-1,gyeonggi,공휴일,15,25,05:00,23:45,05:00,23:45
210000052,57-1,gyeonggi,평일,12,25,05:00,23:35,05:00,23:35
210000052,57-1,gyeonggi,토요일,16,25,05:00,23:35,05:00,23:35
210000052,57-1,gyeonggi,일요일,16,25,05:00,23:35,05:00,23:35
210000052,57-1,gyeonggi,공휴일,16,25,05:00,23:35,05:00,23:35
210000057,60-1,gyeonggi,평일,9,15,05:00,23:10,05:40,23:30
210000057,60-1,gyeonggi,토요일,15,25,05:00,23:10,05:40,23:30
210000057,60-1,gyeonggi,일요일,15,25,05:00,23:10,05:40,23:30
210000057,60-1,gyeonggi,공휴일,15,25,05:00,23:10,05:40,23:30
210000060,23,gyeonggi,평일,9,17,04:40,22:50,04:50,23:45
210000060,23,gyeonggi,토요일,11,20,04:40,22:50,04:50,23:45
210000060,23,gyeonggi,일요일,12,22,04:40,22:50,04:50,23:45
210000060,23,gyeonggi,공휴일,12,22,04:40,22:50,04:50,23:45
210000061,66,gyeonggi,평일,12,16,05:10,23:30,05:40,23:40
210000061,66,gyeonggi,토요일,19,24,05:10,23:30,05:40,23:40
210000061,66,gyeonggi,일요일,19,24,05:10,23:30,05:40,23:40
210000061,66,gyeonggi,공휴일,19,24,05:10,23:30,05:40,23:40
210000062,20,gyeonggi,평일,14,17,05:10,22:50,05:15,23:40
210000062,20,gyeonggi,토요일,20,25,05:10,22:50,05:15,23:40
210000062,20,gyeonggi,일요일,20,25,05:10,22:50,05:15,23:40
210000062,20,gyeonggi,공휴일,20,25,05:10,22:50,05:15,23:40
210000063,27,gyeonggi,평일,10,18,05:10,23:20,05:40,23:45
210000063,27,gyeonggi,토요일,17,24,05:10,23:20,05:40,23:45
210000063,27,gyeonggi,일요일,17,24,05:10,23:20,05:40,23:45
210000063,27,gyeonggi,공휴일,17,24,05:10,23:20,05:40,23:45
210000064,19,gyeonggi,평일,8,15,05:00,22:25,05:00,23:30
210000064,19,gyeonggi,토요일,16,20,05:00,22:25,05:00,23:30
210000064,19,gyeonggi,일요일,16,20,05:00,22:25,05:00,23:30
210000064,19,gyeonggi,공휴일,16,20,05:00,22:25,05:00,23:30
210000069,59-1,gyeonggi,평일,15,25,05:05,22:35,05:20,23:25
210000069,59-1,gyeonggi,토요일,20,25,05:05,22:35,05:20,23:25
210000069,59-1,gyeonggi,일요일,20,25,05:05,22:35,05:20,23:25
210000069,59-1,gyeonggi,공휴일,20,25,05:05,22:35,05:20,23:25
210000072,58-1,gyeonggi,평일,12,15,05:00,23:10,05:30,23:40
210000072,58-1,gyeonggi,토요일,15,20,05:00,23:10,05:30,23:40
210000072,58-1,gyeonggi,일요일,15,20,05:00,23:10,05:30,23:40
210000072,58-1,gyeonggi,공휴일,15,20,05:00,23:10,05:30,23:40
210000073,25,gyeonggi,평일,20,30,05:00,22:30,05:35,23:05
210000073,25,gyeonggi,토요일,25,35,05:00,22:30,05:35,23:05
210000073,25,gyeonggi,일요일,25,35,05:00,22:30,05:35,23:05
210000073,25,gyeonggi,공휴일,25,35,05:00,22:30,05:35,23:05
210000075,98,gyeonggi,평일,8,15,04:50,22:30,05:45,23:25
210000075,98,gyeonggi,토요일,12,15,04:50,22:30,05:45,23:25
210000075,98,gyeonggi,일요일,12,15,04:50,22:30,05:45,23:25
210000075,98,gyeonggi,공휴일,12,15,04:50,22:30,05:45,23:25
210000093,77,gyeonggi,평일,25,30,05:00,23:00,05:30,23:30
210000093,77,gyeonggi,토요일,25,30,05:00,23:00,05:30,23:30
210000093,77,gyeonggi,일요일,25,30,05:00,23:00,05:30,23:30
210000093,77,gyeonggi,공휴일,25,30,05:00,23:00,05:30,23:30
210000103,56-2,gyeonggi,평일,30,40,06:20,20:50,06:20,20:20
210000105,33,gyeonggi,평일,20,25,05:30,00:00,05:30,00:00
210000105,33,gyeonggi,토요일,27,32,05:30,00:00,05:30,00:00
210000105,33,gyeonggi,일요일,27,32,05:30,00:00,05:30,00:00
210000105,33,gyeonggi,공휴일,27,32,05:30,00:00,05:30,00:00
210000106,58-2,gyeonggi,평일,20,30,05:40,22:50,06:00,23:10
210000106,58-2,gyeonggi,토요일,20,30,05:40,22:50,06:00,23:10
210000106,58-2,gyeonggi,일요일,20,30,05:40,22:50,06:00,23:10
210000106,58-2,gyeonggi,공휴일,20,30,05:40,22:50,06:00,23:10
210000108,G8808,gyeonggi,평일,30,30,05:10,21:40,06:33,23:00
210000108,G8808,gyeonggi,토요일,30,30,05:10,21:40,06:33,23:00
210000108,G8808,gyeonggi,일요일,40,50,05:10,21:40,06:33,23:00
210000108,G8808,gyeonggi,공휴일,40,50,05:10,21:40,06:33,23:00
210000109,99,gyeonggi,평일,25,30,05:10,22:00,05:10,22:25
210000109,99,gyeonggi,토요일,25,30,05:10,22:00,05:10,22:25
210000109,99,gyeonggi,일요일,40,45,05:10,22:00,05:10,22:25
210000109,99,gyeonggi,공휴일,40,45,05:10,22:00,05:10,22:25
210000114,부천똑버스02,gyeonggi,평일,4,4,06:00,22:30,06:00,22:30
210000114,부천똑버스02,gyeonggi,토요일,4,4,06:00,22:30,06:00,22:30
210000114,부천똑버스02,gyeonggi,일요일,4,4,06:00,22:30,06:00,22:30
210000115,부천똑버스01,gyeonggi,평일,,,06:00,22:30,06:00,22:30
210000115,부천똑버스01,gyeonggi,토요일,,,06:00,22:30,06:00,22:30
210000115,부천똑버스01,gyeonggi,일요일,,,06:00,22:30,06:00,22:30
210000115,부천똑버스01,gyeonggi,공휴일,,,06:00,22:30,06:00,22:30
210000116,10A,gyeonggi,평일,10,20,05:30,23:00,05:55,23:25
210000116,10A,gyeonggi,토요일,10,25,05:30,23:00,05:55,23:25
210000116,10A,gyeonggi,일요일,10,25,05:30,23:00,05:55,23:25
210000116,10A,gyeonggi,공휴일,10,30,05:30,23:00,05:55,23:25
210000117,P9501(출근),gyeonggi,평일,30,,06:30,07:00,18:30,19:00
210000118,P9501(퇴근),gyeonggi,평일,30,,18:30,19:00,,
212000001,88,gyeonggi,평일,4,9,03:50,23:00,04:35,00:45
212000001,88,gyeonggi,토요일,5,10,03:50,23:00,04:35,00:45
212000001,88,gyeonggi,일요일,5,10,03:50,23:00,04:35,00:45
212000001,88,gyeonggi,공휴일,5,12,03:50,23:00,04:35,00:45
212000002,83,gyeonggi,평일,8,15,04:10,00:00,05:25,01:20
212000002,83,gyeonggi,토요일,8,20,04:10,00:00,05:25,01:20
212000002,83,gyeonggi,일요일,8,20,04:10,00:00,05:25,01:20
212000002,83,gyeonggi,공휴일,8,20,04:10,00:00,05:25,01:20
212000003,10,gyeonggi,평일,5,12,04:30,23:15,05:10,23:55
212000003,10,gyeonggi,토요일,6,15,04:30,23:15,05:10,23:55
212000003,10,gyeonggi,일요일,6,15,04:30,23:15,05:10,23:55
212000003,10,gyeonggi,공휴일,6,15,04:30,23:15,05:10,23:55
212000005,95,gyeonggi,평일,10,14,04:40,22:50,05:25,23:35
212000005,95,gyeonggi,토요일,16,20,04:40,22:50,05:25,23:35
212000005,95,gyeonggi,일요일,16,20,04:40,22:50,05:25,23:35
212000005,95,gyeonggi,공휴일,16,20,04:40,22:50,05:25,23:35
212000006,16,gyeonggi,평일,10,20,04:25,23:40,05:00,00:20
212000006,16,gyeonggi,토요일,10,20,04:25,23:40,05:00,00:20
212000006,16,gyeonggi,일요일,15,25,04:25,23:40,05:00,00:20
212000006,16,gyeonggi,공휴일,15,25,04:25,23:40,05:00,00:20
213000002,21,gyeonggi,평일,14,19,05:05,23:25,05:30,00:00
213000002,21,gyeonggi,토요일,15,20,05:05,23:25,05:30,00:00
213000002,21,gyeonggi,일요일,18,25,05:05,23:25,05:30,00:00
213000002,21,gyeonggi,공휴일,18,25,05:05,23:25,05:30,00:00
213000003,27,gyeonggi,평일,6,9,05:20,23:30,05:50,00:00
213000003,27,gyeonggi,토요일,7,10,05:20,23:30,05:50,00:00
213000003,27,gyeonggi,일요일,8,11,05:20,23:30,05:50,00:00
213000003,27,gyeonggi,공휴일,8,11,05:20,23:30,05:50,00:00
213000004,12,gyeonggi,평일,6,9,05:00,23:30,05:10,00:30
213000004,12,gyeonggi,토요일,7,11,05:00,23:30,05:10,00:30
213000004,12,gyeonggi,일요일,8,12,05:00,23:30,05:10,00:30
213000004,12,gyeonggi,공휴일,8,12,05:00,23:30,05:10,00:30
213000005,17,gyeonggi,평일,6,10,05:05,23:10,05:45,00:00
213000005,17,gyeonggi,토요일,8,12,05:05,23:10,05:45,00:00
213000005,17,gyeonggi,일요일,9,12,05:05,23:10,05:45,00:00
213000005,17,gyeonggi,공휴일,9,12,05:05,23:10,05:45,00:00
213000006,1,gyeonggi,평일,9,13,05:00,22:30,05:10,00:05
213000006,1,gyeonggi,토요일,10,15,05:00,22:30,05:10,00:05
213000006,1,gyeonggi,일요일,15,20,05:00,22:30,05:10,00:05
213000006,1,gyeonggi,공휴일,15,20,05:00,22:30,05:10,00:05
213000007,11-1,gyeonggi,평일,6,8,05:00,23:30,05:30,00:00
213000007,11-1,gyeonggi,토요일,9,12,05:00,23:30,05:30,00:00
213000007,11-1,gyeonggi,일요일,10,15,05:00,23:30,05:30,00:00
213000007,11-1,gyeonggi,공휴일,10,15,05:00,23:30,05:30,00:00
213000008,11,gyeonggi,평일,30,35,05:00,23:10,05:20,23:30
213000008,11,gyeonggi,토요일,45,55,05:00,23:10,05:20,23:30
213000008,11,gyeonggi,일요일,45,55,05:00,23:10,05:20,23:30
213000008,11,gyeonggi,공휴일,45,55,05:00,23:10,05:20,23:30
213000009,39,gyeonggi,평일,15,20,04:55,22:50,05:50,23:50
213000009,39,gyeonggi,토요일,18,23,04:55,22:50,05:50,23:50
213000009,39,gyeonggi,일요일,23,25,04:55,22:50,05:50,23:50
213000009,39,gyeonggi,공휴일,23,25,04:55,22:50,05:50,23:50
213000010,22,gyeonggi,평일,9,14,05:10,23:15,05:05,00:00
213000010,22,gyeonggi,토요일,10,15,05:10,23:15,05:05,00:00
213000010,22,gyeonggi,일요일,13,18,05:10,23:15,05:05,00:00
213000010,22,gyeonggi,공휴일,13,18,05:10,23:15,05:05,00:00
213000011,11-2,gyeonggi,평일,8,13,05:00,23:10,05:50,00:00
213000011,11-2,gyeonggi,토요일,10,15,05:00,23:10,05:50,00:00
213000011,11-2,gyeonggi,일요일,13,18,05:00,23:10,05:50,00:00
213000011,11-2,gyeonggi,공휴일,13,18,05:00,23:10,05:50,00:00
213000015,3001,gyeonggi,평일,15,25,05:30,23:20,05:30,23:20
213000015,3001,gyeonggi,토요일,20,30,05:30,23:20,05:30,23:20
213000015,3001,gyeonggi,일요일,25,35,05:30,23:20,05:30,23:20
213000015,3001,gyeonggi,공휴일,25,35,05:30,23:20,05:30,23:20
213000016,101,gyeonggi,평일,7,10,05:10,23:20,05:45,00:00
213000016,101,gyeonggi,토요일,8,11,05:10,23:20,05:45,00:00
213000016,101,gyeonggi,일요일,9,12,05:10,23:20,05:45,00:00
213000016,101,gyeonggi,공휴일,9,12,05:10,23:20,05:45,00:00
213000017,2,gyeonggi,평일,8,12,05:00,22:55,06:15,00:00
213000017,2,gyeonggi,토요일,12,16,05:00,22:55,06:15,00:00
213000017,2,gyeonggi,일요일,16,20,05:00,22:55,06:15,00:00
213000017,2,gyeonggi,공휴일,16,20,05:00,22:55,06:15,00:00
213000019,3002,gyeonggi,평일,25,35,05:20,23:20,05:30,23:20
213000019,3002,gyeonggi,토요일,30,40,05:20,23:20,05:30,23:20
213000019,3002,gyeonggi,일요일,35,45,05:20,23:20,05:30,23:20
213000019,3002,gyeonggi,공휴일,35,45,05:20,23:20,05:30,23:20
213000024,8507,gyeonggi,평일,10,12,05:00,23:30,05:30,00:00
213000024,8507,gyeonggi,토요일,11,14,05:00,23:30,05:30,00:00
213000024,8507,gyeonggi,일요일,12,14,05:00,23:30,05:30,00:00
213000024,8507,gyeonggi,공휴일,12,14,05:00,23:30,05:30,00:00
213000026,77,gyeonggi,평일,20,30,05:30,22:30,06:30,23:30
213000026,77,gyeonggi,토요일,20,30,05:30,22:30,06:30,23:30
213000026,77,gyeonggi,일요일,20,30,05:30,22:30,06:30,23:30
213000026,77,gyeonggi,공휴일,20,30,05:30,22:30,06:30,23:30
213000027,102,gyeonggi,평일,20,25,04:55,22:30,06:40,00:00
213000027,102,gyeonggi,토요일,25,35,04:55,22:30,06:40,00:00
213000027,102,gyeonggi,일요일,30,40,04:55,22:30,06:40,00:00
213000027,102,gyeonggi,공휴일,30,40,04:55,22:30,06:40,00:00
213000029,200,gyeonggi,평일,20,30,05:00,23:00,05:50,23:50
213000029,200,gyeonggi,토요일,20,30,05:00,23:00,05:50,23:50
213000029,200,gyeonggi,일요일,30,40,05:00,23:00,05:50,23:50
213000029,200,gyeonggi,공휴일,30,40,05:00,23:00,05:50,23:50
214000001,1502,gyeonggi,평일,13,13,04:50,22:15,05:50,23:30
214000001,1502,gyeonggi,토요일,14,16,04:50,22:15,05:50,23:30
214000001,1502,gyeonggi,일요일,15,18,04:50,22:15,05:50,23:30
214000001,1502,gyeonggi,공휴일,15,18,04:50,22:15,05:50,23:30
214000005,1215,gyeonggi,평일,20,22,05:00,22:15,05:40,23:05
214000005,1215,gyeonggi,토요일,20,22,05:00,22:15,05:40,23:05
214000005,1215,gyeonggi,일요일,20,22,05:00,22:15,05:40,23:05
214000005,1215,gyeonggi,공휴일,20,22,05:00,22:15,05:40,23:05
214000006,1522,gyeonggi,평일,10,15,04:45,22:00,05:55,23:30
214000006,1522,gyeonggi,토요일,16,16,04:45,22:00,05:55,23:30
214000006,1522,gyeonggi,일요일,18,18,04:45,22:00,05:55,23:30
214000006,1522,gyeonggi,공휴일,18,18,04:45,22:00,05:55,23:30
214000014,1311,gyeonggi,평일,15,20,05:00,22:20,06:00,23:10
214000014,1311,gyeonggi,토요일,15,25,05:00,22:20,06:00,23:10
214000014,1311,gyeonggi,일요일,20,22,05:00,22:20,06:00,23:10
214000014,1311,gyeonggi,공휴일,20,22,05:00,22:20,06:00,23:10
214000018,1220,gyeonggi,평일,10,15,04:50,23:00,05:35,23:45
214000018,1220,gyeonggi,토요일,10,15,04:50,23:00,05:35,23:45
214000018,1220,gyeonggi,일요일,10,15,04:50,23:00,05:35,23:45
214000018,1220,gyeonggi,공휴일,10,15,04:50,23:00,05:35,23:45
214000019,1371,gyeonggi,평일,,20,05:20,22:10,05:40,22:38
214000019,1371,gyeonggi,토요일,,20,05:20,22:10,05:40,22:38
214000019,1371,gyeonggi,일요일,,20,05:20,22:10,05:40,22:38
214000019,1371,gyeonggi,공휴일,,20,05:20,22:10,05:40,22:38
214000020,1372,gyeonggi,평일,20,25,05:40,22:30,05:40,23:30
214000020,1372,gyeonggi,토요일,20,25,05:40,22:30,05:40,23:30
214000020,1372,gyeonggi,일요일,20,25,05:40,22:30,05:40,23:30
214000020,1372,gyeonggi,공휴일,20,25,05:40,22:30,05:40,23:30
214000021,1108,gyeonggi,평일,15,20,05:00,22:30,06:10,23:00
214000021,1108,gyeonggi,토요일,15,20,05:00,22:30,06:10,23:00
214000021,1108,gyeonggi,일요일,25,30,05:00,22:30,06:05,22:35
214000021,1108,gyeonggi,공휴일,25,30,05:00,22:30,06:05,22:35
214000022,1150,gyeonggi,평일,9,12,04:40,23:00,05:40,23:40
214000022,1150,gyeonggi,토요일,13,14,04:40,23:00,05:40,23:40
214000022,1150,gyeonggi,일요일,13,14,04:40,23:00,05:40,23:40
214000022,1150,gyeonggi,공휴일,13,14,04:40,23:00,05:40,23:40
214000039,1409,gyeonggi,평일,45,60,06:00,21:10,07:00,22:40
214000039,1409,gyeonggi,토요일,45,50,06:00,21:10,07:00,22:40
214000039,1409,gyeonggi,일요일,45,50,06:00,21:10,07:00,22:40
214000039,1409,gyeonggi,공휴일,45,50,06:00,21:10,07:00,22:40
214000043,순환121,gyeonggi,평일,100,120,05:50,21:30,06:50,22:43
214000043,순환121,gyeonggi,토요일,100,120,05:50,21:30,06:50,22:43
214000043,순환121,gyeonggi,일요일,100,120,05:50,21:30,06:50,22:43
214000043,순환121,gyeonggi,공휴일,100,120,05:50,21:30,06:50,22:43
214000052,80,gyeonggi,평일,20,35,05:20,22:20,05:20,22:20
214000052,80,gyeonggi,토요일,20,35,05:20,22:20,05:20,22:20
214000052,80,gyeonggi,일요일,20,35,05:20,22:20,05:20,22:20
214000052,80,gyeonggi,공휴일,20,35,05:20,22:20,05:20,22:20
214000053,98,gyeonggi,평일,,20,05:20,22:40,05:20,22:40
214000053,98,gyeonggi,토요일,,20,05:20,22:40,05:20,22:40
214000053,98,gyeonggi,일요일,,20,05:20,22:40,05:20,22:40
214000053,98,gyeonggi,공휴일,,20,05:20,22:40,05:20,22:40
214000054,82,gyeonggi,평일,,70,05:50,22:00,06:30,22:40
214000054,82,gyeonggi,토요일,,70,05:50,22:00,06:30,22:40
214000054,82,gyeonggi,일요일,,70,05:50,22:00,06:30,22:40
214000054,82,gyeonggi,공휴일,,70,05:50,22:00,06:30,22:40
214000055,81-1,gyeonggi,평일,,70,06:00,21:20,06:55,22:15
214000055,81-1,gyeonggi,토요일,,70,06:00,21:20,06:55,22:15
214000055,81-1,gyeonggi,일요일,,70,06:00,21:20,06:55,22:15
214000055,81-1,gyeonggi,공휴일,,70,06:00,21:20,06:55,22:15
214000056,83,gyeonggi,평일,,100,06:00,21:50,06:50,22:40
214000056,83,gyeonggi,토요일,,100,06:00,21:50,06:50,22:40
214000056,83,gyeonggi,일요일,,100,06:00,21:50,06:50,22:40
214000056,83,gyeonggi,공휴일,,100,06:00,21:50,06:50,22:40
214000060,84,gyeonggi,평일,,130,05:40,21:20,06:20,22:00
214000060,84,gyeonggi,토요일,,130,05:40,21:20,06:20,22:00
214000060,84,gyeonggi,일요일,,130,05:40,21:20,06:20,22:00
214000060,84,gyeonggi,공휴일,,130,05:40,21:20,06:20,22:00
214000067,85,gyeonggi,평일,,150,06:50,21:30,07:35,22:05
214000067,85,gyeonggi,토요일,,150,06:50,21:30,07:35,22:05
214000067,85,gyeonggi,일요일,,150,06:50,21:30,07:35,22:05
214000067,85,gyeonggi,공휴일,,150,06:50,21:30,07:35,22:05
214000070,86,gyeonggi,평일,,150,05:40,21:15,06:15,21:50
214000070,86,gyeonggi,토요일,,150,05:40,21:15,06:15,21:50
214000070,86,gyeonggi,일요일,,150,05:40,21:15,06:15,21:50
214000070,86,gyeonggi,공휴일,,150,05:40,21:15,06:15,21:50
214000079,6396,gyeonggi,평일,,70,05:20,21:30,06:50,23:00
214000079,6396,gyeonggi,토요일,,70,05:20,21:30,06:50,23:00
214000079,6396,gyeonggi,일요일,,70,05:20,21:30,06:50,23:00
214000079,6396,gyeonggi,공휴일,,70,05:20,21:30,06:50,23:00
214000080,93,gyeonggi,평일,240,180,06:00,21:00,00:00,00:00
214000080,93,gyeonggi,토요일,240,180,06:00,21:00,00:00,00:00
214000080,93,gyeonggi,일요일,240,180,06:00,21:00,00:00,00:00
214000080,93,gyeonggi,공휴일,240,180,06:00,21:00,00:00,00:00
214000081,91,gyeonggi,평일,,180,06:10,21:10,07:20,22:10
214000081,91,gyeonggi,토요일,,180,06:10,21:10,07:20,22:10
214000081,91,gyeonggi,일요일,,180,06:10,21:10,07:20,22:10
214000081,91,gyeonggi,공휴일,,180,06:10,21:10,07:20,22:10
214000148,99,gyeonggi,평일,,150,05:55,21:20,06:35,22:00
214000148,99,gyeonggi,토요일,,150,05:55,21:20,06:35,22:00
214000148,99,gyeonggi,일요일,,150,05:55,21:20,06:35,22:00
214000148,99,gyeonggi,공휴일,,150,05:55,21:20,06:35,22:00
214000156,1731,gyeonggi,평일,20,40,05:20,22:20,05:20,22:00
214000156,1731,gyeonggi,토요일,20,40,05:20,22:20,05:20,22:00
214000156,1731,gyeonggi,일요일,30,40,05:20,22:20,05:20,22:00
214000156,1731,gyeonggi,공휴일,30,40,05:20,22:20,05:20,22:00
214000159,320-1,gyeonggi,평일,,210,06:15,20:20,07:30,21:25
214000159,320-1,gyeonggi,토요일,,210,06:15,20:20,07:30,21:25
214000159,320-1,gyeonggi,일요일,,210,06:15,20:20,07:30,21:25
214000159,320-1,gyeonggi,공휴일,,210,06:15,20:20,07:30,21:25
214000160,810,gyeonggi,평일,30,60,05:00,22:00,05:20,21:40
214000160,810,gyeonggi,토요일,30,60,05:00,22:00,05:20,21:40
214000160,810,gyeonggi,일요일,30,60,05:00,22:00,05:20,21:40
214000160,810,gyeonggi,공휴일,30,60,05:00,22:00,05:20,21:40
214000169,313,gyeonggi,평일,,100,05:40,22:00,06:40,23:00
214000169,313,gyeonggi,토요일,,100,05:40,22:00,06:40,23:00
214000169,313,gyeonggi,일요일,,100,05:40,22:00,06:40,23:00
214000169,313,gyeonggi,공휴일,,100,05:40,22:00,06:40,23:00
214000171,302,gyeonggi,평일,,90,05:30,21:00,07:00,22:30
214000171,302,gyeonggi,토요일,,90,05:30,21:00,07:00,22:30
214000171,302,gyeonggi,일요일,,90,05:30,21:00,07:00,22:30
214000171,302,gyeonggi,공휴일,,90,05:30,21:00,07:00,22:30
214000177,300,gyeonggi,평일,,150,09:00,20:40,09:00,20:40
214000177,300,gyeonggi,토요일,,150,09:00,20:40,09:00,20:40
214000177,300,gyeonggi,일요일,,150,09:00,20:40,09:00,20:40
214000177,300,gyeonggi,공휴일,,150,09:00,20:40,09:00,20:40
214000178,300-1,gyeonggi,평일,,150,06:10,19:20,06:10,19:20
214000178,300-1,gyeonggi,토요일,,150,06:10,19:20,06:10,19:20
214000178,300-1,gyeonggi,일요일,,150,06:10,19:20,06:10,19:20
214000178,300-1,gyeonggi,공휴일,,150,06:10,19:20,06:10,19:20
214000179,310-1,gyeonggi,평일,,240,06:40,19:30,08:50,21:30
214000179,310-1,gyeonggi,토요일,,240,06:40,19:30,08:50,21:30
214000179,310-1,gyeonggi,일요일,,240,06:40,19:30,08:50,21:30
214000179,310-1,gyeonggi,공휴일,,240,06:40,19:30,08:50,21:30
214000180,320,gyeonggi,평일,,240,06:00,19:10,08:10,21:20
214000180,320,gyeonggi,토요일,,240,06:00,19:10,08:10,21:20
214000180,320,gyeonggi,일요일,,240,06:00,19:10,08:10,21:20
214000180,320,gyeonggi,공휴일,,240,06:00,19:10,08:10,21:20
214000187,873,gyeonggi,평일,,30,05:30,22:30,06:15,23:15
214000187,873,gyeonggi,토요일,,30,05:30,22:30,06:15,23:15
214000187,873,gyeonggi,일요일,,30,05:30,22:30,06:15,23:15
214000187,873,gyeonggi,공휴일,,30,05:30,22:30,06:15,23:15
214000194,1199,gyeonggi,평일,,20,05:30,22:50,06:20,23:40
214000194,1199,gyeonggi,토요일,,20,05:30,22:50,06:20,23:40
214000194,1199,gyeonggi,일요일,,20,05:30,22:50,06:20,23:40
214000194,1199,gyeonggi,공휴일,,20,05:30,22:50,06:20,23:40
214000244,1000,gyeonggi,평일,15,20,05:50,22:20,06:25,23:00
214000244,1000,gyeonggi,토요일,27,30,05:50,22:20,06:25,23:00
214000244,1000,gyeonggi,일요일,27,30,05:50,22:20,06:25,23:00
214000244,1000,gyeonggi,공휴일,27,30,05:50,22:20,06:25,23:00
214000245,1361,gyeonggi,평일,25,35,05:40,22:00,06:45,22:35
214000245,1361,gyeonggi,토요일,45,50,05:40,22:00,06:45,22:35
214000245,1361,gyeonggi,일요일,45,50,05:40,22:00,06:45,22:35
214000245,1361,gyeonggi,공휴일,45,50,05:40,22:00,06:45,22:35
214000248,1177,gyeonggi,평일,20,40,05:30,22:30,05:20,22:20
214000248,1177,gyeonggi,토요일,20,40,05:30,22:30,05:20,22:20
214000248,1177,gyeonggi,일요일,30,60,05:30,22:30,05:20,22:20
214000248,1177,gyeonggi,공휴일,30,60,05:30,22:30,05:20,22:20
214000251,315,gyeonggi,평일,,170,05:50,20:10,06:55,21:15
214000251,315,gyeonggi,토요일,,170,05:50,20:10,06:55,21:15
214000251,315,gyeonggi,일요일,,170,05:50,20:10,06:55,21:15
214000251,315,gyeonggi,공휴일,,170,05:50,20:10,06:55,21:15
214000254,1183,gyeonggi,평일,,120,06:00,21:30,06:30,22:00
214000254,1183,gyeonggi,토요일,,120,06:00,21:30,06:30,22:00
214000254,1183,gyeonggi,일요일,,120,06:00,21:30,06:30,22:00
214000254,1183,gyeonggi,공휴일,,120,06:00,21:30,06:30,22:00
214000255,8000,gyeonggi,평일,30,60,05:20,22:00,00:00,00:00
214000255,8000,gyeonggi,토요일,30,60,05:20,22:00,00:00,00:00
214000255,8000,gyeonggi,일요일,30,60,05:20,22:00,00:00,00:00
214000255,8000,gyeonggi,공휴일,30,60,05:20,22:00,00:00,00:00
214000256,순환111A,gyeonggi,평일,9,10,06:00,22:00,06:00,22:00
214000256,순환111A,gyeonggi,토요일,9,10,06:00,22:00,06:00,22:00
214000256,순환111A,gyeonggi,일요일,9,10,06:00,22:00,06:00,22:00
214000256,순환111A,gyeonggi,공휴일,9,10,06:00,22:00,06:00,22:00
214000257,순환111B,gyeonggi,평일,15,25,06:00,22:00,,
214000257,순환111B,gyeonggi,토요일,15,25,06:00,22:00,,
214000257,순환111B,gyeonggi,일요일,15,25,06:00,22:00,,
214000257,순환111B,gyeonggi,공휴일,15,25,06:00,22:00,,
214000258,1312,gyeonggi,평일,,25,05:00,22:20,05:35,23:00
214000258,1312,gyeonggi,토요일,,25,05:00,22:20,05:35,23:00
214000258,1312,gyeonggi,일요일,,25,05:00,22:20,05:35,23:00
214000258,1312,gyeonggi,공휴일,,25,05:00,22:20,05:35,23:00
214000259,1452,gyeonggi,평일,15,15,05:20,22:30,05:50,23:00
214000259,1452,gyeonggi,토요일,15,20,05:20,22:30,05:50,23:00
214000259,1452,gyeonggi,일요일,25,40,05:20,22:30,05:50,22:30
214000259,1452,gyeonggi,공휴일,25,40,05:20,22:30,05:50,23:00
214000261,평택똑버스01,gyeonggi,평일,,,06:00,00:00,,
214000261,평택똑버스01,gyeonggi,토요일,,,06:00,00:00,,
214000261,평택똑버스01,gyeonggi,일요일,,,06:00,00:00,,
214000261,평택똑버스01,gyeonggi,공휴일,,,06:00,00:00,,
214000262,1155,gyeonggi,평일,15,20,05:20,22:20,06:00,23:00
214000262,1155,gyeonggi,토요일,20,25,05:20,22:20,06:00,23:00
214000262,1155,gyeonggi,일요일,20,25,05:20,22:20,06:00,23:00
214000262,1155,gyeonggi,공휴일,20,25,05:20,22:20,06:00,23:00
214000263,순환123A,gyeonggi,평일,60,70,05:40,21:00,06:45,22:00
214000263,순환123A,gyeonggi,토요일,60,70,05:40,21:00,06:45,22:00
214000263,순환123A,gyeonggi,일요일,60,70,05:40,21:00,06:45,22:00
214000263,순환123A,gyeonggi,공휴일,60,70,05:40,21:00,06:45,22:00
214000264,1451,gyeonggi,평일,,30,05:00,23:00,05:45,23:45
214000264,1451,gyeonggi,토요일,,30,06:00,23:00,06:45,23:45
214000264,1451,gyeonggi,일요일,,30,06:00,23:00,06:45,23:45
214000264,1451,gyeonggi,공휴일,,30,06:00,23:00,06:45,23:45
214000267,순환122A,gyeonggi,평일,50,40,05:50,22:00,06:45,22:50
214000267,순환122A,gyeonggi,토요일,50,40,05:50,22:00,06:45,22:50
214000267,순환122A,gyeonggi,일요일,50,40,05:50,22:00,06:45,22:50
214000267,순환122A,gyeonggi,공휴일,50,40,05:50,22:00,06:45,22:50
214000268,1353,gyeonggi,평일,25,40,05:00,22:00,00:00,00:00
214000268,1353,gyeonggi,토요일,30,45,05:00,22:00,00:00,00:00
214000268,1353,gyeonggi,일요일,30,45,05:00,22:00,00:00,00:00
214000268,1353,gyeonggi,공휴일,30,45,05:00,22:00,00:00,00:00
214000269,순환122B,gyeonggi,평일,50,40,06:40,21:10,07:30,22:00
214000269,순환122B,gyeonggi,토요일,50,40,06:40,21:10,07:30,22:00
214000269,순환122B,gyeonggi,일요일,50,40,06:40,21:10,07:30,22:00
214000269,순환122B,gyeonggi,공휴일,50,40,06:40,21:10,07:30,22:00
214000270,순환123B,gyeonggi,평일,120,140,07:20,22:00,06:10,23:00
214000270,순환123B,gyeonggi,토요일,120,140,07:20,22:00,06:10,23:00
214000270,순환123B,gyeonggi,일요일,120,140,07:20,22:00,06:10,23:00
214000270,순환123B,gyeonggi,공휴일,120,140,07:20,22:00,06:10,23:00
214000271,1154,gyeonggi,평일,90,185,06:00,21:00,06:20,21:25
214000271,1154,gyeonggi,토요일,90,185,06:00,21:00,06:20,21:25
214000271,1154,gyeonggi,일요일,90,185,06:00,21:00,06:20,21:25
214000271,1154,gyeonggi,공휴일,90,185,06:00,21:00,06:20,21:25
214000272,1456,gyeonggi,평일,,180,06:50,20:40,07:40,21:30
214000272,1456,gyeonggi,토요일,,180,06:50,20:40,07:40,21:30
214000272,1456,gyeonggi,일요일,,180,06:50,20:40,07:40,21:30
214000272,1456,gyeonggi,공휴일,,180,06:50,20:40,07:40,21:30
214000273,6802,gyeonggi,평일,30,120,05:30,22:00,06:50,23:20
214000273,6802,gyeonggi,토요일,60,90,05:30,22:00,06:50,23:20
214000273,6802,gyeonggi,일요일,60,170,05:30,22:00,06:50,23:20
214000273,6802,gyeonggi,공휴일,60,170,05:30,22:00,06:50,23:20
214000275,8204,gyeonggi,평일,80,90,05:00,21:00,06:30,22:30
214000275,8204,gyeonggi,토요일,120,150,05:00,21:00,06:30,22:30
214000275,8204,gyeonggi,일요일,120,150,05:00,21:00,06:30,22:30
214000275,8204,gyeonggi,공휴일,120,150,05:00,21:00,06:30,22:30
214000276,5503,gyeonggi,평일,30,150,05:30,22:00,07:20,23:50
214000276,5503,gyeonggi,토요일,60,120,05:30,22:00,07:20,23:50
214000276,5503,gyeonggi,일요일,60,120,05:30,22:00,07:20,23:50
214000276,5503,gyeonggi,공휴일,60,120,05:30,22:00,07:20,23:50
214000277,평택똑버스02,gyeonggi,평일,,,06:00,00:00,,
214000277,평택똑버스02,gyeonggi,토요일,,,06:00,00:00,,
214000277,평택똑버스02,gyeonggi,일요일,,,06:00,00:00,,
214000277,평택똑버스02,gyeonggi,공휴일,,,06:00,00:00,,
214000278,평택똑버스03,gyeonggi,평일,,,06:00,23:00,,
214000278,평택똑버스03,gyeonggi,토요일,,,06:00,23:00,,
214000278,평택똑버스03,gyeonggi,일요일,,,06:00,23:00,,
214000278,평택똑버스03,gyeonggi,공휴일,,,06:00,23:00,,
214000281,5401(예약),gyeonggi,평일,,,05:00,23:00,06:40,00:40
215000004,50,gyeonggi,평일,60,60,06:10,20:50,07:03,21:43
215000004,50,gyeonggi,토요일,60,60,06:10,20:50,07:03,21:43
215000004,50,gyeonggi,일요일,60,60,06:10,20:50,07:03,21:43
215000004,50,gyeonggi,공휴일,60,60,06:10,20:50,07:03,21:43
215000008,52,gyeonggi,평일,60,90,05:40,20:00,06:35,20:55
215000008,52,gyeonggi,토요일,60,90,05:40,20:00,06:35,20:55
215000008,52,gyeonggi,일요일,60,90,05:40,20:00,06:35,20:55
215000008,52,gyeonggi,공휴일,60,90,05:40,20:00,06:35,20:55
215000018,58-3,gyeonggi,평일,,,06:05,13:15,06:55,14:10
215000018,58-3,gyeonggi,토요일,,,06:05,13:15,06:55,14:10
215000018,58-3,gyeonggi,일요일,,,06:05,13:15,06:55,14:10
215000018,58-3,gyeonggi,공휴일,,,06:05,13:15,06:55,14:10
215000019,58-2,gyeonggi,평일,,,19:15,19:15,19:45,19:45
215000019,58-2,gyeonggi,토요일,,,19:15,19:15,19:45,19:45
215000019,58-2,gyeonggi,일요일,,,19:15,19:15,19:45,19:45
215000019,58-2,gyeonggi,공휴일,,,19:15,19:15,19:45,19:45
215000021,58,gyeonggi,평일,,,12:55,17:25,13:30,18:00
215000021,58,gyeonggi,토요일,,,12:55,17:25,13:30,18:00
215000021,58,gyeonggi,일요일,,,12:55,17:25,13:30,18:00
215000021,58,gyeonggi,공휴일,,,12:55,17:25,13:30,18:00
215000022,58-1,gyeonggi,평일,,150,15:25,20:25,16:10,21:05
215000022,58-1,gyeonggi,토요일,,150,15:25,20:25,16:10,21:05
215000022,58-1,gyeonggi,일요일,,150,15:25,20:25,16:10,21:05
215000022,58-1,gyeonggi,공휴일,,150,15:25,20:25,16:10,21:05
215000024,100-1,gyeonggi,평일,,240,10:00,16:30,10:25,16:55
215000024,100-1,gyeonggi,토요일,,240,10:00,16:30,10:25,16:55
215000024,100-1,gyeonggi,일요일,,240,10:00,16:30,10:25,16:55
215000024,100-1,gyeonggi,공휴일,,240,10:00,16:30,10:25,16:55
215000025,1,gyeonggi,평일,150,150,06:45,22:10,07:30,22:55
215000025,1,gyeonggi,토요일,150,150,06:45,22:10,07:30,22:55
215000025,1,gyeonggi,일요일,150,150,06:45,22:10,07:30,22:55
215000025,1,gyeonggi,공휴일,150,150,06:45,22:10,07:30,22:55
215000030,100,gyeonggi,평일,300,300,07:00,17:30,07:45,18:15
215000030,100,gyeonggi,토요일,300,300,07:00,17:30,07:45,18:15
215000030,100,gyeonggi,일요일,300,300,07:00,17:30,07:45,18:15
215000030,100,gyeonggi,공휴일,300,300,07:00,17:30,07:45,18:15
215000052,60,gyeonggi,평일,100,120,06:00,22:00,06:35,22:30
215000052,60,gyeonggi,토요일,100,120,06:00,22:00,06:35,22:30
215000052,60,gyeonggi,일요일,100,120,06:00,22:00,06:35,22:30
215000052,60,gyeonggi,공휴일,100,120,06:00,22:00,06:35,22:30
215000055,60-3,gyeonggi,평일,50,60,06:40,19:30,07:20,20:10
215000055,60-3,gyeonggi,토요일,50,60,06:40,19:30,07:20,20:10
215000055,60-3,gyeonggi,일요일,50,60,06:40,19:30,07:20,20:10
215000055,60-3,gyeonggi,공휴일,50,60,06:40,19:30,07:20,20:10
215000062,82,gyeonggi,평일,,,06:50,06:50,07:00,07:00
215000062,82,gyeonggi,토요일,,,06:50,06:50,07:00,07:00
215000062,82,gyeonggi,일요일,,,06:50,06:50,07:00,07:00
215000062,82,gyeonggi,공휴일,,,06:50,06:50,07:00,07:00
215000070,53,gyeonggi,평일,15,25,04:00,22:10,05:05,23:20
215000070,53,gyeonggi,토요일,20,30,04:00,22:10,05:05,23:20
215000070,53,gyeonggi,일요일,20,30,04:00,22:10,05:05,23:20
215000070,53,gyeonggi,공휴일,20,30,04:00,22:10,05:05,23:20
215000088,58-5,gyeonggi,평일,,250,10:25,14:35,11:20,15:30
215000088,58-5,gyeonggi,토요일,,250,10:25,14:35,11:20,15:30
215000088,58-5,gyeonggi,일요일,,250,10:25,14:35,11:20,15:30
215000088,58-5,gyeonggi,공휴일,,250,10:25,14:35,11:20,15:30
215000089,82-1,gyeonggi,평일,,,07:30,07:30,07:45,07:45
215000089,82-1,gyeonggi,토요일,,,07:30,07:30,07:45,07:45
215000089,82-1,gyeonggi,일요일,,,07:30,07:30,07:45,07:45
215000089,82-1,gyeonggi,공휴일,,,07:30,07:30,07:45,07:45
215000118,2,gyeonggi,평일,60,60,07:00,23:00,07:00,23:00
215000118,2,gyeonggi,토요일,60,60,07:00,23:00,07:00,23:00
215000118,2,gyeonggi,일요일,60,60,07:00,23:00,07:00,23:00
215000118,2,gyeonggi,공휴일,60,60,07:00,23:00,07:00,23:00
215000138,82-7,gyeonggi,평일,,,21:30,21:30,22:10,22:10
215000138,82-7,gyeonggi,토요일,,,21:30,21:30,22:10,22:10
215000138,82-7,gyeonggi,일요일,,,21:30,21:30,22:10,22:10
215000138,82-7,gyeonggi,공휴일,,,21:30,21:30,22:10,22:10
215000146,82-3,gyeonggi,평일,,,11:00,11:00,11:30,11:30
215000146,82-3,gyeonggi,토요일,,,11:00,11:00,11:30,11:30
215000146,82-3,gyeonggi,일요일,,,11:00,11:00,11:30,11:30
215000146,82-3,gyeonggi,공휴일,,,11:00,11:00,11:30,11:30
215000147,82-2,gyeonggi,평일,,,08:20,08:20,09:10,09:10
215000147,82-2,gyeonggi,토요일,,,08:20,08:20,09:10,09:10
215000147,82-2,gyeonggi,일요일,,,08:20,08:20,09:10,09:10
215000147,82-2,gyeonggi,공휴일,,,08:20,08:20,09:10,09:10
215000149,58-7,gyeonggi,평일,,,07:55,07:55,08:40,08:40
215000149,58-7,gyeonggi,토요일,,,07:55,07:55,08:40,08:40
215000149,58-7,gyeonggi,일요일,,,07:55,07:55,08:40,08:40
215000149,58-7,gyeonggi,공휴일,,,07:55,07:55,08:40,08:40
215000150,58-8,gyeonggi,평일,,,10:45,10:45,11:30,11:30
215000150,58-8,gyeonggi,토요일,,,10:45,10:45,11:30,11:30
215000150,58-8,gyeonggi,일요일,,,10:45,10:45,11:30,11:30
215000150,58-8,gyeonggi,공휴일,,,10:45,10:45,11:30,11:30
215000151,58-9,gyeonggi,평일,,,08:15,08:15,09:00,09:00
215000151,58-9,gyeonggi,토요일,,,08:15,08:15,09:00,09:00
215000151,58-9,gyeonggi,일요일,,,08:15,08:15,09:00,09:00
215000151,58-9,gyeonggi,공휴일,,,08:15,08:15,09:00,09:00
215000152,58-10,gyeonggi,평일,,,05:55,05:55,06:40,06:40
215000152,58-10,gyeonggi,토요일,,,05:55,05:55,06:40,06:40
215000152,58-10,gyeonggi,일요일,,,05:55,05:55,06:40,06:40
215000152,58-10,gyeonggi,공휴일,,,05:55,05:55,06:40,06:40
215000153,82-5,gyeonggi,평일,,,17:30,17:30,18:30,18:30
215000153,82-5,gyeonggi,토요일,,,17:30,17:30,18:30,18:30
215000153,82-5,gyeonggi,일요일,,,17:30,17:30,18:30,18:30
215000153,82-5,gyeonggi,공휴일,,,17:30,17:30,18:30,18:30
215000163,58-12,gyeonggi,평일,,,19:10,19:10,20:05,20:05
215000163,58-12,gyeonggi,토요일,,,19:10,19:10,20:05,20:05
215000163,58-12,gyeonggi,일요일,,,19:10,19:10,20:05,20:05
215000163,58-12,gyeonggi,공휴일,,,19:10,19:10,20:05,20:05
215000205,91,gyeonggi,평일,,480,10:45,16:45,11:35,17:35
215000205,91,gyeonggi,토요일,,480,10:45,16:45,11:35,17:35
215000205,91,gyeonggi,일요일,,480,10:45,16:45,11:35,17:35
215000205,91,gyeonggi,공휴일,,480,10:45,16:45,11:35,17:35
215000206,91-1,gyeonggi,평일,80,240,05:50,21:50,05:50,21:50
215000206,91-1,gyeonggi,토요일,80,240,05:50,21:50,05:50,21:50
215000206,91-1,gyeonggi,일요일,80,240,05:50,21:50,05:50,21:50
215000206,91-1,gyeonggi,공휴일,80,240,05:50,21:50,05:50,21:50
215000214,82-4,gyeonggi,평일,,,15:00,15:00,15:55,15:55
215000214,82-4,gyeonggi,토요일,,,15:00,15:00,15:55,15:55
215000214,82-4,gyeonggi,일요일,,,15:00,15:00,15:55,15:55
215000214,82-4,gyeonggi,공휴일,,,15:00,15:00,15:55,15:55
215000215,82-6,gyeonggi,평일,,,20:00,20:00,20:25,20:25
215000215,82-6,gyeonggi,토요일,,,20:00,20:00,20:25,20:25
215000215,82-6,gyeonggi,일요일,,,20:00,20:00,20:25,20:25
215000215,82-6,gyeonggi,공휴일,,,20:00,20:00,20:25,20:25
215000216,83,gyeonggi,평일,170,190,06:25,19:35,07:30,20:40
215000216,83,gyeonggi,토요일,170,190,06:25,19:35,07:30,20:40
215000216,83,gyeonggi,일요일,170,190,06:25,19:35,07:30,20:40
215000216,83,gyeonggi,공휴일,170,190,06:25,19:35,07:30,20:40
215000222,4,gyeonggi,평일,60,60,06:30,22:30,06:30,22:30
215000222,4,gyeonggi,토요일,60,60,06:30,22:30,06:30,22:30
215000222,4,gyeonggi,일요일,60,60,06:30,22:30,06:30,22:30
215000222,4,gyeonggi,공휴일,60,60,06:30,22:30,06:30,22:30
215000223,3,gyeonggi,평일,95,100,06:25,21:30,07:00,22:05
215000223,3,gyeonggi,토요일,95,100,06:25,21:30,07:00,22:05
215000223,3,gyeonggi,일요일,95,100,06:25,21:30,07:00,22:05
215000223,3,gyeonggi,공휴일,95,100,06:25,21:30,07:00,22:05
215000225,5,gyeonggi,평일,30,30,06:00,22:30,06:00,22:30
215000225,5,gyeonggi,토요일,30,30,06:00,22:30,06:00,22:30
215000225,5,gyeonggi,일요일,30,30,06:00,22:30,06:00,22:30
215000225,5,gyeonggi,공휴일,30,30,06:00,22:30,06:00,22:30
215000226,6,gyeonggi,평일,90,120,06:00,21:50,06:45,22:35
215000226,6,gyeonggi,토요일,90,120,06:00,21:50,06:45,22:35
215000226,6,gyeonggi,일요일,90,120,06:00,21:50,06:45,22:35
215000226,6,gyeonggi,공휴일,90,120,06:00,21:50,06:45,22:35
215000227,90,gyeonggi,평일,30,60,05:20,22:50,05:20,22:50
215000227,90,gyeonggi,토요일,30,60,05:20,22:50,05:20,22:50
215000227,90,gyeonggi,일요일,30,60,05:20,22:50,05:20,22:50
215000227,90,gyeonggi,공휴일,30,60,05:20,22:50,05:20,22:50
215000229,61,gyeonggi,평일,,150,06:40,20:00,07:40,21:00
215000229,61,gyeonggi,토요일,,150,06:40,20:00,07:40,21:00
215000229,61,gyeonggi,일요일,,150,06:40,20:00,07:40,21:00
215000229,61,gyeonggi,공휴일,,150,06:40,20:00,07:40,21:00
215000230,11,gyeonggi,평일,50,65,05:20,22:00,06:00,22:40
215000230,11,gyeonggi,토요일,50,65,05:20,22:00,06:00,22:40
215000230,11,gyeonggi,일요일,50,65,05:20,22:00,06:00,22:40
215000230,11,gyeonggi,공휴일,50,65,05:20,22:00,06:00,22:40
215000233,91-3,gyeonggi,평일,40,,07:55,08:35,08:10,08:50
215000233,91-3,gyeonggi,토요일,40,,07:55,08:35,08:10,08:50
215000233,91-3,gyeonggi,일요일,40,,07:55,08:35,08:10,08:50
215000233,91-3,gyeonggi,공휴일,40,,07:55,08:35,08:10,08:50
215000234,91-4,gyeonggi,평일,60,60,06:00,22:30,06:20,22:50
215000234,91-4,gyeonggi,토요일,60,60,06:00,22:30,06:20,22:50
215000234,91-4,gyeonggi,일요일,60,60,06:00,22:30,06:20,22:50
215000234,91-4,gyeonggi,공휴일,60,60,06:00,22:30,06:20,22:50
215000238,51,gyeonggi,평일,50,60,05:10,22:00,05:55,22:45
215000238,51,gyeonggi,토요일,50,60,05:10,22:00,05:55,22:45
215000238,51,gyeonggi,일요일,50,60,05:10,22:00,05:55,22:45
215000238,51,gyeonggi,공휴일,50,60,05:10,22:00,05:55,22:45
215000239,55,gyeonggi,평일,55,60,05:10,20:30,06:02,21:37
215000239,55,gyeonggi,토요일,55,60,05:10,20:30,06:02,21:37
215000239,55,gyeonggi,일요일,55,60,05:10,20:30,06:02,21:37
215000239,55,gyeonggi,공휴일,55,60,05:10,20:30,06:02,21:37
215000240,101,gyeonggi,평일,50,180,06:35,21:05,06:35,21:05
215000240,101,gyeonggi,토요일,50,180,06:35,21:05,06:35,21:05
215000240,101,gyeonggi,일요일,50,180,06:35,21:05,06:35,21:05
215000240,101,gyeonggi,공휴일,50,180,06:35,21:05,06:35,21:05
215000241,1-1,gyeonggi,평일,,100,10:50,14:20,11:40,15:10
215000241,1-1,gyeonggi,토요일,,100,10:50,14:20,11:40,15:10
215000241,1-1,gyeonggi,일요일,,100,10:50,14:20,11:40,15:10
215000241,1-1,gyeonggi,공휴일,,100,10:50,14:20,11:40,15:10
216000003,71,gyeonggi,평일,40,80,04:10,22:40,05:20,23:50
216000003,71,gyeonggi,토요일,70,100,04:20,22:10,05:20,23:20
216000003,71,gyeonggi,일요일,70,100,04:20,22:10,05:20,23:20
216000003,71,gyeonggi,공휴일,70,100,04:20,22:10,05:20,23:20
216000004,22,gyeonggi,평일,40,60,05:20,22:30,04:10,22:30
216000004,22,gyeonggi,토요일,60,80,05:20,22:30,04:10,22:30
216000004,22,gyeonggi,일요일,60,80,05:20,22:30,04:10,22:30
216000004,22,gyeonggi,공휴일,60,80,05:20,22:30,04:10,22:30
216000006,125,gyeonggi,평일,15,30,05:00,22:30,05:00,22:30
216000006,125,gyeonggi,토요일,20,35,05:00,22:30,05:00,22:30
216000006,125,gyeonggi,일요일,20,35,05:00,22:30,05:00,22:30
216000006,125,gyeonggi,공휴일,20,35,05:00,22:30,05:00,22:30
216000007,123,gyeonggi,평일,20,30,04:10,22:00,05:10,23:30
216000007,123,gyeonggi,토요일,20,30,04:10,22:00,05:10,23:30
216000007,123,gyeonggi,일요일,20,30,04:10,22:00,05:10,23:30
216000007,123,gyeonggi,공휴일,20,30,04:10,22:00,05:10,23:30
216000009,727-1,gyeonggi,평일,60,120,07:00,19:30,,
216000009,727-1,gyeonggi,토요일,60,120,07:00,19:30,,
216000009,727-1,gyeonggi,일요일,60,120,07:00,19:30,,
216000009,727-1,gyeonggi,공휴일,60,120,07:00,19:30,,
216000010,99-1,gyeonggi,평일,20,30,05:05,23:00,04:20,23:00
216000010,99-1,gyeonggi,토요일,25,35,05:05,23:00,04:20,23:00
216000010,99-1,gyeonggi,일요일,35,45,05:05,23:00,04:50,23:00
216000010,99-1,gyeonggi,공휴일,35,45,05:05,23:00,04:50,23:00
216000011,55,gyeonggi,평일,20,30,04:45,22:50,04:50,22:50
216000011,55,gyeonggi,토요일,25,35,04:45,22:50,04:50,22:50
216000011,55,gyeonggi,일요일,30,40,04:45,22:50,04:50,22:50
216000011,55,gyeonggi,공휴일,30,40,04:45,22:50,04:50,22:50
216000016,62,gyeonggi,평일,10,15,04:50,23:10,04:50,23:10
216000016,62,gyeonggi,토요일,15,20,04:50,23:10,04:50,23:10
216000016,62,gyeonggi,일요일,20,30,04:50,23:10,04:50,23:10
216000016,62,gyeonggi,공휴일,20,30,04:50,23:10,04:50,23:10
216000019,31-7,gyeonggi,평일,30,40,04:10,22:50,05:30,23:00
216000019,31-7,gyeonggi,토요일,40,50,04:10,22:40,05:30,22:50
216000019,31-7,gyeonggi,일요일,40,50,04:10,22:40,05:30,22:50
216000019,31-7,gyeonggi,공휴일,40,50,04:10,22:40,05:30,22:50
216000020,38,gyeonggi,평일,15,25,05:20,23:00,05:30,22:45
216000020,38,gyeonggi,토요일,20,30,05:20,23:00,05:30,22:45
216000020,38,gyeonggi,일요일,30,40,05:20,23:00,05:30,22:45
216000020,38,gyeonggi,공휴일,30,40,05:20,23:00,05:30,22:45
216000021,301,gyeonggi,평일,40,50,04:00,22:30,05:40,00:10
216000021,301,gyeonggi,토요일,60,80,04:35,22:30,06:20,00:10
216000021,301,gyeonggi,일요일,60,80,04:35,22:30,06:20,00:10
216000021,301,gyeonggi,공휴일,60,80,04:35,22:30,06:20,00:10
216000023,80C,gyeonggi,평일,25,50,05:30,22:00,06:05,22:35
216000023,80C,gyeonggi,토요일,50,60,05:30,21:50,06:00,22:25
216000023,80C,gyeonggi,일요일,50,60,05:30,21:50,06:00,22:25
216000023,80C,gyeonggi,공휴일,50,60,05:30,21:50,06:00,22:25
216000026,3100,gyeonggi,평일,20,50,05:20,22:50,06:50,00:10
216000026,3100,gyeonggi,토요일,40,60,05:20,22:50,06:40,00:05
216000026,3100,gyeonggi,일요일,40,60,05:20,22:50,06:40,00:05
216000026,3100,gyeonggi,공휴일,40,60,05:20,22:50,06:40,00:05
216000030,501A,gyeonggi,평일,60,80,05:40,22:00,00:00,00:00
216000030,501A,gyeonggi,토요일,140,140,05:40,22:00,00:00,00:00
216000030,501A,gyeonggi,일요일,140,140,05:40,22:00,00:00,00:00
216000030,501A,gyeonggi,공휴일,140,140,05:40,22:00,00:00,00:00
216000031,727,gyeonggi,평일,90,180,07:50,19:00,08:20,19:30
216000031,727,gyeonggi,토요일,90,180,07:50,19:00,08:20,19:30
216000031,727,gyeonggi,일요일,90,180,07:50,19:00,08:20,19:30
216000031,727,gyeonggi,공휴일,90,180,07:50,19:00,08:20,19:30
216000037,10,gyeonggi,평일,15,25,06:10,23:40,05:45,23:20
216000037,10,gyeonggi,토요일,15,25,06:10,23:40,05:45,23:20
216000037,10,gyeonggi,일요일,20,30,06:10,23:40,05:45,23:20
216000037,10,gyeonggi,공휴일,20,30,06:10,23:40,05:45,23:20
216000041,5,gyeonggi,평일,80,100,05:00,20:00,05:30,20:30
216000041,5,gyeonggi,토요일,80,100,05:00,20:00,05:30,20:30
216000041,5,gyeonggi,일요일,80,100,05:00,20:00,05:30,20:30
216000041,5,gyeonggi,공휴일,80,100,05:00,20:00,05:30,20:30
216000043,3101,gyeonggi,평일,20,50,05:35,23:15,07:10,00:35
216000043,3101,gyeonggi,토요일,40,60,05:40,23:15,07:00,00:30
216000043,3101,gyeonggi,일요일,40,60,05:40,23:15,07:00,00:30
216000043,3101,gyeonggi,공휴일,40,60,05:40,23:15,07:00,00:30
216000044,M6410,gyeonggi,평일,10,30,05:50,23:30,07:05,00:30
216000044,M6410,gyeonggi,토요일,30,45,05:50,23:30,06:50,00:30
216000044,M6410,gyeonggi,일요일,30,45,05:50,23:30,06:50,00:30
216000044,M6410,gyeonggi,공휴일,30,45,05:50,23:30,06:50,00:30
216000045,8407,gyeonggi,평일,20,40,04:30,22:00,06:00,23:40
216000045,8407,gyeonggi,토요일,30,60,05:00,22:00,06:40,23:40
216000045,8407,gyeonggi,일요일,30,60,05:00,22:00,06:40,23:40
216000045,8407,gyeonggi,공휴일,30,60,05:00,22:00,06:40,23:40
216000046,5609,gyeonggi,평일,10,70,05:10,23:20,07:10,01:15
216000046,5609,gyeonggi,토요일,40,60,05:10,23:00,07:10,00:50
216000046,5609,gyeonggi,일요일,40,60,05:10,23:00,07:10,00:50
216000046,5609,gyeonggi,공휴일,40,60,05:10,23:00,07:10,00:50
216000047,5602,gyeonggi,평일,15,25,05:30,22:40,06:20,00:00
216000047,5602,gyeonggi,토요일,20,30,05:30,22:40,07:00,00:00
216000047,5602,gyeonggi,일요일,20,30,05:30,22:40,07:00,00:00
216000047,5602,gyeonggi,공휴일,20,30,05:30,22:40,07:00,00:00
216000049,4-1,gyeonggi,평일,15,40,05:20,22:50,05:40,23:10
216000049,4-1,gyeonggi,토요일,25,60,05:20,22:50,05:40,23:10
216000049,4-1,gyeonggi,일요일,25,60,05:20,22:50,05:40,23:10
216000049,4-1,gyeonggi,공휴일,25,60,05:20,22:50,05:40,23:10
216000051,8-1,gyeonggi,평일,20,35,04:50,23:10,05:00,23:20
216000051,8-1,gyeonggi,토요일,20,35,04:50,23:10,05:00,23:20
216000051,8-1,gyeonggi,일요일,20,35,04:50,23:10,05:00,23:20
216000051,8-1,gyeonggi,공휴일,20,35,04:50,23:10,05:00,23:20
216000054,525,gyeonggi,평일,20,40,04:40,22:00,06:00,23:20
216000054,525,gyeonggi,토요일,30,40,04:40,22:00,06:00,23:20
216000054,525,gyeonggi,일요일,30,40,04:40,22:00,06:00,23:20
216000054,525,gyeonggi,공휴일,30,40,04:40,22:00,06:00,23:20
216000055,501B,gyeonggi,평일,60,70,05:40,22:00,00:00,00:00
216000055,501B,gyeonggi,토요일,110,130,05:40,22:00,00:00,00:00
216000055,501B,gyeonggi,일요일,110,130,05:40,22:00,00:00,00:00
216000055,501B,gyeonggi,공휴일,110,130,05:40,22:00,00:00,00:00
216000061,3102,gyeonggi,평일,15,30,05:10,23:30,06:40,00:40
216000061,3102,gyeonggi,토요일,20,40,05:30,23:30,06:40,00:40
216000061,3102,gyeonggi,일요일,20,40,05:30,23:30,06:40,00:40
216000061,3102,gyeonggi,공휴일,20,40,05:30,23:30,06:40,00:40
216000064,310,gyeonggi,평일,130,150,06:35,19:20,06:10,20:00
216000064,310,gyeonggi,토요일,140,170,06:35,19:20,06:10,19:35
216000064,310,gyeonggi,일요일,140,170,06:35,19:20,06:10,19:35
216000064,310,gyeonggi,공휴일,140,170,06:35,19:20,06:10,19:35
216000066,9,gyeonggi,평일,20,40,06:00,22:00,06:35,22:30
216000066,9,gyeonggi,토요일,40,60,06:00,22:40,06:35,23:10
216000066,9,gyeonggi,일요일,40,60,06:00,22:40,06:35,23:10
216000066,9,gyeonggi,공휴일,40,60,06:00,22:40,06:35,23:10
216000067,20,gyeonggi,평일,120,140,05:30,20:20,06:25,21:30
216000067,20,gyeonggi,토요일,120,140,05:30,20:20,06:25,21:30
216000067,20,gyeonggi,일요일,120,140,05:30,20:20,06:25,21:30
216000067,20,gyeonggi,공휴일,120,140,05:30,20:20,06:25,21:30
216000068,10-1,gyeonggi,평일,25,60,05:30,23:10,06:00,23:40
216000068,10-1,gyeonggi,토요일,40,80,05:30,22:00,06:00,22:30
216000068,10-1,gyeonggi,일요일,40,80,05:30,22:00,06:00,22:30
216000068,10-1,gyeonggi,공휴일,40,80,05:30,22:00,06:00,22:30
216000069,13,gyeonggi,평일,60,120,06:00,22:30,06:25,22:50
216000069,13,gyeonggi,토요일,60,120,06:00,22:30,06:25,22:50
216000069,13,gyeonggi,일요일,60,120,06:00,22:30,06:25,22:50
216000069,13,gyeonggi,공휴일,60,120,06:00,22:30,06:25,22:50
216000070,1200,gyeonggi,평일,180,180,05:00,21:20,06:00,22:20
216000070,1200,gyeonggi,토요일,180,180,05:00,21:20,06:00,22:20
216000070,1200,gyeonggi,일요일,180,180,05:00,21:20,06:00,22:20
216000070,1200,gyeonggi,공휴일,180,180,05:00,21:20,06:00,22:20
216000073,3,gyeonggi,평일,40,60,05:30,22:20,05:10,22:20
216000073,3,gyeonggi,토요일,40,60,05:30,22:20,05:10,22:20
216000073,3,gyeonggi,일요일,40,60,05:30,22:20,05:10,22:20
216000073,3,gyeonggi,공휴일,40,60,05:30,22:20,05:10,22:20
216000074,7,gyeonggi,평일,35,120,05:20,20:40,06:15,21:40
216000074,7,gyeonggi,토요일,120,180,05:30,20:40,06:25,21:40
216000074,7,gyeonggi,일요일,120,180,05:30,20:40,06:25,21:40
216000074,7,gyeonggi,공휴일,120,180,05:30,20:40,06:25,21:40
216000075,50,gyeonggi,평일,50,90,05:50,22:20,07:05,23:30
216000075,50,gyeonggi,토요일,70,130,05:50,21:30,06:55,22:40
216000075,50,gyeonggi,일요일,70,130,05:50,21:30,06:55,22:40
216000075,50,gyeonggi,공휴일,70,130,05:50,21:30,06:55,22:40
216000076,34,gyeonggi,평일,20,170,05:30,20:40,06:40,21:45
216000076,34,gyeonggi,토요일,20,170,05:30,20:40,06:40,21:45
216000076,34,gyeonggi,일요일,20,170,05:30,20:40,06:40,21:45
216000076,34,gyeonggi,공휴일,20,170,05:30,20:40,06:40,21:45
216000077,6,gyeonggi,평일,30,50,05:10,22:40,05:50,23:15
216000077,6,gyeonggi,토요일,50,80,05:10,22:20,05:50,22:55
216000077,6,gyeonggi,일요일,50,80,05:10,22:20,05:50,22:55
216000077,6,gyeonggi,공휴일,50,80,05:10,22:20,05:50,22:55
216000078,2,gyeonggi,평일,25,40,05:40,22:20,05:20,23:05
216000078,2,gyeonggi,토요일,50,70,05:30,21:20,05:20,22:10
216000078,2,gyeonggi,일요일,50,70,05:30,21:20,05:20,22:10
216000078,2,gyeonggi,공휴일,50,70,05:30,21:20,05:20,22:10
216000079,737,gyeonggi,평일,120,180,08:00,18:30,08:40,19:10
216000079,737,gyeonggi,토요일,120,180,08:00,18:30,08:40,19:10
216000079,737,gyeonggi,일요일,120,180,08:00,18:30,08:40,19:10
216000079,737,gyeonggi,공휴일,120,180,08:00,18:30,08:40,19:10
216000081,80A,gyeonggi,평일,10,20,05:40,23:20,05:40,23:20
216000081,80A,gyeonggi,토요일,15,25,05:40,23:20,05:40,23:20
216000081,80A,gyeonggi,일요일,25,40,05:40,23:20,05:40,23:20
216000081,80A,gyeonggi,공휴일,25,40,05:40,23:20,05:40,23:20
216000082,80B,gyeonggi,평일,10,20,05:40,23:20,05:40,23:20
216000082,80B,gyeonggi,토요일,15,25,05:40,23:20,05:40,23:20
216000082,80B,gyeonggi,일요일,25,40,05:40,23:20,05:40,23:20
216000082,80B,gyeonggi,공휴일,25,40,05:40,23:20,05:40,23:20
216000083,8,gyeonggi,평일,50,120,05:40,22:20,05:55,22:40
216000083,8,gyeonggi,토요일,50,120,05:40,22:20,05:55,22:40
216000083,8,gyeonggi,일요일,50,120,05:40,22:20,05:55,22:40
216000083,8,gyeonggi,공휴일,50,120,05:40,22:20,05:55,22:40
216000084,90,gyeonggi,평일,30,60,05:40,21:00,06:05,21:30
216000084,90,gyeonggi,토요일,80,90,06:10,21:00,06:40,21:30
216000084,90,gyeonggi,일요일,80,90,06:10,21:00,06:40,21:30
216000084,90,gyeonggi,공휴일,80,90,06:10,21:00,06:40,21:30
216000085,16,gyeonggi,평일,40,60,06:10,23:00,05:40,22:30
216000085,16,gyeonggi,토요일,40,60,06:10,23:00,05:40,22:30
216000085,16,gyeonggi,일요일,40,60,06:10,23:00,05:40,22:30
216000085,16,gyeonggi,공휴일,40,60,06:10,23:00,05:40,22:30
216000086,70A,gyeonggi,평일,40,60,05:30,23:00,05:30,23:00
216000086,70A,gyeonggi,토요일,40,60,05:30,23:00,05:30,23:00
216000086,70A,gyeonggi,일요일,40,60,05:30,23:00,05:30,23:00
216000086,70A,gyeonggi,공휴일,40,60,05:30,23:00,05:30,23:00
216000087,70B,gyeonggi,평일,40,60,05:30,23:00,05:30,23:00
216000087,70B,gyeonggi,토요일,40,60,05:30,23:00,05:30,23:00
216000087,70B,gyeonggi,일요일,40,60,05:30,23:00,05:30,23:00
216000087,70B,gyeonggi,공휴일,40,60,05:30,23:00,05:30,23:00
216000088,9-1,gyeonggi,평일,40,60,05:40,21:40,06:20,22:15
216000088,9-1,gyeonggi,토요일,40,60,05:40,21:40,06:20,22:15
216000088,9-1,gyeonggi,일요일,40,60,05:40,21:40,06:20,22:15
216000088,9-1,gyeonggi,공휴일,40,60,05:40,21:40,06:20,22:15
216000089,6501,gyeonggi,평일,10,40,04:50,23:00,05:30,23:50
216000089,6501,gyeonggi,토요일,30,50,05:20,23:00,06:00,23:50
216000089,6501,gyeonggi,일요일,30,50,05:20,23:00,06:00,23:50
216000089,6501,gyeonggi,공휴일,30,50,05:20,23:00,06:00,23:50
216000090,51,gyeonggi,평일,40,40,08:10,19:30,07:40,19:00
216000092,60A,gyeonggi,평일,30,40,05:30,22:50,05:30,22:50
216000092,60A,gyeonggi,토요일,40,60,05:30,23:00,05:30,23:00
216000092,60A,gyeonggi,일요일,40,60,05:30,23:00,05:30,23:00
216000092,60A,gyeonggi,공휴일,40,60,05:30,23:00,05:30,23:00
216000093,60B,gyeonggi,평일,30,40,05:30,22:50,05:30,22:50
216000093,60B,gyeonggi,토요일,40,60,05:30,23:00,05:30,23:00
216000093,60B,gyeonggi,일요일,40,60,05:30,23:00,05:30,23:00
216000093,60B,gyeonggi,공휴일,40,60,05:30,23:00,05:30,23:00
216000096,3100N,gyeonggi,평일,,,23:45,00:45,01:00,02:00
216000097,N60A,gyeonggi,평일,,,00:10,01:20,00:10,01:20
216000097,N60A,gyeonggi,토요일,,,00:10,01:20,00:10,01:20
216000098,N60B,gyeonggi,평일,,,00:10,01:20,00:10,01:20
216000098,N60B,gyeonggi,토요일,,,00:10,01:20,00:10,01:20
216000099,N70A,gyeonggi,평일,,,00:10,01:20,00:10,01:20
216000099,N70A,gyeonggi,토요일,,,00:10,01:20,00:10,01:20
216000100,N70B,gyeonggi,평일,,,00:10,01:20,00:10,01:20
216000100,N70B,gyeonggi,토요일,,,00:10,01:20,00:10,01:20
216000101,N80A,gyeonggi,평일,2,,00:10,01:20,00:10,01:20
216000101,N80A,gyeonggi,토요일,,,00:10,01:20,00:10,01:20
216000102,N80B,gyeonggi,평일,,,00:10,01:20,00:10,01:20
216000102,N80B,gyeonggi,토요일,,,00:10,01:20,00:10,01:20
216000103,안산똑버스01,gyeonggi,평일,,,07:00,21:00,07:00,21:00
216000103,안산똑버스01,gyeonggi,토요일,,,07:00,21:00,07:00,21:00
216000103,안산똑버스01,gyeonggi,일요일,,,07:00,21:00,07:00,21:00
216000103,안산똑버스01,gyeonggi,공휴일,,,07:00,21:00,07:00,21:00
216000104,7070,gyeonggi,평일,20,30,04:30,23:20,05:40,00:30
216000104,7070,gyeonggi,토요일,20,40,05:00,23:20,06:10,00:30
216000104,7070,gyeonggi,일요일,20,40,05:00,23:20,06:10,00:30
216000104,7070,gyeonggi,공휴일,20,40,05:00,23:20,06:10,00:30
216000107,3103,gyeonggi,평일,60,80,06:00,21:00,07:50,22:30
216000107,3103,gyeonggi,토요일,90,150,06:30,20:30,08:00,22:00
216000107,3103,gyeonggi,일요일,90,150,06:30,20:30,08:00,22:00
216000107,3103,gyeonggi,공휴일,90,150,06:30,20:30,08:00,22:00
216000108,72,gyeonggi,평일,30,40,06:30,21:30,06:40,21:40
216000109,안산똑버스02,gyeonggi,평일,,,06:00,22:00,06:00,22:00
216000109,안산똑버스02,gyeonggi,토요일,,,06:00,22:00,06:00,22:00
216000109,안산똑버스02,gyeonggi,일요일,,,06:00,22:00,06:00,22:00
216000109,안산똑버스02,gyeonggi,공휴일,,,06:00,22:00,06:00,22:00
216000110,122,gyeonggi,평일,70,120,05:20,21:00,06:40,22:20
216000110,122,gyeonggi,토요일,70,120,05:20,21:00,06:40,22:20
216000110,122,gyeonggi,일요일,70,120,05:20,21:00,06:40,22:20
216000110,122,gyeonggi,공휴일,70,120,05:20,21:00,06:40,22:20
216000111,66,gyeonggi,평일,180,240,04:30,20:00,06:10,18:10
216000111,66,gyeonggi,토요일,180,240,04:30,20:00,06:10,18:10
216000111,66,gyeonggi,일요일,180,240,04:30,20:00,06:10,18:10
216000111,66,gyeonggi,공휴일,180,240,04:30,20:00,06:10,18:10
216000113,171,gyeonggi,평일,30,80,06:00,22:30,06:40,23:10
216000113,171,gyeonggi,토요일,70,160,06:40,22:30,07:20,23:10
216000113,171,gyeonggi,일요일,70,160,06:40,22:30,07:20,23:10
216000113,171,gyeonggi,공휴일,70,160,06:40,22:30,07:20,23:10
216000114,90A,gyeonggi,평일,40,60,05:30,22:40,06:00,23:10
216000114,90A,gyeonggi,토요일,40,60,05:30,22:40,06:00,23:10
216000114,90A,gyeonggi,일요일,40,60,05:30,22:40,06:00,23:10
216000114,90A,gyeonggi,공휴일,40,60,05:30,22:40,06:00,23:10
216000115,90B,gyeonggi,평일,40,60,05:50,23:00,06:20,23:30
216000115,90B,gyeonggi,토요일,40,60,05:50,23:00,06:20,23:30
216000115,90B,gyeonggi,일요일,40,60,05:50,23:00,06:20,23:30
216000115,90B,gyeonggi,공휴일,40,60,05:50,23:00,06:20,23:30
216000116,102,gyeonggi,평일,20,45,04:30,22:30,05:05,23:05
216000116,102,gyeonggi,토요일,30,50,05:00,22:30,05:35,23:05
216000116,102,gyeonggi,일요일,30,50,05:00,22:30,05:35,23:05
216000116,102,gyeonggi,공휴일,30,50,05:00,22:30,05:35,23:05
217000002,101,gyeonggi,평일,15,30,04:15,23:30,04:05,00:00
217000002,101,gyeonggi,토요일,30,40,04:15,23:00,04:15,23:30
217000002,101,gyeonggi,일요일,30,40,04:15,23:00,04:15,23:30
217000002,101,gyeonggi,공휴일,30,40,04:15,23:00,04:15,23:30
217000003,52,gyeonggi,평일,7,15,05:00,23:10,04:50,23:15
217000003,52,gyeonggi,토요일,10,20,05:00,23:10,04:50,23:15
217000003,52,gyeonggi,일요일,15,20,05:00,23:10,04:50,23:15
217000003,52,gyeonggi,공휴일,15,20,05:00,23:10,04:50,23:15
217000004,77,gyeonggi,평일,7,15,05:10,23:00,05:20,23:00
217000004,77,gyeonggi,토요일,8,15,05:10,23:00,05:20,23:00
217000004,77,gyeonggi,일요일,15,20,05:10,23:00,05:20,23:00
217000004,77,gyeonggi,공휴일,15,20,05:10,23:00,05:20,23:00
217000005,511,gyeonggi,평일,20,25,04:45,22:20,05:30,23:00
217000005,511,gyeonggi,토요일,25,35,05:00,22:20,05:45,23:00
217000005,511,gyeonggi,일요일,25,35,05:00,22:20,05:45,23:00
217000005,511,gyeonggi,공휴일,25,35,05:00,22:20,05:45,23:00
217000006,61,gyeonggi,평일,15,30,05:00,23:00,05:00,23:30
217000006,61,gyeonggi,토요일,20,30,05:00,23:00,05:00,23:30
217000006,61,gyeonggi,일요일,30,40,05:00,23:00,05:10,23:30
217000006,61,gyeonggi,공휴일,30,40,05:00,23:00,05:10,23:30
217000007,99,gyeonggi,평일,120,150,05:20,22:00,05:10,22:00
217000007,99,gyeonggi,토요일,120,150,05:20,22:00,05:10,22:00
217000007,99,gyeonggi,일요일,120,150,05:20,22:00,05:10,22:00
217000007,99,gyeonggi,공휴일,120,150,05:20,22:00,05:10,22:00
217000009,32,gyeonggi,평일,10,50,05:00,23:00,05:20,23:00
217000009,32,gyeonggi,토요일,40,60,05:00,23:00,05:30,23:00
217000009,32,gyeonggi,일요일,40,60,05:00,23:00,05:30,23:00
217000009,32,gyeonggi,공휴일,40,60,05:00,23:00,05:30,23:00
217000012,350,gyeonggi,평일,50,60,04:50,23:00,05:40,23:00
217000012,350,gyeonggi,토요일,60,80,04:50,23:00,05:40,23:00
217000012,350,gyeonggi,일요일,60,80,04:50,23:00,05:40,23:00
217000012,350,gyeonggi,공휴일,60,80,04:50,23:00,05:40,23:00
217000013,320,gyeonggi,평일,20,30,04:00,23:20,05:00,01:20
217000013,320,gyeonggi,토요일,25,35,04:00,23:20,05:00,01:20
217000013,320,gyeonggi,일요일,25,35,04:00,23:20,05:00,01:20
217000013,320,gyeonggi,공휴일,25,35,04:00,23:20,05:00,01:20
217000014,1100,gyeonggi,평일,30,50,05:00,23:00,06:05,00:05
217000014,1100,gyeonggi,토요일,30,50,05:00,23:00,06:05,00:05
217000014,1100,gyeonggi,일요일,40,60,05:00,23:00,06:05,00:05
217000014,1100,gyeonggi,공휴일,40,60,05:00,23:00,06:05,00:05
218000001,85,gyeonggi,평일,10,15,05:00,22:20,06:11,23:20
218000001,85,gyeonggi,토요일,15,22,05:00,22:20,06:11,23:20
218000001,85,gyeonggi,일요일,20,28,05:00,22:20,06:11,23:20
218000001,85,gyeonggi,공휴일,20,28,05:00,22:20,06:11,23:20
218000006,97,gyeonggi,평일,60,70,04:50,22:00,06:50,00:00
218000006,97,gyeonggi,토요일,60,70,04:50,22:00,06:50,00:00
218000006,97,gyeonggi,일요일,60,70,04:50,22:00,06:50,00:00
218000006,97,gyeonggi,공휴일,60,70,04:50,22:00,06:50,00:00
218000007,1001,gyeonggi,평일,15,25,04:40,23:20,06:00,00:35
218000007,1001,gyeonggi,토요일,15,25,04:40,23:20,06:00,00:35
218000007,1001,gyeonggi,일요일,25,40,04:40,23:20,06:00,00:35
218000007,1001,gyeonggi,공휴일,25,40,04:40,23:20,06:00,00:35
218000010,1500,gyeonggi,평일,11,14,04:30,22:40,05:40,23:55
218000010,1500,gyeonggi,토요일,14,17,04:30,22:40,05:40,23:55
218000010,1500,gyeonggi,일요일,15,20,04:30,22:40,05:40,23:55
218000010,1500,gyeonggi,공휴일,15,20,04:30,22:40,05:40,23:55
218000011,1100,gyeonggi,평일,90,180,05:50,22:45,07:05,00:00
218000018,88A,gyeonggi,평일,6,11,05:00,00:50,00:00,00:00
218000018,88A,gyeonggi,토요일,8,15,05:00,00:20,00:00,00:00
218000018,88A,gyeonggi,일요일,8,15,05:30,00:20,00:00,00:00
218000018,88A,gyeonggi,공휴일,8,15,05:30,00:20,00:00,00:00
218000019,88B,gyeonggi,평일,6,10,05:00,01:05,00:00,00:00
218000019,88B,gyeonggi,토요일,7,12,05:00,00:20,00:00,00:00
218000019,88B,gyeonggi,일요일,9,15,05:30,00:20,00:00,00:00
218000019,88B,gyeonggi,공휴일,9,15,05:30,00:20,00:00,00:00
218000111,999,gyeonggi,평일,14,20,05:00,22:20,06:00,23:20
218000111,999,gyeonggi,토요일,20,26,05:00,22:50,06:00,23:50
218000111,999,gyeonggi,일요일,20,30,05:00,22:50,06:00,23:50
218000111,999,gyeonggi,공휴일,20,30,05:00,22:50,06:00,23:50
218000116,730,gyeonggi,평일,6,14,05:00,23:00,06:10,00:10
218000116,730,gyeonggi,토요일,10,17,05:00,23:00,06:10,00:10
218000116,730,gyeonggi,일요일,15,28,05:00,23:00,06:10,00:10
218000116,730,gyeonggi,공휴일,15,28,05:00,23:00,06:10,00:10
218000117,3400,gyeonggi,평일,14,16,05:00,23:30,06:00,00:40
218000117,3400,gyeonggi,토요일,19,20,05:00,22:40,06:00,23:50
218000117,3400,gyeonggi,일요일,22,22,05:00,22:30,06:00,23:40
218000117,3400,gyeonggi,공휴일,22,22,05:00,22:30,06:00,23:40
218000125,65,gyeonggi,평일,20,30,04:40,22:20,06:00,23:40
218000125,65,gyeonggi,토요일,25,31,04:40,22:20,06:00,23:40
218000125,65,gyeonggi,일요일,32,35,04:40,22:20,06:00,23:40
218000125,65,gyeonggi,공휴일,32,35,04:40,22:20,06:00,23:40
218000127,고양똑버스01,gyeonggi,평일,,,06:00,23:30,06:20,00:00
218000127,고양똑버스01,gyeonggi,토요일,,,06:00,23:30,06:20,00:00
218000127,고양똑버스01,gyeonggi,일요일,,,06:00,23:30,06:20,00:00
218000127,고양똑버스01,gyeonggi,공휴일,,,06:00,23:30,06:20,00:00
218000130,67,gyeonggi,평일,15,20,04:40,22:40,06:00,23:55
218000130,67,gyeonggi,토요일,23,23,04:40,22:40,06:00,23:55
218000130,67,gyeonggi,일요일,30,31,04:40,22:40,06:00,23:55
218000130,67,gyeonggi,공휴일,30,31,04:40,22:40,06:00,23:55
218000133,100,gyeonggi,평일,8,9,05:30,22:44,06:15,23:30
218000133,100,gyeonggi,토요일,13,14,05:30,22:44,06:15,23:30
218000133,100,gyeonggi,일요일,13,14,06:00,22:44,06:40,23:30
218000133,100,gyeonggi,공휴일,13,14,06:00,22:44,06:40,23:30
218000134,81,gyeonggi,평일,7,8,05:30,23:20,05:30,23:30
218000134,81,gyeonggi,토요일,11,13,05:30,23:20,05:30,23:30
218000134,81,gyeonggi,일요일,11,13,06:00,23:20,06:00,23:30
218000134,81,gyeonggi,공휴일,11,13,06:00,23:20,06:00,23:30
218000135,83,gyeonggi,평일,8,9,05:30,22:40,06:15,23:30
218000135,83,gyeonggi,토요일,11,13,05:30,22:40,06:15,23:30
218000135,83,gyeonggi,일요일,11,13,06:00,22:40,06:40,23:30
218000135,83,gyeonggi,공휴일,11,13,06:00,22:40,06:40,23:30
218000144,87,gyeonggi,평일,60,120,06:00,18:00,07:00,19:00
218000145,50,gyeonggi,평일,60,90,05:30,22:20,06:30,23:30
218000145,50,gyeonggi,토요일,120,150,05:30,21:20,06:30,22:30
218000145,50,gyeonggi,일요일,120,150,05:30,21:20,06:30,22:30
218000145,50,gyeonggi,공휴일,120,150,05:30,21:20,06:30,22:30
218000148,99,gyeonggi,평일,12,15,05:30,22:50,06:30,23:50
218000148,99,gyeonggi,토요일,15,20,05:30,22:20,06:30,23:20
218000148,99,gyeonggi,일요일,25,28,05:30,22:20,06:30,23:20
218000148,99,gyeonggi,공휴일,25,28,05:30,22:20,06:30,23:20
218000149,98,gyeonggi,평일,10,15,05:30,23:00,06:30,00:00
218000149,98,gyeonggi,토요일,12,18,05:30,22:30,06:30,23:30
218000149,98,gyeonggi,일요일,18,25,05:30,22:30,06:30,23:30
218000149,98,gyeonggi,공휴일,18,25,05:30,22:30,06:30,23:30
218000150,69,gyeonggi,평일,18,20,05:30,23:00,06:20,23:50
218000150,69,gyeonggi,토요일,20,30,05:30,22:40,06:20,23:50
218000150,69,gyeonggi,일요일,30,40,05:30,22:40,06:20,23:50
218000150,69,gyeonggi,공휴일,30,40,05:30,22:40,06:20,23:50
218000151,3800,gyeonggi,평일,25,40,05:00,23:00,06:40,00:40
218000151,3800,gyeonggi,토요일,30,45,05:00,23:00,06:40,00:40
218000151,3800,gyeonggi,일요일,40,50,05:00,22:40,06:40,00:20
218000151,3800,gyeonggi,공휴일,40,50,05:00,22:40,06:40,00:20
218000155,M7119,gyeonggi,평일,10,20,04:30,23:30,05:10,00:30
218000155,M7119,gyeonggi,토요일,10,25,04:30,23:30,05:10,00:30
218000155,M7119,gyeonggi,일요일,10,25,04:30,23:30,05:10,00:30
218000155,M7119,gyeonggi,공휴일,10,25,04:30,23:30,05:10,00:30
218000157,고양똑버스04,gyeonggi,평일,,,06:00,23:30,06:30,00:00
218000157,고양똑버스04,gyeonggi,토요일,,,06:00,23:30,06:30,00:00
218000157,고양똑버스04,gyeonggi,일요일,,,06:00,23:30,06:30,00:00
218000157,고양똑버스04,gyeonggi,공휴일,,,06:00,23:30,06:30,00:00
218000158,M7731,gyeonggi,평일,7,11,05:00,00:30,06:00,01:30
218000158,M7731,gyeonggi,토요일,9,12,05:00,00:30,06:00,01:30
218000158,M7731,gyeonggi,일요일,12,14,05:00,00:30,06:00,01:30
218000158,M7731,gyeonggi,공휴일,12,14,05:00,00:30,06:00,01:30
218000161,고양똑버스03,gyeonggi,평일,,,06:00,23:30,06:40,00:00
218000161,고양똑버스03,gyeonggi,토요일,,,06:00,23:30,06:40,00:00
218000161,고양똑버스03,gyeonggi,일요일,,,06:00,23:30,06:40,00:00
218000161,고양똑버스03,gyeonggi,공휴일,,,06:00,23:30,06:40,00:00
218000162,84,gyeonggi,평일,20,20,05:30,23:35,06:00,00:05
218000162,84,gyeonggi,토요일,20,28,05:30,23:35,06:00,00:05
218000162,84,gyeonggi,일요일,20,28,05:30,23:35,06:00,00:05
218000162,84,gyeonggi,공휴일,20,28,05:30,23:35,06:00,00:05
218000164,7602,gyeonggi,평일,20,40,05:00,23:00,06:30,00:30
218000164,7602,gyeonggi,토요일,30,35,05:00,23:00,06:30,00:00
218000164,7602,gyeonggi,일요일,30,40,05:00,23:00,06:30,00:30
218000164,7602,gyeonggi,공휴일,30,40,05:00,23:00,06:30,00:30
218000167,M7412,gyeonggi,평일,11,20,04:40,22:50,05:40,00:00
218000167,M7412,gyeonggi,토요일,15,25,04:40,22:50,05:40,00:00
218000167,M7412,gyeonggi,일요일,15,25,04:40,22:50,05:40,00:00
218000167,M7412,gyeonggi,공휴일,15,25,04:40,22:50,05:40,00:00
218000168,N999,gyeonggi,평일,20,,23:10,23:30,00:10,00:30
218000170,89,gyeonggi,평일,17,23,04:30,23:05,05:33,00:00
218000170,89,gyeonggi,토요일,20,25,04:30,23:05,05:33,00:00
218000170,89,gyeonggi,일요일,20,25,04:30,23:05,05:33,00:00
218000170,89,gyeonggi,공휴일,20,25,04:30,23:05,05:33,00:00
218000172,M7412(예약),gyeonggi,평일,34,,05:56,06:30,00:00,00:00
218000174,1500(예약),gyeonggi,평일,,,07:15,07:15,08:25,08:25
218000175,M7119(예약),gyeonggi,평일,15,,05:30,07:40,06:30,08:50
218000176,98-1,gyeonggi,평일,15,15,13:00,23:00,13:10,23:10
218000176,98-1,gyeonggi,토요일,15,15,13:00,23:00,13:10,23:10
218000176,98-1,gyeonggi,일요일,15,15,13:00,23:00,13:10,23:10
218000176,98-1,gyeonggi,공휴일,15,15,13:00,23:00,13:10,23:10
219000001,11,gyeonggi,평일,9,12,04:40,22:40,05:45,23:55
219000001,11,gyeonggi,토요일,10,13,04:40,22:40,05:45,23:55
219000001,11,gyeonggi,일요일,12,14,04:40,22:40,05:45,23:55
219000001,11,gyeonggi,공휴일,12,14,04:40,22:40,05:45,23:55
219000005,82,gyeonggi,평일,50,60,04:30,22:30,06:00,23:40
219000005,82,gyeonggi,토요일,70,80,04:30,22:30,06:00,23:40
219000005,82,gyeonggi,일요일,70,80,04:30,22:30,06:00,23:40
219000005,82,gyeonggi,공휴일,70,80,04:30,22:30,06:00,23:40
219000006,1082,gyeonggi,평일,10,20,05:00,22:30,05:55,23:30
219000006,1082,gyeonggi,토요일,12,20,05:00,22:30,05:55,23:30
219000006,1082,gyeonggi,일요일,12,20,05:00,22:30,05:55,23:30
219000006,1082,gyeonggi,공휴일,12,20,05:00,22:30,05:55,23:30
219000008,55,gyeonggi,평일,30,60,05:00,22:20,05:50,23:10
219000008,55,gyeonggi,토요일,35,70,05:00,22:20,05:50,23:10
219000008,55,gyeonggi,일요일,35,70,05:00,22:20,05:50,23:10
219000008,55,gyeonggi,공휴일,35,70,05:00,22:20,05:00,23:10
219000013,1000,gyeonggi,평일,3,10,04:25,00:00,05:30,01:00
219000013,1000,gyeonggi,토요일,5,10,04:25,23:40,05:30,00:40
219000013,1000,gyeonggi,일요일,7,10,04:25,23:00,05:30,00:00
219000013,1000,gyeonggi,공휴일,7,10,04:25,23:00,05:30,00:00
219000015,921,gyeonggi,평일,25,35,05:00,23:00,06:10,00:10
219000015,921,gyeonggi,토요일,40,45,05:00,23:00,06:10,00:10
219000015,921,gyeonggi,일요일,40,45,05:00,23:00,06:10,00:10
219000015,921,gyeonggi,공휴일,40,45,05:00,23:00,06:10,00:10
219000016,1200,gyeonggi,평일,7,16,04:30,23:20,06:00,00:40
219000016,1200,gyeonggi,토요일,12,16,04:30,22:40,06:00,00:00
219000016,1200,gyeonggi,일요일,13,18,04:30,22:40,06:00,00:00
219000016,1200,gyeonggi,공휴일,13,18,04:30,22:40,06:00,00:00
219000025,3300,gyeonggi,평일,10,35,04:15,21:45,05:45,23:15
219000025,3300,gyeonggi,토요일,10,35,04:15,21:45,05:45,23:15
219000025,3300,gyeonggi,일요일,10,35,04:15,21:45,05:45,23:15
219000025,3300,gyeonggi,공휴일,10,35,04:15,21:45,05:45,23:15
219000026,9700,gyeonggi,평일,20,40,05:00,22:45,06:10,00:00
219000026,9700,gyeonggi,토요일,30,50,05:00,22:45,06:10,00:00
219000026,9700,gyeonggi,일요일,30,50,05:00,22:45,06:10,00:00
219000026,9700,gyeonggi,공휴일,30,50,05:00,22:45,06:10,00:00
219000027,1900,gyeonggi,평일,70,90,04:40,22:40,05:40,23:50
220000012,6,gyeonggi,평일,15,18,05:40,22:30,06:35,23:30
220000012,6,gyeonggi,토요일,30,32,05:40,22:30,06:35,23:30
220000012,6,gyeonggi,일요일,30,32,05:40,22:30,06:35,23:30
220000012,6,gyeonggi,공휴일,30,32,05:40,22:30,06:35,23:30
220000022,8,gyeonggi,평일,30,45,05:50,21:50,05:50,21:50
220000023,8-1,gyeonggi,토요일,30,45,05:50,21:50,05:50,21:50
220000023,8-1,gyeonggi,일요일,30,45,05:50,21:50,05:50,21:50
220000023,8-1,gyeonggi,공휴일,30,45,05:50,21:50,05:50,21:50
220000024,7,gyeonggi,평일,10,20,05:40,23:00,06:23,23:43
220000024,7,gyeonggi,토요일,25,30,05:40,23:00,06:23,23:43
220000024,7,gyeonggi,일요일,25,30,05:40,23:00,06:23,23:43
220000024,7,gyeonggi,공휴일,25,30,05:40,23:00,06:23,23:43
221000003,1000,gyeonggi,평일,17,60,05:30,23:30,06:20,00:20
221000003,1000,gyeonggi,토요일,35,90,05:30,22:50,06:20,23:45
221000003,1000,gyeonggi,일요일,35,90,05:30,22:50,06:20,23:45
221000003,1000,gyeonggi,공휴일,35,90,05:30,22:50,06:20,23:45
221000032,75,gyeonggi,평일,13,23,05:00,23:05,05:35,23:40
221000032,75,gyeonggi,토요일,20,30,05:00,23:05,05:35,23:40
221000032,75,gyeonggi,일요일,20,30,05:00,23:05,05:35,23:40
221000032,75,gyeonggi,공휴일,20,30,05:00,23:05,05:35,23:40
221000033,1680,gyeonggi,평일,15,20,05:50,22:40,06:25,23:20
221000033,1680,gyeonggi,토요일,25,30,05:50,22:40,06:25,23:20
221000033,1680,gyeonggi,일요일,25,30,05:50,22:40,06:25,23:20
221000033,1680,gyeonggi,공휴일,25,30,05:50,22:40,06:25,23:20
221000034,75-1,gyeonggi,평일,15,23,05:05,23:15,05:30,23:40
221000034,75-1,gyeonggi,토요일,18,25,05:05,23:15,05:30,23:40
221000034,75-1,gyeonggi,일요일,20,30,05:05,23:15,05:30,23:40
221000034,75-1,gyeonggi,공휴일,20,30,05:05,23:15,05:30,23:40
221000035,G1690,gyeonggi,평일,16,34,05:40,23:05,06:30,23:55
221000035,G1690,gyeonggi,토요일,20,45,05:40,23:05,06:30,23:55
221000035,G1690,gyeonggi,일요일,20,45,05:40,23:05,06:30,23:55
221000035,G1690,gyeonggi,공휴일,20,45,05:40,23:05,06:30,23:55
221000040,680,gyeonggi,평일,15,35,05:10,22:00,06:00,22:50
221000040,680,gyeonggi,토요일,25,45,05:10,22:00,06:00,22:50
221000040,680,gyeonggi,일요일,25,45,05:10,22:00,06:00,22:50
221000040,680,gyeonggi,공휴일,25,45,05:10,22:00,06:00,22:50
221000041,79,gyeonggi,평일,15,25,05:50,21:10,06:45,22:10
221000041,79,gyeonggi,토요일,20,30,05:50,21:10,06:45,22:10
221000041,79,gyeonggi,일요일,20,30,05:50,21:10,06:45,22:10
221000041,79,gyeonggi,공휴일,20,30,05:50,21:10,06:45,22:10
222000002,707,gyeonggi,평일,15,30,04:20,23:50,05:35,01:00
222000002,707,gyeonggi,토요일,20,35,04:20,23:50,05:35,01:00
222000002,707,gyeonggi,일요일,25,40,04:20,23:50,05:35,01:00
222000002,707,gyeonggi,공휴일,25,40,04:20,23:50,05:35,01:00
222000004,202,gyeonggi,평일,6,25,04:27,23:50,05:40,01:05
222000004,202,gyeonggi,토요일,6,35,04:27,23:50,05:40,01:05
222000004,202,gyeonggi,일요일,20,35,04:27,23:50,05:40,01:05
222000004,202,gyeonggi,공휴일,20,35,04:27,23:50,05:40,01:05
222000006,71,gyeonggi,평일,20,90,06:00,22:00,06:20,22:20
222000006,71,gyeonggi,토요일,50,90,06:00,22:00,06:20,22:20
222000006,71,gyeonggi,일요일,50,90,06:00,22:00,06:20,22:20
222000006,71,gyeonggi,공휴일,50,90,06:00,22:00,06:20,22:20
222000008,155,gyeonggi,평일,7,15,04:15,22:45,04:55,23:25
222000008,155,gyeonggi,토요일,10,20,04:15,22:45,04:55,23:25
222000008,155,gyeonggi,일요일,10,20,04:15,22:45,04:55,23:25
222000008,155,gyeonggi,공휴일,10,20,04:15,22:45,04:55,23:25
222000009,9,gyeonggi,평일,13,20,04:30,23:40,05:50,01:05
222000009,9,gyeonggi,토요일,15,25,04:30,23:40,05:50,01:05
222000009,9,gyeonggi,일요일,20,30,04:30,23:40,05:50,01:05
222000009,9,gyeonggi,공휴일,20,30,04:30,23:40,05:50,01:05
222000013,23,gyeonggi,평일,12,25,03:50,22:30,05:35,00:35
222000013,23,gyeonggi,토요일,15,25,03:50,22:30,05:35,00:35
222000013,23,gyeonggi,일요일,20,30,03:50,22:30,05:35,00:35
222000013,23,gyeonggi,공휴일,20,30,03:50,22:30,05:35,00:35
222000016,7-7,gyeonggi,평일,70,150,05:45,20:20,06:13,20:50
222000016,7-7,gyeonggi,토요일,70,150,05:45,20:20,06:13,20:50
222000016,7-7,gyeonggi,일요일,70,150,05:45,20:20,06:13,20:50
222000016,7-7,gyeonggi,공휴일,70,150,05:45,20:20,06:13,20:50
222000017,6-1,gyeonggi,평일,75,140,06:00,21:00,06:25,21:30
222000017,6-1,gyeonggi,토요일,75,140,06:00,21:00,06:25,21:30
222000017,6-1,gyeonggi,일요일,75,140,06:00,21:00,06:25,21:30
222000017,6-1,gyeonggi,공휴일,75,140,06:00,21:00,06:25,21:30
222000019,7-4,gyeonggi,평일,90,155,05:20,20:15,06:00,20:55
222000019,7-4,gyeonggi,토요일,90,155,05:20,20:15,06:00,20:55
222000019,7-4,gyeonggi,일요일,90,155,05:20,20:15,06:00,20:55
222000019,7-4,gyeonggi,공휴일,90,155,05:20,20:15,06:00,20:55
222000020,6-2,gyeonggi,평일,120,200,06:00,21:20,06:55,22:25
222000020,6-2,gyeonggi,토요일,120,200,06:00,21:20,06:55,22:25
222000020,6-2,gyeonggi,일요일,120,200,06:00,21:20,06:55,22:25
222000020,6-2,gyeonggi,공휴일,120,200,06:00,21:20,06:55,22:25
222000023,55,gyeonggi,평일,15,20,05:10,22:00,06:05,23:00
222000023,55,gyeonggi,토요일,20,30,05:10,22:00,06:05,23:00
222000023,55,gyeonggi,일요일,30,35,05:10,22:00,06:05,23:00
222000023,55,gyeonggi,공휴일,30,35,05:10,22:00,06:05,23:00
222000026,93,gyeonggi,평일,25,45,05:00,22:20,06:20,23:40
222000026,93,gyeonggi,토요일,50,80,05:00,22:20,06:20,23:40
222000026,93,gyeonggi,일요일,50,80,05:00,22:20,06:20,23:40
222000026,93,gyeonggi,공휴일,50,80,05:00,22:20,06:20,23:40
222000027,97,gyeonggi,평일,25,45,04:45,22:15,06:00,23:30
222000027,97,gyeonggi,토요일,45,70,04:45,22:15,06:00,23:30
222000027,97,gyeonggi,일요일,45,70,04:45,22:15,06:00,23:30
222000027,97,gyeonggi,공휴일,45,70,04:45,22:15,06:00,23:30
222000028,165,gyeonggi,평일,12,14,04:30,22:30,05:35,23:50
222000028,165,gyeonggi,토요일,20,30,04:30,22:30,05:35,23:50
222000028,165,gyeonggi,일요일,20,30,04:30,22:30,05:35,23:50
222000028,165,gyeonggi,공휴일,20,30,04:30,22:30,05:35,23:50
222000029,6,gyeonggi,평일,190,190,06:30,20:20,07:25,21:20
222000029,6,gyeonggi,토요일,190,190,06:30,20:20,07:25,21:20
222000029,6,gyeonggi,일요일,190,190,06:30,20:20,07:25,21:20
222000029,6,gyeonggi,공휴일,190,190,06:30,20:20,07:25,21:20
222000031,65,gyeonggi,평일,15,30,05:00,23:10,06:30,00:40
222000031,65,gyeonggi,토요일,30,40,05:00,23:10,06:30,00:40
222000031,65,gyeonggi,일요일,30,40,05:00,23:10,06:30,00:40
222000031,65,gyeonggi,공휴일,30,40,05:00,23:10,06:30,00:40
222000032,1-4,gyeonggi,평일,20,50,05:00,22:00,05:00,00:00
222000032,1-4,gyeonggi,토요일,40,60,05:00,22:00,05:00,00:00
222000032,1-4,gyeonggi,일요일,40,60,05:00,22:00,05:00,00:00
222000032,1-4,gyeonggi,공휴일,40,60,05:00,22:00,05:00,00:00
222000033,30-15,gyeonggi,평일,105,180,05:45,21:40,06:30,22:25
222000033,30-15,gyeonggi,토요일,105,180,05:45,21:40,06:30,22:25
222000033,30-15,gyeonggi,일요일,105,180,05:45,21:40,06:30,22:25
222000033,30-15,gyeonggi,공휴일,105,180,05:45,21:40,06:30,22:25
222000034,땡큐34,gyeonggi,평일,40,130,05:45,21:05,06:25,21:55
222000034,땡큐34,gyeonggi,토요일,40,130,05:45,21:05,06:25,21:55
222000034,땡큐34,gyeonggi,일요일,40,130,05:45,21:05,06:25,21:55
222000034,땡큐34,gyeonggi,공휴일,40,130,05:45,21:05,06:25,21:55
222000040,땡큐37,gyeonggi,평일,60,100,06:20,20:30,07:25,21:35
222000040,땡큐37,gyeonggi,토요일,140,180,07:00,20:30,08:05,21:35
222000040,땡큐37,gyeonggi,일요일,140,180,07:00,20:30,08:05,21:35
222000040,땡큐37,gyeonggi,공휴일,140,180,07:00,20:30,08:05,21:35
222000041,땡큐21,gyeonggi,평일,15,90,05:35,22:50,05:55,23:10
222000041,땡큐21,gyeonggi,토요일,15,90,05:35,22:50,05:55,23:10
222000041,땡큐21,gyeonggi,일요일,15,90,05:35,22:50,05:55,23:10
222000041,땡큐21,gyeonggi,공휴일,15,90,05:35,22:50,05:55,23:10
222000045,112-1,gyeonggi,평일,20,30,05:10,22:30,06:20,23:40
222000045,112-1,gyeonggi,토요일,25,35,05:10,22:30,06:20,23:40
222000045,112-1,gyeonggi,일요일,30,40,05:10,22:30,06:20,23:40
222000045,112-1,gyeonggi,공휴일,30,40,05:10,22:30,06:20,23:40
222000046,1670,gyeonggi,평일,8,25,05:07,00:20,05:30,01:00
222000046,1670,gyeonggi,토요일,15,25,05:07,00:20,05:30,01:00
222000046,1670,gyeonggi,일요일,20,25,05:07,00:20,05:30,01:00
222000046,1670,gyeonggi,공휴일,20,25,05:07,00:20,05:30,01:00
222000047,168,gyeonggi,평일,60,140,05:50,21:30,07:20,22:50
222000047,168,gyeonggi,토요일,120,180,05:50,21:30,07:20,23:25
222000047,168,gyeonggi,일요일,120,180,05:50,21:30,07:20,22:50
222000047,168,gyeonggi,공휴일,120,180,05:50,21:30,07:20,22:50
222000048,166-1,gyeonggi,평일,15,35,05:20,23:30,06:25,00:50
222000048,166-1,gyeonggi,토요일,20,40,05:20,23:30,06:25,00:50
222000048,166-1,gyeonggi,일요일,20,40,05:20,23:30,06:25,00:50
222000048,166-1,gyeonggi,공휴일,20,40,05:20,23:30,06:25,00:50
222000049,1660,gyeonggi,평일,15,30,05:00,00:20,05:30,01:00
222000049,1660,gyeonggi,토요일,25,30,05:00,00:20,05:30,01:00
222000049,1660,gyeonggi,일요일,25,30,05:00,00:20,05:30,01:00
222000049,1660,gyeonggi,공휴일,25,30,05:00,00:20,05:30,01:00
222000050,51,gyeonggi,평일,20,30,04:50,22:55,05:35,23:45
222000050,51,gyeonggi,토요일,40,45,04:50,22:55,05:35,23:45
222000050,51,gyeonggi,일요일,40,45,04:50,22:55,05:35,23:45
222000050,51,gyeonggi,공휴일,40,45,04:50,22:55,05:35,23:45
222000052,95,gyeonggi,평일,7,10,04:25,22:50,05:30,23:55
222000052,95,gyeonggi,토요일,8,12,04:25,22:50,05:30,23:55
222000052,95,gyeonggi,일요일,10,15,04:50,22:50,05:30,23:55
222000052,95,gyeonggi,공휴일,10,15,04:50,22:50,05:30,23:55
222000055,7,gyeonggi,평일,40,110,05:55,21:25,06:25,22:00
222000055,7,gyeonggi,토요일,90,120,05:55,21:25,06:25,22:00
222000055,7,gyeonggi,일요일,90,120,05:55,21:25,06:25,22:00
222000055,7,gyeonggi,공휴일,90,120,05:55,21:25,06:25,22:00
222000056,167-1,gyeonggi,평일,90,90,05:45,20:20,06:25,21:00
222000056,167-1,gyeonggi,토요일,90,90,05:45,20:20,06:25,21:00
222000056,167-1,gyeonggi,일요일,90,90,05:45,20:20,06:25,21:00
222000056,167-1,gyeonggi,공휴일,90,90,05:45,20:20,06:25,21:00
222000058,1,gyeonggi,평일,20,25,04:25,23:45,05:30,01:00
222000058,1,gyeonggi,토요일,30,35,04:25,23:45,05:30,01:00
222000058,1,gyeonggi,일요일,30,40,04:25,23:25,05:30,00:40
222000058,1,gyeonggi,공휴일,30,40,04:25,23:25,05:30,00:40
222000061,땡큐36,gyeonggi,평일,70,150,06:00,20:30,06:30,21:10
222000061,땡큐36,gyeonggi,토요일,70,150,06:00,20:30,06:30,21:10
222000061,땡큐36,gyeonggi,일요일,70,150,06:00,20:30,06:30,21:10
222000061,땡큐36,gyeonggi,공휴일,70,150,06:00,20:30,06:30,21:10
222000063,땡큐24,gyeonggi,평일,30,75,05:10,22:00,05:55,22:45
222000063,땡큐24,gyeonggi,토요일,50,120,05:10,22:00,05:55,22:45
222000063,땡큐24,gyeonggi,일요일,50,120,05:10,22:00,05:55,22:45
222000063,땡큐24,gyeonggi,공휴일,50,120,05:10,22:00,05:55,22:45
222000064,땡큐23,gyeonggi,평일,50,130,06:00,20:25,06:25,20:55
222000064,땡큐23,gyeonggi,토요일,50,130,06:00,20:25,06:25,20:55
222000064,땡큐23,gyeonggi,일요일,50,130,06:00,20:25,06:25,20:55
222000064,땡큐23,gyeonggi,공휴일,50,130,06:00,20:25,06:25,20:55
222000073,1700,gyeonggi,평일,13,30,05:00,22:30,06:10,23:40
222000073,1700,gyeonggi,토요일,25,40,05:00,22:30,06:10,23:40
222000073,1700,gyeonggi,일요일,25,40,05:00,22:30,06:10,23:40
222000073,1700,gyeonggi,공휴일,25,40,05:00,22:30,06:10,23:40
222000074,1100,gyeonggi,평일,20,60,05:00,23:00,06:50,00:30
222000074,1100,gyeonggi,토요일,30,60,05:00,23:00,06:50,00:30
222000074,1100,gyeonggi,일요일,30,60,05:00,23:00,06:50,00:30
222000074,1100,gyeonggi,공휴일,30,60,05:00,23:00,06:50,00:30
222000075,2000,gyeonggi,평일,8,20,04:55,22:55,06:35,00:45
222000075,2000,gyeonggi,토요일,15,25,04:55,22:10,06:35,23:45
222000075,2000,gyeonggi,일요일,15,25,04:55,22:10,06:35,23:45
222000075,2000,gyeonggi,공휴일,15,25,04:55,22:10,06:35,23:45
222000076,7007,gyeonggi,평일,10,30,05:10,22:30,06:30,23:50
222000076,7007,gyeonggi,토요일,25,30,05:10,22:30,06:30,23:50
222000076,7007,gyeonggi,일요일,30,40,05:10,22:30,06:30,23:50
222000076,7007,gyeonggi,공휴일,30,40,05:10,22:30,06:30,23:50
222000078,1200,gyeonggi,평일,15,55,05:00,22:30,06:00,23:30
222000078,1200,gyeonggi,토요일,20,40,05:00,22:30,06:00,23:30
222000078,1200,gyeonggi,일요일,30,40,05:00,22:30,06:00,23:30
222000078,1200,gyeonggi,공휴일,30,40,05:00,22:30,06:00,23:30
222000084,8002,gyeonggi,평일,2,10,05:10,23:10,06:05,00:10
222000084,8002,gyeonggi,토요일,6,15,05:10,23:10,06:05,00:10
222000084,8002,gyeonggi,일요일,6,15,05:10,22:50,06:05,23:50
222000084,8002,gyeonggi,공휴일,6,15,05:10,22:50,06:05,23:50
222000088,8001,gyeonggi,평일,60,150,05:00,22:40,06:20,00:00
222000088,8001,gyeonggi,토요일,70,150,05:00,22:40,06:20,00:00
222000088,8001,gyeonggi,일요일,70,150,05:00,22:40,06:20,00:00
222000088,8001,gyeonggi,공휴일,70,150,05:00,22:40,06:20,00:00
222000090,8012,gyeonggi,평일,8,13,05:00,23:00,06:00,00:00
222000090,8012,gyeonggi,토요일,15,20,05:00,23:00,06:00,00:00
222000090,8012,gyeonggi,일요일,15,25,05:00,23:00,06:00,00:00
222000090,8012,gyeonggi,공휴일,15,25,05:00,23:00,06:00,00:00
222000096,7-8,gyeonggi,평일,40,90,05:50,21:00,06:10,21:20
222000096,7-8,gyeonggi,토요일,40,90,05:50,21:00,06:10,21:20
222000096,7-8,gyeonggi,일요일,40,90,05:50,21:00,06:10,21:20
222000096,7-8,gyeonggi,공휴일,40,90,05:50,21:00,06:10,21:20
222000098,5-1,gyeonggi,평일,35,120,05:50,20:55,06:20,21:25
222000098,5-1,gyeonggi,토요일,90,120,05:50,20:55,06:20,21:25
222000098,5-1,gyeonggi,일요일,90,120,05:50,20:55,06:20,21:25
222000098,5-1,gyeonggi,공휴일,90,120,05:50,20:55,06:20,21:25
222000105,M2316,gyeonggi,평일,10,25,05:00,23:05,05:55,00:00
222000105,M2316,gyeonggi,토요일,15,25,05:00,23:05,05:55,00:00
222000105,M2316,gyeonggi,일요일,20,40,05:00,23:05,05:55,00:00
222000105,M2316,gyeonggi,공휴일,20,40,05:00,23:05,05:55,00:00
222000107,1001,gyeonggi,평일,10,20,05:10,23:00,06:00,23:50
222000107,1001,gyeonggi,토요일,20,30,05:10,23:00,06:00,23:50
222000107,1001,gyeonggi,일요일,20,30,05:10,23:00,06:00,23:50
222000107,1001,gyeonggi,공휴일,20,30,05:10,23:00,06:00,23:50
222000110,땡큐60,gyeonggi,평일,10,30,05:40,22:00,07:10,23:05
222000110,땡큐60,gyeonggi,토요일,10,40,05:40,22:00,07:10,23:05
222000110,땡큐60,gyeonggi,일요일,15,30,05:40,22:00,07:10,23:05
222000110,땡큐60,gyeonggi,공휴일,15,30,05:40,22:00,07:10,23:05
222000122,2000-1,gyeonggi,평일,20,,06:22,06:42,08:15,08:35
222000131,땡큐35,gyeonggi,평일,50,130,06:25,20:20,07:15,21:15
222000131,땡큐35,gyeonggi,토요일,60,190,06:25,19:25,07:15,20:25
222000131,땡큐35,gyeonggi,일요일,60,190,06:25,19:25,07:15,20:25
222000131,땡큐35,gyeonggi,공휴일,60,190,06:25,19:25,07:15,20:25
222000137,1200-1,gyeonggi,평일,30,,06:30,07:00,00:00,00:00
222000168,34,gyeonggi,평일,7,20,05:50,23:00,06:15,23:20
222000168,34,gyeonggi,토요일,15,25,05:50,23:00,06:15,23:20
222000168,34,gyeonggi,일요일,15,25,05:50,23:00,06:15,23:20
222000168,34,gyeonggi,공휴일,15,25,05:50,23:00,06:15,23:20
222000169,1003,gyeonggi,평일,7,17,05:30,23:00,06:15,23:45
222000169,1003,gyeonggi,토요일,20,30,05:30,23:00,06:15,23:45
222000169,1003,gyeonggi,일요일,20,30,05:30,23:00,06:15,23:45
222000169,1003,gyeonggi,공휴일,20,30,05:30,23:00,06:15,23:45
222000170,21,gyeonggi,평일,40,80,05:00,22:10,06:00,23:10
222000170,21,gyeonggi,토요일,50,150,05:00,22:10,06:00,23:10
222000170,21,gyeonggi,일요일,50,150,05:00,22:10,06:00,23:10
222000170,21,gyeonggi,공휴일,50,150,05:00,22:10,06:00,23:10
222000176,38,gyeonggi,평일,7,20,05:20,22:15,05:50,23:00
222000176,38,gyeonggi,토요일,15,30,05:20,22:15,05:50,23:00
222000176,38,gyeonggi,일요일,15,30,05:20,22:15,05:50,23:00
222000176,38,gyeonggi,공휴일,15,30,05:20,22:15,05:50,23:00
222000177,105,gyeonggi,평일,19,40,05:00,23:15,05:50,00:15
222000177,105,gyeonggi,토요일,30,45,05:00,23:15,05:50,00:15
222000177,105,gyeonggi,일요일,30,45,05:00,23:15,05:50,00:15
222000177,105,gyeonggi,공휴일,30,45,05:00,23:15,05:50,00:15
222000178,8002-1,gyeonggi,평일,9,14,06:33,07:26,07:33,08:40
222000179,M2341,gyeonggi,평일,15,30,05:20,22:50,06:20,23:50
222000179,M2341,gyeonggi,토요일,40,45,05:20,22:50,06:20,23:50
222000179,M2341,gyeonggi,일요일,40,45,05:20,22:50,06:20,23:50
222000179,M2341,gyeonggi,공휴일,40,45,05:20,22:50,06:20,23:50
222000180,땡큐12,gyeonggi,평일,30,50,05:30,22:30,06:20,23:20
222000180,땡큐12,gyeonggi,토요일,45,50,05:30,22:30,06:20,23:20
222000180,땡큐12,gyeonggi,일요일,45,50,05:30,22:30,06:20,23:20
222000180,땡큐12,gyeonggi,공휴일,45,50,05:30,22:30,06:20,23:20
222000181,76,gyeonggi,평일,8,15,04:45,22:40,06:05,23:50
222000181,76,gyeonggi,토요일,12,20,04:45,22:40,06:05,23:50
222000181,76,gyeonggi,일요일,12,20,04:45,22:40,06:05,23:50
222000181,76,gyeonggi,공휴일,12,20,04:45,22:40,06:05,23:50
222000182,81,gyeonggi,평일,25,40,06:00,23:30,06:30,00:00
222000182,81,gyeonggi,토요일,25,40,06:00,23:30,06:30,00:00
222000182,81,gyeonggi,일요일,25,40,06:00,23:30,06:30,00:00
222000182,81,gyeonggi,공휴일,25,40,06:00,23:30,06:30,00:00
222000186,105-1,gyeonggi,평일,15,30,05:20,23:35,05:55,00:15
222000186,105-1,gyeonggi,토요일,35,40,05:20,23:35,05:55,00:15
222000186,105-1,gyeonggi,일요일,40,45,05:20,23:35,05:55,00:15
222000186,105-1,gyeonggi,공휴일,40,45,05:20,23:35,05:55,00:15
222000187,땡큐33,gyeonggi,평일,15,30,05:05,22:30,06:05,23:45
222000187,땡큐33,gyeonggi,토요일,20,40,05:40,21:30,06:40,22:45
222000187,땡큐33,gyeonggi,일요일,25,45,05:40,21:30,06:40,22:45
222000187,땡큐33,gyeonggi,공휴일,25,45,05:40,21:30,06:40,22:45
222000190,땡큐70,gyeonggi,평일,15,55,04:45,22:00,05:45,23:00
222000190,땡큐70,gyeonggi,토요일,15,30,06:00,22:00,07:10,23:00
222000190,땡큐70,gyeonggi,일요일,20,30,06:00,22:00,07:10,23:00
222000190,땡큐70,gyeonggi,공휴일,20,30,06:00,22:00,07:10,23:00
222000191,땡큐10,gyeonggi,평일,20,30,05:20,22:00,06:20,23:05
222000191,땡큐10,gyeonggi,토요일,30,70,05:50,22:00,06:50,23:05
222000191,땡큐10,gyeonggi,일요일,30,70,05:50,22:00,06:50,23:05
222000191,땡큐10,gyeonggi,공휴일,30,70,05:50,22:00,06:50,23:05
222000192,1006,gyeonggi,평일,10,25,05:40,23:10,06:15,23:55
222000192,1006,gyeonggi,토요일,25,40,05:40,23:10,06:15,23:55
222000192,1006,gyeonggi,일요일,25,40,05:40,23:10,06:15,23:55
222000192,1006,gyeonggi,공휴일,25,40,05:40,23:10,06:15,23:55
222000195,땡큐90,gyeonggi,평일,12,20,05:15,22:00,06:40,23:20
222000195,땡큐90,gyeonggi,토요일,13,23,05:15,22:00,06:40,23:20
222000195,땡큐90,gyeonggi,일요일,20,25,05:15,22:00,06:40,23:20
222000195,땡큐90,gyeonggi,공휴일,20,25,05:15,22:00,06:40,23:20
222000196,7-9,gyeonggi,평일,110,180,07:00,21:15,06:15,22:10
222000196,7-9,gyeonggi,토요일,110,180,07:00,21:15,06:15,22:10
222000196,7-9,gyeonggi,일요일,110,180,07:00,21:15,06:15,22:10
222000196,7-9,gyeonggi,공휴일,110,180,07:00,21:15,06:15,22:10
222000197,8-9,gyeonggi,평일,65,130,06:35,21:50,07:00,22:15
222000197,8-9,gyeonggi,토요일,65,130,06:35,21:50,07:00,22:15
222000197,8-9,gyeonggi,일요일,65,130,06:35,21:50,07:00,22:15
222000197,8-9,gyeonggi,공휴일,65,130,06:35,21:50,07:00,22:15
222000199,땡큐50,gyeonggi,평일,12,50,05:25,22:00,06:55,23:30
222000199,땡큐50,gyeonggi,토요일,15,60,05:25,22:00,06:55,23:30
222000199,땡큐50,gyeonggi,일요일,15,60,05:25,22:00,06:55,23:30
222000199,땡큐50,gyeonggi,공휴일,15,60,05:25,22:00,06:55,23:30
222000200,땡큐30,gyeonggi,평일,8,25,05:45,22:30,06:40,23:30
222000200,땡큐30,gyeonggi,토요일,12,25,05:45,22:30,06:40,23:30
222000200,땡큐30,gyeonggi,일요일,12,25,05:45,22:30,06:40,23:30
222000200,땡큐30,gyeonggi,공휴일,12,25,05:45,22:30,06:40,23:30
222000201,땡큐11,gyeonggi,평일,10,25,05:10,22:50,06:10,23:50
222000201,땡큐11,gyeonggi,토요일,15,30,05:10,22:50,06:10,23:50
222000201,땡큐11,gyeonggi,일요일,15,30,05:10,22:50,06:10,23:50
222000201,땡큐11,gyeonggi,공휴일,15,30,05:10,22:50,06:10,23:50
222000202,33-2,gyeonggi,평일,105,170,06:20,21:05,06:50,21:55
222000202,33-2,gyeonggi,토요일,105,170,06:20,21:05,06:50,21:55
222000202,33-2,gyeonggi,일요일,105,170,06:20,21:05,06:50,21:55
222000202,33-2,gyeonggi,공휴일,105,170,06:20,21:05,06:50,21:55
222000205,땡큐22,gyeonggi,평일,15,135,07:20,20:10,07:50,20:40
222000205,땡큐22,gyeonggi,토요일,15,135,07:20,20:10,07:50,20:40
222000205,땡큐22,gyeonggi,일요일,15,135,07:20,20:10,07:50,20:40
222000205,땡큐22,gyeonggi,공휴일,15,135,07:20,20:10,07:50,20:40
222000209,M2352,gyeonggi,평일,10,20,05:35,23:00,06:30,23:50
222000209,M2352,gyeonggi,토요일,15,25,05:35,23:00,06:30,23:50
222000209,M2352,gyeonggi,일요일,15,25,05:35,23:00,06:30,23:50
222000209,M2352,gyeonggi,공휴일,15,25,05:35,23:00,06:30,23:50
222000210,M2353,gyeonggi,평일,10,20,05:20,23:15,06:10,23:55
222000210,M2353,gyeonggi,토요일,25,30,05:20,23:15,06:10,23:55
222000210,M2353,gyeonggi,일요일,25,30,05:20,23:15,06:10,23:55
222000210,M2353,gyeonggi,공휴일,25,30,05:20,23:15,06:10,23:55
222000211,5-2,gyeonggi,평일,45,55,06:00,21:05,06:30,21:30
222000211,5-2,gyeonggi,토요일,45,55,06:00,21:05,06:30,21:30
222000211,5-2,gyeonggi,일요일,45,55,06:00,21:05,06:30,21:30
222000211,5-2,gyeonggi,공휴일,45,55,06:00,21:05,06:30,21:30
222000213,1670-1,gyeonggi,평일,20,,06:50,00:00,07:50,00:00
222000214,5-5,gyeonggi,평일,50,140,06:00,21:00,06:30,21:25
222000214,5-5,gyeonggi,토요일,50,140,06:00,21:00,06:30,21:25
222000214,5-5,gyeonggi,일요일,50,140,06:00,21:00,06:30,21:25
222000214,5-5,gyeonggi,공휴일,50,140,06:00,21:00,06:30,21:25
222000215,6-6,gyeonggi,평일,,,07:45,00:00,07:55,
222000215,6-6,gyeonggi,토요일,,,07:45,,07:55,
222000215,6-6,gyeonggi,일요일,,,07:45,,07:55,
222000215,6-6,gyeonggi,공휴일,,,07:45,,07:55,
222000216,58,gyeonggi,평일,20,40,05:10,21:50,06:20,22:50
222000216,58,gyeonggi,토요일,25,45,05:40,21:50,06:45,22:50
222000216,58,gyeonggi,일요일,30,60,05:40,21:50,06:45,22:50
222000216,58,gyeonggi,공휴일,30,60,05:40,21:50,06:45,22:50
222000217,땡큐58-3,gyeonggi,평일,30,60,04:40,21:00,06:50,22:30
222000217,땡큐58-3,gyeonggi,토요일,40,140,04:40,21:00,06:50,22:30
222000217,땡큐58-3,gyeonggi,일요일,40,140,04:40,21:00,06:50,22:30
222000217,땡큐58-3,gyeonggi,공휴일,40,140,04:40,21:00,06:50,22:30
222000218,땡큐31,gyeonggi,평일,10,30,05:25,22:20,06:10,23:05
222000218,땡큐31,gyeonggi,토요일,20,30,05:25,22:20,06:10,23:05
222000218,땡큐31,gyeonggi,일요일,20,30,05:25,22:20,06:10,23:05
222000218,땡큐31,gyeonggi,공휴일,20,30,05:25,22:20,06:10,23:05
222000222,115,gyeonggi,평일,10,25,04:15,22:40,05:20,23:40
222000222,115,gyeonggi,토요일,20,30,04:15,22:40,05:20,23:40
222000222,115,gyeonggi,일요일,20,30,04:15,22:40,05:20,23:40
222000222,115,gyeonggi,공휴일,20,30,04:15,22:40,05:20,23:40
222000223,72,gyeonggi,평일,60,140,06:00,21:30,06:35,22:05
222000223,72,gyeonggi,토요일,60,140,06:00,21:30,06:35,22:05
222000223,72,gyeonggi,일요일,60,140,06:00,21:30,06:35,22:05
222000223,72,gyeonggi,공휴일,60,140,06:00,21:30,06:35,22:05
222000224,8-8A,gyeonggi,평일,120,180,07:00,19:00,07:25,19:25
222000224,8-8A,gyeonggi,토요일,120,180,07:00,19:00,07:25,19:25
222000224,8-8A,gyeonggi,일요일,120,180,07:00,19:00,07:25,19:25
222000224,8-8A,gyeonggi,공휴일,120,180,07:00,19:00,07:25,19:25
222000225,8-8B,gyeonggi,평일,120,180,06:00,20:00,06:25,20:25
222000225,8-8B,gyeonggi,토요일,120,180,06:00,20:00,06:25,20:25
222000225,8-8B,gyeonggi,일요일,120,180,06:00,20:00,06:25,20:25
222000225,8-8B,gyeonggi,공휴일,120,180,06:00,20:00,06:25,20:25
222000226,88-3,gyeonggi,평일,60,70,06:30,21:30,06:45,21:45
222000226,88-3,gyeonggi,토요일,60,70,07:30,20:00,07:45,20:15
222000226,88-3,gyeonggi,일요일,60,70,07:30,20:00,07:45,20:15
222000226,88-3,gyeonggi,공휴일,60,70,07:30,20:00,07:45,20:15
222000227,98,gyeonggi,평일,60,80,05:30,22:50,07:15,23:05
222000227,98,gyeonggi,토요일,100,120,05:30,22:50,07:15,23:05
222000227,98,gyeonggi,일요일,100,120,05:30,22:50,07:15,23:05
222000227,98,gyeonggi,공휴일,100,120,05:30,22:50,07:15,23:05
222000228,98-1,gyeonggi,평일,220,230,07:00,22:10,09:10,17:00
222000228,98-1,gyeonggi,토요일,220,230,07:00,22:10,09:10,17:00
222000228,98-1,gyeonggi,일요일,220,230,07:00,22:10,09:10,17:00
222000228,98-1,gyeonggi,공휴일,220,230,07:00,22:10,09:10,17:00
222000230,77,gyeonggi,평일,85,155,06:15,20:10,06:50,20:50
222000230,77,gyeonggi,토요일,85,155,06:15,20:10,06:50,20:50
222000230,77,gyeonggi,일요일,85,155,06:15,20:10,06:50,20:50
222000230,77,gyeonggi,공휴일,85,155,06:15,20:10,06:50,20:50
222000233,땡큐32,gyeonggi,평일,65,140,04:40,22:20,06:20,23:50
222000233,땡큐32,gyeonggi,토요일,110,180,04:40,21:40,06:20,23:15
222000233,땡큐32,gyeonggi,일요일,110,180,04:40,21:40,06:20,23:15
222000233,땡큐32,gyeonggi,공휴일,110,180,04:40,21:40,06:20,23:15
222000235,M2352(예약),gyeonggi,평일,25,,06:20,07:30,07:43,08:28
222000236,M2341(예약),gyeonggi,평일,40,,06:10,07:50,07:40,09:20
222000237,M2353(예약),gyeonggi,평일,20,,07:05,07:25,08:45,09:05
222000238,M2323(예약),gyeonggi,평일,42,,06:25,07:23,07:15,08:13
222000239,땡큐51,gyeonggi,평일,255,330,06:03,20:10,07:35,21:45
222000239,땡큐51,gyeonggi,토요일,250,360,06:10,20:55,07:40,21:30
222000239,땡큐51,gyeonggi,일요일,245,335,06:15,20:40,07:45,21:15
222000239,땡큐51,gyeonggi,공휴일,245,335,06:15,20:40,07:45,21:15
223000008,7,gyeonggi,평일,20,35,05:00,22:20,06:05,23:30
223000008,7,gyeonggi,토요일,23,35,05:00,22:20,06:05,23:30
223000008,7,gyeonggi,일요일,23,35,05:00,22:20,06:05,23:30
223000008,7,gyeonggi,공휴일,23,35,05:00,22:20,06:05,23:30
223000010,7-5,gyeonggi,평일,35,100,05:20,22:20,06:10,23:10
223000010,7-5,gyeonggi,토요일,60,120,05:20,22:05,06:10,23:10
223000010,7-5,gyeonggi,일요일,60,120,05:20,22:05,06:10,23:10
223000010,7-5,gyeonggi,공휴일,60,120,05:20,22:05,06:10,23:10
223000019,71,gyeonggi,평일,120,200,05:30,20:00,06:20,21:00
223000019,71,gyeonggi,토요일,120,200,05:30,20:00,06:20,21:00
223000019,71,gyeonggi,일요일,120,200,05:30,20:00,06:20,21:00
223000019,71,gyeonggi,공휴일,120,200,05:30,20:00,06:20,21:00
223000022,21,gyeonggi,평일,180,390,05:30,19:10,07:30,21:00
223000022,21,gyeonggi,토요일,180,390,05:30,19:10,07:30,21:00
223000022,21,gyeonggi,일요일,180,390,05:30,19:10,07:30,21:00
223000022,21,gyeonggi,공휴일,180,390,05:30,19:10,07:30,21:00
223000023,22,gyeonggi,평일,180,420,06:00,19:30,08:00,21:20
223000023,22,gyeonggi,토요일,180,420,06:00,19:30,08:00,21:20
223000023,22,gyeonggi,일요일,180,420,06:00,19:30,08:00,21:20
223000023,22,gyeonggi,공휴일,180,420,06:00,19:30,08:00,21:20
223000032,701A,gyeonggi,평일,40,60,04:50,21:10,07:10,23:30
223000032,701A,gyeonggi,토요일,50,70,04:50,21:10,07:10,23:30
223000032,701A,gyeonggi,일요일,50,70,04:50,21:10,07:10,23:30
223000032,701A,gyeonggi,공휴일,50,70,04:50,21:10,07:10,23:30
223000056,708,gyeonggi,평일,20,24,05:00,23:05,06:00,00:00
223000056,708,gyeonggi,토요일,29,35,05:00,23:05,06:00,00:00
223000056,708,gyeonggi,일요일,29,35,05:00,23:05,06:00,00:00
223000056,708,gyeonggi,공휴일,29,35,05:00,23:05,06:00,00:00
223000058,73,gyeonggi,평일,15,22,05:00,22:35,06:20,23:55
223000058,73,gyeonggi,토요일,16,26,05:00,22:35,06:20,23:55
223000058,73,gyeonggi,일요일,22,30,05:00,22:35,06:20,23:55
223000058,73,gyeonggi,공휴일,22,30,05:00,22:35,06:20,23:55
223000077,31,gyeonggi,평일,50,145,06:10,21:20,07:10,22:20
223000077,31,gyeonggi,토요일,140,210,06:10,20:20,07:10,21:20
223000077,31,gyeonggi,일요일,140,210,06:10,20:20,07:10,21:20
223000077,31,gyeonggi,공휴일,140,210,06:10,20:20,07:10,21:20
223000082,111,gyeonggi,평일,25,35,05:00,22:30,06:05,23:30
223000082,111,gyeonggi,토요일,30,35,05:00,22:30,06:05,23:30
223000082,111,gyeonggi,일요일,30,35,05:00,22:30,06:05,23:30
223000082,111,gyeonggi,공휴일,30,35,05:00,22:30,06:05,23:30
223000099,8,gyeonggi,평일,10,18,04:50,21:50,05:45,23:10
223000099,8,gyeonggi,토요일,13,24,04:50,21:50,06:15,23:10
223000099,8,gyeonggi,일요일,13,24,04:50,21:50,06:15,23:10
223000099,8,gyeonggi,공휴일,13,24,04:50,21:50,06:15,23:10
223000100,202,gyeonggi,평일,11,13,05:00,22:15,06:30,23:35
223000100,202,gyeonggi,토요일,12,14,05:00,22:15,06:30,23:35
223000100,202,gyeonggi,일요일,12,14,05:00,22:15,06:30,23:35
223000100,202,gyeonggi,공휴일,12,14,05:00,22:15,06:30,23:35
223000105,9,gyeonggi,평일,15,40,05:00,21:45,05:50,23:05
223000105,9,gyeonggi,토요일,20,50,05:00,21:45,05:50,23:05
223000105,9,gyeonggi,일요일,20,50,05:00,21:45,05:50,23:05
223000105,9,gyeonggi,공휴일,20,50,05:00,21:45,05:50,23:05
223000107,32,gyeonggi,평일,105,130,06:00,20:40,06:40,21:20
223000107,32,gyeonggi,토요일,105,130,06:00,20:40,06:40,21:20
223000107,32,gyeonggi,일요일,105,130,06:00,20:40,06:40,21:20
223000107,32,gyeonggi,공휴일,105,130,06:00,20:40,06:40,21:20
223000127,M5532,gyeonggi,평일,40,50,05:00,22:50,06:00,00:00
223000127,M5532,gyeonggi,토요일,55,60,05:00,22:50,06:00,00:00
223000127,M5532,gyeonggi,일요일,70,80,05:00,22:50,06:00,00:00
223000127,M5532,gyeonggi,공휴일,70,80,05:00,22:50,06:00,00:00
223000130,30,gyeonggi,평일,40,105,05:00,21:05,05:45,22:00
223000130,30,gyeonggi,토요일,60,105,05:00,21:05,05:45,22:00
223000130,30,gyeonggi,일요일,60,105,05:00,21:05,05:45,22:00
223000130,30,gyeonggi,공휴일,60,105,05:00,21:05,05:45,22:00
223000132,201,gyeonggi,평일,45,70,05:00,21:50,06:35,23:35
223000132,201,gyeonggi,토요일,60,85,05:00,21:50,06:35,23:35
223000132,201,gyeonggi,일요일,60,85,05:00,21:50,06:35,23:35
223000132,201,gyeonggi,공휴일,60,85,05:00,21:50,06:35,23:35
223000140,C1,gyeonggi,평일,70,120,05:50,22:05,06:50,22:50
223000140,C1,gyeonggi,토요일,70,120,05:50,22:05,06:50,22:50
223000140,C1,gyeonggi,일요일,135,175,05:50,21:05,06:50,22:00
223000140,C1,gyeonggi,공휴일,135,175,05:50,21:05,06:50,22:00
223000145,C2,gyeonggi,평일,40,120,05:00,20:50,05:50,21:50
223000145,C2,gyeonggi,토요일,120,180,05:40,20:50,06:30,21:50
223000145,C2,gyeonggi,일요일,120,180,05:40,20:50,06:30,21:50
223000145,C2,gyeonggi,공휴일,120,180,05:40,20:50,06:30,21:50
223000146,C3,gyeonggi,평일,35,105,05:10,21:40,06:00,22:30
223000146,C3,gyeonggi,토요일,60,120,06:00,21:55,06:50,22:40
223000146,C3,gyeonggi,일요일,60,120,06:00,21:55,06:50,22:40
223000146,C3,gyeonggi,공휴일,60,120,06:00,21:55,06:50,22:40
223000147,C4,gyeonggi,평일,35,60,05:30,22:15,05:55,22:40
223000147,C4,gyeonggi,토요일,100,110,06:05,22:15,06:30,22:40
223000147,C4,gyeonggi,일요일,100,110,06:05,22:15,06:30,22:40
223000147,C4,gyeonggi,공휴일,100,110,06:05,22:15,06:30,22:40
223000148,60,gyeonggi,평일,19,55,05:00,21:45,05:55,22:45
223000148,60,gyeonggi,토요일,20,55,05:00,21:45,05:55,22:45
223000148,60,gyeonggi,일요일,20,55,05:00,21:45,05:55,22:45
223000148,60,gyeonggi,공휴일,20,55,05:00,21:45,05:55,22:45
223000150,5104,gyeonggi,평일,30,50,05:00,22:40,06:30,00:10
223000150,5104,gyeonggi,토요일,50,60,05:00,22:40,06:30,00:10
223000150,5104,gyeonggi,일요일,50,60,05:00,22:40,06:30,00:10
223000150,5104,gyeonggi,공휴일,50,60,05:00,22:40,06:30,00:10
223000151,1550-1(예약),gyeonggi,평일,,,05:00,23:50,06:15,01:00
223000152,8303,gyeonggi,평일,30,240,06:30,21:10,08:10,22:40
223000152,8303,gyeonggi,토요일,290,300,07:00,21:10,08:40,22:40
223000152,8303,gyeonggi,일요일,290,300,07:00,21:10,08:40,22:40
223000152,8303,gyeonggi,공휴일,290,300,07:00,21:10,08:40,22:40
224000002,21,gyeonggi,평일,60,80,04:30,22:30,05:40,23:20
224000002,21,gyeonggi,토요일,90,110,04:30,22:30,06:20,23:20
224000002,21,gyeonggi,일요일,90,110,04:30,22:30,06:20,23:20
224000002,21,gyeonggi,공휴일,90,110,04:30,22:30,06:20,23:20
224000003,23,gyeonggi,평일,15,30,04:10,23:20,05:15,23:00
224000003,23,gyeonggi,토요일,25,40,04:10,23:20,05:15,23:00
224000003,23,gyeonggi,일요일,25,40,04:10,23:20,05:15,23:00
224000003,23,gyeonggi,공휴일,25,40,04:10,23:20,05:15,23:00
224000004,31,gyeonggi,평일,15,20,05:25,23:10,06:10,23:55
224000004,31,gyeonggi,토요일,25,35,05:25,23:10,06:10,23:55
224000004,31,gyeonggi,일요일,25,35,05:25,23:10,06:10,23:55
224000004,31,gyeonggi,공휴일,25,35,05:25,23:10,06:10,23:55
224000007,25,gyeonggi,평일,90,120,05:30,21:10,06:10,21:50
224000007,25,gyeonggi,토요일,90,120,05:30,21:10,06:10,21:50
224000007,25,gyeonggi,일요일,90,120,05:30,21:10,06:10,21:50
224000007,25,gyeonggi,공휴일,90,120,05:30,21:10,06:10,21:50
224000010,63,gyeonggi,평일,15,20,04:30,23:40,06:00,23:40
224000010,63,gyeonggi,토요일,20,30,04:30,23:40,06:00,23:40
224000010,63,gyeonggi,일요일,20,30,04:30,23:40,06:00,23:40
224000010,63,gyeonggi,공휴일,20,30,04:30,23:40,06:00,23:40
224000011,20-1,gyeonggi,평일,20,30,05:30,22:40,06:00,23:40
224000011,20-1,gyeonggi,토요일,30,50,05:30,22:40,06:00,23:40
224000011,20-1,gyeonggi,일요일,30,50,05:30,22:40,06:00,23:40
224000011,20-1,gyeonggi,공휴일,30,50,05:30,22:40,06:00,23:40
224000012,30,gyeonggi,평일,40,70,05:00,22:10,05:00,22:40
224000012,30,gyeonggi,토요일,80,120,05:00,22:10,05:00,21:40
224000012,30,gyeonggi,일요일,80,120,05:00,22:10,05:00,21:40
224000012,30,gyeonggi,공휴일,80,120,05:00,22:10,05:00,21:40
224000014,30-2,gyeonggi,평일,25,30,04:35,23:30,04:40,23:30
224000014,30-2,gyeonggi,토요일,35,50,04:40,23:30,05:00,23:00
224000014,30-2,gyeonggi,일요일,35,50,04:40,23:30,05:00,23:00
224000014,30-2,gyeonggi,공휴일,35,50,04:40,23:30,05:00,23:00
224000015,98,gyeonggi,평일,40,70,06:30,22:00,05:20,23:00
224000015,98,gyeonggi,토요일,50,70,06:00,22:00,05:20,23:00
224000015,98,gyeonggi,일요일,50,70,06:00,22:00,05:20,23:00
224000015,98,gyeonggi,공휴일,50,70,06:00,22:00,05:20,23:00
224000016,76,gyeonggi,평일,90,120,05:30,19:50,05:20,19:45
224000016,76,gyeonggi,토요일,90,120,05:30,19:50,05:20,19:45
224000016,76,gyeonggi,일요일,90,120,05:30,19:50,05:20,19:45
224000016,76,gyeonggi,공휴일,90,120,05:30,19:50,05:20,19:45
224000019,3200,gyeonggi,평일,15,30,05:30,22:50,06:45,00:00
224000019,3200,gyeonggi,토요일,20,40,05:30,22:50,06:50,00:00
224000019,3200,gyeonggi,일요일,20,40,05:30,22:50,06:50,00:00
224000019,3200,gyeonggi,공휴일,20,40,05:30,22:50,06:50,00:00
224000020,26,gyeonggi,평일,40,70,05:30,22:00,06:30,23:00
224000020,26,gyeonggi,토요일,60,90,05:30,22:00,06:30,23:00
224000020,26,gyeonggi,일요일,60,90,05:30,22:00,06:30,23:00
224000020,26,gyeonggi,공휴일,60,90,05:30,22:00,06:30,23:00
224000021,28,gyeonggi,평일,120,150,05:20,20:20,06:20,19:20
224000021,28,gyeonggi,토요일,120,150,05:20,20:20,06:20,19:20
224000021,28,gyeonggi,일요일,120,150,05:20,20:20,06:20,19:20
224000021,28,gyeonggi,공휴일,120,150,05:20,20:20,06:20,19:20
224000022,29,gyeonggi,평일,80,120,06:10,22:00,07:20,21:00
224000022,29,gyeonggi,토요일,80,120,06:10,22:00,07:20,21:00
224000022,29,gyeonggi,일요일,80,120,06:10,22:00,07:20,21:00
224000022,29,gyeonggi,공휴일,80,120,06:10,22:00,07:20,21:00
224000027,26-1,gyeonggi,평일,60,90,05:30,22:40,06:30,23:40
224000027,26-1,gyeonggi,토요일,60,90,05:30,22:40,06:30,23:40
224000027,26-1,gyeonggi,일요일,60,90,05:30,22:40,06:30,23:40
224000027,26-1,gyeonggi,공휴일,60,90,05:30,22:40,06:30,23:40
224000028,31-3,gyeonggi,평일,40,60,05:20,22:40,06:20,23:40
224000028,31-3,gyeonggi,토요일,50,90,05:20,22:40,06:20,23:40
224000028,31-3,gyeonggi,일요일,50,90,05:20,22:40,06:20,23:40
224000028,31-3,gyeonggi,공휴일,50,90,05:20,22:40,06:20,23:40
224000029,530,gyeonggi,평일,20,60,05:00,22:00,06:50,23:55
224000029,530,gyeonggi,토요일,30,60,05:00,22:00,06:50,23:55
224000029,530,gyeonggi,일요일,30,60,05:00,22:00,06:50,23:55
224000029,530,gyeonggi,공휴일,30,60,05:00,22:00,06:50,23:55
224000030,36,gyeonggi,평일,30,50,05:30,22:00,06:40,23:00
224000030,36,gyeonggi,토요일,50,70,05:30,21:20,06:40,22:20
224000030,36,gyeonggi,일요일,50,70,05:30,21:20,06:40,22:20
224000030,36,gyeonggi,공휴일,50,70,05:30,21:20,06:40,22:20
224000033,7,gyeonggi,평일,20,30,06:00,22:50,06:10,23:00
224000033,7,gyeonggi,토요일,20,30,06:00,22:50,06:10,23:00
224000033,7,gyeonggi,일요일,20,30,06:00,22:50,06:10,23:00
224000033,7,gyeonggi,공휴일,20,30,06:00,22:50,06:10,23:00
224000034,99-2,gyeonggi,평일,10,20,05:10,22:30,06:10,23:00
224000034,99-2,gyeonggi,토요일,20,40,05:10,22:30,06:10,23:00
224000034,99-2,gyeonggi,일요일,20,40,05:10,22:30,06:10,23:00
224000034,99-2,gyeonggi,공휴일,20,40,05:10,22:30,06:10,23:00
224000035,99-3,gyeonggi,평일,40,60,06:00,22:00,07:00,21:20
224000035,99-3,gyeonggi,토요일,60,80,06:00,22:00,06:55,21:20
224000035,99-3,gyeonggi,일요일,60,80,06:00,22:00,06:55,21:20
224000035,99-3,gyeonggi,공휴일,60,80,06:00,22:00,06:55,21:20
224000036,11-A,gyeonggi,평일,20,60,05:30,22:20,06:25,23:10
224000037,11-B,gyeonggi,평일,30,70,10:30,16:10,11:10,16:50
224000037,11-B,gyeonggi,토요일,,,00:00,00:00,00:00,00:00
224000037,11-B,gyeonggi,일요일,,,00:00,00:00,00:00,00:00
224000037,11-B,gyeonggi,공휴일,,,00:00,00:00,00:00,00:00
224000038,11-C,gyeonggi,토요일,30,60,06:30,22:00,07:00,21:30
224000038,11-C,gyeonggi,일요일,30,60,06:30,22:00,07:00,21:30
224000038,11-C,gyeonggi,공휴일,30,60,06:30,22:00,07:00,21:30
224000045,37,gyeonggi,평일,30,50,06:00,22:30,06:40,23:15
224000045,37,gyeonggi,토요일,30,50,06:00,22:30,06:40,23:15
224000045,37,gyeonggi,일요일,30,50,06:00,22:30,06:40,23:15
224000045,37,gyeonggi,공휴일,30,50,06:00,22:30,06:40,23:15
224000047,3300,gyeonggi,평일,15,30,05:30,23:40,07:00,01:00
224000047,3300,gyeonggi,토요일,25,40,05:40,23:40,07:05,01:00
224000047,3300,gyeonggi,일요일,25,40,05:40,23:40,07:05,01:00
224000047,3300,gyeonggi,공휴일,25,40,05:40,23:40,07:05,01:00
224000050,3400,gyeonggi,평일,15,30,05:40,23:20,07:00,00:30
224000050,3400,gyeonggi,토요일,20,40,05:40,23:20,06:55,00:30
224000050,3400,gyeonggi,일요일,20,40,05:40,23:20,06:55,00:30
224000050,3400,gyeonggi,공휴일,20,40,05:40,23:20,06:55,00:30
224000051,13,gyeonggi,평일,20,40,05:35,22:45,05:55,23:05
224000051,13,gyeonggi,토요일,30,60,05:35,22:20,05:55,22:40
224000051,13,gyeonggi,일요일,30,60,05:35,22:20,05:55,22:40
224000051,13,gyeonggi,공휴일,30,60,05:35,22:20,05:55,22:40
224000052,5200,gyeonggi,평일,15,30,05:00,23:20,06:30,00:55
224000052,5200,gyeonggi,토요일,25,40,05:00,23:10,06:30,00:40
224000052,5200,gyeonggi,일요일,25,40,05:00,23:10,06:30,00:40
224000052,5200,gyeonggi,공휴일,25,40,05:00,23:10,06:30,00:40
224000053,16,gyeonggi,평일,30,40,05:35,22:50,06:20,23:35
224000053,16,gyeonggi,토요일,35,50,05:35,22:30,06:20,23:15
224000053,16,gyeonggi,일요일,35,50,05:35,22:30,06:20,23:15
224000053,16,gyeonggi,공휴일,35,50,05:35,22:30,06:20,23:15
224000054,3500,gyeonggi,평일,15,25,05:20,23:55,06:10,00:50
224000054,3500,gyeonggi,토요일,20,30,05:20,23:55,06:10,00:50
224000054,3500,gyeonggi,일요일,20,30,05:20,23:55,06:10,00:50
224000054,3500,gyeonggi,공휴일,20,30,05:20,23:55,06:10,00:50
224000056,3201,gyeonggi,평일,15,30,05:40,23:55,06:40,00:50
224000056,3201,gyeonggi,토요일,25,40,05:40,23:55,06:35,00:50
224000056,3201,gyeonggi,일요일,25,40,05:40,23:55,06:35,00:50
224000056,3201,gyeonggi,공휴일,25,40,05:40,23:55,06:35,00:50
224000057,3301,gyeonggi,평일,15,30,05:00,23:50,05:55,00:40
224000057,3301,gyeonggi,토요일,30,40,05:00,23:40,06:00,00:30
224000057,3301,gyeonggi,일요일,30,40,05:00,23:40,06:00,00:30
224000057,3301,gyeonggi,공휴일,30,40,05:00,23:40,06:00,00:30
224000058,60,gyeonggi,평일,20,40,05:30,23:20,06:00,23:45
224000058,60,gyeonggi,토요일,40,60,05:30,23:20,06:00,23:45
224000058,60,gyeonggi,일요일,40,60,05:30,23:20,06:00,23:45
224000058,60,gyeonggi,공휴일,40,60,05:30,23:20,06:00,23:45
224000059,70,gyeonggi,평일,60,90,05:30,22:00,06:15,22:45
224000059,70,gyeonggi,토요일,60,90,05:30,22:00,06:15,22:45
224000059,70,gyeonggi,일요일,60,90,05:30,22:00,06:15,22:45
224000059,70,gyeonggi,공휴일,60,90,05:30,22:00,06:15,22:45
224000060,27,gyeonggi,평일,10,15,05:15,23:15,06:10,00:10
224000060,27,gyeonggi,토요일,15,20,05:15,23:15,06:10,00:10
224000060,27,gyeonggi,일요일,15,20,05:15,23:15,06:10,00:10
224000060,27,gyeonggi,공휴일,15,20,05:15,23:15,06:10,00:10
224000061,6502,gyeonggi,평일,15,60,05:00,22:30,06:00,23:20
224000061,6502,gyeonggi,토요일,30,40,05:30,22:40,06:30,23:30
224000061,6502,gyeonggi,일요일,30,40,05:30,22:40,06:30,23:30
224000061,6502,gyeonggi,공휴일,30,40,05:30,22:40,06:30,23:30
224000062,33,gyeonggi,평일,10,20,05:10,22:45,06:05,23:50
224000062,33,gyeonggi,토요일,20,25,05:10,22:45,06:05,23:50
224000062,33,gyeonggi,일요일,20,25,05:10,22:45,06:05,23:50
224000062,33,gyeonggi,공휴일,20,25,05:10,22:45,06:05,23:50
224000064,시흥광역콜버스,gyeonggi,평일,30,100,06:00,20:30,07:30,21:50
224000065,시흥광역콜(휴일),gyeonggi,토요일,60,100,08:00,19:20,09:30,21:20
224000065,시흥광역콜(휴일),gyeonggi,일요일,60,100,08:00,19:20,09:30,21:20
224000065,시흥광역콜(휴일),gyeonggi,공휴일,60,100,08:00,19:20,09:30,21:20
224000066,5601,gyeonggi,평일,10,20,05:00,22:10,06:10,23:10
224000066,5601,gyeonggi,토요일,15,35,05:20,22:20,06:30,23:30
224000066,5601,gyeonggi,일요일,15,35,05:20,22:20,06:30,23:30
224000066,5601,gyeonggi,공휴일,15,35,05:20,22:20,06:30,23:30
224000067,3202,gyeonggi,평일,30,75,06:00,22:10,07:05,23:10
224000067,3202,gyeonggi,토요일,80,100,06:00,22:10,07:05,23:10
224000067,3202,gyeonggi,일요일,80,100,06:00,22:10,07:05,23:10
224000067,3202,gyeonggi,공휴일,80,100,06:00,22:10,07:05,23:10
224000068,3302,gyeonggi,평일,30,70,05:50,22:00,06:55,23:00
224000068,3302,gyeonggi,토요일,80,100,05:50,22:00,06:55,23:00
224000068,3302,gyeonggi,일요일,80,100,05:50,22:00,06:55,23:00
224000068,3302,gyeonggi,공휴일,80,100,05:50,22:00,06:55,23:00
224000069,3402,gyeonggi,평일,30,60,05:40,22:20,06:50,23:20
224000069,3402,gyeonggi,토요일,80,100,05:40,22:20,06:50,23:20
224000069,3402,gyeonggi,일요일,80,100,05:40,22:20,06:50,23:20
224000069,3402,gyeonggi,공휴일,80,100,05:40,22:20,06:50,23:20
224000071,3401,gyeonggi,평일,20,40,05:30,22:00,06:30,23:00
224000071,3401,gyeonggi,토요일,40,50,05:30,21:30,06:35,22:30
224000071,3401,gyeonggi,일요일,40,50,05:30,21:30,06:35,22:30
224000071,3401,gyeonggi,공휴일,40,50,05:30,21:30,06:35,22:30
224000072,40A,gyeonggi,평일,40,40,06:00,21:40,06:00,21:40
224000072,40A,gyeonggi,토요일,40,40,06:00,21:40,06:00,21:40
224000072,40A,gyeonggi,일요일,40,40,06:00,21:40,06:00,21:40
224000072,40A,gyeonggi,공휴일,40,40,06:00,21:40,06:00,21:40
224000073,40B,gyeonggi,평일,40,40,06:20,22:00,06:20,22:00
224000073,40B,gyeonggi,토요일,40,40,06:20,22:00,06:20,22:00
224000073,40B,gyeonggi,일요일,40,40,06:20,22:00,06:20,22:00
224000073,40B,gyeonggi,공휴일,40,40,06:20,22:00,06:20,22:00
224000074,500,gyeonggi,평일,20,30,05:35,22:30,06:35,23:25
224000074,500,gyeonggi,토요일,30,40,05:35,22:00,06:30,22:50
224000074,500,gyeonggi,일요일,30,40,05:35,22:00,06:30,22:50
224000074,500,gyeonggi,공휴일,30,40,05:35,22:00,06:30,22:50
224000075,3301(예약),gyeonggi,평일,30,,17:30,18:35,18:30,19:35
224000076,시흥똑버스01,gyeonggi,평일,,,06:00,22:30,06:00,22:30
224000076,시흥똑버스01,gyeonggi,토요일,,,06:00,22:30,06:00,22:30
224000076,시흥똑버스01,gyeonggi,일요일,,,06:00,22:30,06:00,22:30
224000076,시흥똑버스01,gyeonggi,공휴일,,,06:00,22:30,06:00,22:30
225000004,100,gyeonggi,평일,30,35,06:05,22:35,06:30,22:55
225000004,100,gyeonggi,토요일,30,35,06:05,22:35,06:30,22:55
225000004,100,gyeonggi,일요일,30,35,06:05,22:35,06:30,22:55
225000004,100,gyeonggi,공휴일,30,35,06:05,22:35,06:30,22:55
225000005,100-1,gyeonggi,평일,70,80,05:45,21:45,06:15,22:10
225000005,100-1,gyeonggi,토요일,70,80,05:45,21:45,06:15,22:10
225000005,100-1,gyeonggi,일요일,70,80,05:45,21:45,06:15,22:10
225000005,100-1,gyeonggi,공휴일,70,80,05:45,21:45,06:15,22:10
225000006,31,gyeonggi,평일,13,15,04:50,22:40,05:30,23:20
225000006,31,gyeonggi,토요일,16,18,04:50,22:40,05:30,23:20
225000006,31,gyeonggi,일요일,16,18,04:50,22:40,05:30,23:20
225000006,31,gyeonggi,공휴일,16,18,04:50,22:40,05:30,23:20
225000009,30,gyeonggi,평일,10,15,05:00,22:30,05:50,23:20
225000009,30,gyeonggi,토요일,15,20,05:00,22:30,05:50,23:20
225000009,30,gyeonggi,일요일,15,20,05:00,22:30,05:50,23:20
225000009,30,gyeonggi,공휴일,15,20,05:00,22:30,05:50,23:20
225000012,32,gyeonggi,평일,25,30,05:40,23:15,05:55,23:30
225000012,32,gyeonggi,토요일,25,30,05:40,23:15,05:55,23:30
225000012,32,gyeonggi,일요일,25,30,05:40,23:15,05:55,23:30
225000012,32,gyeonggi,공휴일,25,30,05:40,23:15,05:55,23:30
225000013,P9801(출근),gyeonggi,평일,,,07:35,07:35,,
226000022,G3900,gyeonggi,평일,10,30,05:20,23:00,06:30,00:10
226000022,G3900,gyeonggi,토요일,35,35,05:20,23:00,06:30,00:10
226000022,G3900,gyeonggi,일요일,35,35,05:20,23:00,06:30,00:10
226000022,G3900,gyeonggi,공휴일,35,35,05:20,23:00,06:30,00:10
226000032,21,gyeonggi,평일,90,90,05:50,21:50,06:35,22:35
226000032,21,gyeonggi,토요일,90,90,06:10,21:50,06:55,22:35
226000032,21,gyeonggi,일요일,90,90,06:10,21:50,06:55,22:35
226000032,21,gyeonggi,공휴일,90,90,06:10,21:50,06:55,22:35
226000033,의왕똑버스01,gyeonggi,평일,,,06:00,23:30,,
226000033,의왕똑버스01,gyeonggi,토요일,,,06:00,23:30,,
226000033,의왕똑버스01,gyeonggi,일요일,,,06:00,23:30,,
226000033,의왕똑버스01,gyeonggi,공휴일,,,06:00,23:30,,
226000034,P9901(출근),gyeonggi,평일,30,40,06:42,07:52,00:00,00:00
226000035,P9901(퇴근),gyeonggi,평일,30,20,18:10,19:00,00:00,00:00
226000036,통학1(등교),gyeonggi,평일,,,08:00,08:00,00:00,00:00
226000037,통학1(하교),gyeonggi,평일,60,,15:30,16:30,00:00,00:00
226000038,통학2(등교),gyeonggi,평일,,,08:10,08:10,00:00,00:00
226000039,통학2(하교),gyeonggi,평일,60,,15:30,16:30,00:00,00:00
227000001,30-5,gyeonggi,평일,20,30,04:30,23:10,05:15,23:55
227000001,30-5,gyeonggi,토요일,25,30,04:30,23:10,05:15,23:55
227000001,30-5,gyeonggi,일요일,25,30,04:30,23:10,05:15,23:55
227000001,30-5,gyeonggi,공휴일,25,30,04:30,23:10,05:15,23:55
227000002,81,gyeonggi,평일,30,40,06:20,22:20,07:00,23:00
227000002,81,gyeonggi,토요일,40,60,06:20,22:20,07:00,23:00
227000002,81,gyeonggi,일요일,40,60,06:20,22:20,07:00,23:00
227000002,81,gyeonggi,공휴일,40,60,06:20,22:20,07:00,23:00
227000003,30,gyeonggi,평일,45,50,04:00,21:40,04:40,23:20
227000003,30,gyeonggi,토요일,60,70,04:00,21:40,04:40,23:20
227000003,30,gyeonggi,일요일,70,100,04:00,21:40,04:40,23:20
227000003,30,gyeonggi,공휴일,70,100,04:00,21:40,04:40,23:20
227000004,38,gyeonggi,평일,11,25,05:00,22:00,05:50,23:15
227000004,38,gyeonggi,토요일,18,30,05:00,22:00,05:50,23:15
227000004,38,gyeonggi,일요일,18,30,05:00,22:00,05:50,23:15
227000004,38,gyeonggi,공휴일,18,30,05:00,22:00,05:50,23:15
227000005,112-5,gyeonggi,평일,10,20,04:20,22:40,05:20,23:40
227000005,112-5,gyeonggi,토요일,20,30,04:20,22:40,05:20,23:40
227000005,112-5,gyeonggi,일요일,20,30,04:20,22:40,05:20,23:40
227000005,112-5,gyeonggi,공휴일,20,30,04:20,22:40,05:20,23:40
227000006,30-3,gyeonggi,평일,15,20,04:05,23:10,04:45,23:45
227000006,30-3,gyeonggi,토요일,20,35,04:05,23:10,04:45,23:45
227000006,30-3,gyeonggi,일요일,25,40,04:05,23:10,04:45,23:45
227000006,30-3,gyeonggi,공휴일,25,40,04:05,23:10,04:45,23:45
227000016,9302,gyeonggi,평일,8,18,04:50,23:10,05:40,23:50
227000016,9302,gyeonggi,토요일,12,25,04:50,23:10,05:40,23:50
227000016,9302,gyeonggi,일요일,12,25,04:50,23:10,05:40,23:50
227000016,9302,gyeonggi,공휴일,12,25,04:50,23:10,05:40,23:50
227000017,31,gyeonggi,평일,8,15,05:00,23:00,05:50,23:50
227000017,31,gyeonggi,토요일,20,30,05:00,23:00,05:50,23:50
227000017,31,gyeonggi,일요일,20,30,05:00,23:00,05:50,23:50
227000017,31,gyeonggi,공휴일,20,30,05:00,23:00,05:50,23:50
227000019,9303,gyeonggi,평일,12,26,04:30,23:00,05:30,00:00
227000019,9303,gyeonggi,토요일,20,30,04:30,23:00,05:30,00:00
227000019,9303,gyeonggi,일요일,20,30,04:30,23:00,05:30,00:00
227000019,9303,gyeonggi,공휴일,20,30,04:30,23:00,05:30,00:00
227000035,9202,gyeonggi,평일,15,30,04:30,22:20,06:00,23:55
227000035,9202,gyeonggi,토요일,25,38,04:30,22:20,06:00,23:55
227000035,9202,gyeonggi,일요일,30,43,04:30,22:20,06:00,23:55
227000035,9202,gyeonggi,공휴일,30,43,04:30,22:20,06:00,23:55
227000036,87,gyeonggi,평일,12,25,05:00,22:40,06:10,23:50
227000036,87,gyeonggi,토요일,20,30,05:00,22:40,06:10,23:50
227000036,87,gyeonggi,일요일,20,30,05:00,22:40,06:10,23:50
227000036,87,gyeonggi,공휴일,20,30,05:00,22:40,06:10,23:50
227000038,3000,gyeonggi,평일,15,30,05:00,23:00,06:00,00:00
227000038,3000,gyeonggi,토요일,20,35,05:00,23:00,06:00,00:00
227000038,3000,gyeonggi,일요일,20,35,05:00,23:00,06:00,00:00
227000038,3000,gyeonggi,공휴일,20,35,05:00,23:00,06:00,00:00
227000039,9303-1,gyeonggi,평일,30,40,05:00,23:15,05:50,00:05
227000039,9303-1,gyeonggi,토요일,50,60,05:00,23:15,05:50,00:05
227000039,9303-1,gyeonggi,일요일,50,60,05:00,23:15,05:50,00:05
227000039,9303-1,gyeonggi,공휴일,50,60,05:00,23:15,05:50,00:05
227000040,9304,gyeonggi,평일,17,28,05:00,23:20,05:40,00:00
227000040,9304,gyeonggi,토요일,20,35,05:00,23:20,05:40,00:00
227000040,9304,gyeonggi,일요일,20,35,05:00,23:20,05:40,00:00
227000040,9304,gyeonggi,공휴일,20,35,05:00,23:20,05:40,00:00
227000043,35,gyeonggi,평일,7,15,05:20,23:20,06:00,00:00
227000043,35,gyeonggi,토요일,12,20,05:20,23:20,06:00,00:00
227000043,35,gyeonggi,일요일,12,20,05:20,23:20,06:00,00:00
227000043,35,gyeonggi,공휴일,12,20,05:20,23:20,06:00,00:00
227000044,89,gyeonggi,평일,25,35,05:30,22:50,06:20,23:40
227000044,89,gyeonggi,토요일,45,60,05:30,22:50,06:20,23:40
227000044,89,gyeonggi,일요일,45,60,05:30,22:50,06:20,23:40
227000044,89,gyeonggi,공휴일,45,60,05:30,22:50,06:20,23:40
227000045,배알미-01,gyeonggi,평일,145,205,05:30,20:00,06:30,21:00
227000045,배알미-01,gyeonggi,토요일,145,205,05:30,20:00,06:30,21:00
227000045,배알미-01,gyeonggi,일요일,145,205,05:30,20:00,06:30,21:00
227000045,배알미-01,gyeonggi,공휴일,145,205,05:30,20:00,06:30,21:00
227000046,초이-01,gyeonggi,평일,30,40,06:00,21:30,06:30,22:00
227000046,초이-01,gyeonggi,토요일,50,60,06:00,21:30,06:30,22:00
227000046,초이-01,gyeonggi,일요일,50,60,06:00,21:30,06:30,22:00
227000046,초이-01,gyeonggi,공휴일,50,60,06:00,21:30,06:30,22:00
227000047,33,gyeonggi,평일,14,25,05:20,23:00,06:00,23:40
227000047,33,gyeonggi,토요일,20,30,05:20,23:00,06:00,23:40
227000047,33,gyeonggi,일요일,20,30,05:20,23:00,06:00,23:40
227000047,33,gyeonggi,공휴일,20,30,05:20,23:00,06:00,23:40
227000048,36,gyeonggi,평일,15,30,05:30,23:20,05:50,23:50
227000048,36,gyeonggi,토요일,20,35,05:30,23:20,05:50,23:50
227000048,36,gyeonggi,일요일,20,35,05:30,23:20,05:50,23:50
227000048,36,gyeonggi,공휴일,20,35,05:30,23:20,05:50,23:50
227000049,하남똑버스01,gyeonggi,평일,,,06:30,06:30,00:30,00:30
227000049,하남똑버스01,gyeonggi,토요일,,,06:30,06:30,00:30,00:30
227000049,하남똑버스01,gyeonggi,일요일,,,06:30,06:30,00:30,00:30
227000049,하남똑버스01,gyeonggi,공휴일,,,06:30,06:30,00:30,00:30
227000050,하남똑버스02,gyeonggi,평일,,,06:30,06:30,00:30,00:30
227000050,하남똑버스02,gyeonggi,토요일,,,06:30,06:30,00:30,00:30
227000050,하남똑버스02,gyeonggi,일요일,,,06:30,06:30,00:30,00:30
227000050,하남똑버스02,gyeonggi,공휴일,,,06:30,06:30,00:30,00:30
227000053,9302-1,gyeonggi,평일,15,25,05:00,23:05,05:50,23:55
227000053,9302-1,gyeonggi,토요일,25,40,05:00,23:05,05:50,23:55
227000053,9302-1,gyeonggi,일요일,25,40,05:00,23:05,05:50,23:55
227000053,9302-1,gyeonggi,공휴일,25,40,05:00,23:05,05:50,23:55
227000056,통학1(등교),gyeonggi,평일,5,30,07:40,08:20,00:00,00:00
227000057,통학1(하교),gyeonggi,평일,5,55,15:45,16:55,00:00,00:00
227000058,통학2(등교),gyeonggi,평일,,,07:25,07:25,07:50,07:50
227000059,통학2(하교),gyeonggi,평일,85,,15:20,16:45,15:50,17:15
227000060,통학3(등교),gyeonggi,평일,5,5,07:10,07:15,00:00,00:00
227000061,통학3(하교),gyeonggi,평일,45,,16:10,16:55,00:00,00:00
228000001,66,gyeonggi,평일,10,12,04:50,23:22,04:45,23:25
228000001,66,gyeonggi,토요일,12,15,04:50,23:22,04:45,23:25
228000001,66,gyeonggi,일요일,12,15,04:50,23:22,04:45,23:25
228000001,66,gyeonggi,공휴일,12,15,04:50,23:22,04:45,23:25
228000002,10,gyeonggi,평일,14,18,05:40,22:40,05:40,22:40
228000002,10,gyeonggi,토요일,15,20,05:40,22:40,05:40,22:40
228000002,10,gyeonggi,일요일,15,20,05:40,22:40,05:40,22:40
228000002,10,gyeonggi,공휴일,15,20,05:40,22:40,05:40,22:40
228000005,66-4,gyeonggi,평일,10,15,04:55,23:20,04:50,23:18
228000005,66-4,gyeonggi,토요일,12,15,04:55,23:20,04:50,23:18
228000005,66-4,gyeonggi,일요일,12,15,04:55,23:20,04:50,23:18
228000005,66-4,gyeonggi,공휴일,12,15,04:55,23:20,04:50,23:18
228000008,10-5,gyeonggi,평일,20,25,05:10,22:00,06:20,23:10
228000008,10-5,gyeonggi,토요일,30,40,05:10,22:00,06:20,23:10
228000008,10-5,gyeonggi,일요일,30,40,05:10,22:00,06:20,23:10
228000008,10-5,gyeonggi,공휴일,30,40,05:10,22:00,06:20,23:10
228000010,670,gyeonggi,평일,40,60,06:00,22:30,06:00,22:45
228000010,670,gyeonggi,토요일,40,110,06:00,22:30,06:00,22:45
228000010,670,gyeonggi,일요일,40,110,06:00,22:30,06:00,22:45
228000010,670,gyeonggi,공휴일,40,110,06:00,22:30,06:00,22:45
228000012,820,gyeonggi,평일,30,50,05:00,23:10,06:15,00:10
228000012,820,gyeonggi,토요일,30,50,05:00,23:10,06:15,00:10
228000012,820,gyeonggi,일요일,30,50,05:00,23:10,06:15,00:10
228000012,820,gyeonggi,공휴일,30,50,05:00,23:10,06:15,00:10
228000013,22-1,gyeonggi,평일,45,50,05:10,22:25,06:20,23:35
228000013,22-1,gyeonggi,토요일,45,50,05:10,22:25,06:20,23:35
228000013,22-1,gyeonggi,일요일,45,50,05:10,22:25,06:20,23:35
228000013,22-1,gyeonggi,공휴일,45,50,05:10,22:25,06:20,23:35
228000017,68,gyeonggi,평일,25,50,06:00,21:30,06:55,22:20
228000017,68,gyeonggi,토요일,45,50,06:00,21:30,06:55,22:20
228000017,68,gyeonggi,일요일,45,50,06:00,21:30,06:55,22:20
228000017,68,gyeonggi,공휴일,45,50,06:00,21:30,06:55,22:20
228000018,10-4,gyeonggi,평일,20,120,06:10,20:30,07:10,21:30
228000018,10-4,gyeonggi,토요일,20,120,06:10,20:30,07:10,21:30
228000018,10-4,gyeonggi,일요일,20,120,06:10,20:30,07:10,21:30
228000018,10-4,gyeonggi,공휴일,20,120,06:10,20:30,07:10,21:30
228000019,88,gyeonggi,평일,60,135,06:00,21:20,06:55,22:05
228000019,88,gyeonggi,토요일,60,135,06:00,21:20,06:55,22:05
228000019,88,gyeonggi,일요일,60,135,06:00,21:20,06:55,22:05
228000019,88,gyeonggi,공휴일,60,135,06:00,21:20,06:55,22:05
228000020,7,gyeonggi,평일,60,110,06:10,21:30,06:45,22:00
228000020,7,gyeonggi,토요일,60,110,06:10,21:30,06:45,22:00
228000020,7,gyeonggi,일요일,60,110,06:10,21:30,06:45,22:00
228000020,7,gyeonggi,공휴일,60,110,06:10,21:30,06:45,22:00
228000021,8,gyeonggi,평일,15,35,06:00,21:00,06:30,21:30
228000021,8,gyeonggi,토요일,30,35,06:00,21:00,06:30,21:30
228000021,8,gyeonggi,일요일,30,35,06:00,21:00,06:30,21:30
228000021,8,gyeonggi,공휴일,30,60,06:00,21:00,06:30,21:30
228000029,74,gyeonggi,평일,45,170,06:30,21:50,06:50,22:15
228000029,74,gyeonggi,토요일,45,170,06:30,21:50,06:50,22:15
228000029,74,gyeonggi,일요일,45,170,06:30,21:50,06:50,22:15
228000029,74,gyeonggi,공휴일,45,170,06:30,21:50,06:50,22:15
228000038,90,gyeonggi,평일,40,60,05:50,21:00,06:40,21:50
228000038,90,gyeonggi,토요일,40,60,05:50,21:00,06:40,21:50
228000038,90,gyeonggi,일요일,40,60,05:50,21:00,06:40,21:50
228000038,90,gyeonggi,공휴일,40,60,05:50,21:00,06:40,21:50
228000055,22,gyeonggi,평일,25,50,06:10,22:00,06:35,22:25
228000055,22,gyeonggi,토요일,25,50,06:10,22:00,06:35,22:25
228000055,22,gyeonggi,일요일,25,50,06:10,22:00,06:35,22:25
228000055,22,gyeonggi,공휴일,25,50,06:10,22:00,06:35,22:25
228000056,71-2,gyeonggi,평일,,720,15:40,15:40,16:10,16:10
228000056,71-2,gyeonggi,토요일,,720,15:40,15:40,16:10,16:10
228000056,71-2,gyeonggi,일요일,,720,15:40,15:40,16:10,16:10
228000056,71-2,gyeonggi,공휴일,,720,15:40,15:40,16:10,16:10
228000061,91,gyeonggi,평일,120,150,06:15,22:10,06:50,22:45
228000061,91,gyeonggi,토요일,120,150,06:15,22:10,06:50,22:45
228000061,91,gyeonggi,일요일,120,150,06:15,22:10,06:50,22:45
228000061,91,gyeonggi,공휴일,120,150,06:15,22:10,06:50,22:45
228000066,71,gyeonggi,평일,35,185,06:40,21:00,06:55,21:20
228000066,71,gyeonggi,토요일,35,185,06:40,21:00,06:55,21:20
228000066,71,gyeonggi,일요일,35,185,06:40,21:00,06:55,21:20
228000066,71,gyeonggi,공휴일,35,185,06:40,21:00,06:55,21:20
228000071,71-1,gyeonggi,평일,,720,07:55,07:55,08:10,08:10
228000071,71-1,gyeonggi,토요일,,720,07:55,07:55,08:10,08:10
228000071,71-1,gyeonggi,일요일,,720,07:55,07:55,08:10,08:10
228000071,71-1,gyeonggi,공휴일,,720,07:55,07:55,08:10,08:10
228000079,70,gyeonggi,평일,60,120,06:00,21:50,06:25,22:20
228000079,70,gyeonggi,토요일,60,120,06:00,21:50,06:25,22:20
228000079,70,gyeonggi,일요일,60,120,06:00,21:50,06:25,22:20
228000079,70,gyeonggi,공휴일,60,120,06:00,21:50,06:25,22:20
228000081,12,gyeonggi,평일,35,130,06:30,20:00,07:20,20:30
228000081,12,gyeonggi,토요일,75,130,06:30,19:25,07:20,20:30
228000081,12,gyeonggi,일요일,75,130,06:30,19:25,07:20,20:30
228000081,12,gyeonggi,공휴일,75,130,06:30,19:25,07:20,20:30
228000082,92,gyeonggi,평일,145,245,06:40,20:20,07:30,21:10
228000082,92,gyeonggi,토요일,145,245,06:40,20:20,07:30,21:10
228000082,92,gyeonggi,일요일,145,245,06:40,20:20,07:30,21:10
228000082,92,gyeonggi,공휴일,145,245,06:40,20:20,07:30,21:10
228000089,83,gyeonggi,평일,60,430,06:00,21:40,06:37,22:22
228000089,83,gyeonggi,토요일,60,430,06:00,21:40,06:37,22:22
228000089,83,gyeonggi,일요일,60,430,06:00,21:40,06:37,22:22
228000089,83,gyeonggi,공휴일,60,430,06:00,21:40,06:37,22:22
228000092,93,gyeonggi,평일,123,190,06:12,20:15,06:37,20:40
228000092,93,gyeonggi,토요일,123,190,06:12,20:15,06:37,20:40
228000092,93,gyeonggi,일요일,123,190,06:12,20:15,06:37,20:40
228000092,93,gyeonggi,공휴일,123,190,06:12,20:15,06:37,20:40
228000108,95,gyeonggi,평일,30,120,06:10,21:30,06:40,22:05
228000108,95,gyeonggi,토요일,30,120,06:10,21:30,06:40,22:05
228000108,95,gyeonggi,일요일,30,120,06:10,21:30,06:40,22:05
228000108,95,gyeonggi,공휴일,30,120,06:10,21:30,06:40,22:05
228000113,9-1,gyeonggi,평일,85,250,08:30,19:30,09:00,20:00
228000113,9-1,gyeonggi,토요일,85,250,08:30,19:30,09:00,20:00
228000113,9-1,gyeonggi,일요일,85,250,08:30,19:30,09:00,20:00
228000113,9-1,gyeonggi,공휴일,85,250,08:30,19:30,09:00,20:00
228000119,83-1,gyeonggi,평일,110,275,09:50,16:15,10:40,17:05
228000119,83-1,gyeonggi,토요일,110,275,09:50,16:15,10:40,17:05
228000119,83-1,gyeonggi,일요일,110,275,09:50,16:15,10:40,17:05
228000119,83-1,gyeonggi,공휴일,110,275,09:50,16:15,10:40,17:05
228000128,73,gyeonggi,평일,120,220,06:00,20:10,06:20,20:30
228000128,73,gyeonggi,토요일,120,220,06:00,20:10,06:20,20:30
228000128,73,gyeonggi,일요일,120,220,06:00,20:10,06:20,20:30
228000128,73,gyeonggi,공휴일,120,220,06:00,20:10,06:20,20:30
228000130,84-1,gyeonggi,평일,90,125,06:00,21:00,06:35,21:35
228000130,84-1,gyeonggi,토요일,90,125,06:00,21:00,06:35,21:35
228000130,84-1,gyeonggi,일요일,90,125,06:00,21:00,06:35,21:35
228000130,84-1,gyeonggi,공휴일,90,125,06:00,21:00,06:35,21:35
228000132,95-1,gyeonggi,평일,,,16:30,16:30,17:30,17:30
228000132,95-1,gyeonggi,토요일,,,16:30,16:32,17:30,17:30
228000132,95-1,gyeonggi,일요일,,,16:30,16:30,17:30,17:30
228000132,95-1,gyeonggi,공휴일,,,16:30,16:30,17:30,17:30
228000133,82,gyeonggi,평일,30,105,06:20,21:40,06:50,22:10
228000133,82,gyeonggi,토요일,30,105,06:20,21:40,06:50,22:10
228000133,82,gyeonggi,일요일,30,105,06:20,21:40,06:50,22:10
228000133,82,gyeonggi,공휴일,30,105,06:20,21:40,06:50,22:10
228000136,2,gyeonggi,평일,25,80,06:05,22:20,06:30,23:10
228000136,2,gyeonggi,토요일,25,80,06:05,22:20,06:30,23:10
228000136,2,gyeonggi,일요일,25,80,06:05,22:20,06:30,23:10
228000136,2,gyeonggi,공휴일,25,80,06:05,22:20,06:30,23:10
228000139,84,gyeonggi,평일,30,50,06:20,21:40,06:48,22:08
228000139,84,gyeonggi,토요일,30,50,06:20,21:40,06:48,22:08
228000139,84,gyeonggi,일요일,30,50,06:20,21:40,06:48,22:08
228000139,84,gyeonggi,공휴일,30,50,06:20,21:40,06:48,22:08
228000148,3,gyeonggi,평일,60,70,06:00,21:10,07:20,22:20
228000148,3,gyeonggi,토요일,60,70,06:00,21:10,07:20,22:20
228000148,3,gyeonggi,일요일,60,70,06:00,21:10,07:20,22:20
228000148,3,gyeonggi,공휴일,60,70,06:00,21:10,07:20,22:20
228000149,103,gyeonggi,평일,120,125,06:00,21:10,06:40,21:50
228000149,103,gyeonggi,토요일,120,125,06:00,21:10,06:40,21:50
228000149,103,gyeonggi,일요일,120,125,06:00,21:10,06:40,21:50
228000149,103,gyeonggi,공휴일,120,125,06:00,21:10,06:40,21:50
228000156,89,gyeonggi,평일,30,90,05:55,20:40,06:45,21:35
228000156,89,gyeonggi,토요일,30,90,05:55,20:40,06:45,21:35
228000156,89,gyeonggi,일요일,30,90,05:55,20:40,06:45,21:35
228000156,89,gyeonggi,공휴일,30,90,05:55,20:40,06:45,21:35
228000159,9,gyeonggi,평일,185,280,06:22,21:40,06:40,22:00
228000159,9,gyeonggi,토요일,185,280,06:22,21:40,06:40,22:00
228000159,9,gyeonggi,일요일,185,280,06:22,21:40,06:40,22:00
228000159,9,gyeonggi,공휴일,185,280,06:22,21:40,06:40,22:00
228000160,9-2,gyeonggi,평일,1,,07:10,07:10,07:35,07:35
228000160,9-2,gyeonggi,토요일,1,,07:10,07:10,07:35,07:35
228000160,9-2,gyeonggi,일요일,1,,07:10,07:10,07:35,07:35
228000160,9-2,gyeonggi,공휴일,1,,07:10,07:10,07:35,07:35
228000162,93-1,gyeonggi,평일,190,200,06:55,21:00,07:15,21:20
228000162,93-1,gyeonggi,토요일,190,200,06:55,21:00,07:15,21:20
228000162,93-1,gyeonggi,일요일,190,200,06:55,21:00,07:15,21:20
228000162,93-1,gyeonggi,공휴일,190,200,06:55,21:00,07:15,21:20
228000165,11,gyeonggi,평일,35,95,06:00,20:40,07:00,21:30
228000165,11,gyeonggi,토요일,35,95,06:00,20:40,07:00,21:30
228000165,11,gyeonggi,일요일,35,95,06:00,20:40,07:00,21:30
228000165,11,gyeonggi,공휴일,35,95,06:00,20:40,07:00,21:30
228000168,6,gyeonggi,평일,140,190,06:10,21:00,07:10,22:00
228000168,6,gyeonggi,토요일,140,190,06:10,21:00,07:10,22:00
228000168,6,gyeonggi,일요일,140,190,06:10,21:00,07:10,22:00
228000168,6,gyeonggi,공휴일,140,190,06:10,21:00,07:10,22:00
228000174,5000,gyeonggi,평일,10,20,05:10,23:00,07:10,00:30
228000174,5000,gyeonggi,토요일,20,25,05:10,23:00,07:10,00:30
228000174,5000,gyeonggi,일요일,20,25,05:10,23:00,07:10,00:30
228000174,5000,gyeonggi,공휴일,20,25,05:10,23:00,07:10,00:30
228000175,5005,gyeonggi,평일,10,18,05:20,23:00,06:50,00:10
228000175,5005,gyeonggi,토요일,22,26,05:20,23:00,06:50,00:10
228000175,5005,gyeonggi,일요일,22,26,05:20,23:00,06:50,00:10
228000175,5005,gyeonggi,공휴일,22,26,05:20,23:00,06:50,00:10
228000176,5001B,gyeonggi,평일,10,15,13:15,23:00,14:25,00:00
228000176,5001B,gyeonggi,토요일,20,,12:40,23:00,14:25,00:00
228000176,5001B,gyeonggi,일요일,20,,12:40,23:00,14:25,00:00
228000176,5001B,gyeonggi,공휴일,20,,12:40,23:00,14:25,00:00
228000177,5001-1B,gyeonggi,평일,10,20,12:05,23:00,11:56,00:00
228000177,5001-1B,gyeonggi,토요일,22,24,12:03,23:00,12:03,00:00
228000177,5001-1B,gyeonggi,일요일,22,24,12:03,23:00,12:03,00:00
228000177,5001-1B,gyeonggi,공휴일,22,24,12:03,23:00,12:03,00:00
228000179,101,gyeonggi,평일,15,30,05:00,22:10,06:10,23:25
228000179,101,gyeonggi,토요일,20,35,05:00,22:10,06:10,23:25
228000179,101,gyeonggi,일요일,20,35,05:00,22:10,06:10,23:25
228000179,101,gyeonggi,공휴일,20,35,05:00,22:10,06:10,23:25
228000181,1241,gyeonggi,평일,15,30,05:00,22:30,06:10,23:20
228000181,1241,gyeonggi,토요일,20,40,05:00,22:30,06:10,23:20
228000181,1241,gyeonggi,일요일,25,40,05:00,22:30,06:10,23:20
228000181,1241,gyeonggi,공휴일,25,40,05:00,22:30,06:10,23:20
228000182,5003B,gyeonggi,평일,10,15,14:10,23:15,15:45,00:30
228000182,5003B,gyeonggi,토요일,20,25,14:00,23:15,15:35,00:30
228000182,5003B,gyeonggi,일요일,20,25,14:00,23:15,15:35,00:30
228000182,5003B,gyeonggi,공휴일,20,25,14:00,23:15,15:35,00:30
228000183,5002B,gyeonggi,평일,10,20,13:00,23:00,14:20,00:00
228000183,5002B,gyeonggi,토요일,15,20,13:00,23:00,14:20,00:00
228000183,5002B,gyeonggi,일요일,15,20,13:00,23:00,14:20,00:00
228000183,5002B,gyeonggi,공휴일,15,20,13:00,23:00,14:20,00:00
228000184,5600,gyeonggi,평일,8,18,05:30,23:00,07:05,00:20
228000184,5600,gyeonggi,토요일,21,26,05:30,23:00,07:05,00:20
228000184,5600,gyeonggi,일요일,21,26,05:30,23:00,07:05,00:20
228000184,5600,gyeonggi,공휴일,21,26,05:30,23:00,07:05,00:20
228000190,73-1,gyeonggi,평일,240,240,06:40,19:40,07:00,19:55
228000190,73-1,gyeonggi,토요일,240,240,06:40,19:40,07:00,19:55
228000190,73-1,gyeonggi,일요일,240,240,06:40,19:40,07:00,19:55
228000190,73-1,gyeonggi,공휴일,240,240,06:40,19:40,07:00,19:55
228000191,73-4,gyeonggi,평일,360,360,09:20,15:50,09:30,16:00
228000191,73-4,gyeonggi,토요일,360,360,09:20,15:50,09:30,16:00
228000191,73-4,gyeonggi,일요일,360,360,09:20,15:50,09:30,16:00
228000191,73-4,gyeonggi,공휴일,360,360,09:20,15:50,09:30,16:00
228000197,75,gyeonggi,평일,150,170,05:40,20:40,06:35,21:50
228000197,75,gyeonggi,토요일,150,170,05:40,20:40,06:35,21:50
228000197,75,gyeonggi,일요일,150,170,05:40,20:40,06:35,21:50
228000197,75,gyeonggi,공휴일,150,170,05:40,20:40,06:35,21:50
228000199,24-2,gyeonggi,평일,210,240,06:50,21:40,08:00,22:50
228000199,24-2,gyeonggi,토요일,210,240,06:50,21:40,08:00,22:50
228000199,24-2,gyeonggi,일요일,210,240,06:50,21:40,08:00,22:50
228000199,24-2,gyeonggi,공휴일,210,240,06:50,21:40,08:00,22:50
228000200,81,gyeonggi,평일,85,185,06:00,21:00,06:35,21:30
228000200,81,gyeonggi,토요일,85,185,06:00,21:00,06:35,21:30
228000200,81,gyeonggi,일요일,85,185,06:00,21:00,06:35,21:30
228000200,81,gyeonggi,공휴일,85,185,06:00,21:00,06:35,21:30
228000201,72,gyeonggi,평일,140,180,06:35,20:55,07:45,22:05
228000201,72,gyeonggi,토요일,140,180,06:35,20:55,07:45,22:05
228000201,72,gyeonggi,일요일,140,180,06:35,20:55,07:45,22:05
228000201,72,gyeonggi,공휴일,140,180,06:35,20:55,07:45,22:05
228000203,24-1,gyeonggi,평일,210,210,06:20,20:40,07:50,22:10
228000203,24-1,gyeonggi,토요일,210,210,06:20,20:40,07:50,22:10
228000203,24-1,gyeonggi,일요일,210,210,06:20,20:40,07:50,22:10
228000203,24-1,gyeonggi,공휴일,210,210,06:20,20:40,07:50,22:10
228000204,24,gyeonggi,평일,35,50,05:25,22:05,06:45,23:25
228000204,24,gyeonggi,토요일,35,50,05:25,22:05,06:45,23:25
228000204,24,gyeonggi,일요일,35,50,05:25,22:05,06:45,23:25
228000204,24,gyeonggi,공휴일,35,50,05:25,22:05,06:45,23:25
228000206,76-2,gyeonggi,평일,45,310,07:15,19:40,07:25,19:50
228000206,76-2,gyeonggi,토요일,45,310,07:15,19:40,07:25,19:50
228000206,76-2,gyeonggi,일요일,45,310,07:15,19:40,07:25,19:50
228000206,76-2,gyeonggi,공휴일,45,310,07:15,19:40,07:25,19:50
228000207,76-3,gyeonggi,평일,105,210,07:40,17:20,07:55,17:35
228000207,76-3,gyeonggi,토요일,105,210,07:40,17:20,07:55,17:35
228000207,76-3,gyeonggi,일요일,105,210,07:40,17:20,07:55,17:35
228000207,76-3,gyeonggi,공휴일,105,210,07:40,17:20,07:55,17:35
228000208,76-4,gyeonggi,평일,70,490,08:15,18:20,08:55,19:00
228000208,76-4,gyeonggi,토요일,70,490,08:15,18:20,08:55,19:00
228000208,76-4,gyeonggi,일요일,70,490,08:15,18:20,08:55,19:00
228000208,76-4,gyeonggi,공휴일,70,490,08:15,18:20,08:55,19:00
228000209,76-5,gyeonggi,평일,,,11:35,11:35,11:45,11:45
228000209,76-5,gyeonggi,토요일,,,11:35,11:35,11:45,11:45
228000209,76-5,gyeonggi,일요일,,,11:35,11:35,11:45,11:45
228000209,76-5,gyeonggi,공휴일,,,11:35,11:35,11:45,11:45
228000214,82-1,gyeonggi,평일,320,,10:00,15:20,10:45,16:05
228000214,82-1,gyeonggi,토요일,320,,10:00,15:20,10:45,16:05
228000214,82-1,gyeonggi,일요일,320,,10:00,15:20,10:45,16:05
228000214,82-1,gyeonggi,공휴일,320,,10:00,15:20,10:45,16:05
228000218,97,gyeonggi,평일,110,170,06:00,22:20,06:40,22:50
228000218,97,gyeonggi,토요일,110,170,06:00,21:00,06:40,21:40
228000218,97,gyeonggi,일요일,110,170,06:00,21:00,06:40,21:40
228000218,97,gyeonggi,공휴일,110,170,06:00,21:00,06:40,21:40
228000223,76-1,gyeonggi,평일,130,290,06:50,15:30,07:00,15:40
228000223,76-1,gyeonggi,토요일,130,290,06:50,15:30,07:00,15:40
228000223,76-1,gyeonggi,일요일,130,290,06:50,15:30,07:00,15:40
228000223,76-1,gyeonggi,공휴일,130,290,06:50,15:30,07:00,15:40
228000232,73-2,gyeonggi,평일,200,240,07:15,19:00,07:30,19:15
228000232,73-2,gyeonggi,토요일,200,240,07:15,19:00,07:30,19:15
228000232,73-2,gyeonggi,일요일,200,240,07:15,19:00,07:30,19:15
228000232,73-2,gyeonggi,공휴일,200,240,07:15,19:00,07:30,19:15
228000233,73-3,gyeonggi,평일,120,480,07:40,18:20,07:50,18:30
228000233,73-3,gyeonggi,토요일,120,480,07:40,18:20,07:50,18:30
228000233,73-3,gyeonggi,일요일,120,480,07:40,18:20,07:50,18:30
228000233,73-3,gyeonggi,공휴일,120,480,07:40,18:20,07:50,18:30
228000234,73-5,gyeonggi,평일,190,350,09:40,18:40,09:50,18:50
228000234,73-5,gyeonggi,토요일,190,350,09:40,18:40,09:50,18:50
228000234,73-5,gyeonggi,일요일,190,350,09:40,18:40,09:50,18:50
228000234,73-5,gyeonggi,공휴일,190,350,09:40,18:40,09:50,18:50
228000238,20,gyeonggi,평일,14,17,04:50,22:20,06:05,23:20
228000238,20,gyeonggi,토요일,25,25,04:50,22:20,06:05,23:20
228000238,20,gyeonggi,일요일,25,25,04:50,22:20,06:05,23:20
228000238,20,gyeonggi,공휴일,25,25,04:50,22:20,06:05,23:20
228000246,85,gyeonggi,평일,80,120,06:55,20:40,06:20,21:10
228000246,85,gyeonggi,토요일,80,120,06:55,20:40,06:20,21:10
228000246,85,gyeonggi,일요일,80,120,06:55,20:40,06:20,21:10
228000246,85,gyeonggi,공휴일,80,120,06:55,20:40,06:20,21:10
228000249,690,gyeonggi,평일,60,120,05:00,22:20,06:00,23:20
228000249,690,gyeonggi,토요일,60,20,05:00,22:20,06:00,23:20
228000249,690,gyeonggi,일요일,60,20,05:00,22:20,06:00,23:20
228000249,690,gyeonggi,공휴일,60,20,05:00,22:20,06:00,23:20
228000250,10-1,gyeonggi,평일,15,20,05:20,23:05,05:40,23:25
228000250,10-1,gyeonggi,토요일,15,20,05:20,23:05,05:40,23:25
228000250,10-1,gyeonggi,일요일,15,20,05:20,23:05,05:40,23:25
228000250,10-1,gyeonggi,공휴일,15,20,05:20,23:05,05:40,23:25
228000251,92-1,gyeonggi,평일,355,685,05:40,23:00,06:00,23:20
228000251,92-1,gyeonggi,토요일,355,685,05:40,23:00,06:00,23:20
228000251,92-1,gyeonggi,일요일,355,685,05:40,23:00,06:00,23:20
228000251,92-1,gyeonggi,공휴일,355,685,05:40,23:00,06:00,23:20
228000255,10-2,gyeonggi,평일,30,60,06:00,22:20,06:20,22:40
228000255,10-2,gyeonggi,토요일,40,80,06:00,22:20,06:20,22:40
228000255,10-2,gyeonggi,일요일,40,80,06:00,22:20,06:20,22:40
228000255,10-2,gyeonggi,공휴일,40,80,06:00,22:20,06:20,22:40
228000258,14,gyeonggi,평일,55,180,07:10,18:45,07:40,19:15
228000258,14,gyeonggi,토요일,55,180,07:10,18:45,07:40,19:15
228000258,14,gyeonggi,일요일,55,180,07:10,18:45,07:40,19:15
228000258,14,gyeonggi,공휴일,55,180,07:10,18:45,07:40,19:15
228000259,14-1,gyeonggi,평일,140,180,10:10,17:20,10:25,17:35
228000259,14-1,gyeonggi,토요일,140,180,10:10,17:20,10:25,17:35
228000259,14-1,gyeonggi,일요일,140,180,10:10,17:20,10:25,17:35
228000259,14-1,gyeonggi,공휴일,140,180,10:10,17:20,10:25,17:35
228000262,5006,gyeonggi,평일,5,40,05:10,23:00,05:55,23:50
228000262,5006,gyeonggi,토요일,25,30,05:10,23:00,05:55,23:50
228000262,5006,gyeonggi,일요일,25,30,05:10,23:00,05:55,23:50
228000262,5006,gyeonggi,공휴일,25,30,05:10,23:00,05:55,23:50
228000263,5007,gyeonggi,평일,10,30,05:10,22:40,06:10,23:40
228000263,5007,gyeonggi,토요일,20,40,05:10,22:40,06:10,23:40
228000263,5007,gyeonggi,일요일,25,50,05:10,22:40,06:10,23:40
228000263,5007,gyeonggi,공휴일,25,50,05:10,22:40,06:10,23:40
228000266,16,gyeonggi,평일,95,160,06:20,21:00,07:00,21:30
228000266,16,gyeonggi,토요일,95,160,06:20,21:00,07:00,21:30
228000266,16,gyeonggi,일요일,95,160,06:20,21:00,07:00,21:30
228000266,16,gyeonggi,공휴일,95,160,06:20,21:00,07:00,21:30
228000267,14-3,gyeonggi,평일,120,150,06:30,19:20,07:00,20:00
228000267,14-3,gyeonggi,토요일,120,150,06:30,19:20,07:00,20:00
228000267,14-3,gyeonggi,일요일,120,150,06:30,19:20,07:00,20:00
228000267,14-3,gyeonggi,공휴일,120,150,06:30,19:20,07:00,20:00
228000268,65,gyeonggi,평일,45,75,06:15,21:30,06:15,21:15
228000268,65,gyeonggi,토요일,45,75,06:15,21:30,06:15,21:15
228000268,65,gyeonggi,일요일,45,75,06:15,21:30,06:15,21:15
228000268,65,gyeonggi,공휴일,45,75,06:15,21:30,06:15,21:15
228000269,102,gyeonggi,평일,360,380,07:30,17:00,07:40,17:05
228000269,102,gyeonggi,토요일,360,380,07:30,17:00,07:40,17:05
228000269,102,gyeonggi,일요일,360,380,07:30,17:00,07:40,17:05
228000269,102,gyeonggi,공휴일,360,380,07:30,17:00,07:40,17:05
228000270,105,gyeonggi,평일,110,290,06:30,21:00,07:05,21:35
228000270,105,gyeonggi,토요일,110,290,06:30,21:00,07:05,21:35
228000270,105,gyeonggi,일요일,110,290,06:30,21:00,07:05,21:35
228000270,105,gyeonggi,공휴일,110,290,06:30,21:00,07:05,21:35
228000271,5700B,gyeonggi,평일,35,45,09:15,22:50,11:00,00:10
228000271,5700B,gyeonggi,토요일,35,45,09:15,22:50,11:00,00:10
228000271,5700B,gyeonggi,일요일,35,45,09:15,22:50,11:00,00:10
228000271,5700B,gyeonggi,공휴일,35,45,09:15,22:50,11:00,00:10
228000273,970,gyeonggi,평일,135,180,06:00,21:00,06:40,21:50
228000273,970,gyeonggi,토요일,135,180,06:00,21:00,06:40,21:50
228000273,970,gyeonggi,일요일,135,180,06:00,21:00,06:40,21:50
228000273,970,gyeonggi,공휴일,135,180,06:00,21:00,06:40,21:50
228000274,77,gyeonggi,평일,25,30,06:15,21:30,07:05,22:20
228000274,77,gyeonggi,토요일,25,30,06:15,21:30,07:05,22:20
228000274,77,gyeonggi,일요일,25,30,06:15,21:30,07:05,22:20
228000274,77,gyeonggi,공휴일,25,30,06:15,21:30,07:05,22:20
228000276,10-6,gyeonggi,평일,300,320,09:40,19:00,10:00,19:20
228000276,10-6,gyeonggi,토요일,300,320,09:40,19:00,10:00,19:20
228000276,10-6,gyeonggi,일요일,300,320,09:40,19:00,10:00,19:20
228000276,10-6,gyeonggi,공휴일,300,320,09:40,19:00,10:00,19:20
228000277,10-7,gyeonggi,평일,210,,07:00,13:40,07:30,14:00
228000277,10-7,gyeonggi,토요일,210,,07:00,13:40,07:30,14:00
228000277,10-7,gyeonggi,일요일,210,,07:00,13:40,07:30,14:00
228000277,10-7,gyeonggi,공휴일,210,,07:00,13:40,07:30,14:00
228000278,11-1,gyeonggi,평일,130,140,06:30,20:35,07:20,21:15
228000278,11-1,gyeonggi,토요일,130,140,06:30,20:35,07:20,21:15
228000278,11-1,gyeonggi,일요일,130,140,06:30,20:35,07:20,21:15
228000278,11-1,gyeonggi,공휴일,130,140,06:30,20:35,07:20,21:15
228000281,88-1,gyeonggi,평일,130,150,06:30,20:50,07:25,21:45
228000281,88-1,gyeonggi,토요일,130,150,06:30,20:50,07:25,21:45
228000281,88-1,gyeonggi,일요일,130,150,06:30,20:50,07:25,21:45
228000281,88-1,gyeonggi,공휴일,130,150,06:30,20:50,07:25,21:45
228000286,55,gyeonggi,평일,8,20,06:00,23:00,06:00,23:00
228000286,55,gyeonggi,토요일,12,21,06:00,23:00,06:00,23:00
228000286,55,gyeonggi,일요일,12,21,06:00,23:00,06:00,23:00
228000286,55,gyeonggi,공휴일,12,21,06:00,23:00,06:00,23:00
228000287,99,gyeonggi,평일,90,185,05:35,21:20,06:20,20:15
228000287,99,gyeonggi,토요일,90,185,05:35,21:20,06:20,20:15
228000287,99,gyeonggi,일요일,90,185,05:35,21:20,06:20,20:15
228000287,99,gyeonggi,공휴일,90,185,05:35,21:20,06:20,20:15
228000385,94,gyeonggi,평일,60,80,06:00,21:20,06:50,22:10
228000385,94,gyeonggi,토요일,60,80,06:00,21:20,06:50,22:10
228000385,94,gyeonggi,일요일,60,80,06:00,21:20,06:50,22:10
228000385,94,gyeonggi,공휴일,60,80,06:00,21:20,06:50,22:10
228000390,13,gyeonggi,평일,25,100,06:00,22:20,06:30,22:50
228000390,13,gyeonggi,토요일,80,120,06:00,22:20,06:30,22:50
228000390,13,gyeonggi,일요일,80,120,06:00,22:20,06:30,22:50
228000390,13,gyeonggi,공휴일,80,120,06:00,22:20,06:30,22:50
228000391,24-3,gyeonggi,평일,15,25,05:55,22:35,06:25,23:00
228000391,24-3,gyeonggi,토요일,25,35,05:55,22:35,06:25,23:00
228000391,24-3,gyeonggi,일요일,25,35,05:55,22:35,06:25,23:00
228000391,24-3,gyeonggi,공휴일,25,35,05:55,22:35,06:25,23:00
228000393,7007-1,gyeonggi,평일,30,60,05:00,22:00,06:30,23:50
228000393,7007-1,gyeonggi,토요일,60,90,05:00,22:00,06:30,23:50
228000393,7007-1,gyeonggi,일요일,60,90,05:00,22:00,06:30,23:50
228000393,7007-1,gyeonggi,공휴일,60,90,05:00,22:00,06:30,23:50
228000394,5002A,gyeonggi,평일,10,20,05:20,12:44,06:30,14:00
228000394,5002A,gyeonggi,토요일,13,20,05:20,12:46,06:30,14:00
228000394,5002A,gyeonggi,일요일,13,20,05:20,12:46,06:30,14:00
228000394,5002A,gyeonggi,공휴일,13,20,05:20,12:46,06:30,14:00
228000395,5700A,gyeonggi,평일,25,35,05:20,08:35,06:50,10:20
228000395,5700A,gyeonggi,토요일,30,35,05:20,08:35,06:50,10:20
228000395,5700A,gyeonggi,일요일,30,35,05:20,08:35,06:50,10:20
228000395,5700A,gyeonggi,공휴일,30,35,05:20,08:35,06:50,10:20
228000396,100,gyeonggi,평일,,,07:55,00:00,00:00,00:00
228000396,100,gyeonggi,토요일,,,07:55,00:00,00:00,00:00
228000396,100,gyeonggi,일요일,,,07:55,00:00,00:00,00:00
228000396,100,gyeonggi,공휴일,,,07:55,00:00,00:00,00:00
228000397,45,gyeonggi,평일,25,35,06:00,21:30,06:40,22:10
228000397,45,gyeonggi,토요일,60,65,06:00,21:30,06:40,22:10
228000397,45,gyeonggi,일요일,60,65,06:00,21:30,06:40,22:10
228000397,45,gyeonggi,공휴일,60,65,06:00,21:30,06:40,22:10
228000400,P9201(출근),gyeonggi,평일,20,,06:20,06:40,,
228000401,P9201(퇴근),gyeonggi,평일,40,,18:40,19:20,,
228000402,101,gyeonggi,평일,100,,06:55,21:00,07:50,21:55
228000402,101,gyeonggi,토요일,100,,06:55,21:00,07:50,21:55
228000402,101,gyeonggi,일요일,100,,06:55,21:00,07:50,21:55
228000402,101,gyeonggi,공휴일,100,,06:55,21:00,07:50,21:55
228000403,21,gyeonggi,평일,25,40,06:20,22:30,06:30,22:35
228000403,21,gyeonggi,토요일,25,40,06:20,22:30,06:30,22:35
228000403,21,gyeonggi,일요일,25,40,06:20,22:30,06:30,22:35
228000403,21,gyeonggi,공휴일,25,40,06:20,22:30,06:30,22:35
228000404,P9211(출근),gyeonggi,평일,20,,06:40,06:50,,
228000405,P9211(퇴근),gyeonggi,평일,20,,18:40,18:40,,
228000406,78,gyeonggi,평일,80,120,06:20,19:10,06:50,19:40
228000406,78,gyeonggi,토요일,80,120,06:20,19:10,06:50,19:40
228000406,78,gyeonggi,일요일,80,120,06:20,19:10,06:50,19:40
228000406,78,gyeonggi,공휴일,80,120,06:20,19:10,06:50,19:40
228000407,Y1201,gyeonggi,평일,,,06:40,17:55,07:35,19:15
228000408,Y1202,gyeonggi,평일,,,07:10,18:20,07:30,18:30
228000409,Y1301,gyeonggi,평일,20,,06:45,17:45,07:50,19:00
228000410,Y1302,gyeonggi,평일,25,25,06:50,17:55,07:40,19:00
228000411,6800,gyeonggi,평일,20,80,05:30,23:00,05:30,23:00
228000411,6800,gyeonggi,토요일,20,100,05:30,23:00,05:30,23:00
228000411,6800,gyeonggi,일요일,20,100,05:30,23:00,05:30,23:00
228000411,6800,gyeonggi,공휴일,20,100,05:30,23:00,05:30,23:00
228000412,M4455,gyeonggi,평일,15,30,05:30,23:00,06:30,00:00
228000412,M4455,gyeonggi,토요일,30,40,05:30,23:00,06:30,00:00
228000412,M4455,gyeonggi,일요일,30,40,05:30,23:00,06:30,00:00
228000412,M4455,gyeonggi,공휴일,30,40,05:30,23:00,06:30,00:00
228000413,4101,gyeonggi,평일,15,35,05:00,00:00,06:40,01:30
228000413,4101,gyeonggi,토요일,40,60,05:00,23:20,06:40,01:00
228000413,4101,gyeonggi,일요일,40,60,05:00,23:20,06:40,01:00
228000413,4101,gyeonggi,공휴일,40,60,05:00,23:20,06:40,01:00
228000416,10-3,gyeonggi,평일,240,430,06:00,22:10,06:40,22:50
228000416,10-3,gyeonggi,토요일,240,430,06:00,22:10,06:40,22:50
228000416,10-3,gyeonggi,일요일,240,430,06:00,22:10,06:40,22:50
228000416,10-3,gyeonggi,공휴일,240,430,06:00,22:10,06:40,22:50
228000417,25,gyeonggi,평일,40,90,06:10,20:40,06:50,21:20
228000417,25,gyeonggi,토요일,40,90,06:10,20:40,06:50,21:20
228000417,25,gyeonggi,일요일,40,90,06:10,20:40,06:50,21:20
228000417,25,gyeonggi,공휴일,40,90,06:10,20:40,06:50,21:20
228000418,1101N,gyeonggi,평일,,,00:00,01:00,01:00,02:00
228000419,4401,gyeonggi,평일,10,40,05:00,22:30,06:20,23:40
228000419,4401,gyeonggi,토요일,20,60,05:00,22:30,06:20,23:40
228000419,4401,gyeonggi,일요일,20,60,05:00,22:30,06:20,23:40
228000419,4401,gyeonggi,공휴일,20,60,05:00,22:30,06:20,23:40
228000420,5600(예약),gyeonggi,평일,30,,07:40,08:10,,
228000421,5001-1(예약),gyeonggi,평일,,,07:20,,,
228000422,5001(예약),gyeonggi,평일,36,,06:34,07:10,07:24,08:00
228000423,5005(예약),gyeonggi,평일,11,,07:20,07:31,08:45,08:56
228000424,5003(예약),gyeonggi,평일,,,07:30,07:30,00:00,00:00
228000425,8203,gyeonggi,평일,80,90,05:00,21:00,06:20,22:20
228000425,8203,gyeonggi,토요일,120,140,05:00,21:00,06:20,22:20
228000425,8203,gyeonggi,일요일,120,140,05:00,21:00,06:20,22:20
228000425,8203,gyeonggi,공휴일,120,140,05:00,21:00,06:20,22:20
228000426,용인시광역콜버스,gyeonggi,평일,40,60,06:30,21:20,07:20,22:00
228000427,5600(급행),gyeonggi,평일,50,,06:40,07:50,,
228000428,5001-1(급행),gyeonggi,평일,55,,06:45,07:40,00:00,00:00
228000429,5001A,gyeonggi,평일,10,16,05:20,13:00,06:30,14:10
228000429,5001A,gyeonggi,토요일,15,22,05:20,12:20,06:30,14:10
228000429,5001A,gyeonggi,일요일,15,22,05:20,12:20,06:30,14:10
228000429,5001A,gyeonggi,공휴일,15,22,05:20,12:20,06:30,14:10
228000430,5001-1A,gyeonggi,평일,10,16,05:30,11:50,06:25,12:55
228000430,5001-1A,gyeonggi,토요일,18,21,05:30,11:41,06:25,12:55
228000430,5001-1A,gyeonggi,일요일,18,21,05:30,11:41,06:25,12:55
228000430,5001-1A,gyeonggi,공휴일,18,21,05:30,11:41,06:25,12:55
228000431,5003A,gyeonggi,평일,10,15,05:10,13:55,06:45,15:30
228000431,5003A,gyeonggi,토요일,20,23,05:10,13:36,06:45,15:00
228000431,5003A,gyeonggi,일요일,20,23,05:10,13:36,06:45,15:00
228000431,5003A,gyeonggi,공휴일,20,23,05:10,13:36,06:45,15:00
228000432,N1,gyeonggi,평일,,,00:50,00:50,01:20,01:20
228000432,N1,gyeonggi,토요일,,,00:50,00:50,01:20,01:20
228000432,N1,gyeonggi,일요일,,,00:50,00:50,01:20,01:20
228000432,N1,gyeonggi,공휴일,,,00:50,00:50,01:20,01:20
228000433,1560B,gyeonggi,평일,15,20,11:50,22:30,13:10,23:50
228000433,1560B,gyeonggi,토요일,20,30,11:50,22:30,13:10,23:50
228000433,1560B,gyeonggi,일요일,25,30,12:00,22:30,13:20,23:50
228000433,1560B,gyeonggi,공휴일,25,30,12:00,22:30,13:20,23:50
228000435,5700(예약),gyeonggi,평일,,,06:51,06:51,08:00,08:00
228000436,5000(예약),gyeonggi,평일,,,07:30,07:30,09:20,09:20
228000436,5000(예약),gyeonggi,토요일,,,00:00,00:00,00:00,00:00
228000436,5000(예약),gyeonggi,일요일,,,00:00,00:00,00:00,00:00
228000436,5000(예약),gyeonggi,공휴일,,,00:00,00:00,00:00,00:00
228000437,14-2,gyeonggi,평일,55,120,06:20,21:55,07:00,22:15
228000437,14-2,gyeonggi,토요일,55,120,06:40,21:55,07:00,22:15
228000437,14-2,gyeonggi,일요일,55,120,06:40,21:55,07:00,22:15
228000437,14-2,gyeonggi,공휴일,55,120,06:40,21:55,07:00,22:15
228000438,Y55,gyeonggi,평일,,,12:10,12:10,13:10,13:10
228000441,4104,gyeonggi,평일,20,40,05:00,22:30,06:20,23:50
228000441,4104,gyeonggi,토요일,30,50,05:00,22:30,06:20,23:50
228000441,4104,gyeonggi,일요일,30,60,05:00,22:30,06:20,23:50
228000441,4104,gyeonggi,공휴일,30,60,05:00,22:30,06:20,23:50
228000442,9241,gyeonggi,평일,17,35,05:30,22:25,06:50,23:45
228000442,9241,gyeonggi,토요일,50,55,05:30,22:25,06:50,23:45
228000442,9241,gyeonggi,일요일,50,55,05:30,22:25,06:50,23:45
228000442,9241,gyeonggi,공휴일,50,55,05:30,22:25,06:50,23:45
228000443,용인똑버스01,gyeonggi,평일,10,90,06:00,22:00,06:00,22:00
228000443,용인똑버스01,gyeonggi,토요일,10,90,06:00,22:00,06:00,22:00
228000443,용인똑버스01,gyeonggi,일요일,10,90,06:00,22:00,06:00,22:00
228000443,용인똑버스01,gyeonggi,공휴일,10,90,06:00,22:00,06:00,22:00
228000445,5002(예약),gyeonggi,평일,,,07:30,07:30,08:10,08:10
228000446,M4455(예약),gyeonggi,평일,15,40,06:26,09:00,07:30,10:10
228000447,5005(거점),gyeonggi,평일,20,,06:40,07:20,08:00,08:40
228000449,8100(예약),gyeonggi,평일,20,20,06:40,07:00,08:05,08:40
228000449,8100(예약),gyeonggi,토요일,,,00:00,00:00,00:00,00:00
228000449,8100(예약),gyeonggi,일요일,,,00:00,00:00,00:00,00:00
228000449,8100(예약),gyeonggi,공휴일,,,00:00,00:00,00:00,00:00
228000450,M4101(예약),gyeonggi,평일,11,21,06:17,07:42,07:40,09:30
228000450,M4101(예약),gyeonggi,토요일,,,00:00,00:00,00:00,00:00
228000450,M4101(예약),gyeonggi,일요일,,,00:00,00:00,00:00,00:00
228000450,M4101(예약),gyeonggi,공휴일,,,00:00,00:00,00:00,00:00
228000451,1241(예약),gyeonggi,평일,1,,06:24,06:24,07:52,07:52
228000451,1241(예약),gyeonggi,토요일,,,00:00,00:00,00:00,00:00
228000451,1241(예약),gyeonggi,일요일,,,00:00,00:00,00:00,00:00
228000451,1241(예약),gyeonggi,공휴일,,,00:00,00:00,00:00,00:00
228000452,5500-2(예약),gyeonggi,평일,15,40,06:20,07:15,07:35,08:55
228000452,5500-2(예약),gyeonggi,토요일,,,00:00,00:00,00:00,00:00
228000452,5500-2(예약),gyeonggi,일요일,,,00:00,00:00,00:00,00:00
228000452,5500-2(예약),gyeonggi,공휴일,,,00:00,00:00,00:00,00:00
228000453,5006(예약),gyeonggi,평일,48,48,07:32,08:20,08:55,09:40
228000453,5006(예약),gyeonggi,토요일,,,00:00,00:00,00:00,00:00
228000453,5006(예약),gyeonggi,일요일,,,00:00,00:00,00:00,00:00
228000453,5006(예약),gyeonggi,공휴일,,,00:00,00:00,00:00,00:00
228000454,1550(예약),gyeonggi,평일,49,,07:15,08:04,08:40,09:30
228000454,1550(예약),gyeonggi,토요일,,,00:00,00:00,00:00,00:00
228000454,1550(예약),gyeonggi,일요일,,,00:00,00:00,00:00,00:00
228000454,1550(예약),gyeonggi,공휴일,,,00:00,00:00,00:00,00:00
228000455,1570(예약),gyeonggi,평일,,,07:45,07:45,09:10,09:10
228000455,1570(예약),gyeonggi,토요일,,,00:00,00:00,00:00,00:00
228000455,1570(예약),gyeonggi,일요일,,,00:00,00:00,00:00,00:00
228000455,1570(예약),gyeonggi,공휴일,,,00:00,00:00,00:00,00:00
228000456,Y1302-1,gyeonggi,평일,,,07:05,07:05,08:00,08:00
228000457,105-1,gyeonggi,평일,270,360,08:00,18:30,08:45,19:15
228000457,105-1,gyeonggi,토요일,270,360,08:00,18:30,08:45,19:15
228000457,105-1,gyeonggi,일요일,270,360,08:00,18:30,08:45,19:15
228000457,105-1,gyeonggi,공휴일,270,360,08:00,18:30,08:45,19:15
228000458,용인똑버스02,gyeonggi,평일,,,06:30,23:00,,
228000458,용인똑버스02,gyeonggi,토요일,,,06:30,23:00,,
228000458,용인똑버스02,gyeonggi,일요일,,,06:30,23:00,,
228000458,용인똑버스02,gyeonggi,공휴일,,,06:30,23:00,,
228000459,Y9243,gyeonggi,평일,,,18:45,18:45,00:00,00:00
228000460,Y9211,gyeonggi,평일,60,,19:30,19:30,19:30,19:30
228000462,5001-1(급행하행),gyeonggi,평일,30,,18:35,19:05,00:00,00:00
228000463,5600(급행하행),gyeonggi,평일,50,,18:15,19:05,00:00,00:00
228000465,4105,gyeonggi,평일,15,205,05:40,22:40,07:40,00:30
228000465,4105,gyeonggi,토요일,20,70,05:40,22:40,07:40,00:30
228000465,4105,gyeonggi,일요일,20,70,05:40,22:40,07:40,00:30
228000465,4105,gyeonggi,공휴일,20,70,05:40,22:40,07:40,00:30
228000466,용인A01,gyeonggi,평일,15,30,07:30,16:30,07:30,16:30
229000001,11,gyeonggi,평일,25,30,05:25,23:05,05:50,23:35
229000001,11,gyeonggi,토요일,30,40,05:25,23:05,05:50,23:35
229000001,11,gyeonggi,일요일,30,40,05:25,23:05,05:50,23:35
229000001,11,gyeonggi,공휴일,30,40,05:25,23:05,05:50,23:35
229000002,11-1,gyeonggi,평일,95,105,06:00,21:45,06:40,22:25
229000002,11-1,gyeonggi,토요일,95,105,06:00,21:45,06:40,22:25
229000002,11-1,gyeonggi,일요일,95,105,06:00,21:45,06:40,22:25
229000002,11-1,gyeonggi,공휴일,95,105,06:00,21:45,06:40,22:25
229000003,12,gyeonggi,평일,15,18,05:15,23:10,05:50,23:40
229000003,12,gyeonggi,토요일,18,24,05:15,23:10,05:50,23:40
229000003,12,gyeonggi,일요일,18,24,05:15,23:10,05:50,23:40
229000003,12,gyeonggi,공휴일,18,24,05:15,23:10,05:50,23:40
229000010,30,gyeonggi,평일,25,55,04:10,22:30,05:50,00:10
229000010,30,gyeonggi,토요일,25,75,04:10,22:30,05:50,00:10
229000010,30,gyeonggi,일요일,25,75,04:10,22:30,05:50,00:10
229000010,30,gyeonggi,공휴일,25,75,04:10,22:30,05:50,00:10
229000013,17,gyeonggi,평일,60,240,05:20,22:50,06:30,00:00
229000013,17,gyeonggi,토요일,60,240,05:20,22:50,06:30,00:00
229000013,17,gyeonggi,일요일,60,240,05:20,22:50,06:30,00:00
229000013,17,gyeonggi,공휴일,60,240,05:20,22:50,06:30,00:00
229000017,830,gyeonggi,평일,70,90,04:30,22:30,05:35,23:40
229000017,830,gyeonggi,토요일,180,180,04:30,21:30,05:35,22:40
229000017,830,gyeonggi,일요일,180,180,04:30,21:30,05:35,22:40
229000017,830,gyeonggi,공휴일,180,180,04:30,21:30,05:35,22:40
229000018,66,gyeonggi,평일,16,18,04:40,22:20,06:00,23:55
229000018,66,gyeonggi,토요일,20,20,04:40,22:20,06:00,23:55
229000018,66,gyeonggi,일요일,24,24,04:40,22:20,06:00,23:55
229000018,66,gyeonggi,공휴일,24,24,04:40,22:20,06:00,23:55
229000023,9710,gyeonggi,평일,25,30,05:00,00:00,06:10,01:10
229000023,9710,gyeonggi,토요일,20,45,05:00,00:00,06:10,01:10
229000023,9710,gyeonggi,일요일,20,45,05:00,00:00,06:10,01:10
229000023,9710,gyeonggi,공휴일,20,45,05:00,00:00,06:10,01:10
229000025,3,gyeonggi,평일,140,160,06:30,22:00,07:20,22:50
229000025,3,gyeonggi,토요일,140,160,06:30,22:00,07:20,22:50
229000025,3,gyeonggi,일요일,140,160,06:30,22:00,07:20,22:50
229000025,3,gyeonggi,공휴일,140,160,06:30,22:00,07:20,22:50
229000027,31,gyeonggi,평일,25,55,04:40,23:10,05:50,00:15
229000027,31,gyeonggi,토요일,30,55,04:40,23:10,05:50,00:15
229000027,31,gyeonggi,일요일,30,55,04:40,23:10,05:50,00:15
229000027,31,gyeonggi,공휴일,30,55,04:40,23:10,05:50,00:15
229000032,양주37,gyeonggi,평일,12,20,04:00,23:30,05:00,00:30
229000032,양주37,gyeonggi,토요일,15,25,04:00,23:30,05:00,00:30
229000032,양주37,gyeonggi,일요일,15,30,04:00,23:30,05:00,00:30
229000032,양주37,gyeonggi,공휴일,15,30,04:00,23:30,05:00,00:30
229000033,93,gyeonggi,평일,,,05:50,08:10,06:30,08:50
229000033,93,gyeonggi,토요일,,,05:50,05:50,06:30,06:30
229000033,93,gyeonggi,일요일,,,05:50,05:50,06:30,06:30
229000033,93,gyeonggi,공휴일,,,05:50,05:50,06:30,06:30
229000034,70,gyeonggi,평일,20,30,05:01,23:01,05:45,23:50
229000034,70,gyeonggi,토요일,25,35,05:01,23:01,05:45,23:50
229000034,70,gyeonggi,일요일,25,35,05:01,23:01,05:45,23:50
229000034,70,gyeonggi,공휴일,25,35,05:01,23:01,05:45,23:50
229000038,90,gyeonggi,평일,15,30,05:01,22:41,06:20,00:00
229000038,90,gyeonggi,토요일,25,31,05:01,22:41,06:20,00:00
229000038,90,gyeonggi,일요일,29,35,05:01,22:41,06:20,00:00
229000038,90,gyeonggi,공휴일,29,35,05:01,22:41,06:20,00:00
229000042,92,gyeonggi,평일,15,40,04:25,22:20,06:15,00:20
229000042,92,gyeonggi,토요일,25,35,04:25,22:20,06:15,00:20
229000042,92,gyeonggi,일요일,25,40,04:25,22:20,06:15,00:20
229000042,92,gyeonggi,공휴일,25,40,04:25,22:20,06:15,00:20
229000060,790,gyeonggi,평일,20,23,04:20,22:50,05:30,00:00
229000060,790,gyeonggi,토요일,18,25,04:20,22:50,05:30,00:00
229000060,790,gyeonggi,일요일,20,30,04:20,22:50,05:30,00:00
229000060,790,gyeonggi,공휴일,20,30,04:20,22:50,05:30,00:00
229000063,850,gyeonggi,평일,11,15,05:05,22:40,05:50,23:30
229000063,850,gyeonggi,토요일,12,18,05:05,22:40,05:50,23:30
229000063,850,gyeonggi,일요일,15,21,05:05,22:40,05:50,23:30
229000063,850,gyeonggi,공휴일,15,21,05:05,22:40,05:50,23:30
229000064,22,gyeonggi,평일,35,140,11:30,17:05,11:45,17:20
229000064,22,gyeonggi,토요일,35,140,11:30,17:05,11:45,17:20
229000064,22,gyeonggi,일요일,35,140,11:30,17:05,11:45,17:20
229000064,22,gyeonggi,공휴일,35,140,11:30,17:05,11:45,17:20
229000067,600,gyeonggi,평일,20,25,04:25,22:10,05:35,23:30
229000067,600,gyeonggi,토요일,30,35,04:25,22:10,05:35,23:30
229000067,600,gyeonggi,일요일,30,35,04:25,22:10,05:35,23:30
229000067,600,gyeonggi,공휴일,30,35,04:25,22:10,05:35,23:30
229000071,799,gyeonggi,평일,19,26,03:30,22:20,05:00,23:40
229000071,799,gyeonggi,토요일,20,28,03:30,22:20,05:00,23:40
229000071,799,gyeonggi,일요일,25,32,03:30,22:20,05:00,23:40
229000071,799,gyeonggi,공휴일,25,32,03:30,22:20,05:00,23:40
229000072,7200,gyeonggi,평일,30,90,05:30,22:30,07:00,00:00
229000072,7200,gyeonggi,토요일,90,150,06:00,22:30,07:30,00:00
229000072,7200,gyeonggi,일요일,90,150,06:00,22:30,07:30,00:00
229000072,7200,gyeonggi,공휴일,90,150,06:00,22:30,07:30,00:00
229000076,22-1,gyeonggi,평일,70,80,06:20,19:20,06:55,19:55
229000076,22-1,gyeonggi,토요일,70,80,06:20,19:20,06:55,19:55
229000076,22-1,gyeonggi,일요일,70,80,06:20,19:20,06:55,19:55
229000076,22-1,gyeonggi,공휴일,70,80,06:20,19:20,06:55,19:55
229000084,37,gyeonggi,평일,120,130,06:00,22:30,06:15,22:45
229000084,37,gyeonggi,토요일,120,130,06:00,22:30,06:15,22:45
229000084,37,gyeonggi,일요일,120,130,06:00,22:30,06:15,22:45
229000084,37,gyeonggi,공휴일,120,130,06:00,22:30,06:15,22:45
229000101,10,gyeonggi,평일,25,35,04:30,22:25,06:15,23:45
229000101,10,gyeonggi,토요일,40,50,04:30,22:25,06:15,23:45
229000101,10,gyeonggi,일요일,40,50,04:30,22:25,06:15,23:45
229000101,10,gyeonggi,공휴일,40,50,04:30,22:25,06:15,23:45
229000108,95,gyeonggi,평일,90,120,06:00,21:20,07:00,22:20
229000108,95,gyeonggi,토요일,90,120,06:00,21:20,07:00,22:20
229000108,95,gyeonggi,일요일,90,120,06:00,21:20,07:00,22:20
229000108,95,gyeonggi,공휴일,90,120,06:00,21:20,07:00,22:20
229000111,G7426,gyeonggi,평일,15,30,04:30,23:20,05:30,00:30
229000111,G7426,gyeonggi,토요일,30,40,04:30,23:20,05:30,00:30
229000111,G7426,gyeonggi,일요일,30,50,04:30,23:20,05:30,00:30
229000111,G7426,gyeonggi,공휴일,30,50,04:30,23:20,05:30,00:30
229000112,G7625,gyeonggi,평일,20,30,04:30,23:40,05:30,00:30
229000112,G7625,gyeonggi,토요일,30,40,04:30,23:40,05:30,00:30
229000112,G7625,gyeonggi,일요일,40,50,04:30,23:40,05:30,00:30
229000112,G7625,gyeonggi,공휴일,40,50,04:30,23:40,05:30,00:30
229000121,15,gyeonggi,평일,45,80,06:00,22:00,06:20,22:20
229000121,15,gyeonggi,토요일,45,80,06:00,22:00,06:20,22:20
229000121,15,gyeonggi,일요일,45,80,06:00,22:00,06:20,22:20
229000121,15,gyeonggi,공휴일,45,80,06:00,22:00,06:20,22:20
229000127,93-3,gyeonggi,평일,,,10:40,22:00,11:20,23:00
229000127,93-3,gyeonggi,토요일,,,10:40,22:00,11:20,23:00
229000127,93-3,gyeonggi,일요일,,,10:40,22:00,11:20,23:00
229000127,93-3,gyeonggi,공휴일,,,10:40,22:00,11:20,23:00
229000128,93-4,gyeonggi,평일,,,12:10,12:10,13:20,13:20
229000128,93-4,gyeonggi,토요일,,,12:10,12:10,13:20,13:20
229000128,93-4,gyeonggi,일요일,,,12:10,12:10,13:20,13:20
229000128,93-4,gyeonggi,공휴일,,,12:10,12:10,13:20,13:20
229000129,93-5,gyeonggi,평일,,,08:30,16:20,09:20,17:30
229000129,93-5,gyeonggi,토요일,,,08:30,16:20,09:20,17:30
229000129,93-5,gyeonggi,일요일,,,08:30,16:20,09:20,17:30
229000129,93-5,gyeonggi,공휴일,,,08:30,16:20,09:20,17:30
229000130,93-6,gyeonggi,평일,,,17:00,17:00,18:10,18:10
229000130,93-6,gyeonggi,토요일,,,17:00,17:00,18:10,18:10
229000130,93-6,gyeonggi,일요일,,,17:00,17:00,18:10,18:10
229000130,93-6,gyeonggi,공휴일,,,17:00,17:00,18:10,18:10
229000131,93-7,gyeonggi,평일,,,18:10,18:10,19:25,19:25
229000131,93-7,gyeonggi,토요일,,,18:10,18:10,19:25,19:25
229000131,93-7,gyeonggi,일요일,,,18:10,18:10,19:25,19:25
229000131,93-7,gyeonggi,공휴일,,,18:10,18:10,19:25,19:25
229000132,37-1,gyeonggi,평일,310,,09:40,14:50,10:00,15:10
229000132,37-1,gyeonggi,토요일,310,,09:40,14:50,10:00,15:10
229000132,37-1,gyeonggi,일요일,310,,09:40,14:50,10:00,15:10
229000132,37-1,gyeonggi,공휴일,310,,09:40,14:50,10:00,15:10
229000133,37-2,gyeonggi,평일,300,,08:35,13:35,09:00,14:00
229000133,37-2,gyeonggi,토요일,300,,08:35,13:35,09:00,14:00
229000133,37-2,gyeonggi,일요일,300,,08:35,13:35,09:00,14:00
229000133,37-2,gyeonggi,공휴일,300,,08:35,13:35,09:00,14:00
229000134,93-8,gyeonggi,평일,20,,10:00,15:40,10:20,16:00
229000134,93-8,gyeonggi,토요일,,,00:00,00:00,00:00,00:00
229000134,93-8,gyeonggi,일요일,,,00:00,00:00,00:00,00:00
229000134,93-8,gyeonggi,공휴일,,,00:00,00:00,00:00,00:00
229000135,93-9,gyeonggi,토요일,,,10:00,15:30,10:35,16:10
229000135,93-9,gyeonggi,일요일,,,10:00,15:30,10:35,16:10
229000135,93-9,gyeonggi,공휴일,,,10:00,15:30,10:35,16:10
229000137,93-1,gyeonggi,평일,,,07:40,07:40,08:20,08:20
229000137,93-1,gyeonggi,토요일,,,07:40,07:40,08:20,08:20
229000137,93-1,gyeonggi,일요일,,,07:40,07:40,08:20,08:20
229000137,93-1,gyeonggi,공휴일,,,07:40,07:40,08:20,08:20
229000139,93-10,gyeonggi,평일,,,17:30,17:30,18:40,18:40
229000139,93-10,gyeonggi,토요일,,,17:30,17:30,18:40,18:40
229000139,93-10,gyeonggi,일요일,,,17:30,17:30,18:40,18:40
229000139,93-10,gyeonggi,공휴일,,,17:30,17:30,18:40,18:40
229000140,93-2,gyeonggi,평일,40,,06:50,19:20,07:30,20:00
229000140,93-2,gyeonggi,토요일,40,,06:50,19:20,07:30,20:00
229000140,93-2,gyeonggi,일요일,40,,06:50,19:20,07:30,20:00
229000140,93-2,gyeonggi,공휴일,40,,06:50,19:20,07:30,20:00
229000143,92-1,gyeonggi,평일,,,07:50,07:50,09:40,09:40
229000143,92-1,gyeonggi,토요일,,,07:50,07:50,09:40,09:40
229000143,92-1,gyeonggi,일요일,,,07:50,07:50,09:40,09:40
229000143,92-1,gyeonggi,공휴일,,,07:50,07:50,09:40,09:40
229000240,93-12,gyeonggi,평일,,,07:30,17:50,08:10,18:30
229000242,93-11,gyeonggi,평일,,,10:10,18:30,10:45,19:05
229000243,313,gyeonggi,평일,100,170,06:00,19:55,07:10,21:05
229000243,313,gyeonggi,토요일,100,170,06:00,19:55,07:10,21:05
229000243,313,gyeonggi,일요일,100,170,06:00,19:55,07:10,21:05
229000243,313,gyeonggi,공휴일,100,170,06:00,19:55,07:10,21:05
229000244,313-1,gyeonggi,평일,140,190,07:00,18:15,08:10,19:25
229000244,313-1,gyeonggi,토요일,140,190,07:00,18:15,08:10,19:25
229000244,313-1,gyeonggi,일요일,140,190,07:00,18:15,08:10,19:25
229000244,313-1,gyeonggi,공휴일,140,190,07:00,18:15,08:10,19:25
229000247,9710-1,gyeonggi,평일,280,,06:35,21:25,08:35,23:25
229000249,93-13,gyeonggi,평일,,,16:50,16:50,17:30,17:30
229000250,93-14,gyeonggi,평일,,,20:50,20:50,21:40,21:40
229000250,93-14,gyeonggi,토요일,,,20:50,20:50,21:40,21:40
229000250,93-14,gyeonggi,일요일,,,20:50,20:50,21:40,21:40
229000250,93-14,gyeonggi,공휴일,,,20:50,20:50,21:40,21:40
229000261,19,gyeonggi,평일,185,,07:25,20:00,07:50,20:25
229000261,19,gyeonggi,토요일,185,,07:25,20:00,07:50,20:25
229000261,19,gyeonggi,일요일,185,,07:25,20:00,07:50,20:25
229000261,19,gyeonggi,공휴일,185,,07:25,20:00,07:50,20:25
229000262,19-1,gyeonggi,평일,35,45,06:50,21:20,07:05,21:35
229000262,19-1,gyeonggi,토요일,35,45,06:50,21:20,07:05,21:35
229000262,19-1,gyeonggi,일요일,35,45,06:50,21:20,07:05,21:35
229000262,19-1,gyeonggi,공휴일,35,45,06:50,21:20,07:05,21:35
229000263,9709,gyeonggi,평일,25,30,04:50,00:25,06:10,01:30
229000263,9709,gyeonggi,토요일,25,40,04:50,00:25,06:10,01:30
229000263,9709,gyeonggi,일요일,25,40,04:50,00:25,06:10,01:30
229000263,9709,gyeonggi,공휴일,25,40,04:50,00:25,06:10,01:30
229000264,22-2,gyeonggi,평일,45,55,08:00,21:55,08:20,22:15
229000264,22-2,gyeonggi,토요일,45,55,08:00,21:55,08:20,22:15
229000264,22-2,gyeonggi,일요일,45,55,08:00,21:55,08:20,22:15
229000264,22-2,gyeonggi,공휴일,45,55,08:00,21:55,08:20,22:15
229000273,7101,gyeonggi,평일,20,40,04:20,23:00,05:50,00:30
229000273,7101,gyeonggi,토요일,30,40,04:30,22:40,06:00,00:10
229000273,7101,gyeonggi,일요일,30,40,05:00,22:40,06:30,00:10
229000273,7101,gyeonggi,공휴일,30,40,05:00,22:40,06:30,00:10
229000275,파주똑버스(DRT),gyeonggi,평일,,,06:00,23:30,06:00,23:30
229000276,70-1,gyeonggi,평일,20,31,05:01,23:31,05:40,00:10
229000276,70-1,gyeonggi,토요일,26,35,05:01,23:31,05:40,00:10
229000276,70-1,gyeonggi,일요일,26,35,05:01,23:31,05:40,00:10
229000276,70-1,gyeonggi,공휴일,26,35,05:01,23:31,05:40,00:10
229000277,9709N,gyeonggi,평일,,,00:50,00:50,03:20,03:20
229000278,파주똑버스02,gyeonggi,평일,,,05:10,21:50,00:00,00:00
229000278,파주똑버스02,gyeonggi,토요일,,,05:10,21:50,00:00,00:00
229000278,파주똑버스02,gyeonggi,일요일,,,05:10,21:50,00:00,00:00
229000278,파주똑버스02,gyeonggi,공휴일,,,05:10,21:50,00:00,00:00
229000279,파주똑버스03,gyeonggi,평일,,,05:10,21:50,00:00,00:00
229000279,파주똑버스03,gyeonggi,토요일,,,05:10,21:50,00:00,00:00
229000279,파주똑버스03,gyeonggi,일요일,,,05:10,21:50,00:00,00:00
229000279,파주똑버스03,gyeonggi,공휴일,,,05:10,21:50,00:00,00:00
229000280,파주똑버스04,gyeonggi,평일,,,05:10,21:50,00:00,00:00
229000280,파주똑버스04,gyeonggi,토요일,,,05:10,21:50,00:00,00:00
229000280,파주똑버스04,gyeonggi,일요일,,,05:10,21:50,00:00,00:00
229000280,파주똑버스04,gyeonggi,공휴일,,,05:10,21:50,00:00,00:00
229000281,M7154,gyeonggi,평일,30,35,05:30,23:50,06:40,01:00
229000281,M7154,gyeonggi,토요일,38,40,05:30,23:50,06:40,01:00
229000281,M7154,gyeonggi,일요일,45,45,05:30,23:50,06:40,01:00
229000281,M7154,gyeonggi,공휴일,45,45,05:30,23:50,06:40,01:00
229000283,80,gyeonggi,평일,20,27,04:30,23:10,05:20,00:00
229000283,80,gyeonggi,토요일,25,30,04:30,23:10,05:20,00:00
229000283,80,gyeonggi,일요일,25,30,04:30,23:10,05:20,00:00
229000283,80,gyeonggi,공휴일,25,30,04:30,23:10,05:20,00:00
229000284,150,gyeonggi,평일,25,30,04:50,22:50,06:30,00:10
229000284,150,gyeonggi,토요일,29,31,04:50,22:50,06:30,00:10
229000284,150,gyeonggi,일요일,33,35,04:50,22:50,06:30,00:10
229000284,150,gyeonggi,공휴일,33,35,04:50,22:50,06:30,00:10
229000285,567,gyeonggi,평일,23,33,05:00,23:00,06:30,00:30
229000285,567,gyeonggi,토요일,27,37,05:00,23:00,06:30,00:30
229000285,567,gyeonggi,일요일,30,40,05:00,23:00,06:30,00:30
229000285,567,gyeonggi,공휴일,30,40,05:00,23:00,06:30,00:30
229000286,900,gyeonggi,평일,28,36,05:00,23:00,06:20,00:20
229000286,900,gyeonggi,토요일,33,39,05:00,23:00,06:20,00:20
229000286,900,gyeonggi,일요일,33,39,05:00,23:00,06:20,00:20
229000286,900,gyeonggi,공휴일,33,39,05:00,23:00,06:20,00:20
229000287,9,gyeonggi,평일,40,50,05:20,23:00,05:50,23:30
229000287,9,gyeonggi,토요일,40,50,05:20,23:00,05:50,23:30
229000287,9,gyeonggi,일요일,40,50,05:20,23:00,05:50,23:30
229000287,9,gyeonggi,공휴일,40,50,05:20,23:00,05:50,23:30
229000288,2200,gyeonggi,평일,15,40,04:30,23:20,05:50,00:40
229000288,2200,gyeonggi,토요일,30,40,04:30,23:20,05:50,00:40
229000288,2200,gyeonggi,일요일,30,40,04:30,23:20,05:50,00:40
229000288,2200,gyeonggi,공휴일,30,40,04:30,23:20,05:50,00:40
229000289,9030,gyeonggi,평일,12,25,04:30,23:20,06:00,00:10
229000289,9030,gyeonggi,토요일,20,25,04:30,23:20,06:00,00:10
229000289,9030,gyeonggi,일요일,22,25,04:30,23:20,06:00,00:10
229000289,9030,gyeonggi,공휴일,22,25,04:30,23:20,06:00,00:10
229000290,9030-1,gyeonggi,평일,74,105,05:30,18:59,07:00,20:10
229000290,9030-1,gyeonggi,토요일,74,105,05:30,18:50,07:00,20:10
229000291,101,gyeonggi,평일,30,35,04:30,22:30,05:45,23:45
229000291,101,gyeonggi,토요일,45,45,04:30,22:30,05:45,23:45
229000291,101,gyeonggi,일요일,45,45,04:30,22:30,05:45,23:45
229000291,101,gyeonggi,공휴일,45,45,04:30,22:30,05:45,23:45
229000292,202,gyeonggi,평일,40,40,04:30,22:30,05:35,23:35
229000292,202,gyeonggi,토요일,50,55,04:30,22:30,05:30,23:30
229000292,202,gyeonggi,일요일,50,55,04:30,22:30,05:30,23:30
229000292,202,gyeonggi,공휴일,50,55,04:30,22:30,05:30,23:30
229000294,3100N,gyeonggi,평일,,,00:10,00:50,01:30,02:10
229000295,3100,gyeonggi,평일,15,20,04:30,23:30,05:40,00:40
229000295,3100,gyeonggi,토요일,18,20,04:30,23:30,05:40,00:40
229000295,3100,gyeonggi,일요일,18,20,04:30,23:30,05:40,00:40
229000295,3100,gyeonggi,공휴일,18,20,04:30,23:30,05:40,00:40
229000311,M7111,gyeonggi,평일,16,30,05:00,23:50,06:00,01:00
229000311,M7111,gyeonggi,토요일,20,30,05:00,23:50,06:00,01:00
229000311,M7111,gyeonggi,일요일,38,40,05:00,23:50,06:00,01:00
229000311,M7111,gyeonggi,공휴일,38,40,05:00,23:50,06:00,01:00
229000312,374,gyeonggi,평일,25,31,04:40,23:20,06:25,01:05
229000312,374,gyeonggi,토요일,30,35,04:40,23:20,06:25,01:05
229000312,374,gyeonggi,일요일,30,35,04:40,23:20,06:25,01:05
229000312,374,gyeonggi,공휴일,30,35,04:40,23:20,06:25,01:05
229000314,7111,gyeonggi,평일,25,175,06:10,22:00,07:30,23:20
229000315,M7111(예약),gyeonggi,평일,42,,07:33,08:15,08:43,09:25
229000316,2200-1,gyeonggi,평일,20,40,04:40,23:20,06:10,00:50
229000316,2200-1,gyeonggi,토요일,40,50,04:40,23:20,06:10,00:50
229000316,2200-1,gyeonggi,일요일,40,50,04:40,23:20,06:10,00:50
229000316,2200-1,gyeonggi,공휴일,40,50,04:40,23:20,06:10,00:50
229000317,23,gyeonggi,평일,60,50,05:00,23:40,05:20,00:00
229000317,23,gyeonggi,토요일,60,50,05:00,23:40,05:20,00:00
229000317,23,gyeonggi,일요일,60,50,05:00,23:40,05:20,00:00
229000317,23,gyeonggi,공휴일,60,50,05:00,23:40,05:20,00:00
229000320,75,gyeonggi,평일,90,160,05:00,22:40,05:30,23:10
229000320,75,gyeonggi,토요일,90,160,05:00,22:40,05:30,23:10
229000320,75,gyeonggi,일요일,90,160,05:00,22:40,05:30,23:10
229000320,75,gyeonggi,공휴일,90,160,05:00,22:40,05:30,23:10
229000321,77-1,gyeonggi,평일,155,210,07:10,22:00,08:10,23:00
229000321,77-1,gyeonggi,토요일,155,210,07:10,22:00,08:10,23:00
229000321,77-1,gyeonggi,일요일,155,210,07:10,22:00,08:10,23:00
229000321,77-1,gyeonggi,공휴일,155,210,07:10,22:00,08:10,23:00
229000322,77-2,gyeonggi,평일,100,180,05:00,20:40,05:30,21:20
229000322,77-2,gyeonggi,토요일,100,180,05:00,20:40,05:30,21:20
229000322,77-2,gyeonggi,일요일,100,180,05:00,20:40,05:30,21:20
229000322,77-2,gyeonggi,공휴일,100,180,05:00,20:40,05:30,21:20
229000323,20,gyeonggi,평일,30,120,05:00,22:30,05:50,23:20
229000323,20,gyeonggi,토요일,30,120,05:00,22:30,05:50,23:20
229000323,20,gyeonggi,일요일,30,120,05:00,22:30,05:50,23:20
229000323,20,gyeonggi,공휴일,30,120,05:00,22:30,05:50,23:20
229000324,20-1,gyeonggi,평일,130,130,05:00,22:20,05:45,23:05
229000324,20-1,gyeonggi,토요일,130,130,05:00,22:20,05:45,23:05
229000324,20-1,gyeonggi,일요일,130,130,05:00,22:20,05:45,23:05
229000324,20-1,gyeonggi,공휴일,130,130,05:00,22:20,05:45,23:05
229000325,52,gyeonggi,평일,110,200,05:05,23:10,05:45,23:50
229000325,52,gyeonggi,토요일,110,200,05:05,23:10,05:45,23:50
229000325,52,gyeonggi,일요일,110,200,05:05,23:10,05:45,23:50
229000325,52,gyeonggi,공휴일,110,200,05:05,23:10,05:45,23:50
230000088,24-1,gyeonggi,평일,100,120,10:40,16:00,11:40,17:00
230000088,24-1,gyeonggi,토요일,100,120,10:40,16:00,11:40,17:00
230000088,24-1,gyeonggi,일요일,100,120,10:40,16:00,11:40,17:00
230000088,24-1,gyeonggi,공휴일,100,120,10:40,16:00,11:40,17:00
230000100,28-21,gyeonggi,평일,,,06:35,06:35,00:00,00:00
230000100,28-21,gyeonggi,토요일,,,06:35,06:35,00:00,00:00
230000100,28-21,gyeonggi,일요일,,,06:35,06:35,00:00,00:00
230000100,28-21,gyeonggi,공휴일,,,06:35,06:35,00:00,00:00
230000106,20-31,gyeonggi,평일,345,345,08:40,14:25,09:20,15:05
230000106,20-31,gyeonggi,토요일,345,345,08:40,14:25,09:20,15:05
230000106,20-31,gyeonggi,일요일,345,345,08:40,14:25,09:20,15:05
230000106,20-31,gyeonggi,공휴일,345,345,08:40,14:25,09:20,15:05
230000110,22-23,gyeonggi,평일,,,15:10,15:10,15:50,15:50
230000110,22-23,gyeonggi,토요일,,,15:10,15:10,15:50,15:50
230000110,22-23,gyeonggi,일요일,,,15:10,15:10,15:50,15:50
230000110,22-23,gyeonggi,공휴일,,,15:10,15:10,15:50,15:50
230000123,28-70,gyeonggi,평일,,,12:35,12:35,13:10,13:10
230000123,28-70,gyeonggi,토요일,,,12:35,12:35,13:10,13:10
230000123,28-70,gyeonggi,일요일,,,12:35,12:35,13:10,13:10
230000123,28-70,gyeonggi,공휴일,,,12:35,12:35,13:10,13:10
230000130,24-3,gyeonggi,평일,,,06:50,19:25,06:50,20:25
230000130,24-3,gyeonggi,토요일,,,06:50,19:25,06:50,20:25
230000130,24-3,gyeonggi,일요일,,,06:50,19:25,06:50,20:25
230000130,24-3,gyeonggi,공휴일,,,06:50,19:25,06:50,20:25
230000140,28-81,gyeonggi,평일,,,06:40,06:40,00:00,00:00
230000140,28-81,gyeonggi,토요일,,,06:40,06:40,00:00,00:00
230000140,28-81,gyeonggi,일요일,,,06:40,06:40,00:00,00:00
230000140,28-81,gyeonggi,공휴일,,,06:40,06:40,00:00,00:00
230000142,28-82,gyeonggi,평일,,,20:15,20:15,00:00,00:00
230000142,28-82,gyeonggi,토요일,,,20:15,20:15,00:00,00:00
230000142,28-82,gyeonggi,일요일,,,20:15,20:15,00:00,00:00
230000142,28-82,gyeonggi,공휴일,,,20:15,20:15,00:00,00:00
230000178,21-81,gyeonggi,평일,,,08:10,08:10,00:00,00:00
230000178,21-81,gyeonggi,토요일,,,08:10,08:10,00:00,00:00
230000178,21-81,gyeonggi,일요일,,,08:10,08:10,00:00,00:00
230000178,21-81,gyeonggi,공휴일,,,08:10,08:10,00:00,00:00
230000179,G2100,gyeonggi,평일,15,30,05:00,22:30,06:10,23:50
230000179,G2100,gyeonggi,토요일,15,30,05:00,22:30,06:10,23:50
230000179,G2100,gyeonggi,일요일,15,30,05:00,22:30,06:10,23:50
230000179,G2100,gyeonggi,공휴일,15,30,05:00,22:30,06:10,23:50
230000180,220,gyeonggi,평일,30,40,05:40,23:35,06:30,00:20
230000180,220,gyeonggi,토요일,30,40,05:40,23:35,06:30,00:20
230000180,220,gyeonggi,일요일,30,40,05:40,23:35,06:30,00:20
230000180,220,gyeonggi,공휴일,30,40,05:40,23:35,06:30,00:20
230000181,230,gyeonggi,평일,,,06:50,21:50,07:30,22:25
230000181,230,gyeonggi,토요일,,,06:50,21:50,07:30,22:25
230000181,230,gyeonggi,일요일,,,06:50,21:50,07:30,22:25
230000181,230,gyeonggi,공휴일,,,06:50,21:50,07:30,22:25
230000182,240,gyeonggi,평일,,,06:50,22:10,07:40,23:00
230000182,240,gyeonggi,토요일,,,06:50,22:10,07:40,23:00
230000182,240,gyeonggi,일요일,,,06:50,22:10,07:40,23:00
230000182,240,gyeonggi,공휴일,,,06:50,22:10,07:40,23:00
230000183,250,gyeonggi,평일,,,07:10,20:50,07:55,21:35
230000183,250,gyeonggi,토요일,,,07:10,20:50,07:55,21:35
230000183,250,gyeonggi,일요일,,,07:10,20:50,07:55,21:35
230000183,250,gyeonggi,공휴일,,,07:10,20:50,07:55,21:35
230000184,3401,gyeonggi,평일,25,40,05:30,22:30,06:40,23:40
230000184,3401,gyeonggi,토요일,25,40,05:30,22:30,06:40,23:40
230000184,3401,gyeonggi,일요일,20,40,05:30,22:30,06:40,23:40
230000184,3401,gyeonggi,공휴일,20,40,05:30,22:30,06:40,23:40
230000186,이천똑버스01,gyeonggi,평일,,,06:00,00:30,00:00,00:00
230000186,이천똑버스01,gyeonggi,토요일,,,06:00,00:30,00:00,00:00
230000186,이천똑버스01,gyeonggi,일요일,,,06:00,00:30,00:00,00:00
230000186,이천똑버스01,gyeonggi,공휴일,,,06:00,00:30,00:00,00:00
230000187,이천똑버스02,gyeonggi,평일,,,05:40,21:10,00:00,00:00
230000187,이천똑버스02,gyeonggi,토요일,,,05:40,21:10,00:00,00:00
230000187,이천똑버스02,gyeonggi,일요일,,,05:40,21:10,00:00,00:00
230000187,이천똑버스02,gyeonggi,공휴일,,,05:40,21:10,00:00,00:00
230000188,이천똑버스03,gyeonggi,평일,,,05:30,20:40,,
230000188,이천똑버스03,gyeonggi,토요일,,,05:30,20:40,,
230000188,이천똑버스03,gyeonggi,일요일,,,05:30,20:40,,
230000188,이천똑버스03,gyeonggi,공휴일,,,05:30,20:40,,
230000189,211,gyeonggi,평일,160,210,06:30,20:00,07:35,21:05
230000189,211,gyeonggi,토요일,160,210,06:30,20:00,07:35,21:05
230000189,211,gyeonggi,일요일,160,210,06:30,20:00,07:35,21:05
230000189,211,gyeonggi,공휴일,160,210,06:30,20:00,07:35,21:05
230000190,212,gyeonggi,평일,170,230,06:00,18:40,07:05,19:45
230000190,212,gyeonggi,토요일,170,230,06:00,18:40,07:05,19:45
230000190,212,gyeonggi,일요일,170,230,06:00,18:40,07:05,19:45
230000190,212,gyeonggi,공휴일,170,230,06:00,18:40,07:05,19:45
230000191,5901,gyeonggi,평일,140,200,06:30,19:40,07:30,20:40
230000191,5901,gyeonggi,토요일,140,200,06:30,19:40,07:30,20:40
230000191,5901,gyeonggi,일요일,140,200,06:30,19:40,07:30,20:40
230000191,5901,gyeonggi,공휴일,140,200,06:30,19:40,07:30,20:40
230000192,281,gyeonggi,평일,160,230,07:00,19:50,08:00,20:50
230000192,281,gyeonggi,토요일,160,230,07:00,19:50,08:00,20:50
230000192,281,gyeonggi,일요일,160,230,07:00,19:50,08:00,20:50
230000192,281,gyeonggi,공휴일,160,230,07:00,19:50,08:00,20:50
230000193,231,gyeonggi,평일,10,40,04:50,20:40,05:50,21:40
230000193,231,gyeonggi,토요일,20,40,04:50,20:40,05:50,21:40
230000193,231,gyeonggi,일요일,20,40,04:50,20:40,05:50,21:40
230000193,231,gyeonggi,공휴일,20,40,04:50,20:40,05:50,21:40
230000194,282,gyeonggi,평일,120,170,06:40,20:20,07:30,21:10
230000194,282,gyeonggi,토요일,120,170,06:40,20:20,07:30,21:10
230000194,282,gyeonggi,일요일,120,170,06:40,20:20,07:30,21:10
230000194,282,gyeonggi,공휴일,120,170,06:40,20:20,07:30,21:10
230000195,291,gyeonggi,평일,170,220,05:50,18:50,07:05,20:05
230000195,291,gyeonggi,토요일,170,220,05:50,18:50,07:05,20:05
230000195,291,gyeonggi,일요일,170,220,05:50,18:50,07:05,20:05
230000195,291,gyeonggi,공휴일,170,220,05:50,18:50,07:05,20:05
230000196,283,gyeonggi,평일,30,50,05:30,22:20,06:05,22:55
230000196,283,gyeonggi,토요일,30,50,05:30,22:20,06:05,22:55
230000196,283,gyeonggi,일요일,30,50,05:30,22:20,06:05,22:55
230000196,283,gyeonggi,공휴일,30,50,05:30,22:20,06:05,22:55
230000197,525,gyeonggi,평일,25,35,05:00,21:00,06:10,22:15
230000197,525,gyeonggi,토요일,30,40,05:00,21:00,06:10,22:15
230000197,525,gyeonggi,일요일,30,40,05:00,21:00,06:10,22:15
230000197,525,gyeonggi,공휴일,30,40,05:00,21:00,06:10,22:15
230000198,284,gyeonggi,평일,130,180,06:45,19:55,07:35,20:45
230000198,284,gyeonggi,토요일,130,180,06:45,19:55,07:35,20:45
230000198,284,gyeonggi,일요일,130,180,06:45,19:55,07:35,20:45
230000198,284,gyeonggi,공휴일,130,180,06:45,19:55,07:35,20:45
230000199,285,gyeonggi,평일,70,120,05:40,20:30,06:40,21:30
230000199,285,gyeonggi,토요일,70,120,05:40,20:30,06:40,21:30
230000199,285,gyeonggi,일요일,70,120,05:40,20:30,06:40,21:30
230000199,285,gyeonggi,공휴일,70,120,05:40,20:30,06:40,21:30
230000201,2801,gyeonggi,평일,170,230,05:40,19:20,06:40,20:30
230000201,2801,gyeonggi,토요일,170,230,05:40,19:20,06:40,20:30
230000201,2801,gyeonggi,일요일,170,230,05:40,19:20,06:40,20:30
230000201,2801,gyeonggi,공휴일,170,230,05:40,19:20,06:40,20:30
230000202,2802,gyeonggi,평일,165,230,06:30,20:40,07:40,21:45
230000202,2802,gyeonggi,토요일,165,230,06:30,20:40,07:40,21:45
230000202,2802,gyeonggi,일요일,165,230,06:30,20:40,07:40,21:45
230000202,2802,gyeonggi,공휴일,165,230,06:30,20:40,07:40,21:45
230000203,2803,gyeonggi,평일,245,380,09:05,19:30,10:20,20:45
230000203,2803,gyeonggi,토요일,245,380,09:05,19:30,10:20,20:45
230000203,2803,gyeonggi,일요일,245,380,09:05,19:30,10:20,20:45
230000203,2803,gyeonggi,공휴일,245,380,09:05,19:30,10:20,20:45
230000204,2804,gyeonggi,평일,680,680,06:20,16:40,07:15,17:35
230000204,2804,gyeonggi,토요일,680,680,06:20,16:40,07:15,17:35
230000204,2804,gyeonggi,일요일,680,680,06:20,16:40,07:15,17:35
230000204,2804,gyeonggi,공휴일,680,680,06:20,16:40,07:15,17:35
230000205,2805,gyeonggi,평일,160,190,06:50,21:30,07:55,22:30
230000205,2805,gyeonggi,토요일,160,190,06:50,21:30,07:55,22:30
230000205,2805,gyeonggi,일요일,160,190,06:50,21:30,07:55,22:30
230000205,2805,gyeonggi,공휴일,160,190,06:50,21:30,07:55,22:30
230000206,2806,gyeonggi,평일,145,190,07:30,21:35,08:30,22:35
230000206,2806,gyeonggi,토요일,145,190,07:30,21:35,08:30,22:35
230000206,2806,gyeonggi,일요일,145,190,07:30,21:35,08:30,22:35
230000206,2806,gyeonggi,공휴일,145,190,07:30,21:35,08:30,22:35
230000208,통학이1,gyeonggi,평일,90,475,07:50,07:50,15:45,17:15
230000209,통학이1-1,gyeonggi,평일,90,490,07:40,07:40,15:50,17:20
230000210,통학이2,gyeonggi,평일,90,480,07:45,07:45,15:50,17:20
230000211,통학이2-1,gyeonggi,평일,100,495,07:35,07:35,15:35,17:15
230000212,221,gyeonggi,평일,65,110,06:05,20:30,07:00,21:25
230000212,221,gyeonggi,토요일,65,110,06:05,20:30,07:00,21:25
230000212,221,gyeonggi,일요일,65,110,06:05,20:30,07:00,21:25
230000212,221,gyeonggi,공휴일,65,110,06:05,20:30,07:00,21:25
230000215,이천똑버스04,gyeonggi,평일,,,06:00,00:00,,
230000215,이천똑버스04,gyeonggi,토요일,,,06:00,00:00,,
230000215,이천똑버스04,gyeonggi,일요일,,,06:00,00:00,,
230000215,이천똑버스04,gyeonggi,공휴일,,,06:00,00:00,,
230000216,이천똑버스05,gyeonggi,평일,,,06:00,00:00,,
230000216,이천똑버스05,gyeonggi,토요일,,,06:00,00:00,,
230000216,이천똑버스05,gyeonggi,일요일,,,06:00,00:00,,
230000216,이천똑버스05,gyeonggi,공휴일,,,06:00,00:00,,
230000219,286,gyeonggi,평일,130,170,06:40,19:10,07:25,20:00
230000219,286,gyeonggi,토요일,130,170,06:40,19:10,07:25,20:00
230000219,286,gyeonggi,일요일,130,170,06:40,19:10,07:25,20:00
230000219,286,gyeonggi,공휴일,130,170,06:40,19:10,07:25,20:00
230000220,3303,gyeonggi,평일,20,40,05:00,22:00,06:40,23:40
230000220,3303,gyeonggi,토요일,20,40,05:00,22:00,06:40,23:40
230000220,3303,gyeonggi,일요일,35,40,05:00,22:00,06:40,23:40
230000220,3303,gyeonggi,공휴일,35,40,05:00,22:00,06:40,23:40
230000221,391,gyeonggi,평일,100,140,06:30,20:00,07:10,20:40
230000221,391,gyeonggi,토요일,100,140,06:30,20:00,07:10,20:40
230000221,391,gyeonggi,일요일,100,140,06:30,20:00,07:10,20:40
230000221,391,gyeonggi,공휴일,100,140,06:30,20:00,07:10,20:40
230000222,통학이3,gyeonggi,평일,100,505,07:25,07:25,16:00,17:40
230000223,통학이4,gyeonggi,평일,100,510,07:20,07:20,15:50,17:30
230000224,2401,gyeonggi,평일,70,90,06:00,22:00,07:00,23:00
230000224,2401,gyeonggi,토요일,70,90,06:00,22:00,07:00,23:00
230000224,2401,gyeonggi,일요일,70,90,06:00,22:00,07:00,23:00
230000224,2401,gyeonggi,공휴일,70,90,06:00,22:00,07:00,23:00
230000225,2901,gyeonggi,평일,60,100,05:40,20:40,06:40,21:45
230000225,2901,gyeonggi,토요일,60,100,05:40,20:40,06:40,21:45
230000225,2901,gyeonggi,일요일,60,100,05:40,20:40,06:40,21:45
230000225,2901,gyeonggi,공휴일,60,100,05:40,20:40,06:40,21:45
231000005,370,gyeonggi,평일,30,40,05:15,22:00,07:00,23:30
231000005,370,gyeonggi,토요일,30,40,05:15,22:00,07:00,23:30
231000005,370,gyeonggi,일요일,30,40,05:15,22:00,07:00,23:30
231000005,370,gyeonggi,공휴일,30,40,05:15,22:00,07:00,23:30
231000006,70,gyeonggi,평일,8,10,05:00,23:10,06:00,00:00
231000006,70,gyeonggi,토요일,8,10,05:00,23:10,06:00,00:00
231000006,70,gyeonggi,일요일,10,10,05:00,23:10,06:00,00:00
231000006,70,gyeonggi,공휴일,10,10,05:00,23:10,06:00,00:00
231000007,1,gyeonggi,평일,20,20,07:30,22:00,08:00,22:15
231000007,1,gyeonggi,토요일,20,20,07:30,22:00,08:00,22:15
231000007,1,gyeonggi,일요일,20,20,07:30,22:00,08:00,22:15
231000007,1,gyeonggi,공휴일,20,20,07:30,22:00,08:00,22:15
231000011,1-3,gyeonggi,평일,20,40,06:10,21:50,06:30,22:10
231000011,1-3,gyeonggi,토요일,20,40,06:10,21:50,06:30,22:10
231000011,1-3,gyeonggi,일요일,20,40,06:10,21:50,06:30,22:10
231000011,1-3,gyeonggi,공휴일,20,40,06:10,21:50,06:30,22:10
231000012,2,gyeonggi,평일,180,170,10:30,21:50,11:10,22:20
231000012,2,gyeonggi,토요일,180,170,10:30,21:50,11:10,22:20
231000012,2,gyeonggi,일요일,180,170,10:30,21:50,11:10,22:20
231000012,2,gyeonggi,공휴일,180,170,10:30,21:50,11:10,22:20
231000013,2-1,gyeonggi,평일,70,230,06:45,21:30,07:20,21:50
231000013,2-1,gyeonggi,토요일,280,220,06:45,19:00,07:20,19:30
231000013,2-1,gyeonggi,일요일,280,220,06:45,19:00,07:20,19:30
231000013,2-1,gyeonggi,공휴일,280,220,06:45,19:00,07:20,19:30
231000014,2-2,gyeonggi,평일,30,60,06:00,21:30,06:00,21:30
231000014,2-2,gyeonggi,토요일,60,70,06:20,21:30,06:20,21:30
231000014,2-2,gyeonggi,일요일,60,70,06:20,21:30,06:20,21:30
231000014,2-2,gyeonggi,공휴일,60,70,06:20,21:30,06:20,21:30
231000015,2-3,gyeonggi,평일,30,60,06:15,22:00,06:15,22:00
231000015,2-3,gyeonggi,토요일,60,60,06:50,22:00,06:50,22:00
231000015,2-3,gyeonggi,일요일,60,60,06:50,22:00,06:50,22:00
231000015,2-3,gyeonggi,공휴일,60,60,06:50,22:00,06:50,22:00
231000016,7-1,gyeonggi,평일,40,50,06:30,21:20,06:55,21:50
231000016,7-1,gyeonggi,토요일,40,50,06:30,21:20,06:55,21:50
231000016,7-1,gyeonggi,일요일,40,50,06:30,21:20,06:55,21:50
231000016,7-1,gyeonggi,공휴일,40,50,06:30,21:20,06:55,21:50
231000018,1-1,gyeonggi,평일,120,220,06:20,21:00,06:50,21:20
231000018,1-1,gyeonggi,토요일,120,220,06:20,21:00,06:50,21:20
231000018,1-1,gyeonggi,일요일,120,220,06:20,21:00,06:50,21:20
231000018,1-1,gyeonggi,공휴일,120,220,06:20,21:00,06:50,21:20
231000019,1-2,gyeonggi,평일,180,290,06:20,18:05,06:20,18:05
231000019,1-2,gyeonggi,토요일,180,290,06:20,18:05,06:20,18:05
231000019,1-2,gyeonggi,일요일,180,290,06:20,18:05,06:20,18:05
231000019,1-2,gyeonggi,공휴일,180,290,06:20,18:05,06:20,18:05
231000020,1-4,gyeonggi,평일,490,490,07:05,15:10,07:20,15:40
231000020,1-4,gyeonggi,토요일,490,490,07:05,15:10,07:20,15:40
231000020,1-4,gyeonggi,일요일,490,490,07:05,15:10,07:20,15:40
231000020,1-4,gyeonggi,공휴일,490,490,07:05,15:10,07:20,15:40
231000021,1-6,gyeonggi,평일,170,420,06:50,21:10,07:20,21:40
231000021,1-6,gyeonggi,토요일,170,420,06:50,21:10,07:20,21:40
231000021,1-6,gyeonggi,일요일,170,420,06:50,21:10,07:20,21:40
231000021,1-6,gyeonggi,공휴일,170,420,06:50,21:10,07:20,21:40
231000023,1-9,gyeonggi,평일,210,210,08:10,12:30,08:30,12:55
231000023,1-9,gyeonggi,토요일,210,210,08:10,12:30,08:30,12:55
231000023,1-9,gyeonggi,일요일,210,210,08:10,12:30,08:30,12:55
231000023,1-9,gyeonggi,공휴일,210,210,08:10,12:30,08:30,12:55
231000024,1-8,gyeonggi,평일,10,590,06:45,17:10,07:20,18:00
231000024,1-8,gyeonggi,토요일,590,590,07:00,17:10,07:35,18:00
231000024,1-8,gyeonggi,일요일,590,590,07:00,17:10,07:35,18:00
231000024,1-8,gyeonggi,공휴일,590,590,07:00,17:10,07:35,18:00
231000025,7,gyeonggi,평일,140,190,09:25,19:10,10:30,20:05
231000025,7,gyeonggi,토요일,140,190,09:25,19:10,10:30,20:05
231000025,7,gyeonggi,일요일,140,190,09:25,19:10,10:30,20:05
231000025,7,gyeonggi,공휴일,140,190,09:25,19:10,10:30,20:05
231000026,7-2,gyeonggi,평일,90,360,06:15,21:40,07:00,22:20
231000026,7-2,gyeonggi,토요일,90,360,06:15,21:40,07:00,22:20
231000026,7-2,gyeonggi,일요일,90,360,06:15,21:40,07:00,22:20
231000026,7-2,gyeonggi,공휴일,90,360,06:15,21:40,07:00,22:20
231000027,7-4,gyeonggi,평일,300,360,07:35,18:10,08:45,19:15
231000027,7-4,gyeonggi,토요일,300,360,07:35,18:10,08:45,19:15
231000027,7-4,gyeonggi,일요일,300,360,07:35,18:10,08:45,19:15
231000027,7-4,gyeonggi,공휴일,300,360,07:35,18:10,08:45,19:15
231000028,7-3,gyeonggi,평일,200,360,06:20,16:40,06:55,17:25
231000028,7-3,gyeonggi,토요일,200,360,06:20,16:40,06:55,17:25
231000028,7-3,gyeonggi,일요일,200,360,06:20,16:40,06:55,17:25
231000028,7-3,gyeonggi,공휴일,200,360,06:20,16:40,06:55,17:25
231000029,15-1,gyeonggi,평일,240,200,06:30,20:40,07:10,21:10
231000029,15-1,gyeonggi,토요일,240,200,06:30,20:40,07:10,21:10
231000029,15-1,gyeonggi,일요일,240,200,06:30,20:40,07:10,21:10
231000029,15-1,gyeonggi,공휴일,240,200,06:30,20:40,07:10,21:10
231000030,15-2,gyeonggi,평일,110,280,06:20,19:40,06:55,20:10
231000030,15-2,gyeonggi,토요일,110,280,06:20,19:40,06:55,20:10
231000030,15-2,gyeonggi,일요일,110,280,06:20,19:40,06:55,20:10
231000030,15-2,gyeonggi,공휴일,110,280,06:20,19:40,06:55,20:10
231000031,15-3,gyeonggi,평일,220,220,06:30,18:50,06:55,19:20
231000031,15-3,gyeonggi,토요일,220,220,06:30,18:50,06:55,19:20
231000031,15-3,gyeonggi,일요일,220,220,06:30,18:50,06:55,19:20
231000031,15-3,gyeonggi,공휴일,220,220,06:30,18:50,06:55,19:20
231000032,15,gyeonggi,평일,30,60,06:20,23:00,07:05,23:40
231000032,15,gyeonggi,토요일,30,60,06:20,23:00,07:05,23:40
231000032,15,gyeonggi,일요일,30,60,06:20,23:00,07:05,23:40
231000032,15,gyeonggi,공휴일,30,60,06:20,23:00,07:05,23:40
231000033,60,gyeonggi,평일,180,330,07:35,20:50,08:30,21:25
231000033,60,gyeonggi,토요일,180,330,07:35,20:50,08:30,21:25
231000033,60,gyeonggi,일요일,180,330,07:35,20:50,08:30,21:25
231000033,60,gyeonggi,공휴일,180,330,07:35,20:50,08:30,21:25
231000034,60-3,gyeonggi,평일,400,400,05:55,18:15,06:45,19:15
231000034,60-3,gyeonggi,토요일,400,400,05:55,18:15,06:45,19:15
231000034,60-3,gyeonggi,일요일,400,400,05:55,18:15,06:45,19:15
231000034,60-3,gyeonggi,공휴일,400,400,05:55,18:15,06:45,19:15
231000035,60-1,gyeonggi,평일,190,300,07:20,18:30,07:40,19:00
231000035,60-1,gyeonggi,토요일,190,300,07:20,18:30,07:40,19:00
231000035,60-1,gyeonggi,일요일,190,300,07:20,18:30,07:40,19:00
231000035,60-1,gyeonggi,공휴일,190,300,07:20,18:30,07:40,19:00
231000037,20,gyeonggi,평일,20,100,06:20,21:50,07:00,22:20
231000037,20,gyeonggi,토요일,20,100,06:20,21:50,07:00,22:20
231000037,20,gyeonggi,일요일,20,100,06:20,21:50,07:00,22:20
231000037,20,gyeonggi,공휴일,20,100,06:20,21:50,07:00,22:20
231000040,20-3,gyeonggi,평일,720,720,07:35,20:10,07:55,20:30
231000040,20-3,gyeonggi,토요일,720,720,07:35,20:10,07:55,20:30
231000040,20-3,gyeonggi,일요일,720,720,07:35,20:10,07:55,20:30
231000040,20-3,gyeonggi,공휴일,720,720,07:35,20:10,07:55,20:30
231000041,20-2,gyeonggi,평일,130,330,06:20,16:30,06:40,16:50
231000041,20-2,gyeonggi,토요일,130,330,06:20,16:30,06:40,16:50
231000041,20-2,gyeonggi,일요일,130,330,06:20,16:30,06:40,16:50
231000041,20-2,gyeonggi,공휴일,130,330,06:20,16:30,06:40,16:50
231000042,20-6,gyeonggi,평일,80,340,07:10,21:00,00:00,00:00
231000042,20-6,gyeonggi,토요일,80,340,07:10,21:00,00:00,00:00
231000042,20-6,gyeonggi,일요일,80,340,07:10,21:00,00:00,00:00
231000042,20-6,gyeonggi,공휴일,80,340,07:10,21:00,00:00,00:00
231000045,100,gyeonggi,평일,50,60,06:10,21:30,06:30,21:45
231000045,100,gyeonggi,토요일,50,60,06:10,21:30,06:30,21:45
231000045,100,gyeonggi,일요일,50,60,06:10,21:30,06:30,21:45
231000045,100,gyeonggi,공휴일,50,60,06:10,21:30,06:30,21:45
231000046,100-1,gyeonggi,평일,240,300,07:40,17:40,07:50,17:50
231000046,100-1,gyeonggi,토요일,240,300,07:40,17:40,07:50,17:50
231000046,100-1,gyeonggi,일요일,240,300,07:40,17:40,07:50,17:50
231000046,100-1,gyeonggi,공휴일,240,300,07:40,17:40,07:50,17:50
231000047,100-2,gyeonggi,평일,120,190,10:40,16:00,11:10,16:30
231000047,100-2,gyeonggi,토요일,120,190,10:40,16:00,11:10,16:30
231000047,100-2,gyeonggi,일요일,120,190,10:40,16:00,11:10,16:30
231000047,100-2,gyeonggi,공휴일,120,190,10:40,16:00,11:10,16:30
231000049,50-2,gyeonggi,평일,270,300,10:50,21:00,11:30,21:30
231000049,50-2,gyeonggi,토요일,270,300,10:50,21:00,11:30,21:30
231000049,50-2,gyeonggi,일요일,270,300,10:50,21:00,11:30,21:30
231000049,50-2,gyeonggi,공휴일,270,300,10:50,21:00,11:30,21:30
231000050,50-3,gyeonggi,평일,100,120,07:00,21:50,07:40,22:20
231000050,50-3,gyeonggi,토요일,100,120,07:00,21:50,07:40,22:20
231000050,50-3,gyeonggi,일요일,100,120,07:00,21:50,07:40,22:20
231000050,50-3,gyeonggi,공휴일,100,120,07:00,21:50,07:40,22:20
231000051,50-1,gyeonggi,평일,70,90,06:20,20:30,06:50,21:00
231000051,50-1,gyeonggi,토요일,70,90,06:20,20:30,06:50,21:00
231000051,50-1,gyeonggi,일요일,70,90,06:20,20:30,06:50,21:00
231000051,50-1,gyeonggi,공휴일,70,90,06:20,20:30,06:50,21:00
231000053,50-5,gyeonggi,평일,110,340,06:30,18:00,07:00,18:30
231000053,50-5,gyeonggi,토요일,110,340,06:30,18:00,07:00,18:30
231000053,50-5,gyeonggi,일요일,110,340,06:30,18:00,07:00,18:30
231000053,50-5,gyeonggi,공휴일,110,340,06:30,18:00,07:00,18:30
231000054,50-6,gyeonggi,평일,90,180,06:20,20:20,06:20,20:20
231000054,50-6,gyeonggi,토요일,90,180,06:20,20:20,06:20,20:20
231000054,50-6,gyeonggi,일요일,90,180,06:20,20:20,06:20,20:20
231000054,50-6,gyeonggi,공휴일,90,180,06:20,20:20,06:20,20:20
231000056,50-7,gyeonggi,평일,660,660,08:30,19:50,09:10,20:30
231000056,50-7,gyeonggi,토요일,660,660,08:30,19:50,09:10,20:30
231000056,50-7,gyeonggi,일요일,660,660,08:30,19:50,09:10,20:30
231000056,50-7,gyeonggi,공휴일,660,660,08:30,19:50,09:10,20:30
231000058,17,gyeonggi,평일,70,100,07:00,21:00,07:20,21:20
231000058,17,gyeonggi,토요일,70,100,07:00,21:00,07:20,21:20
231000058,17,gyeonggi,일요일,70,100,07:00,21:00,07:20,21:20
231000058,17,gyeonggi,공휴일,70,100,07:00,21:00,07:20,21:20
231000059,35,gyeonggi,평일,,,11:00,17:00,11:50,17:50
231000059,35,gyeonggi,토요일,,,11:00,17:00,11:50,17:50
231000059,35,gyeonggi,일요일,,,11:00,17:00,11:50,17:50
231000059,35,gyeonggi,공휴일,,,11:00,17:00,11:50,17:50
231000061,3-2,gyeonggi,평일,180,330,06:30,18:30,06:45,18:55
231000061,3-2,gyeonggi,토요일,180,330,06:30,18:30,06:45,18:55
231000061,3-2,gyeonggi,일요일,180,330,06:30,18:30,06:45,18:55
231000061,3-2,gyeonggi,공휴일,180,330,06:30,18:30,06:45,18:55
231000062,3-1,gyeonggi,평일,590,590,07:40,17:50,07:55,18:10
231000062,3-1,gyeonggi,토요일,590,590,07:40,17:50,07:55,18:10
231000062,3-1,gyeonggi,일요일,590,590,07:40,17:50,07:55,18:10
231000062,3-1,gyeonggi,공휴일,590,590,07:40,17:50,07:55,18:10
231000064,3-3,gyeonggi,평일,310,540,07:30,20:00,07:40,20:15
231000064,3-3,gyeonggi,토요일,310,540,07:30,20:00,07:40,20:15
231000064,3-3,gyeonggi,일요일,310,540,07:30,20:00,07:40,20:15
231000064,3-3,gyeonggi,공휴일,310,540,07:30,20:00,07:40,20:15
231000065,3-4,gyeonggi,평일,320,420,07:00,19:20,07:15,19:35
231000065,3-4,gyeonggi,토요일,320,420,07:00,19:20,07:15,19:35
231000065,3-4,gyeonggi,일요일,320,420,07:00,19:20,07:15,19:35
231000065,3-4,gyeonggi,공휴일,320,420,07:00,19:20,07:15,19:35
231000067,3-5,gyeonggi,평일,250,250,08:30,12:20,09:00,14:30
231000067,3-5,gyeonggi,토요일,250,250,08:30,12:20,09:00,14:30
231000067,3-5,gyeonggi,일요일,250,250,08:30,12:20,09:00,14:30
231000067,3-5,gyeonggi,공휴일,250,250,08:30,12:20,09:00,14:30
231000068,3-7,gyeonggi,평일,360,370,07:10,18:50,07:20,19:00
231000068,3-7,gyeonggi,토요일,360,370,07:10,18:50,07:20,19:00
231000068,3-7,gyeonggi,일요일,360,370,07:10,18:50,07:20,19:00
231000068,3-7,gyeonggi,공휴일,360,370,07:10,18:50,07:20,19:00
231000069,3-8,gyeonggi,평일,220,380,07:30,17:30,07:30,17:30
231000069,3-8,gyeonggi,토요일,220,380,07:30,17:30,07:30,17:30
231000069,3-8,gyeonggi,일요일,220,380,07:30,17:30,07:30,17:30
231000069,3-8,gyeonggi,공휴일,220,380,07:30,17:30,07:30,17:30
231000070,3-9,gyeonggi,평일,150,250,06:40,18:10,06:55,18:20
231000070,3-9,gyeonggi,토요일,150,250,06:40,18:10,06:55,18:20
231000070,3-9,gyeonggi,일요일,150,250,06:40,18:10,06:55,18:20
231000070,3-9,gyeonggi,공휴일,150,250,06:40,18:10,06:55,18:20
231000071,3-11,gyeonggi,평일,660,660,08:30,19:30,08:45,19:40
231000071,3-11,gyeonggi,토요일,660,660,08:30,19:30,08:45,19:40
231000071,3-11,gyeonggi,일요일,660,660,08:30,19:30,08:45,19:40
231000071,3-11,gyeonggi,공휴일,660,660,08:30,19:30,08:45,19:40
231000072,3,gyeonggi,평일,60,70,07:00,20:00,07:30,20:30
231000072,3,gyeonggi,토요일,60,70,07:00,20:00,07:30,20:30
231000072,3,gyeonggi,일요일,60,70,07:00,20:00,07:30,20:30
231000072,3,gyeonggi,공휴일,60,70,07:00,20:00,07:30,20:30
231000073,2-5,gyeonggi,평일,330,320,06:30,17:20,07:20,18:00
231000073,2-5,gyeonggi,토요일,330,320,06:30,17:20,07:20,18:00
231000073,2-5,gyeonggi,일요일,330,320,06:30,17:20,07:20,18:00
231000073,2-5,gyeonggi,공휴일,330,320,06:30,17:20,07:20,18:00
231000074,2-6,gyeonggi,평일,730,730,08:20,20:30,08:50,21:00
231000074,2-6,gyeonggi,토요일,730,730,08:20,20:30,08:50,21:00
231000074,2-6,gyeonggi,일요일,730,730,08:20,20:30,08:50,21:00
231000074,2-6,gyeonggi,공휴일,730,730,08:20,20:30,08:50,21:00
231000075,2-8,gyeonggi,평일,170,200,09:20,20:00,10:00,20:30
231000075,2-8,gyeonggi,토요일,170,200,09:30,21:00,10:20,21:40
231000075,2-8,gyeonggi,일요일,170,200,09:30,21:00,10:20,21:40
231000075,2-8,gyeonggi,공휴일,170,200,09:30,21:00,10:20,21:40
231000078,10-2,gyeonggi,평일,30,100,06:30,22:00,07:00,22:30
231000078,10-2,gyeonggi,토요일,30,100,06:30,22:00,07:00,22:30
231000078,10-2,gyeonggi,일요일,30,100,06:30,22:00,07:00,22:30
231000078,10-2,gyeonggi,공휴일,30,100,06:30,22:00,07:00,22:30
231000081,10-6,gyeonggi,평일,100,240,06:20,20:00,06:35,20:25
231000081,10-6,gyeonggi,토요일,100,240,06:20,20:00,06:35,20:25
231000081,10-6,gyeonggi,일요일,100,240,06:20,20:00,06:35,20:25
231000081,10-6,gyeonggi,공휴일,100,240,06:20,20:00,06:35,20:25
231000082,10-4,gyeonggi,평일,540,,07:40,17:10,08:00,17:25
231000082,10-4,gyeonggi,토요일,540,,07:40,17:10,08:00,17:25
231000082,10-4,gyeonggi,일요일,540,,07:40,17:10,08:00,17:25
231000082,10-4,gyeonggi,공휴일,540,,07:40,17:10,08:00,17:25
231000085,5,gyeonggi,평일,110,290,06:30,19:55,06:30,19:55
231000085,5,gyeonggi,토요일,110,290,06:30,19:55,06:30,19:55
231000085,5,gyeonggi,일요일,110,290,06:30,19:55,06:30,19:55
231000085,5,gyeonggi,공휴일,110,290,06:30,19:55,06:30,19:55
231000086,5-2,gyeonggi,평일,60,180,07:40,20:55,07:40,20:55
231000086,5-2,gyeonggi,토요일,60,180,07:40,20:55,07:40,20:55
231000086,5-2,gyeonggi,일요일,60,180,07:40,20:55,07:40,20:55
231000086,5-2,gyeonggi,공휴일,60,180,07:40,20:55,07:40,20:55
231000088,5-1,gyeonggi,평일,480,480,07:25,17:30,07:25,17:30
231000088,5-1,gyeonggi,토요일,480,480,07:25,17:30,07:25,17:30
231000088,5-1,gyeonggi,일요일,480,480,07:25,17:30,07:25,17:30
231000088,5-1,gyeonggi,공휴일,480,480,07:25,17:30,07:25,17:30
231000090,38-1,gyeonggi,평일,120,250,06:40,18:00,07:00,18:25
231000090,38-1,gyeonggi,토요일,120,250,06:40,18:00,07:00,18:25
231000090,38-1,gyeonggi,일요일,120,250,06:40,18:00,07:00,18:25
231000090,38-1,gyeonggi,공휴일,120,250,06:40,18:00,07:00,18:25
231000094,37,gyeonggi,평일,20,20,06:00,18:40,08:00,21:20
231000094,37,gyeonggi,토요일,20,20,06:00,18:40,08:00,21:20
231000094,37,gyeonggi,일요일,20,20,06:00,18:40,08:00,21:20
231000094,37,gyeonggi,공휴일,20,20,06:00,18:40,08:00,21:20
231000099,50-8,gyeonggi,평일,290,380,07:10,19:00,07:40,19:40
231000099,50-8,gyeonggi,토요일,290,380,07:10,19:00,07:40,19:40
231000099,50-8,gyeonggi,일요일,290,380,07:10,19:00,07:40,19:40
231000099,50-8,gyeonggi,공휴일,290,380,07:10,19:00,07:40,19:40
231000100,7-5,gyeonggi,평일,40,210,14:20,19:20,14:40,19:45
231000100,7-5,gyeonggi,토요일,40,210,14:20,19:20,14:40,19:45
231000100,7-5,gyeonggi,일요일,40,210,14:20,19:20,14:40,19:45
231000100,7-5,gyeonggi,공휴일,40,210,14:20,19:20,14:40,19:45
231000101,7-6,gyeonggi,평일,260,290,07:30,16:40,08:30,17:20
231000101,7-6,gyeonggi,토요일,260,290,07:30,16:40,08:30,17:20
231000101,7-6,gyeonggi,일요일,260,290,07:30,16:40,08:30,17:20
231000101,7-6,gyeonggi,공휴일,260,290,07:30,16:40,08:30,17:20
231000103,7-7,gyeonggi,평일,,,09:40,09:40,10:10,10:10
231000103,7-7,gyeonggi,토요일,,,09:40,09:40,10:10,10:10
231000103,7-7,gyeonggi,일요일,,,09:40,09:40,10:10,10:10
231000103,7-7,gyeonggi,공휴일,,,09:40,09:40,10:10,10:10
231000105,5-5,gyeonggi,평일,15,30,06:10,22:30,06:35,23:00
231000105,5-5,gyeonggi,토요일,15,30,06:10,22:30,06:35,23:00
231000105,5-5,gyeonggi,일요일,15,30,06:10,22:30,06:35,23:00
231000105,5-5,gyeonggi,공휴일,15,30,06:10,22:30,06:35,23:00
231000106,100-3,gyeonggi,평일,140,210,10:25,17:55,10:50,18:20
231000106,100-3,gyeonggi,토요일,140,210,10:25,17:55,10:50,18:20
231000106,100-3,gyeonggi,일요일,140,210,10:25,17:55,10:50,18:20
231000106,100-3,gyeonggi,공휴일,140,210,10:25,17:55,10:50,18:20
231000108,35-2,gyeonggi,평일,,,06:40,21:00,07:05,21:20
231000108,35-2,gyeonggi,토요일,,,06:40,21:00,07:05,21:20
231000108,35-2,gyeonggi,일요일,,,06:40,21:00,07:05,21:20
231000108,35-2,gyeonggi,공휴일,,,06:40,21:00,07:05,21:20
231000111,7-8,gyeonggi,평일,20,60,06:00,22:00,06:00,22:00
231000111,7-8,gyeonggi,토요일,20,60,06:00,22:00,06:00,22:00
231000111,7-8,gyeonggi,일요일,20,60,06:00,22:00,06:00,22:00
231000111,7-8,gyeonggi,공휴일,20,60,06:00,22:00,06:00,22:00
231000118,380,gyeonggi,평일,30,40,05:00,21:40,06:45,23:10
231000118,380,gyeonggi,토요일,30,40,05:00,21:40,06:45,23:10
231000118,380,gyeonggi,일요일,30,40,05:00,21:40,06:45,23:10
231000118,380,gyeonggi,공휴일,30,40,05:00,21:40,06:45,23:10
231000119,10-7,gyeonggi,평일,110,270,09:20,16:00,10:00,16:30
231000119,10-7,gyeonggi,토요일,110,270,09:20,16:00,10:00,16:30
231000119,10-7,gyeonggi,일요일,110,270,09:20,16:00,10:00,16:30
231000119,10-7,gyeonggi,공휴일,110,270,09:20,16:00,10:00,16:30
231000121,20-1,gyeonggi,평일,240,240,11:40,15:40,11:40,15:40
231000121,20-1,gyeonggi,토요일,240,240,11:40,15:40,11:40,15:40
231000121,20-1,gyeonggi,일요일,240,240,11:40,15:40,11:40,15:40
231000121,20-1,gyeonggi,공휴일,240,240,11:40,15:40,11:40,15:40
231000122,8-2,gyeonggi,평일,180,180,06:40,20:00,07:20,20:30
231000122,8-2,gyeonggi,토요일,180,180,06:40,20:00,07:20,20:30
231000122,8-2,gyeonggi,일요일,180,180,06:40,20:00,07:20,20:30
231000122,8-2,gyeonggi,공휴일,180,180,06:40,20:00,07:20,20:30
231000125,2-11,gyeonggi,평일,,,07:20,07:20,07:40,07:40
231000125,2-11,gyeonggi,토요일,,,07:20,07:20,07:40,07:40
231000125,2-11,gyeonggi,일요일,,,07:20,07:20,07:40,07:40
231000125,2-11,gyeonggi,공휴일,,,07:20,07:20,07:40,07:40
231000126,1-5,gyeonggi,평일,120,480,08:20,18:10,08:20,18:10
231000126,1-5,gyeonggi,토요일,120,480,08:20,18:10,08:20,18:10
231000126,1-5,gyeonggi,일요일,120,480,08:20,18:10,08:20,18:10
231000126,1-5,gyeonggi,공휴일,120,480,08:20,18:10,08:20,18:10
231000128,37-1,gyeonggi,평일,20,20,06:00,17:40,09:00,21:00
231000128,37-1,gyeonggi,토요일,20,20,06:00,17:40,09:00,21:00
231000128,37-1,gyeonggi,일요일,20,20,06:00,17:40,09:00,21:00
231000128,37-1,gyeonggi,공휴일,20,20,06:00,17:40,09:00,21:00
231000132,8-1,gyeonggi,평일,30,60,06:25,20:55,07:00,21:20
231000132,8-1,gyeonggi,토요일,30,60,06:25,20:55,07:00,21:20
231000132,8-1,gyeonggi,일요일,30,60,06:25,20:55,07:00,21:20
231000132,8-1,gyeonggi,공휴일,30,60,06:25,20:55,07:00,21:20
231000133,7-9,gyeonggi,평일,20,60,06:40,21:30,07:00,21:50
231000133,7-9,gyeonggi,토요일,20,60,06:40,21:30,07:00,21:50
231000133,7-9,gyeonggi,일요일,20,60,06:40,21:30,07:00,21:50
231000133,7-9,gyeonggi,공휴일,20,60,06:40,21:30,07:00,21:50
231000134,7-10,gyeonggi,평일,300,330,08:15,21:00,08:40,21:25
231000134,7-10,gyeonggi,토요일,300,330,08:15,21:00,08:40,21:25
231000134,7-10,gyeonggi,일요일,300,330,08:15,21:00,08:40,21:25
231000134,7-10,gyeonggi,공휴일,300,330,08:15,21:00,08:40,21:25
231000135,7-11,gyeonggi,평일,60,140,06:50,21:00,07:20,21:30
231000135,7-11,gyeonggi,토요일,60,140,06:50,21:00,07:20,21:30
231000135,7-11,gyeonggi,일요일,60,140,06:50,21:00,07:20,21:30
231000135,7-11,gyeonggi,공휴일,60,140,06:50,21:00,07:20,21:30
231000139,4402,gyeonggi,평일,20,40,05:00,22:00,06:30,23:20
231000139,4402,gyeonggi,토요일,40,50,05:00,22:00,06:30,23:20
231000139,4402,gyeonggi,일요일,30,40,05:00,22:00,06:30,23:20
231000139,4402,gyeonggi,공휴일,30,40,05:00,22:00,06:30,23:20
231000143,안성똑버스03,gyeonggi,평일,,,06:00,22:30,06:00,22:30
231000143,안성똑버스03,gyeonggi,토요일,,,06:00,22:30,06:00,22:30
231000143,안성똑버스03,gyeonggi,일요일,,,06:00,22:30,06:00,22:30
231000143,안성똑버스03,gyeonggi,공휴일,,,06:00,22:30,06:00,22:30
231000144,안성똑버스04,gyeonggi,평일,,,06:00,22:30,06:00,22:30
231000144,안성똑버스04,gyeonggi,토요일,,,06:00,22:30,06:00,22:30
231000144,안성똑버스04,gyeonggi,일요일,,,06:00,22:30,06:00,22:30
231000144,안성똑버스04,gyeonggi,공휴일,,,06:00,22:30,06:00,22:30
231000145,770,gyeonggi,평일,24,24,05:00,23:00,06:00,00:00
231000145,770,gyeonggi,토요일,24,24,05:00,23:00,06:00,00:00
231000145,770,gyeonggi,일요일,24,24,05:00,23:00,06:00,00:00
231000145,770,gyeonggi,공휴일,24,24,05:00,23:00,06:00,00:00
231000146,4305,gyeonggi,평일,40,50,05:00,22:00,06:30,23:30
231000146,4305,gyeonggi,토요일,40,50,05:00,22:00,06:30,23:30
231000146,4305,gyeonggi,일요일,40,50,05:00,22:00,06:30,23:30
231000146,4305,gyeonggi,공휴일,40,50,05:00,22:00,06:30,23:30
231000147,91,gyeonggi,평일,10,30,05:30,23:00,05:30,23:00
231000147,91,gyeonggi,토요일,10,30,05:30,23:00,05:30,23:00
231000147,91,gyeonggi,일요일,10,30,05:30,23:00,05:30,23:00
231000147,91,gyeonggi,공휴일,10,30,05:30,23:00,05:30,23:00
231000148,90,gyeonggi,평일,10,25,05:30,23:00,05:30,23:00
231000148,90,gyeonggi,토요일,10,25,05:30,23:00,05:30,23:00
231000148,90,gyeonggi,일요일,10,25,05:30,23:00,05:30,23:00
231000148,90,gyeonggi,공휴일,10,25,05:30,23:00,05:30,23:00
231000149,통학1(등교),gyeonggi,평일,,,07:10,07:10,00:00,00:00
231000150,통학2(등교),gyeonggi,평일,,,07:20,07:20,00:00,00:00
231000151,통학3(등교),gyeonggi,평일,,,07:40,07:40,00:00,00:00
231000152,통학4(등교),gyeonggi,평일,10,,07:20,07:30,00:00,00:00
231000153,통학5(등교),gyeonggi,평일,20,,07:20,07:40,00:00,00:00
231000154,통학1(하교),gyeonggi,평일,,,16:50,16:50,00:00,00:00
231000155,통학2(하교),gyeonggi,평일,,,16:50,16:50,00:00,00:00
231000156,통학3(하교),gyeonggi,평일,,,16:50,16:50,00:00,00:00
231000157,통학4(하교),gyeonggi,평일,,60,16:50,16:50,00:00,00:00
231000158,통학5(하교),gyeonggi,평일,,60,16:50,16:50,00:00,00:00
232000003,96,gyeonggi,평일,15,25,05:00,23:30,05:00,23:30
232000003,96,gyeonggi,토요일,25,35,05:00,23:30,05:00,23:30
232000003,96,gyeonggi,일요일,25,35,05:00,23:30,05:00,23:30
232000003,96,gyeonggi,공휴일,25,35,05:00,23:30,05:00,23:30
232000004,95,gyeonggi,평일,6,8,04:00,00:00,05:00,01:15
232000004,95,gyeonggi,토요일,9,13,04:00,00:00,05:00,01:15
232000004,95,gyeonggi,일요일,9,13,04:00,00:00,05:00,01:15
232000004,95,gyeonggi,공휴일,9,13,04:00,00:00,05:00,01:15
232000005,9008,gyeonggi,평일,15,20,04:30,22:40,05:50,00:00
232000005,9008,gyeonggi,토요일,20,30,04:30,22:40,05:50,00:00
232000005,9008,gyeonggi,일요일,25,35,04:30,22:40,05:50,00:00
232000005,9008,gyeonggi,공휴일,25,35,04:30,22:40,05:50,00:00
232000006,1002,gyeonggi,평일,15,20,04:20,22:40,05:40,00:00
232000006,1002,gyeonggi,토요일,25,45,04:20,22:00,05:40,23:20
232000006,1002,gyeonggi,일요일,30,50,04:20,22:00,05:40,23:20
232000006,1002,gyeonggi,공휴일,30,50,04:20,22:00,05:40,23:20
232000007,8000,gyeonggi,평일,15,30,04:10,22:30,06:00,00:20
232000007,8000,gyeonggi,토요일,20,35,04:10,22:30,06:00,00:20
232000007,8000,gyeonggi,일요일,30,40,04:10,22:30,06:00,00:20
232000007,8000,gyeonggi,공휴일,30,40,04:10,22:30,06:00,00:20
232000009,81,gyeonggi,평일,10,15,04:50,23:30,06:10,00:30
232000009,81,gyeonggi,토요일,15,20,04:50,23:30,06:10,00:30
232000009,81,gyeonggi,일요일,15,25,04:50,23:30,06:10,00:30
232000009,81,gyeonggi,공휴일,15,25,04:50,23:30,06:10,00:30
232000014,841,gyeonggi,평일,10,20,04:20,22:00,05:10,23:10
232000014,841,gyeonggi,토요일,20,30,04:20,22:00,05:10,23:10
232000014,841,gyeonggi,일요일,50,60,04:20,22:00,05:10,23:10
232000014,841,gyeonggi,공휴일,50,60,04:20,22:00,05:10,23:10
232000015,53,gyeonggi,평일,60,90,06:30,20:30,07:00,21:00
232000015,53,gyeonggi,토요일,60,90,06:30,20:30,07:00,21:00
232000015,53,gyeonggi,일요일,60,90,06:30,20:30,07:00,21:00
232000015,53,gyeonggi,공휴일,60,90,06:30,20:30,07:00,21:00
232000017,60,gyeonggi,평일,7,14,04:10,00:30,05:30,01:30
232000017,60,gyeonggi,토요일,13,18,04:10,00:30,05:30,01:30
232000017,60,gyeonggi,일요일,15,20,04:10,00:30,05:30,01:30
232000017,60,gyeonggi,공휴일,15,20,04:10,00:30,05:30,01:30
232000025,60-3,gyeonggi,평일,15,35,04:10,22:30,05:40,23:50
232000025,60-3,gyeonggi,토요일,25,45,04:10,22:00,05:40,23:20
232000025,60-3,gyeonggi,일요일,25,45,04:10,22:00,05:40,23:20
232000025,60-3,gyeonggi,공휴일,25,45,04:10,22:00,05:40,23:20
232000028,2,gyeonggi,평일,20,25,04:10,23:00,05:00,00:00
232000028,2,gyeonggi,토요일,20,25,04:10,23:00,05:00,00:00
232000028,2,gyeonggi,일요일,22,25,04:10,23:00,05:00,00:00
232000028,2,gyeonggi,공휴일,22,25,04:10,23:00,05:00,00:00
232000029,88,gyeonggi,평일,15,20,04:10,22:30,05:20,23:40
232000029,88,gyeonggi,토요일,15,20,04:10,22:30,05:20,23:40
232000029,88,gyeonggi,일요일,15,20,04:10,22:30,05:20,23:40
232000029,88,gyeonggi,공휴일,15,20,04:10,22:30,05:20,23:40
232000031,102,gyeonggi,평일,50,80,06:00,21:00,05:00,18:40
232000031,102,gyeonggi,토요일,50,80,06:00,21:00,05:00,18:40
232000031,102,gyeonggi,일요일,50,80,06:00,21:00,05:00,18:40
232000031,102,gyeonggi,공휴일,50,80,06:00,21:00,05:00,18:40
232000032,101,gyeonggi,평일,50,80,06:30,21:30,05:00,18:55
232000032,101,gyeonggi,토요일,50,80,06:30,21:30,05:00,18:55
232000032,101,gyeonggi,일요일,50,80,06:30,21:30,05:00,18:55
232000032,101,gyeonggi,공휴일,50,80,06:30,21:30,05:00,18:55
232000035,83,gyeonggi,평일,70,120,06:05,19:30,07:15,20:35
232000035,83,gyeonggi,토요일,70,120,06:05,19:30,07:15,20:35
232000035,83,gyeonggi,일요일,140,190,06:05,19:30,07:15,20:35
232000035,83,gyeonggi,공휴일,140,190,06:05,19:30,07:15,20:35
232000039,86-1,gyeonggi,평일,90,140,07:30,19:35,08:15,20:15
232000039,86-1,gyeonggi,토요일,90,140,07:30,19:35,08:15,20:15
232000047,8600,gyeonggi,평일,20,35,04:20,23:00,05:50,00:30
232000047,8600,gyeonggi,토요일,25,40,04:20,23:00,05:50,00:30
232000047,8600,gyeonggi,일요일,30,45,04:20,23:00,05:50,00:30
232000047,8600,gyeonggi,공휴일,30,45,04:20,23:00,05:50,00:30
232000056,90,gyeonggi,평일,10,20,04:10,22:10,05:40,00:00
232000056,90,gyeonggi,토요일,10,25,04:10,22:10,05:40,00:00
232000056,90,gyeonggi,일요일,20,30,04:10,22:10,05:40,00:00
232000056,90,gyeonggi,공휴일,20,30,04:10,22:10,05:40,00:00
232000065,81-1,gyeonggi,평일,6,15,04:20,23:20,05:10,00:30
232000065,81-1,gyeonggi,토요일,8,15,04:20,23:20,05:10,00:30
232000065,81-1,gyeonggi,일요일,15,20,04:20,23:20,05:10,00:30
232000065,81-1,gyeonggi,공휴일,15,20,04:20,23:20,05:10,00:30
232000067,388,gyeonggi,평일,8,15,04:00,22:40,05:30,00:00
232000067,388,gyeonggi,토요일,10,20,04:00,22:40,05:30,00:00
232000067,388,gyeonggi,일요일,15,30,04:00,22:40,05:30,00:00
232000067,388,gyeonggi,공휴일,15,30,04:00,22:40,05:30,00:00
232000071,M6117,gyeonggi,평일,15,25,04:30,23:10,05:40,00:20
232000071,M6117,gyeonggi,토요일,20,30,04:30,23:10,05:40,00:20
232000071,M6117,gyeonggi,일요일,25,35,04:30,23:10,05:40,00:20
232000071,M6117,gyeonggi,공휴일,25,35,04:30,23:10,05:40,00:20
232000072,8601,gyeonggi,평일,15,30,04:20,23:00,05:50,00:30
232000072,8601,gyeonggi,토요일,20,40,04:20,23:00,05:50,00:30
232000072,8601,gyeonggi,일요일,25,40,04:20,23:00,05:50,00:30
232000072,8601,gyeonggi,공휴일,25,40,04:20,23:00,05:50,00:30
232000073,1004,gyeonggi,평일,25,30,04:30,22:50,06:00,00:20
232000073,1004,gyeonggi,토요일,35,40,04:30,22:50,06:00,00:20
232000073,1004,gyeonggi,일요일,35,45,04:30,22:50,06:00,00:20
232000073,1004,gyeonggi,공휴일,35,45,04:30,22:50,06:00,00:20
232000075,M6427,gyeonggi,평일,15,60,04:30,22:40,05:50,00:00
232000075,M6427,gyeonggi,토요일,25,70,04:30,22:40,05:50,00:00
232000075,M6427,gyeonggi,일요일,30,70,04:30,22:40,05:50,00:00
232000075,M6427,gyeonggi,공휴일,30,70,04:30,22:40,05:50,00:00
232000081,6427,gyeonggi,평일,120,120,05:00,22:20,06:30,23:50
232000081,6427,gyeonggi,토요일,240,240,05:00,22:20,06:30,23:50
232000081,6427,gyeonggi,일요일,240,240,05:00,22:20,06:30,23:50
232000081,6427,gyeonggi,공휴일,240,240,05:00,22:20,06:30,23:50
232000082,1,gyeonggi,평일,30,50,05:30,21:00,06:10,21:40
232000082,1,gyeonggi,토요일,60,80,05:30,21:00,06:10,21:40
232000082,1,gyeonggi,일요일,60,80,05:30,21:00,06:10,21:40
232000082,1,gyeonggi,공휴일,60,80,05:30,21:00,06:10,21:40
232000083,1-1,gyeonggi,토요일,50,70,06:00,20:50,07:10,22:00
232000083,1-1,gyeonggi,일요일,50,70,06:00,20:50,07:10,22:00
232000083,1-1,gyeonggi,공휴일,50,70,06:00,20:50,07:10,22:00
232000087,3,gyeonggi,평일,50,70,06:00,20:20,07:05,21:25
232000087,3,gyeonggi,토요일,130,130,06:00,19:30,07:05,20:40
232000087,3,gyeonggi,일요일,120,120,06:00,19:30,07:05,20:40
232000087,3,gyeonggi,공휴일,120,120,06:00,19:30,07:05,20:40
232000089,90-1,gyeonggi,평일,10,30,05:00,22:30,05:50,23:30
232000089,90-1,gyeonggi,토요일,30,30,05:00,22:30,05:50,23:30
232000089,90-1,gyeonggi,일요일,30,30,05:00,22:30,05:50,23:30
232000089,90-1,gyeonggi,공휴일,30,30,05:00,22:30,05:50,23:30
232000090,G6000,gyeonggi,평일,15,35,04:20,23:10,05:15,00:05
232000090,G6000,gyeonggi,토요일,20,30,04:20,23:10,05:15,00:05
232000090,G6000,gyeonggi,일요일,20,40,04:20,23:10,05:15,00:05
232000090,G6000,gyeonggi,공휴일,20,40,04:20,23:10,05:15,00:05
232000094,G6001,gyeonggi,평일,20,30,04:30,23:10,05:20,00:00
232000094,G6001,gyeonggi,토요일,30,40,04:30,23:10,05:20,00:00
232000094,G6001,gyeonggi,일요일,30,50,04:30,23:10,05:20,00:00
232000094,G6001,gyeonggi,공휴일,30,50,04:30,23:10,05:20,00:00
232000095,21,gyeonggi,평일,20,30,04:50,23:50,05:35,00:35
232000095,21,gyeonggi,토요일,35,45,04:50,23:50,05:35,00:35
232000095,21,gyeonggi,일요일,45,50,04:50,23:50,05:35,00:35
232000095,21,gyeonggi,공휴일,45,50,04:50,23:50,05:35,00:35
232000096,4,gyeonggi,평일,20,40,05:30,20:30,06:10,21:10
232000096,4,gyeonggi,토요일,40,80,06:00,20:30,06:40,21:10
232000096,4,gyeonggi,일요일,40,80,06:00,20:30,06:40,21:10
232000096,4,gyeonggi,공휴일,20,40,05:30,20:30,06:10,21:10
232000097,4-1,gyeonggi,토요일,60,90,06:00,20:00,07:20,21:20
232000097,4-1,gyeonggi,일요일,60,90,06:00,20:00,07:20,21:20
232000097,4-1,gyeonggi,공휴일,60,90,06:00,20:00,07:20,21:20
232000099,9000,gyeonggi,평일,60,110,04:15,20:00,05:45,21:30
232000099,9000,gyeonggi,토요일,60,100,04:15,20:00,05:45,21:30
232000099,9000,gyeonggi,일요일,60,100,04:15,20:00,05:45,21:30
232000099,9000,gyeonggi,공휴일,60,100,04:15,20:00,05:45,21:30
232000100,7,gyeonggi,평일,30,60,06:00,20:30,07:05,21:35
232000100,7,gyeonggi,토요일,60,80,06:00,19:50,07:05,20:55
232000100,7,gyeonggi,일요일,60,80,06:00,19:50,07:05,20:55
232000100,7,gyeonggi,공휴일,60,80,06:00,19:50,07:05,20:55
232000102,7-2,gyeonggi,토요일,40,85,06:00,19:30,06:40,20:10
232000102,7-2,gyeonggi,일요일,40,85,06:00,19:30,06:40,20:10
232000102,7-2,gyeonggi,공휴일,40,85,06:00,19:30,06:40,20:10
232000105,이음1,gyeonggi,평일,,,00:30,00:00,02:00,00:00
232000106,이음2,gyeonggi,평일,,,00:30,00:00,02:00,00:00
232000106,이음2,gyeonggi,토요일,,,00:00,,,
232000108,4-2,gyeonggi,평일,20,,08:00,08:20,08:00,08:20
232000108,4-2,gyeonggi,토요일,,,00:00,00:00,00:00,00:00
232000108,4-2,gyeonggi,일요일,,,00:00,00:00,00:00,00:00
232000108,4-2,gyeonggi,공휴일,,,00:00,00:00,00:00,00:00
232000109,33-1,gyeonggi,평일,20,30,04:20,23:20,05:20,00:20
232000109,33-1,gyeonggi,토요일,35,50,04:20,23:20,05:20,00:20
232000109,33-1,gyeonggi,일요일,50,70,04:20,23:20,05:20,00:20
232000109,33-1,gyeonggi,공휴일,50,70,04:20,23:20,05:20,00:20
232000111,G6003,gyeonggi,평일,25,30,04:10,22:40,05:10,23:40
232000111,G6003,gyeonggi,토요일,30,35,04:10,22:40,05:10,23:40
232000111,G6003,gyeonggi,일요일,30,35,04:10,22:40,05:10,23:40
232000111,G6003,gyeonggi,공휴일,30,35,04:10,22:40,05:10,23:40
232000112,82,gyeonggi,평일,20,25,05:50,23:00,06:20,23:30
232000112,82,gyeonggi,토요일,20,26,05:50,23:00,06:20,23:30
232000112,82,gyeonggi,일요일,20,26,05:50,23:00,06:20,23:30
232000112,82,gyeonggi,공휴일,20,26,05:50,23:00,06:20,23:30
232000113,8,gyeonggi,평일,5,10,06:10,20:05,06:18,20:13
232000113,8,gyeonggi,토요일,5,10,06:10,20:05,06:18,20:13
232000113,8,gyeonggi,일요일,5,10,06:10,20:05,06:18,20:13
232000113,8,gyeonggi,공휴일,5,10,06:10,20:05,06:18,20:13
232000114,8-1,gyeonggi,평일,25,45,08:25,20:20,09:55,21:50
232000114,8-1,gyeonggi,토요일,25,45,07:25,20:20,08:55,21:50
232000114,8-1,gyeonggi,일요일,25,45,07:25,20:20,08:55,21:50
232000114,8-1,gyeonggi,공휴일,25,45,07:25,20:20,08:55,21:50
232000115,8-2,gyeonggi,평일,25,25,07:25,08:20,07:40,08:35
232000116,G6002,gyeonggi,평일,25,30,04:30,23:20,05:30,00:20
232000116,G6002,gyeonggi,토요일,30,35,04:30,23:20,05:30,00:20
232000116,G6002,gyeonggi,일요일,30,45,04:30,23:20,05:30,00:20
232000116,G6002,gyeonggi,공휴일,30,45,04:30,23:20,05:30,00:20
232000117,G6004,gyeonggi,평일,20,30,04:20,23:20,05:30,00:30
232000117,G6004,gyeonggi,토요일,20,30,04:20,23:20,05:30,00:30
232000117,G6004,gyeonggi,일요일,30,35,04:20,23:20,05:30,00:30
232000117,G6004,gyeonggi,공휴일,30,35,04:20,23:20,05:30,00:30
232000118,G6005,gyeonggi,평일,20,35,04:20,23:00,05:30,00:10
232000118,G6005,gyeonggi,토요일,30,40,04:20,23:00,05:30,00:10
232000118,G6005,gyeonggi,일요일,30,45,04:20,23:00,05:30,00:10
232000118,G6005,gyeonggi,공휴일,30,45,04:20,23:00,05:30,00:10
232000121,70,gyeonggi,평일,5,25,06:00,22:00,06:30,22:30
232000121,70,gyeonggi,토요일,,,00:00,00:00,00:00,00:00
232000121,70,gyeonggi,일요일,,,00:00,00:00,00:00,00:00
232000121,70,gyeonggi,공휴일,,,00:00,00:00,00:00,00:00
232000122,2000,gyeonggi,평일,15,30,04:10,23:30,05:20,00:40
232000122,2000,gyeonggi,토요일,20,40,04:10,23:30,05:20,00:40
232000122,2000,gyeonggi,일요일,30,40,04:10,23:30,05:20,00:40
232000122,2000,gyeonggi,공휴일,30,40,04:10,23:30,05:20,00:40
232000132,김포똑버스01,gyeonggi,평일,10,30,06:00,23:30,06:00,00:00
232000132,김포똑버스01,gyeonggi,토요일,10,30,06:00,23:30,06:00,00:00
232000132,김포똑버스01,gyeonggi,일요일,10,30,06:00,23:30,06:00,00:00
232000132,김포똑버스01,gyeonggi,공휴일,10,30,06:00,23:30,06:00,00:00
232000137,6601,gyeonggi,평일,15,50,04:50,23:10,05:35,23:45
232000137,6601,gyeonggi,토요일,45,60,04:50,23:10,05:35,23:45
232000137,6601,gyeonggi,일요일,45,60,04:50,23:10,05:35,23:45
232000137,6601,gyeonggi,공휴일,45,60,04:50,23:10,05:35,23:45
232000138,3000-1,gyeonggi,평일,15,20,04:20,22:00,05:40,23:20
232000138,3000-1,gyeonggi,토요일,15,20,04:20,22:00,05:40,23:20
232000138,3000-1,gyeonggi,일요일,15,20,04:20,22:00,05:40,23:20
232000138,3000-1,gyeonggi,공휴일,15,20,04:20,22:00,05:40,23:20
232000139,6701,gyeonggi,평일,30,30,04:30,23:00,05:20,23:50
232000139,6701,gyeonggi,토요일,30,30,04:30,23:00,05:20,23:50
232000139,6701,gyeonggi,일요일,30,30,04:30,23:00,05:20,23:50
232000139,6701,gyeonggi,공휴일,30,30,04:30,23:00,05:20,23:50
232000140,3-2,gyeonggi,평일,,,00:00,00:00,00:00,00:00
232000140,3-2,gyeonggi,토요일,90,110,06:30,19:30,07:00,20:00
232000140,3-2,gyeonggi,일요일,90,110,06:30,19:30,07:00,20:00
232000140,3-2,gyeonggi,공휴일,90,110,06:30,19:30,07:00,20:00
232000142,33-2,gyeonggi,평일,25,40,04:20,23:20,05:10,00:10
232000142,33-2,gyeonggi,토요일,40,50,04:20,23:20,05:10,00:10
232000142,33-2,gyeonggi,일요일,40,50,04:20,23:20,05:10,00:10
232000142,33-2,gyeonggi,공휴일,40,50,04:20,23:20,05:10,00:10
232000143,33,gyeonggi,평일,20,30,04:20,23:20,05:40,00:40
232000143,33,gyeonggi,토요일,25,30,04:20,23:20,05:40,00:40
232000143,33,gyeonggi,일요일,25,30,04:20,23:20,05:40,00:40
232000143,33,gyeonggi,공휴일,25,30,04:20,23:20,05:40,00:40
232000144,70(출근),gyeonggi,평일,5,10,06:35,08:25,07:05,08:55
232000144,70(출근),gyeonggi,토요일,,,00:00,00:00,00:00,00:00
232000144,70(출근),gyeonggi,일요일,,,00:00,00:00,00:00,00:00
232000144,70(출근),gyeonggi,공휴일,,,00:00,00:00,00:00,00:00
232000145,70C,gyeonggi,평일,10,30,06:00,22:00,06:30,22:30
232000145,70C,gyeonggi,토요일,20,30,06:00,22:00,06:30,22:30
232000145,70C,gyeonggi,일요일,20,30,06:00,22:00,06:30,22:30
232000145,70C,gyeonggi,공휴일,20,30,06:00,22:00,06:30,22:30
232000146,70D,gyeonggi,평일,7,30,06:00,22:00,06:30,22:30
232000146,70D,gyeonggi,토요일,25,30,06:00,22:00,06:30,22:30
232000146,70D,gyeonggi,일요일,25,30,06:00,22:00,06:30,22:30
232000146,70D,gyeonggi,공휴일,25,30,06:00,22:00,06:30,22:30
232000149,M6427(예약),gyeonggi,평일,,,05:50,05:50,08:20,08:20
232000150,6428,gyeonggi,평일,40,90,05:00,22:20,06:30,23:50
232000150,6428,gyeonggi,토요일,60,70,05:00,22:20,06:30,23:50
232000150,6428,gyeonggi,일요일,60,70,05:00,22:20,06:30,23:50
232000150,6428,gyeonggi,공휴일,60,70,05:00,22:20,06:30,23:50
232000151,7000,gyeonggi,평일,8,11,04:40,23:20,05:30,00:10
232000151,7000,gyeonggi,토요일,10,13,04:40,23:20,05:30,00:10
232000151,7000,gyeonggi,일요일,14,16,04:40,23:20,05:30,00:10
232000151,7000,gyeonggi,공휴일,14,16,04:40,23:20,05:30,00:10
232000152,7100,gyeonggi,평일,10,15,04:50,23:00,05:40,23:50
232000152,7100,gyeonggi,토요일,13,17,04:50,23:00,05:40,23:50
232000152,7100,gyeonggi,일요일,15,20,04:50,23:00,05:40,23:50
232000152,7100,gyeonggi,공휴일,15,20,04:50,23:00,05:40,23:50
233000004,1004,gyeonggi,평일,30,35,04:10,21:40,05:30,23:00
233000004,1004,gyeonggi,토요일,30,35,04:10,21:40,05:30,23:00
233000004,1004,gyeonggi,일요일,30,35,04:10,21:40,05:30,23:00
233000004,1004,gyeonggi,공휴일,30,35,04:10,21:40,05:30,23:00
233000005,330,gyeonggi,평일,20,35,04:00,21:30,05:50,23:30
233000005,330,gyeonggi,토요일,20,35,04:00,21:30,05:50,23:30
233000005,330,gyeonggi,일요일,25,45,04:00,21:30,05:50,23:30
233000005,330,gyeonggi,공휴일,25,45,04:00,21:30,05:50,23:30
233000007,777,gyeonggi,평일,35,50,04:30,22:30,06:10,00:20
233000007,777,gyeonggi,토요일,55,65,04:30,22:30,06:10,00:20
233000007,777,gyeonggi,일요일,55,65,04:30,22:30,06:10,00:20
233000007,777,gyeonggi,공휴일,55,65,04:30,22:30,06:10,00:20
233000010,33-1,gyeonggi,평일,60,70,06:00,21:00,07:10,22:00
233000010,33-1,gyeonggi,토요일,60,70,06:00,21:00,07:10,22:00
233000010,33-1,gyeonggi,일요일,60,70,06:00,21:00,07:10,22:00
233000010,33-1,gyeonggi,공휴일,60,70,06:00,21:00,07:10,22:00
233000011,34,gyeonggi,평일,24,90,05:00,22:15,04:55,22:22
233000011,34,gyeonggi,토요일,33,100,05:00,22:15,04:55,22:22
233000011,34,gyeonggi,일요일,33,100,05:00,22:15,04:55,22:22
233000011,34,gyeonggi,공휴일,33,100,05:00,22:15,04:55,22:22
233000012,34-1,gyeonggi,평일,34,75,05:17,22:30,05:13,22:40
233000012,34-1,gyeonggi,토요일,30,90,05:17,22:30,05:13,22:40
233000012,34-1,gyeonggi,일요일,30,90,05:17,22:30,05:13,22:40
233000012,34-1,gyeonggi,공휴일,30,90,05:17,22:30,05:13,22:40
233000013,2,gyeonggi,평일,70,80,06:20,21:30,06:50,22:00
233000013,2,gyeonggi,토요일,70,80,06:20,21:30,06:50,22:00
233000013,2,gyeonggi,일요일,70,80,06:20,21:30,06:50,22:00
233000013,2,gyeonggi,공휴일,70,80,06:20,21:30,06:50,22:00
233000015,4,gyeonggi,평일,40,40,06:00,21:20,06:20,21:40
233000015,4,gyeonggi,토요일,40,40,06:00,21:20,06:20,21:40
233000015,4,gyeonggi,일요일,40,40,06:00,21:20,06:20,21:40
233000015,4,gyeonggi,공휴일,40,40,06:00,21:20,06:20,21:40
233000025,9,gyeonggi,평일,120,180,06:00,21:00,06:30,21:30
233000025,9,gyeonggi,토요일,120,180,06:00,21:00,06:30,21:30
233000025,9,gyeonggi,일요일,120,180,06:00,21:00,06:30,21:30
233000025,9,gyeonggi,공휴일,120,180,06:00,21:00,06:30,21:30
233000031,7770,gyeonggi,평일,2,20,04:30,01:00,05:10,02:00
233000031,7770,gyeonggi,토요일,5,15,04:30,23:30,05:10,00:20
233000031,7770,gyeonggi,일요일,6,20,04:30,23:30,05:10,00:20
233000031,7770,gyeonggi,공휴일,6,20,04:30,23:30,05:10,00:20
233000032,7780,gyeonggi,평일,1,16,05:00,00:00,06:00,01:00
233000032,7780,gyeonggi,토요일,10,14,05:00,23:00,06:00,00:00
233000032,7780,gyeonggi,일요일,12,13,05:00,23:00,06:00,00:00
233000032,7780,gyeonggi,공휴일,12,13,05:00,23:00,06:00,00:00
233000040,6,gyeonggi,평일,80,85,06:00,21:00,07:10,22:10
233000040,6,gyeonggi,토요일,80,85,06:00,21:00,07:10,22:10
233000040,6,gyeonggi,일요일,80,85,06:00,21:00,07:10,22:10
233000040,6,gyeonggi,공휴일,80,85,06:00,21:00,07:10,22:10
233000046,8,gyeonggi,평일,60,90,06:30,22:30,07:20,23:20
233000046,8,gyeonggi,토요일,60,90,06:30,22:30,07:20,23:20
233000046,8,gyeonggi,일요일,60,90,06:30,22:30,07:20,23:20
233000046,8,gyeonggi,공휴일,60,90,06:30,22:30,07:20,23:20
233000048,1,gyeonggi,평일,40,50,06:00,21:40,06:20,22:00
233000048,1,gyeonggi,토요일,40,50,06:00,21:40,06:20,22:00
233000048,1,gyeonggi,일요일,40,50,06:00,21:40,06:20,22:00
233000048,1,gyeonggi,공휴일,40,50,06:00,21:40,06:20,22:00
233000052,2-1,gyeonggi,평일,60,80,07:00,20:10,07:25,20:35
233000052,2-1,gyeonggi,토요일,60,80,07:00,20:10,07:25,20:35
233000052,2-1,gyeonggi,일요일,60,80,07:00,20:10,07:25,20:35
233000052,2-1,gyeonggi,공휴일,60,80,07:00,20:10,07:25,20:35
233000058,7,gyeonggi,평일,60,60,06:30,21:30,06:50,21:50
233000058,7,gyeonggi,토요일,60,60,06:30,21:30,06:50,21:50
233000058,7,gyeonggi,일요일,60,60,06:30,21:30,06:50,21:50
233000058,7,gyeonggi,공휴일,60,60,06:30,21:30,06:50,21:50
233000067,1004-1,gyeonggi,평일,210,230,05:00,19:10,06:20,20:30
233000067,1004-1,gyeonggi,토요일,210,230,05:00,19:10,06:20,20:30
233000067,1004-1,gyeonggi,일요일,210,230,05:00,19:10,06:20,20:30
233000067,1004-1,gyeonggi,공휴일,210,230,05:00,19:10,06:20,20:30
233000077,1000,gyeonggi,평일,120,180,05:00,19:30,08:00,22:00
233000077,1000,gyeonggi,토요일,120,180,05:00,19:30,08:00,22:00
233000077,1000,gyeonggi,일요일,120,180,05:00,19:30,08:00,22:00
233000077,1000,gyeonggi,공휴일,120,180,05:00,19:30,08:00,22:00
233000083,30,gyeonggi,평일,25,35,04:50,22:45,06:00,00:00
233000083,30,gyeonggi,토요일,30,35,04:50,22:45,06:00,00:00
233000083,30,gyeonggi,일요일,30,35,04:50,22:45,06:00,00:00
233000083,30,gyeonggi,공휴일,30,35,04:50,22:45,06:00,00:00
233000087,42,gyeonggi,평일,17,23,05:00,23:00,05:50,23:50
233000087,42,gyeonggi,토요일,26,31,05:00,23:00,05:50,23:50
233000087,42,gyeonggi,일요일,33,35,05:00,23:00,05:50,23:50
233000087,42,gyeonggi,공휴일,33,35,05:00,23:00,05:50,23:50
233000117,340-1,gyeonggi,평일,30,70,05:15,22:30,06:25,23:30
233000117,340-1,gyeonggi,토요일,30,70,05:15,22:30,06:25,23:30
233000117,340-1,gyeonggi,일요일,30,70,05:15,22:30,06:25,23:30
233000117,340-1,gyeonggi,공휴일,30,70,05:15,22:30,06:25,23:30
233000125,1008,gyeonggi,평일,40,60,04:50,22:40,06:00,00:00
233000125,1008,gyeonggi,토요일,40,60,04:50,22:40,06:00,00:00
233000125,1008,gyeonggi,일요일,40,60,04:50,22:40,06:00,00:00
233000125,1008,gyeonggi,공휴일,40,60,04:50,22:40,06:00,00:00
233000128,712,gyeonggi,평일,30,60,05:30,22:45,06:20,23:40
233000128,712,gyeonggi,토요일,40,80,05:30,22:45,06:20,23:40
233000128,712,gyeonggi,일요일,40,80,05:30,22:45,06:20,23:40
233000128,712,gyeonggi,공휴일,40,80,05:30,22:45,06:20,23:40
233000131,6001,gyeonggi,평일,10,30,05:10,23:00,06:00,23:55
233000131,6001,gyeonggi,토요일,20,30,05:10,23:00,06:00,23:55
233000131,6001,gyeonggi,일요일,20,30,05:10,23:00,06:00,23:55
233000131,6001,gyeonggi,공휴일,20,30,05:10,23:00,06:00,23:55
233000133,116-3,gyeonggi,평일,25,45,05:00,22:00,06:20,23:20
233000133,116-3,gyeonggi,토요일,35,50,05:00,22:00,06:20,23:20
233000133,116-3,gyeonggi,일요일,35,50,05:00,22:00,06:20,23:20
233000133,116-3,gyeonggi,공휴일,35,50,05:00,22:00,06:20,23:20
233000135,8501,gyeonggi,평일,10,70,05:10,23:40,06:20,00:50
233000135,8501,gyeonggi,토요일,40,70,05:20,22:20,06:30,23:30
233000135,8501,gyeonggi,일요일,40,70,05:20,22:20,06:30,23:30
233000135,8501,gyeonggi,공휴일,40,70,05:20,22:20,06:30,23:30
233000136,6002,gyeonggi,평일,10,25,05:00,23:00,06:00,23:55
233000136,6002,gyeonggi,토요일,20,30,05:00,23:00,06:00,23:55
233000136,6002,gyeonggi,일요일,20,30,05:00,23:00,06:00,23:55
233000136,6002,gyeonggi,공휴일,20,30,05:00,23:00,06:00,23:55
233000139,8155,gyeonggi,평일,20,30,05:00,22:00,06:20,23:30
233000139,8155,gyeonggi,토요일,20,30,05:00,22:00,06:20,23:30
233000139,8155,gyeonggi,일요일,20,30,05:00,22:00,06:20,23:30
233000139,8155,gyeonggi,공휴일,20,30,05:00,22:00,06:20,23:30
233000140,1002,gyeonggi,평일,40,60,04:30,21:40,06:10,23:20
233000140,1002,gyeonggi,토요일,40,60,04:30,21:40,06:10,23:20
233000140,1002,gyeonggi,일요일,40,60,04:30,21:40,06:10,23:20
233000140,1002,gyeonggi,공휴일,40,60,04:30,21:40,06:10,23:20
233000142,6002-1,gyeonggi,평일,20,330,06:50,21:30,07:50,22:30
233000142,6002-1,gyeonggi,토요일,20,330,06:50,21:30,07:50,22:30
233000142,6002-1,gyeonggi,일요일,20,330,06:50,21:30,07:50,22:30
233000142,6002-1,gyeonggi,공휴일,20,330,06:50,21:30,07:50,22:30
233000252,710,gyeonggi,평일,140,245,06:15,21:40,07:10,22:35
233000252,710,gyeonggi,토요일,140,245,06:15,21:40,07:10,22:35
233000252,710,gyeonggi,일요일,140,245,06:15,21:40,07:10,22:35
233000252,710,gyeonggi,공휴일,140,245,06:15,21:40,07:10,22:35
233000254,203,gyeonggi,평일,30,50,06:10,21:20,07:50,22:50
233000254,203,gyeonggi,토요일,40,80,06:10,21:20,07:50,22:50
233000254,203,gyeonggi,일요일,60,90,06:10,21:20,07:50,22:50
233000254,203,gyeonggi,공휴일,60,90,06:10,21:20,07:50,22:50
233000258,8156,gyeonggi,평일,10,45,05:15,22:50,06:30,00:00
233000258,8156,gyeonggi,토요일,30,45,05:15,22:50,06:30,00:00
233000258,8156,gyeonggi,일요일,30,45,05:15,22:50,06:30,00:00
233000258,8156,gyeonggi,공휴일,30,45,05:15,22:50,06:30,00:00
233000265,4403,gyeonggi,평일,5,70,05:30,22:50,06:20,23:50
233000265,4403,gyeonggi,토요일,10,75,05:30,22:50,06:20,23:50
233000265,4403,gyeonggi,일요일,15,65,05:30,22:50,06:20,23:50
233000265,4403,gyeonggi,공휴일,15,65,05:30,22:50,06:20,23:50
233000266,6003,gyeonggi,평일,10,20,05:00,23:00,06:00,23:55
233000266,6003,gyeonggi,토요일,10,30,05:00,23:00,06:00,23:55
233000266,6003,gyeonggi,일요일,10,30,05:00,23:00,06:00,23:55
233000266,6003,gyeonggi,공휴일,10,30,05:00,23:00,06:00,23:55
233000268,200,gyeonggi,평일,90,120,05:50,19:40,07:30,21:20
233000268,200,gyeonggi,토요일,120,150,05:50,19:40,07:30,21:20
233000268,200,gyeonggi,일요일,120,150,05:50,19:40,07:30,21:20
233000268,200,gyeonggi,공휴일,120,150,05:50,19:40,07:30,21:20
233000270,4108,gyeonggi,평일,10,135,05:20,22:40,06:10,23:40
233000270,4108,gyeonggi,토요일,20,105,05:20,22:40,06:10,23:40
233000270,4108,gyeonggi,일요일,20,105,05:20,22:40,06:10,23:40
233000270,4108,gyeonggi,공휴일,20,105,05:20,22:40,06:10,23:40
233000271,9802,gyeonggi,평일,27,30,05:00,23:00,06:10,23:50
233000271,9802,gyeonggi,토요일,27,30,05:00,23:00,06:10,23:50
233000271,9802,gyeonggi,일요일,33,33,05:00,23:00,06:10,23:50
233000271,9802,gyeonggi,공휴일,33,33,05:00,23:00,06:10,23:50
233000272,8472,gyeonggi,평일,45,45,05:00,22:40,06:10,23:50
233000272,8472,gyeonggi,토요일,45,45,05:00,22:40,06:10,23:50
233000272,8472,gyeonggi,일요일,45,45,05:00,22:40,06:10,23:50
233000272,8472,gyeonggi,공휴일,45,45,05:00,22:40,06:10,23:50
233000273,8471,gyeonggi,평일,250,250,07:10,20:28,08:20,21:38
233000273,8471,gyeonggi,토요일,250,260,07:10,20:28,08:20,21:38
233000273,8471,gyeonggi,일요일,250,260,07:10,20:28,08:20,21:38
233000273,8471,gyeonggi,공휴일,250,260,07:10,20:28,08:20,21:38
233000274,39,gyeonggi,평일,60,100,05:30,21:30,06:20,22:20
233000274,39,gyeonggi,토요일,60,100,05:30,21:30,06:20,22:20
233000274,39,gyeonggi,일요일,60,100,05:30,21:30,06:20,22:20
233000274,39,gyeonggi,공휴일,60,100,05:30,21:30,06:20,22:20
233000275,65,gyeonggi,평일,60,80,05:00,20:00,08:00,23:00
233000275,65,gyeonggi,토요일,80,120,05:00,20:00,08:00,23:00
233000275,65,gyeonggi,일요일,80,120,05:00,20:00,08:00,23:00
233000275,65,gyeonggi,공휴일,80,120,05:00,20:00,08:00,23:00
233000276,116-5,gyeonggi,평일,50,70,05:10,22:30,06:25,23:50
233000276,116-5,gyeonggi,토요일,60,90,05:10,22:30,06:25,23:50
233000276,116-5,gyeonggi,일요일,60,90,05:10,22:30,06:25,23:50
233000276,116-5,gyeonggi,공휴일,60,90,05:10,22:30,06:25,23:50
233000277,67,gyeonggi,평일,60,70,05:00,20:30,07:50,23:10
233000277,67,gyeonggi,토요일,90,100,05:00,20:30,07:50,23:10
233000277,67,gyeonggi,일요일,90,100,05:00,20:30,07:50,23:10
233000277,67,gyeonggi,공휴일,90,100,05:00,20:30,07:50,23:10
233000281,205,gyeonggi,평일,90,120,06:00,20:00,07:40,21:40
233000281,205,gyeonggi,토요일,120,150,06:00,20:00,07:40,21:40
233000281,205,gyeonggi,일요일,120,150,06:00,20:00,07:40,21:40
233000281,205,gyeonggi,공휴일,120,150,06:00,20:00,07:40,21:40
233000311,8000,gyeonggi,평일,46,50,05:30,22:50,07:00,00:00
233000311,8000,gyeonggi,토요일,46,50,05:30,22:50,07:00,00:00
233000311,8000,gyeonggi,일요일,46,50,05:30,22:50,07:00,00:00
233000311,8000,gyeonggi,공휴일,46,50,05:30,22:50,07:00,00:00
233000320,340-2,gyeonggi,평일,30,70,05:00,22:00,06:15,23:00
233000320,340-2,gyeonggi,토요일,30,70,05:00,22:00,06:15,23:00
233000320,340-2,gyeonggi,일요일,30,70,05:00,22:00,06:15,23:00
233000320,340-2,gyeonggi,공휴일,30,70,05:00,22:00,06:15,23:00
233000321,6008,gyeonggi,평일,7,30,05:00,23:00,06:10,00:10
233000321,6008,gyeonggi,토요일,30,40,05:00,23:00,06:10,00:10
233000321,6008,gyeonggi,일요일,30,35,05:00,23:00,06:10,00:10
233000321,6008,gyeonggi,공휴일,30,35,05:00,23:00,06:10,00:10
233000322,G6009,gyeonggi,평일,10,30,05:10,22:50,06:10,00:00
233000322,G6009,gyeonggi,토요일,30,50,05:10,22:50,06:10,00:00
233000322,G6009,gyeonggi,일요일,30,50,05:10,22:50,06:10,00:00
233000322,G6009,gyeonggi,공휴일,30,50,05:10,22:50,06:10,00:00
233000325,7200,gyeonggi,평일,40,40,05:20,21:20,06:50,23:00
233000325,7200,gyeonggi,토요일,40,40,05:20,21:20,06:50,23:00
233000325,7200,gyeonggi,일요일,40,40,05:20,21:20,06:50,23:00
233000325,7200,gyeonggi,공휴일,40,40,05:20,21:20,06:50,23:00
233000326,1006,gyeonggi,평일,50,70,05:30,22:30,06:30,23:40
233000326,1006,gyeonggi,토요일,60,70,05:30,22:30,06:30,23:40
233000326,1006,gyeonggi,일요일,60,70,05:30,22:30,06:30,23:40
233000326,1006,gyeonggi,공휴일,60,70,05:30,22:30,06:30,23:40
233000327,G6010,gyeonggi,평일,30,40,05:00,22:45,06:00,23:45
233000327,G6010,gyeonggi,토요일,40,50,05:00,22:45,06:00,23:45
233000327,G6010,gyeonggi,일요일,40,50,05:00,22:45,06:00,23:45
233000327,G6010,gyeonggi,공휴일,40,50,05:00,22:45,06:00,23:45
233000328,G1003,gyeonggi,평일,20,40,05:30,22:30,06:50,23:50
233000328,G1003,gyeonggi,토요일,20,40,05:30,22:30,06:50,23:50
233000328,G1003,gyeonggi,일요일,20,40,05:30,22:30,06:50,23:50
233000328,G1003,gyeonggi,공휴일,20,40,05:30,22:30,06:50,23:50
233000329,G8157,gyeonggi,평일,30,40,05:30,22:30,06:50,23:50
233000329,G8157,gyeonggi,토요일,30,40,05:30,22:30,06:50,23:50
233000329,G8157,gyeonggi,일요일,30,40,05:30,22:30,06:50,23:50
233000329,G8157,gyeonggi,공휴일,30,40,05:30,22:30,06:50,23:50
233000330,H101,gyeonggi,평일,30,105,04:50,22:35,06:10,23:55
233000330,H101,gyeonggi,토요일,30,105,04:50,22:35,06:10,23:55
233000330,H101,gyeonggi,일요일,30,105,04:50,22:35,06:10,23:55
233000330,H101,gyeonggi,공휴일,30,105,04:50,22:35,06:10,23:55
233000331,H103,gyeonggi,평일,50,150,05:20,22:20,06:40,23:30
233000331,H103,gyeonggi,토요일,50,150,05:20,22:20,06:40,23:30
233000331,H103,gyeonggi,일요일,50,150,05:20,22:20,06:40,23:30
233000331,H103,gyeonggi,공휴일,50,150,05:20,22:20,06:40,23:30
233000332,M4448,gyeonggi,평일,20,30,05:10,22:40,06:40,00:10
233000332,M4448,gyeonggi,토요일,30,40,05:10,22:40,06:40,00:10
233000332,M4448,gyeonggi,일요일,45,60,05:10,22:40,06:40,00:10
233000332,M4448,gyeonggi,공휴일,45,60,05:10,22:40,06:40,00:10
233000333,8502,gyeonggi,평일,25,60,05:00,23:00,06:10,00:10
233000333,8502,gyeonggi,토요일,40,65,05:00,21:50,06:10,23:00
233000333,8502,gyeonggi,일요일,40,65,05:00,21:50,06:10,23:00
233000333,8502,gyeonggi,공휴일,40,65,05:00,21:50,06:10,23:00
233000334,P9242(출근),gyeonggi,평일,15,,07:23,07:38,,
233000335,P9242(퇴근),gyeonggi,평일,60,,18:10,19:10,,
233000336,P9301(출근),gyeonggi,평일,20,,07:40,08:00,,
233000337,P9301(퇴근),gyeonggi,평일,49,,17:36,18:25,,
233000338,P9302(출근),gyeonggi,평일,20,,07:00,07:20,,
233000339,P9302(퇴근),gyeonggi,평일,20,,17:25,17:45,,
233000340,H102,gyeonggi,평일,30,150,05:20,20:40,07:00,22:20
233000340,H102,gyeonggi,토요일,30,150,05:20,20:40,07:00,22:20
233000340,H102,gyeonggi,일요일,30,150,05:20,20:40,07:00,22:20
233000340,H102,gyeonggi,공휴일,30,150,05:20,20:40,07:00,22:20
233000342,H104,gyeonggi,평일,30,115,05:20,22:20,06:40,23:30
233000342,H104,gyeonggi,토요일,30,115,05:20,22:20,06:40,23:30
233000342,H104,gyeonggi,일요일,30,115,05:20,22:20,06:40,23:30
233000342,H104,gyeonggi,공휴일,30,115,05:20,22:20,06:40,23:30
233000343,H105,gyeonggi,평일,60,180,05:00,22:55,06:00,00:00
233000343,H105,gyeonggi,토요일,60,180,05:00,22:55,06:00,00:00
233000343,H105,gyeonggi,일요일,60,180,05:00,22:55,06:00,00:00
233000343,H105,gyeonggi,공휴일,60,180,05:00,22:55,06:00,00:00
233000344,H106,gyeonggi,평일,70,115,05:50,22:30,07:00,23:35
233000344,H106,gyeonggi,토요일,70,115,05:50,22:30,07:00,23:35
233000344,H106,gyeonggi,일요일,70,115,05:50,22:30,07:00,23:35
233000344,H106,gyeonggi,공휴일,70,115,05:50,22:30,07:00,23:35
233000345,H121,gyeonggi,평일,160,240,05:10,20:50,06:25,22:00
233000345,H121,gyeonggi,토요일,160,240,05:10,20:50,06:25,22:00
233000345,H121,gyeonggi,일요일,160,240,05:10,20:50,06:25,22:00
233000345,H121,gyeonggi,공휴일,160,240,05:10,20:50,06:25,22:00
233000346,H122,gyeonggi,평일,160,200,06:40,21:50,08:00,22:50
233000346,H122,gyeonggi,토요일,160,200,06:40,21:50,08:00,22:50
233000346,H122,gyeonggi,일요일,160,200,06:40,21:50,08:00,22:50
233000346,H122,gyeonggi,공휴일,160,200,06:40,21:50,08:00,22:50
233000347,H120A,gyeonggi,평일,30,40,05:50,06:20,20:40,21:20
233000347,H120A,gyeonggi,토요일,30,40,05:50,06:20,20:40,21:20
233000347,H120A,gyeonggi,일요일,30,40,05:50,06:20,20:40,21:20
233000347,H120A,gyeonggi,공휴일,30,40,05:50,06:20,20:40,21:20
233000348,H120B,gyeonggi,평일,35,125,08:20,18:10,09:35,19:15
233000348,H120B,gyeonggi,토요일,35,125,08:20,18:10,09:35,19:15
233000348,H120B,gyeonggi,일요일,35,125,08:20,18:10,09:35,19:15
233000348,H120B,gyeonggi,공휴일,35,125,08:20,18:10,09:35,19:15
233000354,M4449,gyeonggi,평일,45,90,05:10,22:40,06:20,23:50
233000354,M4449,gyeonggi,토요일,60,90,05:10,22:40,06:20,23:50
233000354,M4449,gyeonggi,일요일,90,160,05:10,22:40,06:20,23:50
233000354,M4449,gyeonggi,공휴일,90,160,05:10,22:40,06:20,23:50
233000355,P9110(출근),gyeonggi,평일,30,,06:40,07:10,,
233000356,P9110(퇴근),gyeonggi,평일,60,,18:10,19:10,,
233000362,P9530(출근),gyeonggi,평일,60,,06:20,07:20,,
233000363,P9540(출근),gyeonggi,평일,60,,06:15,07:15,,
233000364,P9530(퇴근),gyeonggi,평일,45,,18:15,19:00,,
233000365,P9540(퇴근),gyeonggi,평일,40,,17:40,18:20,,
233000366,P9541(출근),gyeonggi,평일,20,,06:28,06:48,,
233000367,P9541(퇴근),gyeonggi,평일,20,,18:30,18:50,,
233000368,H161,gyeonggi,평일,180,210,05:20,22:00,06:35,23:15
233000368,H161,gyeonggi,토요일,180,210,05:20,22:00,06:35,23:15
233000368,H161,gyeonggi,일요일,180,210,05:20,22:00,06:35,23:15
233000368,H161,gyeonggi,공휴일,180,210,05:20,22:00,06:35,23:15
233000369,H160,gyeonggi,평일,90,210,05:30,21:20,07:35,23:10
233000369,H160,gyeonggi,토요일,90,210,05:30,21:20,07:35,23:10
233000369,H160,gyeonggi,일요일,90,210,05:30,21:20,07:35,23:10
233000369,H160,gyeonggi,공휴일,90,210,05:30,21:20,07:35,23:10
233000371,P9601(출근),gyeonggi,평일,,,06:30,06:30,18:30,18:30
233000372,P9601(퇴근),gyeonggi,평일,,,18:30,18:30,19:54,19:54
233000373,P9602(출근),gyeonggi,평일,,,06:10,06:10,07:37,07:37
233000374,P9602(퇴근),gyeonggi,평일,,,18:10,18:10,19:37,19:37
233000375,P9701(출근),gyeonggi,평일,20,,06:40,07:00,,
233000376,P9701(퇴근),gyeonggi,평일,30,,18:30,19:00,,
233000377,400A,gyeonggi,평일,40,50,04:30,22:00,06:00,23:30
233000377,400A,gyeonggi,토요일,50,60,04:30,22:00,06:00,23:30
233000377,400A,gyeonggi,일요일,50,60,04:30,22:00,06:00,23:30
233000377,400A,gyeonggi,공휴일,50,60,04:30,22:00,06:00,23:30
233000378,H404,gyeonggi,평일,30,90,05:00,22:40,05:00,23:10
233000378,H404,gyeonggi,토요일,30,90,05:00,22:40,05:00,23:10
233000378,H404,gyeonggi,일요일,30,90,05:00,22:40,05:00,23:10
233000378,H404,gyeonggi,공휴일,30,90,05:00,22:40,05:00,23:10
233000379,H100,gyeonggi,평일,60,360,05:00,20:00,07:30,22:30
233000379,H100,gyeonggi,토요일,60,360,05:00,20:00,07:30,22:30
233000379,H100,gyeonggi,일요일,60,360,05:00,20:00,07:30,22:30
233000379,H100,gyeonggi,공휴일,60,360,05:00,20:00,07:30,22:30
233000382,H130,gyeonggi,평일,80,185,05:40,22:50,06:10,23:20
233000382,H130,gyeonggi,토요일,80,185,05:40,22:50,06:10,23:20
233000382,H130,gyeonggi,일요일,80,185,05:40,22:50,06:10,23:20
233000382,H130,gyeonggi,공휴일,80,185,05:40,22:50,06:10,23:20
233000383,H340,gyeonggi,평일,250,290,05:30,19:20,07:20,21:10
233000383,H340,gyeonggi,토요일,250,290,05:30,19:20,07:20,21:10
233000383,H340,gyeonggi,일요일,250,290,05:30,19:20,07:20,21:10
233000383,H340,gyeonggi,공휴일,250,290,05:30,19:20,07:20,21:10
233000384,7790(예약),gyeonggi,평일,20,,07:30,08:10,00:00,00:00
233000385,화성똑버스01,gyeonggi,평일,,,06:00,00:00,06:00,00:00
233000385,화성똑버스01,gyeonggi,토요일,,,06:00,00:00,06:00,00:00
233000385,화성똑버스01,gyeonggi,일요일,,,06:00,00:00,06:00,00:00
233000385,화성똑버스01,gyeonggi,공휴일,,,06:00,00:00,06:00,00:00
233000386,화성똑버스03,gyeonggi,평일,,,06:00,00:00,,
233000386,화성똑버스03,gyeonggi,토요일,,,06:00,00:00,,
233000386,화성똑버스03,gyeonggi,일요일,,,06:00,00:00,,
233000386,화성똑버스03,gyeonggi,공휴일,,,06:00,00:00,,
233000387,H123,gyeonggi,평일,45,120,04:30,21:35,06:05,23:10
233000387,H123,gyeonggi,토요일,45,120,04:30,21:35,06:05,23:10
233000387,H123,gyeonggi,일요일,45,120,04:30,21:35,06:05,23:10
233000387,H123,gyeonggi,공휴일,45,120,04:30,21:35,06:05,23:10
233000389,18,gyeonggi,평일,50,80,05:30,20:10,06:40,21:20
233000389,18,gyeonggi,토요일,80,80,05:30,20:10,06:40,21:20
233000389,18,gyeonggi,일요일,80,80,05:30,20:10,06:40,21:20
233000389,18,gyeonggi,공휴일,80,80,05:30,20:10,06:40,21:20
233000390,24,gyeonggi,평일,40,180,05:50,20:40,07:00,22:00
233000390,24,gyeonggi,토요일,60,210,05:50,20:40,07:00,22:00
233000390,24,gyeonggi,일요일,60,210,05:50,20:40,07:00,22:00
233000390,24,gyeonggi,공휴일,60,210,05:50,20:40,07:00,22:00
233000391,8156(예약),gyeonggi,평일,30,,06:55,08:00,,
233000392,6011,gyeonggi,평일,5,25,05:10,23:00,06:10,00:00
233000392,6011,gyeonggi,토요일,35,40,05:10,23:00,06:10,00:00
233000392,6011,gyeonggi,일요일,35,40,05:10,23:00,06:10,00:00
233000392,6011,gyeonggi,공휴일,35,40,05:10,23:00,06:10,00:00
233000393,화성시광역콜버스,gyeonggi,평일,20,305,07:00,21:20,08:20,22:30
233000394,220,gyeonggi,평일,60,80,05:00,21:00,07:00,23:00
233000394,220,gyeonggi,토요일,80,90,05:00,21:00,07:00,23:00
233000394,220,gyeonggi,일요일,80,90,05:00,21:00,07:00,23:00
233000394,220,gyeonggi,공휴일,80,90,05:00,21:00,07:00,23:00
233000395,210,gyeonggi,평일,60,80,06:10,20:30,07:00,21:20
233000395,210,gyeonggi,토요일,60,80,06:10,20:30,07:00,21:20
233000395,210,gyeonggi,일요일,60,80,06:10,20:30,07:00,21:20
233000395,210,gyeonggi,공휴일,60,80,06:10,20:30,07:00,21:20
233000396,211,gyeonggi,평일,50,80,05:50,20:10,06:40,21:00
233000396,211,gyeonggi,토요일,50,80,05:50,20:10,06:40,21:00
233000396,211,gyeonggi,일요일,50,80,05:50,20:10,06:40,21:00
233000396,211,gyeonggi,공휴일,50,80,05:50,20:10,06:40,21:00
233000397,8155(예약),gyeonggi,평일,,,08:10,00:00,00:00,00:00
233000399,H107,gyeonggi,평일,40,65,04:50,21:20,06:00,22:30
233000399,H107,gyeonggi,토요일,40,65,04:50,21:20,06:00,22:30
233000399,H107,gyeonggi,일요일,40,65,04:50,21:20,06:00,22:30
233000399,H107,gyeonggi,공휴일,40,65,04:50,21:20,06:00,22:30
233000408,화성똑버스05,gyeonggi,평일,10,10,06:00,23:00,06:00,23:00
233000408,화성똑버스05,gyeonggi,토요일,10,10,06:00,23:00,06:00,23:00
233000408,화성똑버스05,gyeonggi,일요일,10,10,06:00,23:00,06:00,23:00
233000408,화성똑버스05,gyeonggi,공휴일,10,10,06:00,23:00,06:00,23:00
233000409,화성똑버스04,gyeonggi,평일,,,06:00,00:00,,
233000409,화성똑버스04,gyeonggi,토요일,,,06:00,00:00,00:00,00:00
233000409,화성똑버스04,gyeonggi,일요일,,,06:00,00:00,,
233000409,화성똑버스04,gyeonggi,공휴일,,,06:00,00:00,,
233000415,H1,gyeonggi,평일,25,30,05:20,22:25,06:20,23:35
233000415,H1,gyeonggi,토요일,25,30,05:20,22:25,06:20,23:35
233000415,H1,gyeonggi,일요일,25,30,05:20,22:25,06:20,23:35
233000415,H1,gyeonggi,공휴일,25,30,05:20,22:25,06:20,23:35
233000416,H2,gyeonggi,평일,20,30,05:00,21:54,06:30,23:25
233000416,H2,gyeonggi,토요일,20,30,05:00,21:54,06:30,23:25
233000416,H2,gyeonggi,일요일,20,30,05:00,21:54,06:30,23:25
233000416,H2,gyeonggi,공휴일,20,30,05:00,21:54,06:30,23:25
233000417,H10-4,gyeonggi,평일,150,210,07:10,21:40,08:25,22:45
233000417,H10-4,gyeonggi,토요일,150,210,07:10,21:40,08:25,22:45
233000417,H10-4,gyeonggi,일요일,150,210,07:10,21:40,08:25,22:45
233000417,H10-4,gyeonggi,공휴일,150,210,07:10,21:40,08:25,22:45
233000421,H13-5,gyeonggi,평일,115,160,06:00,21:15,06:50,22:05
233000421,H13-5,gyeonggi,토요일,115,160,06:00,21:15,06:50,22:05
233000421,H13-5,gyeonggi,일요일,115,160,06:00,21:15,06:50,22:05
233000421,H13-5,gyeonggi,공휴일,115,160,06:00,21:15,06:50,22:05
233000422,H13-7,gyeonggi,평일,85,135,05:30,21:55,06:05,22:30
233000422,H13-7,gyeonggi,토요일,85,135,05:30,21:55,06:05,22:30
233000422,H13-7,gyeonggi,일요일,85,135,05:30,21:55,06:05,22:30
233000422,H13-7,gyeonggi,공휴일,85,135,05:30,21:55,06:05,22:30
233000424,208,gyeonggi,평일,30,70,05:00,22:40,06:00,23:40
233000424,208,gyeonggi,토요일,40,70,05:00,22:40,06:00,23:40
233000424,208,gyeonggi,일요일,40,70,05:00,22:40,06:00,23:40
233000424,208,gyeonggi,공휴일,40,70,05:00,22:40,06:00,23:40
233000425,동탄역1(출근),gyeonggi,평일,50,,07:00,07:50,00:00,00:00
233000425,동탄역1(출근),gyeonggi,토요일,,,00:00,00:00,00:00,00:00
233000425,동탄역1(출근),gyeonggi,일요일,,,00:00,00:00,00:00,00:00
233000425,동탄역1(출근),gyeonggi,공휴일,,,00:00,00:00,00:00,00:00
233000426,6012,gyeonggi,평일,15,50,05:10,23:00,05:50,23:40
233000426,6012,gyeonggi,토요일,20,50,05:10,23:00,05:50,23:40
233000426,6012,gyeonggi,일요일,20,50,05:10,23:00,05:50,23:40
233000426,6012,gyeonggi,공휴일,20,50,05:10,23:00,05:50,23:40
233000441,5101,gyeonggi,평일,30,40,05:00,21:30,06:40,23:10
233000441,5101,gyeonggi,토요일,35,45,05:00,21:30,06:40,23:10
233000441,5101,gyeonggi,일요일,40,50,05:00,21:30,06:40,23:10
233000441,5101,gyeonggi,공휴일,40,50,05:00,21:30,06:40,23:10
233000444,H404-1,gyeonggi,평일,40,140,05:10,22:30,06:20,23:35
233000444,H404-1,gyeonggi,토요일,40,140,05:10,22:30,06:20,23:35
233000444,H404-1,gyeonggi,일요일,40,140,05:10,22:30,06:20,23:35
233000444,H404-1,gyeonggi,공휴일,40,140,05:10,22:30,06:20,23:35
233000448,207,gyeonggi,평일,20,30,05:30,19:50,06:30,20:50
233000448,207,gyeonggi,토요일,30,50,05:30,19:50,06:30,20:50
233000448,207,gyeonggi,일요일,30,50,05:30,19:50,06:30,20:50
233000448,207,gyeonggi,공휴일,30,50,05:30,19:50,06:30,20:50
233000450,206,gyeonggi,평일,40,70,06:00,19:50,08:00,21:50
233000450,206,gyeonggi,토요일,70,90,06:00,19:50,08:00,21:50
233000450,206,gyeonggi,일요일,70,90,06:00,19:50,08:00,21:50
233000450,206,gyeonggi,공휴일,70,90,06:00,19:50,08:00,21:50
233000451,동탄역9,gyeonggi,평일,40,,06:40,18:20,07:00,18:40
233000451,동탄역9,gyeonggi,토요일,,,00:00,00:00,00:00,00:00
233000451,동탄역9,gyeonggi,일요일,,,00:00,00:00,00:00,00:00
233000451,동탄역9,gyeonggi,공휴일,,,00:00,00:00,00:00,00:00
233000455,4403(예약),gyeonggi,평일,,,06:40,06:40,00:00,00:00
233000456,6001(예약),gyeonggi,평일,,,05:10,23:00,06:00,23:55
233000457,6002(예약),gyeonggi,평일,30,45,05:00,23:00,06:00,23:55
233000458,8501(예약),gyeonggi,평일,40,,06:30,07:10,00:00,00:00
233000459,G6009(예약),gyeonggi,평일,,,05:10,22:50,06:10,00:00
233000460,M4130(예약),gyeonggi,평일,,,05:00,23:00,06:10,00:10
233000461,M4137(예약),gyeonggi,평일,,,05:00,23:00,06:10,00:10
233000462,M4434(예약),gyeonggi,평일,65,,05:20,23:10,06:00,23:55
233000463,M4448(예약),gyeonggi,평일,,,05:10,22:40,06:40,00:10
233000464,1007(예약),gyeonggi,평일,,,04:40,22:00,06:10,23:35
233000465,1009(예약),gyeonggi,평일,,,04:30,21:45,06:15,23:35
233000466,M4108(예약),gyeonggi,평일,10,,05:00,22:50,06:00,00:00
233000467,M4403(예약),gyeonggi,평일,,,05:20,23:15,06:00,00:00
233000469,화성똑버스06-1,gyeonggi,평일,,,05:30,22:40,,
233000469,화성똑버스06-1,gyeonggi,토요일,,,05:30,22:40,,
233000469,화성똑버스06-1,gyeonggi,일요일,,,05:30,22:40,,
233000469,화성똑버스06-1,gyeonggi,공휴일,,,05:30,22:40,,
233000470,화성똑버스06-2,gyeonggi,평일,,,06:00,23:10,,
233000470,화성똑버스06-2,gyeonggi,토요일,,,06:00,06:00,,
233000470,화성똑버스06-2,gyeonggi,일요일,,,06:00,06:00,,
233000470,화성똑버스06-2,gyeonggi,공휴일,,,06:00,06:00,,
233000471,화성똑버스06-3,gyeonggi,평일,,,06:00,22:30,,
233000471,화성똑버스06-3,gyeonggi,토요일,,,06:00,22:30,,
233000471,화성똑버스06-3,gyeonggi,일요일,,,06:00,22:30,,
233000471,화성똑버스06-3,gyeonggi,공휴일,,,06:00,22:30,,
233000472,화성똑버스06,gyeonggi,평일,,,11:45,15:00,,
233000472,화성똑버스06,gyeonggi,토요일,,,11:45,15:00,,
233000472,화성똑버스06,gyeonggi,일요일,,,11:45,15:00,,
233000472,화성똑버스06,gyeonggi,공휴일,,,11:45,15:00,,
233000476,1010,gyeonggi,평일,30,50,05:30,22:40,06:50,23:50
233000476,1010,gyeonggi,토요일,40,60,05:30,22:40,06:50,23:50
233000476,1010,gyeonggi,일요일,40,60,05:30,22:40,06:50,23:50
233000476,1010,gyeonggi,공휴일,40,60,05:30,22:40,06:50,23:50
233000497,5,gyeonggi,평일,30,35,06:30,22:00,06:50,22:20
233000497,5,gyeonggi,토요일,30,35,06:30,22:00,06:50,22:20
233000497,5,gyeonggi,일요일,30,35,06:30,22:00,06:50,22:20
233000497,5,gyeonggi,공휴일,30,35,06:30,22:00,06:50,22:20
234000002,9000,gyeonggi,평일,3,35,04:50,00:00,06:00,01:00
234000002,9000,gyeonggi,토요일,15,35,04:50,00:00,06:00,01:00
234000002,9000,gyeonggi,일요일,20,55,04:50,00:00,06:00,01:00
234000002,9000,gyeonggi,공휴일,20,55,04:50,00:00,06:00,01:00
234000003,30,gyeonggi,평일,50,90,04:00,22:25,05:35,00:00
234000003,30,gyeonggi,토요일,70,120,04:00,22:25,05:35,00:00
234000003,30,gyeonggi,일요일,70,120,04:00,22:25,05:35,00:00
234000003,30,gyeonggi,공휴일,70,120,04:00,22:25,05:35,00:00
234000009,32,gyeonggi,평일,15,40,05:00,22:10,06:00,23:10
234000009,32,gyeonggi,토요일,20,50,05:00,22:10,06:00,23:10
234000009,32,gyeonggi,일요일,20,50,05:00,22:10,06:00,23:10
234000009,32,gyeonggi,공휴일,20,50,05:00,22:10,06:00,23:10
234000011,1113-1,gyeonggi,평일,5,35,04:25,00:00,05:40,01:10
234000011,1113-1,gyeonggi,토요일,10,35,04:25,00:00,05:40,01:10
234000011,1113-1,gyeonggi,일요일,10,17,04:25,22:25,05:40,23:35
234000011,1113-1,gyeonggi,공휴일,10,17,04:25,22:25,05:40,23:35
234000012,17,gyeonggi,평일,12,20,05:00,22:20,04:40,23:20
234000012,17,gyeonggi,토요일,15,30,05:00,22:20,04:40,23:20
234000012,17,gyeonggi,일요일,18,40,05:00,22:20,04:40,23:20
234000012,17,gyeonggi,공휴일,18,40,05:00,22:20,04:40,23:20
234000013,1007-1,gyeonggi,평일,40,60,05:00,22:10,06:20,23:30
234000013,1007-1,gyeonggi,토요일,70,90,05:00,22:10,06:20,23:30
234000013,1007-1,gyeonggi,일요일,70,90,05:00,22:10,06:20,23:30
234000013,1007-1,gyeonggi,공휴일,70,90,05:00,22:10,06:20,23:30
234000015,1007,gyeonggi,평일,10,30,04:40,22:00,06:10,23:35
234000015,1007,gyeonggi,토요일,20,40,04:40,22:00,06:10,23:35
234000015,1007,gyeonggi,일요일,30,40,04:40,22:00,06:10,23:35
234000015,1007,gyeonggi,공휴일,30,40,04:40,22:00,06:10,23:35
234000016,1112,gyeonggi,평일,5,20,04:40,22:30,06:00,23:50
234000016,1112,gyeonggi,토요일,15,20,04:40,22:30,06:00,23:50
234000016,1112,gyeonggi,일요일,20,25,04:40,22:30,06:00,23:50
234000016,1112,gyeonggi,공휴일,20,25,04:40,22:30,06:00,23:50
234000021,700-2,gyeonggi,평일,15,25,05:00,23:00,05:00,23:00
234000021,700-2,gyeonggi,토요일,20,30,05:00,23:00,05:00,23:00
234000021,700-2,gyeonggi,일요일,25,35,05:00,23:00,05:00,23:00
234000021,700-2,gyeonggi,공휴일,25,35,05:00,23:00,05:00,23:00
234000024,720-1,gyeonggi,평일,10,30,04:50,22:20,04:50,23:20
234000024,720-1,gyeonggi,토요일,20,60,04:50,22:20,04:50,23:20
234000024,720-1,gyeonggi,일요일,30,60,04:50,22:20,04:50,23:20
234000024,720-1,gyeonggi,공휴일,30,60,04:50,22:20,04:50,23:20
234000026,720-2,gyeonggi,평일,10,40,05:00,22:55,05:00,23:30
234000026,720-2,gyeonggi,토요일,15,60,05:00,22:55,05:00,23:30
234000026,720-2,gyeonggi,일요일,20,55,05:00,22:55,05:00,23:30
234000026,720-2,gyeonggi,공휴일,20,55,05:00,22:55,05:00,23:30
234000027,6900,gyeonggi,평일,20,30,05:10,22:40,06:25,00:00
234000027,6900,gyeonggi,토요일,40,50,05:10,22:40,06:25,00:00
234000027,6900,gyeonggi,일요일,40,50,05:10,22:40,06:25,00:00
234000027,6900,gyeonggi,공휴일,40,50,05:10,22:40,06:25,00:00
234000028,10-5,gyeonggi,평일,25,35,04:55,22:25,06:15,23:45
234000028,10-5,gyeonggi,토요일,30,45,04:55,22:25,06:15,23:45
234000028,10-5,gyeonggi,일요일,30,45,04:55,22:25,06:15,23:45
234000028,10-5,gyeonggi,공휴일,30,45,04:55,22:25,06:15,23:45
234000031,1115-6,gyeonggi,평일,9,18,05:25,23:00,06:05,23:45
234000031,1115-6,gyeonggi,토요일,15,25,05:25,23:00,06:05,23:45
234000031,1115-6,gyeonggi,일요일,20,25,05:25,23:00,06:05,23:45
234000031,1115-6,gyeonggi,공휴일,20,25,05:25,23:00,06:05,23:45
234000034,16,gyeonggi,평일,10,15,04:50,22:30,06:00,23:50
234000034,16,gyeonggi,토요일,10,20,04:50,22:30,06:00,23:50
234000034,16,gyeonggi,일요일,10,20,04:50,22:30,06:00,23:50
234000034,16,gyeonggi,공휴일,10,20,04:50,22:30,06:00,23:50
234000038,65,gyeonggi,평일,5,10,04:30,22:05,05:45,23:15
234000038,65,gyeonggi,토요일,5,10,04:30,22:05,05:45,23:15
234000038,65,gyeonggi,일요일,10,15,04:30,22:05,05:45,23:15
234000038,65,gyeonggi,공휴일,10,15,04:30,22:05,05:45,23:15
234000039,114,gyeonggi,평일,20,35,04:50,21:20,05:30,23:30
234000039,114,gyeonggi,토요일,25,40,04:50,21:20,05:30,23:30
234000039,114,gyeonggi,일요일,30,45,04:50,21:20,05:30,23:30
234000039,114,gyeonggi,공휴일,30,45,04:50,21:20,05:30,23:30
234000040,119,gyeonggi,평일,15,30,05:20,22:20,06:20,23:20
234000040,119,gyeonggi,토요일,25,40,05:20,22:20,06:20,23:20
234000040,119,gyeonggi,일요일,25,40,05:20,22:20,06:20,23:20
234000040,119,gyeonggi,공휴일,25,40,05:20,22:20,06:20,23:20
234000042,1113,gyeonggi,평일,20,60,05:10,22:30,06:30,23:50
234000042,1113,gyeonggi,토요일,40,60,05:10,22:30,06:30,23:50
234000042,1113,gyeonggi,일요일,60,80,05:10,22:30,06:30,23:50
234000042,1113,gyeonggi,공휴일,60,80,05:10,22:30,06:30,23:50
234000044,520,gyeonggi,평일,15,20,05:00,23:00,05:50,23:50
234000044,520,gyeonggi,토요일,20,30,05:00,23:00,05:50,23:50
234000044,520,gyeonggi,일요일,25,35,05:00,23:00,05:50,23:50
234000044,520,gyeonggi,공휴일,25,35,05:00,23:00,05:50,23:50
234000046,660,gyeonggi,평일,30,40,05:10,19:50,06:40,21:45
234000046,660,gyeonggi,토요일,40,50,05:10,19:50,06:40,21:45
234000046,660,gyeonggi,일요일,50,60,05:10,19:50,06:40,21:45
234000046,660,gyeonggi,공휴일,50,60,05:10,19:50,06:40,21:45
234000050,1650,gyeonggi,평일,6,15,04:10,22:35,05:25,23:55
234000050,1650,gyeonggi,토요일,15,18,04:10,22:35,05:25,23:55
234000050,1650,gyeonggi,일요일,15,18,04:10,22:35,05:25,23:55
234000050,1650,gyeonggi,공휴일,15,18,04:10,22:35,05:25,23:55
234000051,3500,gyeonggi,평일,10,25,04:50,23:20,05:20,23:20
234000051,3500,gyeonggi,토요일,20,30,04:50,23:20,05:20,23:20
234000051,3500,gyeonggi,일요일,20,30,04:50,23:20,05:20,23:20
234000051,3500,gyeonggi,공휴일,20,30,04:50,23:20,05:20,23:20
234000057,31-3,gyeonggi,평일,10,20,04:30,23:05,05:20,23:55
234000057,31-3,gyeonggi,토요일,15,25,04:30,23:05,05:20,23:55
234000057,31-3,gyeonggi,일요일,15,25,04:30,23:05,05:20,23:55
234000057,31-3,gyeonggi,공휴일,15,25,04:30,23:05,05:20,23:55
234000058,92,gyeonggi,평일,20,30,04:20,22:00,05:55,23:50
234000058,92,gyeonggi,토요일,25,40,04:20,22:00,05:55,23:50
234000058,92,gyeonggi,일요일,25,40,04:20,22:00,05:55,23:50
234000058,92,gyeonggi,공휴일,25,40,04:20,22:00,05:55,23:50
234000059,1,gyeonggi,평일,20,125,05:10,22:00,05:50,22:40
234000059,1,gyeonggi,토요일,20,125,05:10,22:00,05:50,22:40
234000059,1,gyeonggi,일요일,20,125,05:10,22:00,05:50,22:40
234000059,1,gyeonggi,공휴일,20,125,05:10,22:00,05:50,22:40
234000065,1005,gyeonggi,평일,35,60,05:00,22:30,06:10,23:50
234000065,1005,gyeonggi,토요일,35,60,05:00,22:30,06:10,23:50
234000065,1005,gyeonggi,일요일,60,75,05:00,22:30,06:10,23:50
234000065,1005,gyeonggi,공휴일,60,75,05:00,22:30,06:10,23:50
234000068,720-3,gyeonggi,평일,25,65,04:45,20:15,07:00,23:00
234000068,720-3,gyeonggi,토요일,35,70,04:45,20:15,07:00,23:00
234000068,720-3,gyeonggi,일요일,35,70,04:45,20:15,07:00,23:00
234000068,720-3,gyeonggi,공휴일,35,70,04:45,20:15,07:00,23:00
234000069,1117,gyeonggi,평일,12,25,04:40,22:45,06:10,00:00
234000069,1117,gyeonggi,토요일,20,25,04:40,22:30,06:10,23:40
234000069,1117,gyeonggi,일요일,20,25,04:40,22:30,06:10,23:40
234000069,1117,gyeonggi,공휴일,20,25,04:40,22:30,06:10,23:40
234000070,8,gyeonggi,평일,15,30,05:15,22:50,06:10,23:50
234000070,8,gyeonggi,토요일,20,25,05:15,22:50,06:10,23:50
234000070,8,gyeonggi,일요일,25,30,05:15,22:50,06:10,23:50
234000070,8,gyeonggi,공휴일,25,30,05:15,22:50,06:10,23:50
234000072,13,gyeonggi,평일,30,60,05:00,22:00,07:00,00:00
234000072,13,gyeonggi,토요일,50,70,05:00,22:00,07:00,00:00
234000072,13,gyeonggi,일요일,80,100,05:00,22:00,07:00,00:00
234000072,13,gyeonggi,공휴일,80,100,05:00,22:00,07:00,00:00
234000075,500-2,gyeonggi,평일,10,26,04:42,22:25,05:55,23:45
234000075,500-2,gyeonggi,토요일,15,30,04:42,22:25,05:55,23:45
234000075,500-2,gyeonggi,일요일,21,41,04:42,22:25,05:55,23:45
234000075,500-2,gyeonggi,공휴일,21,41,04:42,22:25,05:55,23:45
234000078,111,gyeonggi,평일,25,45,05:00,22:40,06:10,23:50
234000078,111,gyeonggi,토요일,30,45,05:00,22:40,06:10,23:50
234000078,111,gyeonggi,일요일,30,45,05:00,22:40,06:10,23:50
234000078,111,gyeonggi,공휴일,30,45,05:00,22:40,06:10,23:50
234000079,500-1,gyeonggi,평일,10,26,04:35,22:30,05:45,23:45
234000079,500-1,gyeonggi,토요일,15,30,04:35,22:30,05:45,23:45
234000079,500-1,gyeonggi,일요일,20,41,04:35,22:30,05:45,23:45
234000079,500-1,gyeonggi,공휴일,20,41,04:35,22:30,05:45,23:45
234000082,13-2,gyeonggi,평일,20,30,04:35,21:30,06:05,23:00
234000082,13-2,gyeonggi,토요일,30,40,04:35,21:30,06:05,23:00
234000082,13-2,gyeonggi,일요일,35,45,04:35,21:30,06:05,23:00
234000082,13-2,gyeonggi,공휴일,35,45,04:35,21:30,06:05,23:00
234000083,12,gyeonggi,평일,15,40,05:00,22:40,06:00,23:40
234000083,12,gyeonggi,토요일,15,40,05:00,22:40,06:00,23:40
234000083,12,gyeonggi,일요일,20,40,05:00,22:40,06:00,23:40
234000083,12,gyeonggi,공휴일,20,40,05:00,22:40,06:00,23:40
234000095,9,gyeonggi,평일,25,35,05:00,22:00,06:00,23:10
234000095,9,gyeonggi,토요일,20,30,05:00,22:00,06:00,23:10
234000095,9,gyeonggi,일요일,20,30,05:00,22:00,06:00,23:10
234000095,9,gyeonggi,공휴일,20,30,05:00,22:00,06:00,23:10
234000130,1303,gyeonggi,평일,20,50,05:00,22:00,06:30,23:40
234000130,1303,gyeonggi,토요일,30,60,05:00,22:00,06:30,23:40
234000130,1303,gyeonggi,일요일,30,60,05:00,22:00,06:30,23:40
234000130,1303,gyeonggi,공휴일,30,60,05:00,22:00,06:30,23:40
234000132,2-2,gyeonggi,평일,70,155,05:40,22:30,06:05,22:55
234000132,2-2,gyeonggi,토요일,70,155,05:40,22:30,06:05,22:55
234000132,2-2,gyeonggi,일요일,70,155,05:40,22:30,06:05,22:55
234000132,2-2,gyeonggi,공휴일,70,155,05:40,22:30,06:05,22:55
234000136,1550,gyeonggi,평일,15,45,05:15,23:00,06:10,00:00
234000136,1550,gyeonggi,토요일,20,40,05:15,23:00,06:10,00:00
234000136,1550,gyeonggi,일요일,25,50,05:15,23:00,06:10,00:00
234000136,1550,gyeonggi,공휴일,25,50,05:15,23:00,06:10,00:00
234000148,5500-2,gyeonggi,평일,4,30,05:10,23:00,06:10,00:00
234000148,5500-2,gyeonggi,토요일,12,30,05:10,23:00,06:10,00:00
234000148,5500-2,gyeonggi,일요일,15,30,05:10,23:00,06:10,00:00
234000148,5500-2,gyeonggi,공휴일,15,30,05:10,23:00,06:10,00:00
234000150,2-1,gyeonggi,평일,12,40,05:10,22:00,06:10,23:00
234000150,2-1,gyeonggi,토요일,20,50,05:10,22:00,06:10,23:00
234000150,2-1,gyeonggi,일요일,25,50,05:10,22:00,06:10,23:00
234000150,2-1,gyeonggi,공휴일,25,50,05:10,22:00,06:10,23:00
234000213,431,gyeonggi,평일,15,30,04:30,22:25,05:45,23:50
234000213,431,gyeonggi,토요일,20,35,04:30,22:25,06:00,23:50
234000213,431,gyeonggi,일요일,20,35,04:30,22:25,06:00,23:50
234000213,431,gyeonggi,공휴일,20,35,04:30,22:25,06:00,23:50
234000309,9301,gyeonggi,평일,12,27,04:30,00:45,05:55,02:00
234000309,9301,gyeonggi,토요일,20,25,04:30,00:45,05:55,02:00
234000309,9301,gyeonggi,일요일,25,40,04:30,00:45,05:55,02:00
234000309,9301,gyeonggi,공휴일,25,40,04:30,00:45,05:55,02:00
234000310,1009,gyeonggi,평일,3,40,04:30,21:45,06:15,23:35
234000310,1009,gyeonggi,토요일,30,40,04:30,21:45,06:15,23:35
234000310,1009,gyeonggi,일요일,35,50,04:30,21:45,06:15,23:35
234000310,1009,gyeonggi,공휴일,35,50,04:30,21:45,06:15,23:35
234000313,1500-2,gyeonggi,평일,4,15,04:55,22:10,06:30,23:40
234000313,1500-2,gyeonggi,토요일,11,17,04:55,22:10,06:30,23:40
234000313,1500-2,gyeonggi,일요일,10,20,04:55,22:10,06:30,23:40
234000313,1500-2,gyeonggi,공휴일,10,20,04:55,22:10,06:30,23:40
234000314,6004,gyeonggi,평일,10,45,05:10,22:50,05:55,23:55
234000314,6004,gyeonggi,토요일,20,55,05:10,22:50,05:55,23:55
234000314,6004,gyeonggi,일요일,30,50,05:10,22:50,05:55,23:55
234000314,6004,gyeonggi,공휴일,30,50,05:10,22:50,05:55,23:55
234000316,60,gyeonggi,평일,20,60,05:00,22:50,05:00,22:50
234000316,60,gyeonggi,토요일,30,60,05:00,22:50,05:00,22:50
234000316,60,gyeonggi,일요일,30,60,05:00,22:50,05:00,22:50
234000316,60,gyeonggi,공휴일,30,60,05:00,22:50,05:00,22:50
234000317,32-1,gyeonggi,평일,20,40,05:00,23:00,05:35,23:40
234000317,32-1,gyeonggi,토요일,20,40,05:00,23:00,05:35,23:40
234000317,32-1,gyeonggi,일요일,20,50,05:00,23:00,05:35,23:40
234000317,32-1,gyeonggi,공휴일,20,50,05:00,23:00,05:35,23:40
234000324,1550-1,gyeonggi,평일,9,25,05:00,23:50,06:15,01:00
234000324,1550-1,gyeonggi,토요일,12,20,05:00,22:40,06:15,23:55
234000324,1550-1,gyeonggi,일요일,15,25,05:00,22:40,06:15,23:55
234000324,1550-1,gyeonggi,공휴일,15,25,05:00,22:40,06:15,23:55
234000360,988-1,gyeonggi,평일,,,06:40,06:40,00:00,00:00
234000360,988-1,gyeonggi,토요일,,,06:40,06:40,00:00,00:00
234000360,988-1,gyeonggi,일요일,,,06:40,06:40,00:00,00:00
234000360,988-1,gyeonggi,공휴일,,,06:40,06:40,00:00,00:00
234000435,21-31,gyeonggi,평일,,,14:35,14:35,15:20,15:20
234000435,21-31,gyeonggi,토요일,,,14:35,14:35,15:20,15:20
234000435,21-31,gyeonggi,일요일,,,14:35,14:35,15:20,15:20
234000435,21-31,gyeonggi,공휴일,,,14:35,14:35,15:20,15:20
234000436,21-3,gyeonggi,평일,45,245,08:45,16:50,09:30,17:35
234000436,21-3,gyeonggi,토요일,45,245,08:45,16:50,09:30,17:35
234000436,21-3,gyeonggi,일요일,45,245,08:45,16:50,09:30,17:35
234000436,21-3,gyeonggi,공휴일,45,245,08:45,16:50,09:30,17:35
234000441,20-54,gyeonggi,평일,,,07:00,07:00,07:25,07:25
234000441,20-54,gyeonggi,토요일,,,07:00,07:00,07:25,07:25
234000441,20-54,gyeonggi,일요일,,,07:00,07:00,07:25,07:25
234000441,20-54,gyeonggi,공휴일,,,07:00,07:00,07:25,07:25
234000446,10,gyeonggi,평일,20,30,05:50,21:00,06:30,21:50
234000446,10,gyeonggi,토요일,40,50,05:50,21:00,06:30,21:50
234000446,10,gyeonggi,일요일,40,50,05:50,21:00,06:30,21:50
234000446,10,gyeonggi,공휴일,40,50,05:50,21:00,06:30,21:50
234000449,28-2,gyeonggi,평일,40,190,07:00,18:30,07:45,19:40
234000449,28-2,gyeonggi,토요일,40,190,07:00,18:30,07:45,19:40
234000449,28-2,gyeonggi,일요일,40,190,07:00,18:30,07:45,19:40
234000449,28-2,gyeonggi,공휴일,40,190,07:00,18:30,07:45,19:40
234000451,28-3,gyeonggi,평일,50,205,07:50,19:10,08:50,20:10
234000451,28-3,gyeonggi,토요일,50,205,07:50,19:10,08:50,20:10
234000451,28-3,gyeonggi,일요일,50,205,07:50,19:10,08:50,20:10
234000451,28-3,gyeonggi,공휴일,50,205,07:50,19:10,08:50,20:10
234000452,28-4,gyeonggi,평일,110,175,06:40,20:00,07:30,20:50
234000452,28-4,gyeonggi,토요일,110,175,06:40,20:00,07:30,20:50
234000452,28-4,gyeonggi,일요일,110,175,06:40,20:00,07:30,20:50
234000452,28-4,gyeonggi,공휴일,110,175,06:40,20:00,07:30,20:50
234000453,28-41,gyeonggi,평일,,,13:10,13:10,13:45,13:45
234000453,28-41,gyeonggi,토요일,,,13:10,13:10,13:45,13:45
234000453,28-41,gyeonggi,일요일,,,13:10,13:10,13:45,13:45
234000453,28-41,gyeonggi,공휴일,,,13:10,13:10,13:45,13:45
234000454,28-51,gyeonggi,평일,60,180,09:45,18:05,10:45,19:05
234000454,28-51,gyeonggi,토요일,60,180,09:45,18:05,10:45,19:05
234000454,28-51,gyeonggi,일요일,60,180,09:45,18:05,10:45,19:05
234000454,28-51,gyeonggi,공휴일,60,180,09:45,18:05,10:45,19:05
234000455,28-6,gyeonggi,평일,50,145,09:15,16:20,10:05,17:20
234000455,28-6,gyeonggi,토요일,50,145,09:15,16:20,10:05,17:20
234000455,28-6,gyeonggi,일요일,50,145,09:15,16:20,10:05,17:20
234000455,28-6,gyeonggi,공휴일,50,145,09:15,16:20,10:05,17:20
234000456,28-7,gyeonggi,평일,150,545,07:10,18:45,08:00,19:25
234000456,28-7,gyeonggi,토요일,150,545,07:10,18:45,08:00,19:25
234000456,28-7,gyeonggi,일요일,150,545,07:10,18:45,08:00,19:25
234000456,28-7,gyeonggi,공휴일,150,545,07:10,18:45,08:00,19:25
234000457,20-3,gyeonggi,평일,155,155,10:45,13:20,11:25,13:55
234000457,20-3,gyeonggi,토요일,155,155,10:45,13:20,11:25,13:55
234000457,20-3,gyeonggi,일요일,155,155,10:45,13:20,11:25,13:55
234000457,20-3,gyeonggi,공휴일,155,155,10:45,13:20,11:25,13:55
234000458,28-8,gyeonggi,평일,75,435,08:25,18:15,09:25,19:10
234000458,28-8,gyeonggi,토요일,75,435,08:25,18:15,09:25,19:10
234000458,28-8,gyeonggi,일요일,75,435,08:25,18:15,09:25,19:10
234000458,28-8,gyeonggi,공휴일,75,435,08:25,18:15,09:25,19:10
234000459,28-9,gyeonggi,평일,,,08:30,19:15,09:30,19:50
234000459,28-9,gyeonggi,토요일,,,08:30,19:15,09:30,19:50
234000459,28-9,gyeonggi,일요일,,,08:30,19:15,09:30,19:50
234000459,28-9,gyeonggi,공휴일,,,08:30,19:15,09:30,19:50
234000460,28-56,gyeonggi,평일,,,06:50,06:50,07:25,07:25
234000460,28-56,gyeonggi,토요일,,,06:50,06:50,07:25,07:25
234000460,28-56,gyeonggi,일요일,,,06:50,06:50,07:25,07:25
234000460,28-56,gyeonggi,공휴일,,,06:50,06:50,07:25,07:25
234000466,24-4,gyeonggi,평일,40,130,06:10,19:40,06:50,20:20
234000466,24-4,gyeonggi,토요일,40,130,06:10,19:40,06:50,20:20
234000466,24-4,gyeonggi,일요일,40,130,06:10,19:40,06:50,20:20
234000466,24-4,gyeonggi,공휴일,40,130,06:10,19:40,06:50,20:20
234000468,21-4,gyeonggi,평일,120,390,09:50,20:30,10:50,21:30
234000468,21-4,gyeonggi,토요일,120,390,09:50,20:30,10:50,21:30
234000468,21-4,gyeonggi,일요일,120,390,09:50,20:30,10:50,21:30
234000468,21-4,gyeonggi,공휴일,120,390,09:50,20:30,10:50,21:30
234000469,24-7,gyeonggi,평일,,,09:00,19:45,09:25,20:10
234000469,24-7,gyeonggi,토요일,,,00:00,00:00,00:00,00:00
234000469,24-7,gyeonggi,일요일,,,00:00,00:00,00:00,00:00
234000469,24-7,gyeonggi,공휴일,,,00:00,00:00,00:00,00:00
234000470,21,gyeonggi,평일,,,06:35,22:00,06:45,22:10
234000470,21,gyeonggi,토요일,,,06:35,22:00,06:45,22:10
234000470,21,gyeonggi,일요일,,,06:35,21:50,06:45,22:00
234000470,21,gyeonggi,공휴일,,,06:35,21:50,06:45,22:00
234000472,24-31,gyeonggi,평일,,,11:55,15:15,13:00,16:20
234000472,24-31,gyeonggi,토요일,,,11:55,15:15,13:00,16:20
234000472,24-31,gyeonggi,일요일,,,11:55,15:15,13:00,16:20
234000472,24-31,gyeonggi,공휴일,,,11:55,15:15,13:00,16:20
234000476,24-5,gyeonggi,평일,,,06:55,20:25,06:40,21:10
234000476,24-5,gyeonggi,토요일,,,06:55,20:25,06:40,21:10
234000476,24-5,gyeonggi,일요일,,,06:55,20:25,06:40,21:10
234000476,24-5,gyeonggi,공휴일,,,06:55,20:25,06:40,21:10
234000495,947A,gyeonggi,평일,,,20:35,20:35,00:00,00:00
234000495,947A,gyeonggi,토요일,,,20:35,20:35,00:00,00:00
234000495,947A,gyeonggi,일요일,,,20:35,20:35,00:00,00:00
234000495,947A,gyeonggi,공휴일,,,20:35,20:35,00:00,00:00
234000505,15-1,gyeonggi,평일,20,60,05:00,22:10,05:40,23:00
234000505,15-1,gyeonggi,토요일,20,60,05:00,22:10,05:40,23:00
234000505,15-1,gyeonggi,일요일,20,60,05:00,22:10,05:40,23:00
234000505,15-1,gyeonggi,공휴일,20,60,05:00,22:10,05:40,23:00
234000527,25-31,gyeonggi,평일,,,07:30,07:30,00:00,00:00
234000527,25-31,gyeonggi,토요일,,,07:30,07:30,00:00,00:00
234000527,25-31,gyeonggi,일요일,,,07:30,07:30,00:00,00:00
234000527,25-31,gyeonggi,공휴일,,,07:30,07:30,00:00,00:00
234000528,25-3,gyeonggi,평일,,,17:10,17:10,18:15,18:15
234000528,25-3,gyeonggi,토요일,,,17:10,17:10,18:15,18:15
234000528,25-3,gyeonggi,일요일,,,17:10,17:10,18:15,18:15
234000528,25-3,gyeonggi,공휴일,,,17:10,17:10,18:15,18:15
234000553,35-1,gyeonggi,평일,40,210,06:10,21:50,06:55,22:35
234000553,35-1,gyeonggi,토요일,40,210,06:10,21:50,06:55,22:35
234000553,35-1,gyeonggi,일요일,40,210,06:10,21:50,06:55,22:35
234000553,35-1,gyeonggi,공휴일,40,210,06:10,21:50,06:55,22:35
234000556,35-3,gyeonggi,평일,45,100,06:20,22:05,07:05,22:50
234000556,35-3,gyeonggi,토요일,45,100,06:20,22:05,07:05,22:50
234000556,35-3,gyeonggi,일요일,45,100,06:20,22:05,07:05,22:50
234000556,35-3,gyeonggi,공휴일,45,100,06:20,22:05,07:05,22:50
234000586,35-5,gyeonggi,평일,75,205,07:20,21:10,07:55,21:40
234000586,35-5,gyeonggi,토요일,75,205,07:20,21:10,07:55,21:40
234000586,35-5,gyeonggi,일요일,75,205,07:20,21:10,07:55,21:40
234000586,35-5,gyeonggi,공휴일,75,205,07:20,21:10,07:55,21:40
234000751,28-5,gyeonggi,평일,125,125,17:35,19:40,18:40,20:30
234000751,28-5,gyeonggi,토요일,125,125,17:35,19:40,18:40,20:30
234000751,28-5,gyeonggi,일요일,125,125,17:35,19:40,18:40,20:30
234000751,28-5,gyeonggi,공휴일,125,125,17:35,19:40,18:40,20:30
234000755,22-1,gyeonggi,평일,70,180,11:00,19:50,12:00,20:50
234000755,22-1,gyeonggi,토요일,70,180,11:00,19:50,12:00,20:50
234000755,22-1,gyeonggi,일요일,70,180,11:00,19:50,12:00,20:50
234000755,22-1,gyeonggi,공휴일,70,180,11:00,19:50,12:00,20:50
234000756,22-3,gyeonggi,평일,110,170,09:00,20:30,06:40,21:00
234000756,22-3,gyeonggi,토요일,110,170,09:00,20:30,06:40,21:00
234000756,22-3,gyeonggi,일요일,110,170,09:00,20:30,06:40,21:00
234000756,22-3,gyeonggi,공휴일,110,170,09:00,20:30,06:40,21:00
234000757,22-4,gyeonggi,평일,340,380,07:10,19:10,08:00,20:10
234000757,22-4,gyeonggi,토요일,340,380,07:10,19:10,08:00,20:10
234000757,22-4,gyeonggi,일요일,340,380,07:10,19:10,08:00,20:10
234000757,22-4,gyeonggi,공휴일,340,380,07:10,19:10,08:00,20:10
234000777,22-2,gyeonggi,평일,90,460,10:00,21:00,10:45,21:30
234000777,22-2,gyeonggi,토요일,90,460,10:00,21:00,10:45,21:30
234000777,22-2,gyeonggi,일요일,90,460,10:00,21:00,10:45,21:30
234000777,22-2,gyeonggi,공휴일,90,460,10:00,21:00,10:45,21:30
234000798,38-2,gyeonggi,평일,75,160,06:40,20:30,07:10,20:55
234000798,38-2,gyeonggi,토요일,75,160,06:40,20:30,07:10,20:55
234000798,38-2,gyeonggi,일요일,75,160,06:40,20:30,07:10,20:55
234000798,38-2,gyeonggi,공휴일,75,160,06:40,20:30,07:10,20:55
234000824,34-1,gyeonggi,평일,20,110,06:20,20:30,07:00,21:10
234000824,34-1,gyeonggi,토요일,20,110,06:20,20:30,07:00,21:10
234000824,34-1,gyeonggi,일요일,20,110,06:20,20:30,07:00,21:10
234000824,34-1,gyeonggi,공휴일,20,110,06:20,20:30,07:00,21:10
234000829,33-2,gyeonggi,평일,35,60,06:25,21:00,06:55,21:20
234000829,33-2,gyeonggi,토요일,35,60,06:25,21:00,06:55,21:20
234000829,33-2,gyeonggi,일요일,35,60,06:25,21:00,06:55,21:20
234000829,33-2,gyeonggi,공휴일,35,60,06:25,21:00,06:55,21:20
234000849,17-1,gyeonggi,평일,25,50,04:50,22:00,05:45,22:50
234000849,17-1,gyeonggi,토요일,40,70,04:50,22:00,05:45,22:50
234000849,17-1,gyeonggi,일요일,40,70,04:50,22:00,05:45,22:50
234000849,17-1,gyeonggi,공휴일,40,70,04:50,22:00,05:45,22:50
234000850,31-2,gyeonggi,평일,30,40,05:00,22:00,06:00,23:00
234000850,31-2,gyeonggi,토요일,35,60,05:00,22:00,06:00,23:00
234000850,31-2,gyeonggi,일요일,35,60,05:00,22:00,06:00,23:00
234000850,31-2,gyeonggi,공휴일,35,60,05:00,22:00,06:00,23:00
234000860,988-3,gyeonggi,평일,,,18:20,18:20,19:30,19:30
234000860,988-3,gyeonggi,토요일,,,18:20,18:20,19:30,19:30
234000860,988-3,gyeonggi,일요일,,,18:20,18:20,19:30,19:30
234000860,988-3,gyeonggi,공휴일,,,18:20,18:20,19:30,19:30
234000861,988-2,gyeonggi,평일,,,11:10,16:40,12:20,17:50
234000861,988-2,gyeonggi,토요일,,,11:10,16:40,12:20,17:50
234000861,988-2,gyeonggi,일요일,,,11:10,16:40,12:20,17:50
234000861,988-2,gyeonggi,공휴일,,,11:10,16:40,12:20,17:50
234000862,989-3,gyeonggi,평일,,,20:10,20:10,21:00,21:00
234000862,989-3,gyeonggi,토요일,,,20:10,20:10,21:00,21:00
234000862,989-3,gyeonggi,일요일,,,20:10,20:10,21:00,21:00
234000862,989-3,gyeonggi,공휴일,,,20:10,20:10,21:00,21:00
234000873,100,gyeonggi,평일,10,30,04:55,22:45,06:00,23:50
234000873,100,gyeonggi,토요일,20,35,04:55,22:45,06:00,23:50
234000873,100,gyeonggi,일요일,20,35,04:55,22:45,06:00,23:50
234000873,100,gyeonggi,공휴일,20,35,04:55,22:45,06:00,23:50
234000875,M4101,gyeonggi,평일,5,20,05:10,22:50,06:00,23:40
234000875,M4101,gyeonggi,토요일,10,20,05:10,22:50,06:00,23:40
234000875,M4101,gyeonggi,일요일,15,35,05:10,22:50,06:00,23:40
234000875,M4101,gyeonggi,공휴일,15,35,05:10,22:50,06:00,23:40
234000878,8100,gyeonggi,평일,6,10,05:00,23:00,05:55,23:50
234000878,8100,gyeonggi,토요일,8,12,05:00,23:00,05:55,23:50
234000878,8100,gyeonggi,일요일,12,20,05:00,23:00,05:55,23:50
234000878,8100,gyeonggi,공휴일,12,20,05:00,23:00,05:55,23:50
234000879,1101,gyeonggi,평일,15,25,05:00,23:00,05:50,23:50
234000879,1101,gyeonggi,토요일,25,35,05:00,23:00,05:50,23:50
234000879,1101,gyeonggi,일요일,30,50,05:00,23:00,05:50,23:50
234000879,1101,gyeonggi,공휴일,30,50,05:00,23:00,05:50,23:50
234000882,1150,gyeonggi,평일,6,30,05:00,22:30,06:10,23:40
234000882,1150,gyeonggi,토요일,15,30,05:00,22:30,06:10,23:40
234000882,1150,gyeonggi,일요일,15,30,05:00,22:30,06:10,23:40
234000882,1150,gyeonggi,공휴일,15,30,05:00,22:30,06:10,23:40
234000884,1560A,gyeonggi,평일,5,20,05:00,11:30,06:20,12:50
234000884,1560A,gyeonggi,토요일,20,25,05:00,11:20,06:20,12:40
234000884,1560A,gyeonggi,일요일,20,30,05:00,11:30,06:20,12:50
234000884,1560A,gyeonggi,공휴일,20,30,05:00,11:30,06:20,12:50
234000886,9300,gyeonggi,평일,5,30,05:00,23:00,05:50,23:50
234000886,9300,gyeonggi,토요일,15,30,05:00,23:00,05:50,23:50
234000886,9300,gyeonggi,일요일,15,30,05:00,23:00,05:50,23:50
234000886,9300,gyeonggi,공휴일,15,30,05:00,23:00,05:50,23:50
234000901,38-8,gyeonggi,평일,120,240,06:20,20:00,07:00,20:40
234000901,38-8,gyeonggi,토요일,120,240,06:20,20:00,07:00,20:40
234000901,38-8,gyeonggi,일요일,120,240,06:20,20:00,07:00,20:40
234000901,38-8,gyeonggi,공휴일,120,240,06:20,20:00,07:00,20:40
234000960,1-21,gyeonggi,평일,50,160,06:20,21:30,07:10,22:20
234000960,1-21,gyeonggi,토요일,50,160,06:20,21:30,07:10,22:20
234000960,1-21,gyeonggi,일요일,50,160,06:20,21:30,07:10,22:20
234000960,1-21,gyeonggi,공휴일,50,160,06:20,21:30,07:10,22:20
234000995,M4403,gyeonggi,평일,3,20,05:20,23:15,06:00,00:00
234000995,M4403,gyeonggi,토요일,5,30,05:20,23:15,06:00,00:00
234000995,M4403,gyeonggi,일요일,10,45,05:20,23:15,06:00,00:00
234000995,M4403,gyeonggi,공휴일,10,45,05:20,23:15,06:00,00:00
234000996,39-1,gyeonggi,평일,70,130,07:00,19:25,07:30,19:55
234000996,39-1,gyeonggi,토요일,70,130,07:00,19:25,07:30,19:55
234000996,39-1,gyeonggi,일요일,70,130,07:00,19:25,07:30,19:55
234000996,39-1,gyeonggi,공휴일,70,130,07:00,19:25,07:30,19:55
234000998,36-7,gyeonggi,평일,,,13:25,19:15,13:50,19:40
234000998,36-7,gyeonggi,토요일,,,13:25,19:15,13:50,19:40
234000998,36-7,gyeonggi,일요일,,,13:25,19:15,13:50,19:40
234000998,36-7,gyeonggi,공휴일,,,13:25,19:15,13:50,19:40
234001003,37-2,gyeonggi,평일,90,220,07:00,19:30,07:30,20:00
234001003,37-2,gyeonggi,토요일,90,220,07:00,19:30,07:30,20:00
234001003,37-2,gyeonggi,일요일,90,220,07:00,19:30,07:30,20:00
234001003,37-2,gyeonggi,공휴일,90,220,07:00,19:30,07:30,20:00
234001007,37-3,gyeonggi,평일,40,130,06:50,20:40,07:40,21:30
234001007,37-3,gyeonggi,토요일,40,130,06:50,20:40,07:40,21:30
234001007,37-3,gyeonggi,일요일,40,130,06:50,20:40,07:40,21:30
234001007,37-3,gyeonggi,공휴일,40,130,06:50,20:40,07:40,21:30
234001009,39-4,gyeonggi,평일,35,85,06:00,21:15,06:45,22:00
234001009,39-4,gyeonggi,토요일,35,85,06:00,21:15,06:45,22:00
234001009,39-4,gyeonggi,일요일,35,85,06:00,21:15,06:45,22:00
234001009,39-4,gyeonggi,공휴일,35,85,06:00,21:15,06:45,22:00
234001010,36-9,gyeonggi,평일,,,19:00,19:00,19:20,19:20
234001010,36-9,gyeonggi,토요일,,,19:00,19:00,19:20,19:20
234001010,36-9,gyeonggi,일요일,,,19:00,19:00,19:20,19:20
234001010,36-9,gyeonggi,공휴일,,,19:00,19:00,19:20,19:20
234001011,36-6,gyeonggi,평일,,,07:10,18:45,07:30,19:05
234001011,36-6,gyeonggi,토요일,,,07:10,18:45,07:30,19:05
234001011,36-6,gyeonggi,일요일,,,07:10,18:45,07:30,19:05
234001011,36-6,gyeonggi,공휴일,,,07:10,18:45,07:30,19:05
234001014,36-10,gyeonggi,평일,,,06:40,07:20,,
234001014,36-10,gyeonggi,토요일,,,06:40,07:20,,
234001014,36-10,gyeonggi,일요일,,,06:40,07:20,,
234001014,36-10,gyeonggi,공휴일,,,06:40,07:20,,
234001025,35-35,gyeonggi,평일,110,190,06:30,20:00,07:15,20:45
234001025,35-35,gyeonggi,토요일,110,190,06:30,20:00,07:15,20:45
234001025,35-35,gyeonggi,일요일,110,190,06:30,20:00,07:15,20:45
234001025,35-35,gyeonggi,공휴일,110,190,06:30,20:00,07:15,20:45
234001028,35-2,gyeonggi,평일,40,160,06:40,21:25,07:25,22:10
234001028,35-2,gyeonggi,토요일,40,160,06:40,21:25,07:25,22:10
234001028,35-2,gyeonggi,일요일,40,160,06:40,21:25,07:25,22:10
234001028,35-2,gyeonggi,공휴일,40,160,06:40,21:25,07:25,22:10
234001030,35,gyeonggi,평일,90,235,06:25,19:50,06:50,20:15
234001030,35,gyeonggi,토요일,90,235,06:25,19:50,06:50,20:15
234001030,35,gyeonggi,일요일,90,235,06:25,19:50,06:50,20:15
234001030,35,gyeonggi,공휴일,90,235,06:25,19:50,06:50,20:15
234001040,34,gyeonggi,평일,50,175,06:15,19:55,07:05,20:40
234001040,34,gyeonggi,토요일,50,175,06:15,19:55,07:05,20:40
234001040,34,gyeonggi,일요일,50,175,06:15,19:55,07:05,20:40
234001040,34,gyeonggi,공휴일,50,175,06:15,19:55,07:05,20:40
234001042,36-5,gyeonggi,평일,,,09:30,18:40,10:10,19:10
234001042,36-5,gyeonggi,토요일,,,09:30,18:40,10:10,19:10
234001042,36-5,gyeonggi,일요일,,,09:30,18:40,10:10,19:10
234001042,36-5,gyeonggi,공휴일,,,09:30,18:40,10:10,19:10
234001043,36-51,gyeonggi,평일,,,10:40,20:40,11:20,21:05
234001043,36-51,gyeonggi,토요일,,,10:40,20:40,11:20,21:05
234001043,36-51,gyeonggi,일요일,,,10:40,20:40,11:20,21:05
234001043,36-51,gyeonggi,공휴일,,,10:40,20:40,11:20,21:05
234001046,945,gyeonggi,평일,170,235,09:05,15:50,10:20,17:05
234001046,945,gyeonggi,토요일,170,235,09:05,15:50,10:20,17:05
234001046,945,gyeonggi,일요일,170,235,09:05,15:50,10:20,17:05
234001046,945,gyeonggi,공휴일,170,235,09:05,15:50,10:20,17:05
234001047,946,gyeonggi,평일,290,315,07:30,17:35,08:45,18:50
234001047,946,gyeonggi,토요일,290,315,07:30,17:35,08:45,18:50
234001047,946,gyeonggi,일요일,290,315,07:30,17:35,08:45,18:50
234001047,946,gyeonggi,공휴일,290,315,07:30,17:35,08:45,18:50
234001056,39-2,gyeonggi,평일,70,310,08:20,17:30,08:40,17:50
234001056,39-2,gyeonggi,토요일,70,310,08:20,17:30,08:40,17:50
234001056,39-2,gyeonggi,일요일,70,310,08:20,17:30,08:40,17:50
234001056,39-2,gyeonggi,공휴일,70,310,08:20,17:30,08:40,17:50
234001059,36-8,gyeonggi,평일,,,06:40,21:00,07:10,21:25
234001059,36-8,gyeonggi,토요일,,,06:40,21:00,07:10,21:25
234001059,36-8,gyeonggi,일요일,,,06:40,21:00,07:10,21:25
234001059,36-8,gyeonggi,공휴일,,,06:40,21:00,07:10,21:25
234001062,22-8,gyeonggi,평일,,,17:00,17:00,17:40,17:40
234001062,22-8,gyeonggi,토요일,,,17:00,17:00,17:40,17:40
234001062,22-8,gyeonggi,일요일,,,17:00,17:00,17:40,17:40
234001062,22-8,gyeonggi,공휴일,,,17:00,17:00,17:40,17:40
234001063,21-8,gyeonggi,평일,160,395,09:30,18:45,10:10,19:10
234001063,21-8,gyeonggi,토요일,160,395,09:30,18:45,10:10,19:10
234001063,21-8,gyeonggi,일요일,160,395,09:30,18:45,10:10,19:10
234001063,21-8,gyeonggi,공휴일,160,395,09:30,18:45,10:10,19:10
234001077,28-50,gyeonggi,평일,,,08:10,08:10,00:00,00:00
234001077,28-50,gyeonggi,토요일,,,08:10,08:10,00:00,00:00
234001077,28-50,gyeonggi,일요일,,,08:10,08:10,00:00,00:00
234001077,28-50,gyeonggi,공휴일,,,08:10,08:10,00:00,00:00
234001078,28-71,gyeonggi,평일,,,10:00,10:00,00:00,00:00
234001078,28-71,gyeonggi,토요일,,,10:00,10:00,00:00,00:00
234001078,28-71,gyeonggi,일요일,,,10:00,10:00,00:00,00:00
234001078,28-71,gyeonggi,공휴일,,,10:00,10:00,00:00,00:00
234001079,22-11,gyeonggi,평일,80,430,07:30,21:20,08:30,22:10
234001079,22-11,gyeonggi,토요일,80,430,07:30,21:20,08:30,22:10
234001079,22-11,gyeonggi,일요일,80,430,07:30,21:20,08:30,22:10
234001079,22-11,gyeonggi,공휴일,80,430,07:30,21:20,08:30,22:10
234001081,22-21,gyeonggi,평일,,,12:10,12:10,12:55,12:55
234001081,22-21,gyeonggi,토요일,,,12:10,12:10,12:55,12:55
234001081,22-21,gyeonggi,일요일,,,12:10,12:10,12:55,12:55
234001081,22-21,gyeonggi,공휴일,,,12:10,12:10,12:55,12:55
234001082,22-24,gyeonggi,평일,35,35,06:25,07:00,00:00,00:00
234001082,22-24,gyeonggi,토요일,35,35,06:25,07:00,00:00,00:00
234001082,22-24,gyeonggi,일요일,35,35,06:25,07:00,00:00,00:00
234001082,22-24,gyeonggi,공휴일,35,35,06:25,07:00,00:00,00:00
234001083,22-30,gyeonggi,평일,,,07:10,07:10,07:50,07:50
234001083,22-30,gyeonggi,토요일,,,07:10,07:10,07:50,07:50
234001083,22-30,gyeonggi,일요일,,,07:10,07:10,07:50,07:50
234001083,22-30,gyeonggi,공휴일,,,07:10,07:10,07:50,07:50
234001093,24-45,gyeonggi,평일,850,850,07:10,21:20,08:00,21:50
234001093,24-45,gyeonggi,토요일,850,850,07:10,21:20,08:00,21:50
234001093,24-45,gyeonggi,일요일,850,850,07:10,21:20,08:00,21:50
234001093,24-45,gyeonggi,공휴일,850,850,07:10,21:20,08:00,21:50
234001118,33-5,gyeonggi,평일,20,55,06:25,21:30,07:10,22:10
234001118,33-5,gyeonggi,토요일,20,55,06:25,21:30,07:10,22:10
234001118,33-5,gyeonggi,일요일,75,95,06:25,21:30,07:10,22:10
234001118,33-5,gyeonggi,공휴일,75,95,06:25,21:30,07:10,22:10
234001133,21-30,gyeonggi,평일,,,20:05,20:05,20:40,20:40
234001133,21-30,gyeonggi,토요일,,,20:05,20:05,20:40,20:40
234001133,21-30,gyeonggi,일요일,,,20:05,20:05,20:40,20:40
234001133,21-30,gyeonggi,공휴일,,,20:05,20:05,20:40,20:40
234001138,1551,gyeonggi,평일,35,60,05:10,22:30,06:20,23:40
234001138,1551,gyeonggi,토요일,40,70,05:10,22:30,06:20,23:40
234001138,1551,gyeonggi,일요일,60,90,05:10,22:30,06:20,23:40
234001138,1551,gyeonggi,공휴일,60,90,05:10,22:30,06:20,23:40
234001159,M4102,gyeonggi,평일,8,20,04:40,23:00,05:20,23:40
234001159,M4102,gyeonggi,토요일,25,30,04:40,23:00,05:20,23:40
234001159,M4102,gyeonggi,일요일,30,40,04:40,23:00,05:20,23:40
234001159,M4102,gyeonggi,공휴일,30,40,04:40,23:00,05:20,23:40
234001163,6501,gyeonggi,평일,5,25,05:20,23:00,06:20,00:00
234001163,6501,gyeonggi,토요일,20,27,05:20,23:00,06:20,00:00
234001163,6501,gyeonggi,일요일,20,27,05:20,23:00,06:20,00:00
234001163,6501,gyeonggi,공휴일,20,27,05:20,23:00,06:20,00:00
234001166,36-72,gyeonggi,평일,,,07:45,12:00,08:05,12:30
234001166,36-72,gyeonggi,토요일,,,07:45,12:00,08:05,12:30
234001166,36-72,gyeonggi,일요일,,,07:45,12:00,08:05,12:30
234001166,36-72,gyeonggi,공휴일,,,07:45,12:00,08:05,12:30
234001174,28-30,gyeonggi,평일,,,21:05,21:05,00:00,00:00
234001174,28-30,gyeonggi,토요일,,,21:05,21:05,00:00,00:00
234001174,28-30,gyeonggi,일요일,,,21:05,21:05,00:00,00:00
234001174,28-30,gyeonggi,공휴일,,,21:05,21:05,00:00,00:00
234001178,28-31,gyeonggi,평일,,,06:55,06:55,00:00,00:00
234001178,28-31,gyeonggi,토요일,,,06:55,06:55,00:00,00:00
234001178,28-31,gyeonggi,일요일,,,06:55,06:55,00:00,00:00
234001178,28-31,gyeonggi,공휴일,,,06:55,06:55,00:00,00:00
234001179,28-40,gyeonggi,평일,,,06:30,06:30,00:00,00:00
234001179,28-40,gyeonggi,토요일,,,06:30,06:30,00:00,00:00
234001179,28-40,gyeonggi,일요일,,,06:30,06:30,00:00,00:00
234001179,28-40,gyeonggi,공휴일,,,06:30,06:30,00:00,00:00
234001180,28-42,gyeonggi,평일,,,21:40,21:40,00:00,00:00
234001180,28-42,gyeonggi,토요일,,,21:40,21:40,00:00,00:00
234001180,28-42,gyeonggi,일요일,,,21:40,21:40,00:00,00:00
234001180,28-42,gyeonggi,공휴일,,,21:40,21:40,00:00,00:00
234001182,28-53,gyeonggi,평일,,,06:30,06:30,08:00,08:00
234001182,28-53,gyeonggi,토요일,,,06:30,06:30,08:00,08:00
234001182,28-53,gyeonggi,일요일,,,06:30,06:30,08:00,08:00
234001182,28-53,gyeonggi,공휴일,,,06:30,06:30,08:00,08:00
234001185,28-90,gyeonggi,평일,,,20:45,20:45,00:00,00:00
234001185,28-90,gyeonggi,토요일,,,20:45,20:45,00:00,00:00
234001185,28-90,gyeonggi,일요일,,,20:45,20:45,00:00,00:00
234001185,28-90,gyeonggi,공휴일,,,20:45,20:45,00:00,00:00
234001186,28-91,gyeonggi,평일,,,06:50,06:50,00:00,00:00
234001186,28-91,gyeonggi,토요일,,,06:50,06:50,00:00,00:00
234001186,28-91,gyeonggi,일요일,,,06:50,06:50,00:00,00:00
234001186,28-91,gyeonggi,공휴일,,,06:50,06:50,00:00,00:00
234001201,29-95,gyeonggi,평일,90,180,07:45,15:05,06:50,15:35
234001201,29-95,gyeonggi,토요일,90,180,07:45,15:05,06:50,15:35
234001201,29-95,gyeonggi,일요일,90,180,07:45,15:05,06:50,15:35
234001201,29-95,gyeonggi,공휴일,90,180,07:45,15:05,06:50,15:35
234001202,21-14,gyeonggi,평일,,,00:00,00:00,07:55,07:55
234001202,21-14,gyeonggi,토요일,,,00:00,00:00,07:55,07:55
234001202,21-14,gyeonggi,일요일,,,00:00,00:00,07:55,07:55
234001202,21-14,gyeonggi,공휴일,,,00:00,00:00,07:55,07:55
234001203,1113-10,gyeonggi,평일,11,18,06:14,07:25,07:45,09:00
234001204,1113-11,gyeonggi,평일,20,20,17:30,18:10,18:45,19:30
234001206,20-33,gyeonggi,평일,,,06:30,06:30,00:00,00:00
234001206,20-33,gyeonggi,토요일,,,06:30,06:30,00:00,00:00
234001206,20-33,gyeonggi,일요일,,,06:30,06:30,00:00,00:00
234001206,20-33,gyeonggi,공휴일,,,06:30,06:30,00:00,00:00
234001223,28-72,gyeonggi,평일,30,30,20:20,20:50,00:00,00:00
234001223,28-72,gyeonggi,토요일,30,30,20:20,20:50,00:00,00:00
234001223,28-72,gyeonggi,일요일,30,30,20:20,20:50,00:00,00:00
234001223,28-72,gyeonggi,공휴일,30,30,20:20,20:50,00:00,00:00
234001232,9-1,gyeonggi,토요일,7,10,07:45,19:30,00:00,00:00
234001232,9-1,gyeonggi,일요일,7,10,07:45,19:30,00:00,00:00
234001232,9-1,gyeonggi,공휴일,7,10,07:45,19:30,00:00,00:00
234001236,8109,gyeonggi,평일,40,80,05:00,23:30,05:00,23:30
234001236,8109,gyeonggi,토요일,40,80,05:00,23:30,05:00,23:30
234001236,8109,gyeonggi,일요일,40,80,05:00,23:30,05:00,23:30
234001236,8109,gyeonggi,공휴일,40,80,05:00,23:30,05:00,23:30
234001237,8106,gyeonggi,평일,10,20,05:10,23:10,05:10,23:10
234001237,8106,gyeonggi,토요일,15,25,05:10,23:10,05:10,23:10
234001237,8106,gyeonggi,일요일,15,25,05:10,23:10,05:10,23:10
234001237,8106,gyeonggi,공휴일,15,25,05:10,23:10,05:10,23:10
234001243,M5107,gyeonggi,평일,,12,05:00,23:00,06:00,00:00
234001243,M5107,gyeonggi,토요일,7,10,05:00,23:00,06:00,00:00
234001243,M5107,gyeonggi,일요일,8,11,05:00,23:00,06:00,00:00
234001243,M5107,gyeonggi,공휴일,8,11,05:00,23:00,06:00,00:00
234001244,9600,gyeonggi,평일,25,40,05:00,22:45,06:15,00:00
234001244,9600,gyeonggi,토요일,35,50,05:00,22:45,06:15,00:00
234001244,9600,gyeonggi,일요일,35,50,05:00,22:45,06:15,00:00
234001244,9600,gyeonggi,공휴일,35,50,05:00,22:45,06:15,00:00
234001245,M4108,gyeonggi,평일,5,25,05:00,22:50,06:00,00:00
234001245,M4108,gyeonggi,토요일,10,35,05:00,22:50,06:00,00:00
234001245,M4108,gyeonggi,일요일,10,45,05:00,22:50,06:00,00:00
234001245,M4108,gyeonggi,공휴일,10,45,05:00,22:50,06:00,00:00
234001246,8409,gyeonggi,평일,30,80,04:00,21:00,06:10,23:00
234001246,8409,gyeonggi,토요일,30,80,04:00,21:00,06:10,23:00
234001246,8409,gyeonggi,일요일,40,100,04:00,21:00,06:10,23:00
234001246,8409,gyeonggi,공휴일,40,100,04:00,21:00,06:10,23:00
234001247,36-14,gyeonggi,평일,,,07:50,17:10,08:20,17:40
234001247,36-14,gyeonggi,토요일,,,07:50,17:10,08:20,17:40
234001247,36-14,gyeonggi,일요일,,,07:50,17:10,08:20,17:40
234001247,36-14,gyeonggi,공휴일,,,07:50,17:10,08:20,17:40
234001248,36-13,gyeonggi,평일,,,07:40,20:10,08:10,20:35
234001248,36-13,gyeonggi,토요일,,,07:40,20:10,08:10,20:35
234001248,36-13,gyeonggi,일요일,,,07:40,20:10,08:10,20:35
234001248,36-13,gyeonggi,공휴일,,,07:40,20:10,08:10,20:35
234001251,1311,gyeonggi,평일,10,90,05:10,22:40,06:20,23:50
234001251,1311,gyeonggi,토요일,25,65,05:10,22:40,06:20,23:50
234001251,1311,gyeonggi,일요일,25,65,05:10,22:40,06:20,23:50
234001251,1311,gyeonggi,공휴일,25,65,05:10,22:40,06:20,23:50
234001252,949,gyeonggi,평일,,,21:40,21:40,00:00,00:00
234001254,38-19,gyeonggi,평일,100,230,05:30,19:10,06:10,19:50
234001254,38-19,gyeonggi,토요일,100,230,05:30,19:10,06:10,19:50
234001254,38-19,gyeonggi,일요일,100,230,05:30,19:10,06:10,19:50
234001254,38-19,gyeonggi,공휴일,100,230,05:30,19:10,06:10,19:50
234001257,522,gyeonggi,평일,50,60,06:30,21:30,07:00,22:00
234001257,522,gyeonggi,토요일,60,70,06:30,21:30,07:00,22:00
234001257,522,gyeonggi,일요일,60,70,06:30,21:30,07:00,22:00
234001257,522,gyeonggi,공휴일,60,70,06:30,21:30,07:00,22:00
234001271,1570,gyeonggi,평일,15,40,05:10,23:10,06:00,00:00
234001271,1570,gyeonggi,토요일,20,35,05:10,23:10,06:00,00:00
234001271,1570,gyeonggi,일요일,20,35,05:10,23:10,06:00,00:00
234001271,1570,gyeonggi,공휴일,20,35,05:10,23:10,06:00,00:00
234001274,987-2,gyeonggi,평일,,,07:10,07:10,08:50,08:50
234001274,987-2,gyeonggi,토요일,,,07:10,07:10,08:50,08:50
234001274,987-2,gyeonggi,일요일,,,07:10,07:10,08:50,08:50
234001274,987-2,gyeonggi,공휴일,,,07:10,07:10,08:50,08:50
234001284,22-22,gyeonggi,평일,,,06:25,06:25,00:00,00:00
234001284,22-22,gyeonggi,토요일,,,06:25,06:25,00:00,00:00
234001284,22-22,gyeonggi,일요일,,,06:25,06:25,00:00,00:00
234001284,22-22,gyeonggi,공휴일,,,06:25,06:25,00:00,00:00
234001286,M5115,gyeonggi,평일,20,40,05:10,22:50,06:10,23:50
234001286,M5115,gyeonggi,토요일,40,70,05:10,22:50,06:10,23:50
234001286,M5115,gyeonggi,일요일,40,70,05:10,22:50,06:10,23:50
234001286,M5115,gyeonggi,공휴일,40,70,05:10,22:50,06:10,23:50
234001287,21-32,gyeonggi,평일,,,06:45,06:45,07:50,07:50
234001287,21-32,gyeonggi,토요일,,,06:45,06:45,07:50,07:50
234001287,21-32,gyeonggi,일요일,,,06:45,06:45,07:50,07:50
234001287,21-32,gyeonggi,공휴일,,,06:45,06:45,07:50,07:50
234001290,1551B,gyeonggi,평일,30,60,05:30,22:50,06:40,00:00
234001290,1551B,gyeonggi,토요일,40,70,05:30,22:50,06:40,00:00
234001290,1551B,gyeonggi,일요일,70,80,05:30,22:50,06:40,00:00
234001290,1551B,gyeonggi,공휴일,70,80,05:30,22:50,06:40,00:00
234001292,911-1,gyeonggi,평일,190,280,07:20,19:00,07:50,19:30
234001292,911-1,gyeonggi,토요일,190,280,07:20,19:00,07:50,19:30
234001292,911-1,gyeonggi,일요일,190,280,07:20,19:00,07:50,19:30
234001292,911-1,gyeonggi,공휴일,190,280,07:20,19:00,07:50,19:30
234001293,911-2,gyeonggi,평일,,,16:45,16:45,17:10,17:10
234001293,911-2,gyeonggi,토요일,,,16:45,16:45,17:10,17:10
234001293,911-2,gyeonggi,일요일,,,16:45,16:45,17:10,17:10
234001293,911-2,gyeonggi,공휴일,,,16:45,16:45,17:10,17:10
234001294,912,gyeonggi,평일,15,290,09:00,20:25,09:25,20:50
234001294,912,gyeonggi,토요일,15,290,09:00,20:25,09:25,20:50
234001294,912,gyeonggi,일요일,15,290,09:00,20:25,09:25,20:50
234001294,912,gyeonggi,공휴일,15,290,09:00,20:25,09:25,20:50
234001296,913,gyeonggi,평일,,,07:25,20:20,08:05,21:00
234001296,913,gyeonggi,토요일,,,07:25,20:20,08:05,21:00
234001296,913,gyeonggi,일요일,,,07:25,20:20,08:05,21:00
234001296,913,gyeonggi,공휴일,,,07:25,20:20,08:05,21:00
234001297,915,gyeonggi,평일,,,08:00,18:30,08:40,19:20
234001297,915,gyeonggi,토요일,,,08:00,18:30,08:40,19:20
234001297,915,gyeonggi,일요일,,,08:00,18:30,08:40,19:20
234001297,915,gyeonggi,공휴일,,,08:00,18:30,08:40,19:20
234001299,918-1,gyeonggi,평일,50,90,06:40,19:10,07:00,19:30
234001299,918-1,gyeonggi,토요일,50,90,06:40,19:10,07:00,19:30
234001299,918-1,gyeonggi,일요일,50,90,06:40,19:10,07:00,19:30
234001299,918-1,gyeonggi,공휴일,50,90,06:40,19:10,07:00,19:30
234001303,930,gyeonggi,평일,30,90,05:40,21:10,06:30,22:00
234001303,930,gyeonggi,토요일,30,90,05:40,21:10,06:30,22:00
234001303,930,gyeonggi,일요일,30,90,05:40,21:10,06:30,22:00
234001303,930,gyeonggi,공휴일,30,90,05:40,21:10,06:30,22:00
234001314,916,gyeonggi,평일,30,90,06:15,20:00,06:30,20:15
234001314,916,gyeonggi,토요일,30,90,06:15,20:00,06:30,20:15
234001314,916,gyeonggi,일요일,30,90,06:15,20:00,06:30,20:15
234001314,916,gyeonggi,공휴일,30,90,06:15,20:00,06:30,20:15
234001315,917,gyeonggi,평일,30,100,07:00,20:00,07:15,20:15
234001315,917,gyeonggi,토요일,30,100,07:00,20:00,07:15,20:15
234001315,917,gyeonggi,일요일,30,100,07:00,20:00,07:15,20:15
234001315,917,gyeonggi,공휴일,30,100,07:00,20:00,07:15,20:15
234001317,M5121,gyeonggi,평일,7,30,05:10,22:40,06:10,23:40
234001317,M5121,gyeonggi,토요일,20,25,05:10,22:40,06:10,23:40
234001317,M5121,gyeonggi,일요일,25,40,05:10,22:40,06:10,23:40
234001317,M5121,gyeonggi,공휴일,25,40,05:10,22:40,06:10,23:40
234001318,M5422,gyeonggi,평일,20,50,05:00,23:00,05:40,23:40
234001318,M5422,gyeonggi,토요일,50,70,05:00,23:00,05:40,23:40
234001318,M5422,gyeonggi,일요일,50,70,05:00,23:00,05:40,23:40
234001318,M5422,gyeonggi,공휴일,50,70,05:00,23:00,05:40,23:40
234001371,995,gyeonggi,평일,,,07:10,19:30,07:50,20:10
234001371,995,gyeonggi,토요일,,,07:10,19:30,07:50,20:10
234001371,995,gyeonggi,일요일,,,07:10,19:30,07:50,20:10
234001371,995,gyeonggi,공휴일,,,07:10,19:30,07:50,20:10
234001373,935,gyeonggi,평일,130,190,05:50,19:10,06:45,20:05
234001373,935,gyeonggi,토요일,130,190,05:50,19:10,06:45,20:05
234001373,935,gyeonggi,일요일,130,190,05:50,19:10,06:45,20:05
234001373,935,gyeonggi,공휴일,130,190,05:50,19:10,06:45,20:05
234001375,924,gyeonggi,평일,45,140,06:05,20:30,07:20,21:45
234001375,924,gyeonggi,토요일,45,140,06:05,20:30,07:20,21:45
234001375,924,gyeonggi,일요일,45,140,06:05,20:30,07:20,21:45
234001375,924,gyeonggi,공휴일,45,140,06:05,20:30,07:20,21:45
234001379,952-1,gyeonggi,평일,,,09:10,11:10,10:00,12:00
234001379,952-1,gyeonggi,토요일,,,09:10,11:10,10:00,12:00
234001379,952-1,gyeonggi,일요일,,,09:10,11:10,10:00,12:00
234001379,952-1,gyeonggi,공휴일,,,09:10,11:10,10:00,12:00
234001387,952-2,gyeonggi,평일,,,15:40,15:40,16:30,16:30
234001387,952-2,gyeonggi,토요일,,,15:40,15:40,16:30,16:30
234001387,952-2,gyeonggi,일요일,,,15:40,15:40,16:30,16:30
234001387,952-2,gyeonggi,공휴일,,,15:40,15:40,16:30,16:30
234001388,952-3,gyeonggi,평일,,,18:10,20:10,19:00,20:50
234001388,952-3,gyeonggi,토요일,,,18:10,20:10,19:00,20:50
234001388,952-3,gyeonggi,일요일,,,18:10,20:10,19:00,20:50
234001388,952-3,gyeonggi,공휴일,,,18:10,20:10,19:00,20:50
234001396,974,gyeonggi,평일,,,09:40,11:45,10:10,12:20
234001396,974,gyeonggi,토요일,,,09:40,11:45,10:10,12:20
234001396,974,gyeonggi,일요일,,,09:40,11:45,10:10,12:20
234001396,974,gyeonggi,공휴일,,,09:40,11:45,10:10,12:20
234001397,974-1,gyeonggi,평일,,,15:00,15:00,15:50,15:50
234001397,974-1,gyeonggi,토요일,,,15:00,15:00,15:50,15:50
234001397,974-1,gyeonggi,일요일,,,15:00,15:00,15:50,15:50
234001397,974-1,gyeonggi,공휴일,,,15:00,15:00,15:50,15:50
234001400,963-1,gyeonggi,평일,,,20:20,20:20,20:50,20:50
234001400,963-1,gyeonggi,토요일,,,20:20,20:20,20:50,20:50
234001400,963-1,gyeonggi,일요일,,,20:20,20:20,20:50,20:50
234001400,963-1,gyeonggi,공휴일,,,20:20,20:20,20:50,20:50
234001402,918-2,gyeonggi,평일,35,35,20:10,21:10,00:00,00:00
234001402,918-2,gyeonggi,토요일,35,35,20:10,21:10,00:00,00:00
234001402,918-2,gyeonggi,일요일,35,35,20:10,21:10,00:00,00:00
234001402,918-2,gyeonggi,공휴일,35,35,20:10,21:10,00:00,00:00
234001403,961-1,gyeonggi,평일,,,10:20,12:20,11:20,13:30
234001403,961-1,gyeonggi,토요일,,,10:20,12:20,11:20,13:30
234001403,961-1,gyeonggi,일요일,,,10:20,12:20,11:20,13:30
234001403,961-1,gyeonggi,공휴일,,,10:20,12:20,11:20,13:30
234001405,981-2,gyeonggi,평일,,,07:00,07:00,00:00,00:00
234001405,981-2,gyeonggi,토요일,,,07:00,07:00,00:00,00:00
234001405,981-2,gyeonggi,일요일,,,07:00,07:00,00:00,00:00
234001405,981-2,gyeonggi,공휴일,,,07:00,07:00,00:00,00:00
234001408,929-2,gyeonggi,평일,,,11:25,19:50,12:35,20:50
234001408,929-2,gyeonggi,토요일,,,11:25,19:50,12:35,20:50
234001408,929-2,gyeonggi,일요일,,,11:25,19:50,12:35,20:50
234001408,929-2,gyeonggi,공휴일,,,11:25,19:50,12:35,20:50
234001409,929-3,gyeonggi,평일,,,08:10,08:10,09:20,09:20
234001409,929-3,gyeonggi,토요일,,,08:10,08:10,09:20,09:20
234001409,929-3,gyeonggi,일요일,,,08:10,08:10,09:20,09:20
234001409,929-3,gyeonggi,공휴일,,,08:10,08:10,09:20,09:20
234001410,925,gyeonggi,평일,100,165,12:35,18:40,13:10,19:20
234001410,925,gyeonggi,토요일,100,165,12:35,18:40,13:10,19:20
234001410,925,gyeonggi,일요일,100,165,12:35,18:40,13:10,19:20
234001410,925,gyeonggi,공휴일,100,165,12:35,18:40,13:10,19:20
234001412,925-1,gyeonggi,평일,90,165,06:25,10:40,07:10,11:30
234001412,925-1,gyeonggi,토요일,90,165,06:25,10:40,07:10,11:30
234001412,925-1,gyeonggi,일요일,90,165,06:25,10:40,07:10,11:30
234001412,925-1,gyeonggi,공휴일,90,165,06:25,10:40,07:10,11:30
234001413,915-2,gyeonggi,평일,,,06:30,06:30,07:00,07:00
234001413,915-2,gyeonggi,토요일,,,06:30,06:30,07:00,07:00
234001413,915-2,gyeonggi,일요일,,,06:30,06:30,07:00,07:00
234001413,915-2,gyeonggi,공휴일,,,06:30,06:30,07:00,07:00
234001414,915-1,gyeonggi,평일,,,09:40,09:40,10:30,10:30
234001414,915-1,gyeonggi,토요일,,,09:40,09:40,10:30,10:30
234001414,915-1,gyeonggi,일요일,,,09:40,09:40,10:30,10:30
234001414,915-1,gyeonggi,공휴일,,,09:40,09:40,10:30,10:30
234001415,33-4,gyeonggi,평일,50,180,08:10,21:30,08:30,21:50
234001415,33-4,gyeonggi,토요일,50,180,08:10,21:30,08:30,21:50
234001415,33-4,gyeonggi,일요일,50,180,08:10,21:30,08:30,21:50
234001415,33-4,gyeonggi,공휴일,50,180,08:10,21:30,08:30,21:50
234001417,913-2,gyeonggi,평일,,,08:50,18:25,09:25,19:00
234001417,913-2,gyeonggi,토요일,,,08:50,18:25,09:25,19:00
234001417,913-2,gyeonggi,일요일,,,08:50,18:25,09:25,19:00
234001417,913-2,gyeonggi,공휴일,,,08:50,18:25,09:25,19:00
234001418,913-3,gyeonggi,평일,,,07:00,07:00,00:00,00:00
234001418,913-3,gyeonggi,토요일,,,07:00,07:00,00:00,00:00
234001418,913-3,gyeonggi,일요일,,,07:00,07:00,00:00,00:00
234001418,913-3,gyeonggi,공휴일,,,07:00,07:00,00:00,00:00
234001426,8401,gyeonggi,평일,60,120,05:00,17:10,07:10,20:10
234001426,8401,gyeonggi,토요일,760,760,05:00,17:10,07:10,20:10
234001426,8401,gyeonggi,일요일,760,760,05:00,17:10,07:10,19:50
234001426,8401,gyeonggi,공휴일,760,760,05:00,17:10,07:10,19:50
234001431,988-4,gyeonggi,평일,,,08:00,08:00,09:00,09:00
234001431,988-4,gyeonggi,토요일,,,08:00,08:00,09:00,09:00
234001431,988-4,gyeonggi,일요일,,,08:00,08:00,09:00,09:00
234001431,988-4,gyeonggi,공휴일,,,08:00,08:00,09:00,09:00
234001434,989-5,gyeonggi,평일,,,06:50,06:50,07:50,07:50
234001434,989-5,gyeonggi,토요일,,,06:50,06:50,07:50,07:50
234001434,989-5,gyeonggi,일요일,,,06:50,06:50,07:50,07:50
234001434,989-5,gyeonggi,공휴일,,,06:50,06:50,07:50,07:50
234001441,983-1,gyeonggi,평일,,,11:15,18:00,12:05,18:50
234001441,983-1,gyeonggi,토요일,,,11:15,18:00,12:05,18:50
234001441,983-1,gyeonggi,일요일,,,11:15,18:00,12:05,18:50
234001441,983-1,gyeonggi,공휴일,,,11:15,18:00,12:05,18:50
234001442,981-3,gyeonggi,평일,,,21:00,21:00,00:00,00:00
234001442,981-3,gyeonggi,토요일,,,21:00,21:00,00:00,00:00
234001442,981-3,gyeonggi,일요일,,,21:00,21:00,00:00,00:00
234001442,981-3,gyeonggi,공휴일,,,21:00,21:00,00:00,00:00
234001443,987-3,gyeonggi,평일,,,11:20,17:40,13:00,19:10
234001443,987-3,gyeonggi,토요일,,,11:20,17:40,13:00,19:10
234001443,987-3,gyeonggi,일요일,,,11:20,17:40,13:00,19:10
234001443,987-3,gyeonggi,공휴일,,,11:20,17:40,13:00,19:10
234001446,912-2,gyeonggi,평일,,,08:10,08:10,08:30,08:30
234001446,912-2,gyeonggi,토요일,,,08:10,08:10,08:30,08:30
234001446,912-2,gyeonggi,일요일,,,08:10,08:10,08:30,08:30
234001446,912-2,gyeonggi,공휴일,,,08:10,08:10,08:30,08:30
234001456,21-9,gyeonggi,평일,50,100,08:20,17:50,08:00,18:40
234001456,21-9,gyeonggi,토요일,50,100,08:20,17:50,08:00,18:40
234001456,21-9,gyeonggi,일요일,50,100,08:20,17:50,08:00,18:40
234001456,21-9,gyeonggi,공휴일,50,100,08:20,17:50,08:00,18:40
234001462,22-25,gyeonggi,평일,,,18:05,18:05,18:25,18:25
234001462,22-25,gyeonggi,토요일,,,18:05,18:05,18:25,18:25
234001462,22-25,gyeonggi,일요일,,,18:05,18:05,18:25,18:25
234001462,22-25,gyeonggi,공휴일,,,18:05,18:05,18:25,18:25
234001463,22-7,gyeonggi,평일,,,09:25,13:00,10:20,13:50
234001463,22-7,gyeonggi,토요일,,,09:25,13:00,10:20,13:50
234001463,22-7,gyeonggi,일요일,,,09:25,13:00,10:20,13:50
234001463,22-7,gyeonggi,공휴일,,,09:25,13:00,10:20,13:50
234001464,22-81,gyeonggi,평일,150,150,10:20,14:30,11:20,15:30
234001464,22-81,gyeonggi,토요일,150,150,10:20,14:30,11:20,15:30
234001464,22-81,gyeonggi,일요일,150,150,10:20,14:30,11:20,15:30
234001464,22-81,gyeonggi,공휴일,150,150,10:20,14:30,11:20,15:30
234001470,28-43,gyeonggi,평일,,,11:40,15:20,12:25,16:10
234001470,28-43,gyeonggi,토요일,,,11:40,15:20,12:25,16:10
234001470,28-43,gyeonggi,일요일,,,11:40,15:20,12:25,16:10
234001470,28-43,gyeonggi,공휴일,,,11:40,15:20,12:25,16:10
234001471,28-92,gyeonggi,평일,,,10:45,14:25,11:30,15:20
234001471,28-92,gyeonggi,토요일,,,10:45,14:25,11:30,15:20
234001471,28-92,gyeonggi,일요일,,,10:45,14:25,11:30,15:20
234001471,28-92,gyeonggi,공휴일,,,10:45,14:25,11:30,15:20
234001475,28-83,gyeonggi,평일,,,12:10,15:10,13:00,16:00
234001475,28-83,gyeonggi,토요일,,,12:10,15:10,13:00,16:00
234001475,28-83,gyeonggi,일요일,,,12:10,15:10,13:00,16:00
234001475,28-83,gyeonggi,공휴일,,,12:10,15:10,13:00,16:00
234001476,M2323,gyeonggi,평일,10,17,05:00,23:20,05:50,00:10
234001476,M2323,gyeonggi,토요일,15,20,05:00,23:20,05:50,00:10
234001476,M2323,gyeonggi,일요일,20,20,05:00,23:20,05:50,00:10
234001476,M2323,gyeonggi,공휴일,20,20,05:00,23:20,05:50,00:10
234001478,271,gyeonggi,평일,140,200,06:40,20:10,07:40,21:00
234001478,271,gyeonggi,토요일,140,200,06:40,20:10,07:40,21:00
234001478,271,gyeonggi,일요일,140,200,06:40,20:10,07:40,21:00
234001478,271,gyeonggi,공휴일,140,200,06:40,20:10,07:40,21:00
234001479,911-5,gyeonggi,평일,230,230,09:20,13:10,09:40,13:30
234001479,911-5,gyeonggi,토요일,230,230,09:20,13:10,09:40,13:30
234001479,911-5,gyeonggi,일요일,230,230,09:20,13:10,09:40,13:30
234001479,911-5,gyeonggi,공휴일,230,230,09:20,13:10,09:40,13:30
234001485,971,gyeonggi,평일,,,07:50,13:20,08:55,14:25
234001485,971,gyeonggi,토요일,,,07:50,13:20,08:55,14:25
234001485,971,gyeonggi,일요일,,,07:50,13:20,08:55,14:25
234001485,971,gyeonggi,공휴일,,,07:50,13:20,08:55,14:25
234001486,971-1,gyeonggi,평일,,,17:30,17:30,18:30,18:30
234001486,971-1,gyeonggi,토요일,,,17:30,17:30,18:30,18:30
234001486,971-1,gyeonggi,일요일,,,17:30,17:30,18:30,18:30
234001486,971-1,gyeonggi,공휴일,,,17:30,17:30,18:30,18:30
234001487,971-2,gyeonggi,평일,,,19:40,19:40,20:15,20:15
234001487,971-2,gyeonggi,토요일,,,19:40,19:40,20:15,20:15
234001487,971-2,gyeonggi,일요일,,,19:40,19:40,20:15,20:15
234001487,971-2,gyeonggi,공휴일,,,19:40,19:40,20:15,20:15
234001488,972-2,gyeonggi,평일,,,13:00,13:00,13:50,13:50
234001488,972-2,gyeonggi,토요일,,,13:00,13:00,13:50,13:50
234001488,972-2,gyeonggi,일요일,,,13:00,13:00,13:50,13:50
234001488,972-2,gyeonggi,공휴일,,,13:00,13:00,13:50,13:50
234001489,972-3,gyeonggi,평일,,,15:30,15:30,16:40,16:40
234001489,972-3,gyeonggi,토요일,,,15:30,15:30,16:40,16:40
234001489,972-3,gyeonggi,일요일,,,15:30,15:30,16:40,16:40
234001489,972-3,gyeonggi,공휴일,,,15:30,15:30,16:40,16:40
234001490,972-4,gyeonggi,평일,,,18:45,18:45,19:30,19:30
234001490,972-4,gyeonggi,토요일,,,18:45,18:45,19:30,19:30
234001490,972-4,gyeonggi,일요일,,,18:45,18:45,19:30,19:30
234001490,972-4,gyeonggi,공휴일,,,18:45,18:45,19:30,19:30
234001493,954,gyeonggi,평일,,,06:30,06:30,00:00,00:00
234001493,954,gyeonggi,토요일,,,06:30,06:30,00:00,00:00
234001493,954,gyeonggi,일요일,,,06:30,06:30,00:00,00:00
234001493,954,gyeonggi,공휴일,,,06:30,06:30,00:00,00:00
234001495,953-2,gyeonggi,평일,,,14:40,14:40,15:30,15:30
234001495,953-2,gyeonggi,토요일,,,14:40,14:40,15:30,15:30
234001495,953-2,gyeonggi,일요일,,,14:40,14:40,15:30,15:30
234001495,953-2,gyeonggi,공휴일,,,14:40,14:40,15:30,15:30
234001497,955-1,gyeonggi,평일,110,110,10:30,12:20,10:55,12:50
234001497,955-1,gyeonggi,토요일,110,110,10:30,12:20,10:55,12:50
234001497,955-1,gyeonggi,일요일,110,110,10:30,12:20,10:55,12:50
234001497,955-1,gyeonggi,공휴일,110,110,10:30,12:20,10:55,12:50
234001499,953-3,gyeonggi,평일,,,15:40,15:40,16:10,16:10
234001499,953-3,gyeonggi,토요일,,,15:40,15:40,16:10,16:10
234001499,953-3,gyeonggi,일요일,,,15:40,15:40,16:10,16:10
234001499,953-3,gyeonggi,공휴일,,,15:40,15:40,16:10,16:10
234001500,961-2,gyeonggi,평일,,,08:30,08:30,09:10,09:10
234001500,961-2,gyeonggi,토요일,,,08:30,08:30,09:10,09:10
234001500,961-2,gyeonggi,일요일,,,08:30,08:30,09:10,09:10
234001500,961-2,gyeonggi,공휴일,,,08:30,08:30,09:10,09:10
234001504,966-1,gyeonggi,평일,,,17:10,17:10,18:35,18:35
234001504,966-1,gyeonggi,토요일,,,17:10,17:10,18:35,18:35
234001504,966-1,gyeonggi,일요일,,,17:10,17:10,18:35,18:35
234001504,966-1,gyeonggi,공휴일,,,17:10,17:10,18:35,18:35
234001507,915-3,gyeonggi,평일,,,20:30,20:30,21:10,21:10
234001507,915-3,gyeonggi,토요일,,,20:30,20:30,21:10,21:10
234001507,915-3,gyeonggi,일요일,,,20:30,20:30,21:10,21:10
234001507,915-3,gyeonggi,공휴일,,,20:30,20:30,21:10,21:10
234001509,35-17,gyeonggi,평일,110,240,07:15,21:00,08:05,21:40
234001509,35-17,gyeonggi,토요일,110,240,07:15,21:00,08:05,21:40
234001509,35-17,gyeonggi,일요일,110,240,07:15,21:00,08:05,21:40
234001509,35-17,gyeonggi,공휴일,110,240,07:15,21:00,08:05,21:40
234001511,1000-1,gyeonggi,평일,20,80,05:50,22:50,06:40,23:40
234001515,971-3,gyeonggi,평일,,,10:10,10:10,11:05,11:05
234001515,971-3,gyeonggi,토요일,,,10:10,10:10,11:05,11:05
234001515,971-3,gyeonggi,일요일,,,10:10,10:10,11:05,11:05
234001515,971-3,gyeonggi,공휴일,,,10:10,10:10,11:05,11:05
234001516,1113-2,gyeonggi,평일,10,25,05:00,23:00,05:50,23:55
234001516,1113-2,gyeonggi,토요일,15,30,05:00,23:00,05:50,23:55
234001516,1113-2,gyeonggi,일요일,20,25,05:00,23:00,05:50,23:55
234001516,1113-2,gyeonggi,공휴일,20,25,05:00,23:00,05:50,23:55
234001517,21-33,gyeonggi,평일,,,07:30,07:30,00:00,00:00
234001517,21-33,gyeonggi,토요일,,,07:30,07:30,00:00,00:00
234001517,21-33,gyeonggi,일요일,,,07:30,07:30,00:00,00:00
234001517,21-33,gyeonggi,공휴일,,,07:30,07:30,00:00,00:00
234001537,28-55,gyeonggi,평일,,,07:05,07:05,00:00,00:00
234001537,28-55,gyeonggi,토요일,,,07:05,07:05,00:00,00:00
234001537,28-55,gyeonggi,일요일,,,07:05,07:05,00:00,00:00
234001537,28-55,gyeonggi,공휴일,,,07:05,07:05,00:00,00:00
234001538,28-54,gyeonggi,평일,,,20:15,20:15,00:00,00:00
234001538,28-54,gyeonggi,토요일,,,20:15,20:15,00:00,00:00
234001538,28-54,gyeonggi,일요일,,,20:15,20:15,00:00,00:00
234001538,28-54,gyeonggi,공휴일,,,20:15,20:15,00:00,00:00
234001540,912-5,gyeonggi,평일,,,20:50,20:50,21:20,21:20
234001540,912-5,gyeonggi,토요일,,,20:50,20:50,21:20,21:20
234001540,912-5,gyeonggi,일요일,,,20:50,20:50,21:20,21:20
234001540,912-5,gyeonggi,공휴일,,,20:50,20:50,21:20,21:20
234001544,930-4,gyeonggi,평일,130,240,05:40,20:40,06:40,21:40
234001544,930-4,gyeonggi,토요일,130,240,05:40,20:40,06:40,21:40
234001544,930-4,gyeonggi,일요일,130,240,05:40,20:40,06:40,21:40
234001544,930-4,gyeonggi,공휴일,130,240,05:40,20:40,06:40,21:40
234001548,981-5,gyeonggi,평일,,,08:20,08:20,09:20,09:20
234001548,981-5,gyeonggi,토요일,,,08:20,08:20,09:20,09:20
234001548,981-5,gyeonggi,일요일,,,08:20,08:20,09:20,09:20
234001548,981-5,gyeonggi,공휴일,,,08:20,08:20,09:20,09:20
234001550,950-3,gyeonggi,평일,,,09:20,11:50,10:10,12:40
234001550,950-3,gyeonggi,토요일,,,09:20,11:50,10:10,12:40
234001550,950-3,gyeonggi,일요일,,,09:20,11:50,10:10,12:40
234001550,950-3,gyeonggi,공휴일,,,09:20,11:50,10:10,12:40
234001551,950B,gyeonggi,평일,,,06:55,06:55,00:00,00:00
234001551,950B,gyeonggi,토요일,,,06:55,06:55,00:00,00:00
234001551,950B,gyeonggi,일요일,,,06:55,06:55,00:00,00:00
234001551,950B,gyeonggi,공휴일,,,06:55,06:55,00:00,00:00
234001553,981-4,gyeonggi,평일,,,19:20,19:20,20:20,20:20
234001553,981-4,gyeonggi,토요일,,,19:20,19:20,20:20,20:20
234001553,981-4,gyeonggi,일요일,,,19:20,19:20,20:20,20:20
234001553,981-4,gyeonggi,공휴일,,,19:20,19:20,20:20,20:20
234001557,918-7,gyeonggi,평일,,,08:00,08:00,08:25,08:25
234001557,918-7,gyeonggi,토요일,,,08:00,08:00,08:25,08:25
234001557,918-7,gyeonggi,일요일,,,08:00,08:00,08:25,08:25
234001557,918-7,gyeonggi,공휴일,,,08:00,08:00,08:25,08:25
234001560,912-4,gyeonggi,평일,85,280,07:55,14:00,08:20,14:25
234001560,912-4,gyeonggi,토요일,85,280,07:55,14:00,08:20,14:25
234001560,912-4,gyeonggi,일요일,85,280,07:55,14:00,08:20,14:25
234001560,912-4,gyeonggi,공휴일,85,280,07:55,14:00,08:20,14:25
234001566,21-18,gyeonggi,평일,,,08:00,08:00,08:20,08:20
234001566,21-18,gyeonggi,토요일,,,08:00,08:00,08:20,08:20
234001566,21-18,gyeonggi,일요일,,,08:00,08:00,08:20,08:20
234001566,21-18,gyeonggi,공휴일,,,08:00,08:00,08:20,08:20
234001567,21-19,gyeonggi,평일,,,17:10,17:10,17:20,17:20
234001567,21-19,gyeonggi,토요일,,,17:10,17:10,17:20,17:20
234001567,21-19,gyeonggi,일요일,,,17:10,17:10,17:20,17:20
234001567,21-19,gyeonggi,공휴일,,,17:10,17:10,17:20,17:20
234001568,721,gyeonggi,평일,80,120,05:00,22:10,06:10,23:20
234001568,721,gyeonggi,토요일,80,120,05:00,22:10,06:10,23:20
234001568,721,gyeonggi,일요일,80,120,05:00,22:10,06:10,23:20
234001568,721,gyeonggi,공휴일,80,120,05:00,22:10,06:10,23:20
234001570,116-2,gyeonggi,평일,30,80,05:00,22:20,06:15,23:40
234001570,116-2,gyeonggi,토요일,60,100,05:00,22:20,06:15,23:40
234001570,116-2,gyeonggi,일요일,60,100,05:00,22:20,06:15,23:40
234001570,116-2,gyeonggi,공휴일,60,100,05:00,22:20,06:15,23:40
234001573,38-52,gyeonggi,평일,130,260,07:30,20:10,08:05,20:45
234001573,38-52,gyeonggi,토요일,130,260,07:30,20:10,08:05,20:45
234001573,38-52,gyeonggi,일요일,130,260,07:30,20:10,08:05,20:45
234001573,38-52,gyeonggi,공휴일,130,260,07:30,20:10,08:05,20:45
234001574,9000-1,gyeonggi,평일,20,20,06:40,07:20,00:00,00:00
234001577,M4130,gyeonggi,평일,5,25,05:00,23:00,06:10,00:10
234001577,M4130,gyeonggi,토요일,20,30,05:00,23:00,06:10,00:10
234001577,M4130,gyeonggi,일요일,20,30,05:00,23:00,06:10,00:10
234001577,M4130,gyeonggi,공휴일,20,30,05:00,23:00,06:10,00:10
234001581,24,gyeonggi,평일,,,07:00,21:00,06:45,22:00
234001581,24,gyeonggi,토요일,,,07:00,21:00,06:45,22:00
234001581,24,gyeonggi,일요일,,,07:00,21:00,06:45,22:00
234001581,24,gyeonggi,공휴일,,,07:00,21:00,06:45,22:00
234001587,901,gyeonggi,평일,35,65,20:40,23:00,20:55,23:15
234001587,901,gyeonggi,토요일,35,65,20:40,23:00,20:55,23:15
234001587,901,gyeonggi,일요일,35,65,20:40,23:00,20:55,23:15
234001587,901,gyeonggi,공휴일,35,65,20:40,23:00,20:55,23:15
234001588,902,gyeonggi,평일,40,175,09:15,21:00,09:30,21:25
234001588,902,gyeonggi,토요일,40,175,09:15,21:00,09:30,21:25
234001588,902,gyeonggi,일요일,40,175,09:15,21:00,09:30,21:25
234001588,902,gyeonggi,공휴일,40,175,09:15,21:00,09:30,21:25
234001597,903,gyeonggi,평일,30,100,06:25,22:40,06:45,23:00
234001597,903,gyeonggi,토요일,30,100,06:25,22:40,06:45,23:00
234001597,903,gyeonggi,일요일,30,100,06:25,22:40,06:45,23:00
234001597,903,gyeonggi,공휴일,30,100,06:25,22:40,06:45,23:00
234001603,950-1,gyeonggi,평일,,,18:10,20:00,19:00,20:40
234001603,950-1,gyeonggi,토요일,,,18:10,20:00,19:00,20:40
234001603,950-1,gyeonggi,일요일,,,18:10,20:00,19:00,20:40
234001603,950-1,gyeonggi,공휴일,,,18:10,20:00,19:00,20:40
234001609,500-1A,gyeonggi,평일,,,23:00,00:00,00:15,01:15
234001609,500-1A,gyeonggi,토요일,,,23:00,00:00,00:15,01:15
234001610,5,gyeonggi,평일,,,05:00,23:30,05:25,00:00
234001610,5,gyeonggi,토요일,,,05:00,23:30,05:25,00:00
234001610,5,gyeonggi,일요일,,,05:00,23:30,05:25,00:00
234001610,5,gyeonggi,공휴일,,,05:00,23:30,05:25,00:00
234001612,7,gyeonggi,평일,,,04:55,23:30,00:00,00:00
234001612,7,gyeonggi,토요일,,,04:55,23:30,00:00,00:00
234001612,7,gyeonggi,일요일,,,04:55,23:30,00:00,00:00
234001612,7,gyeonggi,공휴일,,,04:55,23:30,00:00,00:00
234001613,28-20,gyeonggi,평일,,,20:30,20:30,00:00,00:00
234001613,28-20,gyeonggi,토요일,,,20:30,20:30,00:00,00:00
234001613,28-20,gyeonggi,일요일,,,20:30,20:30,00:00,00:00
234001613,28-20,gyeonggi,공휴일,,,20:30,20:30,00:00,00:00
234001614,24-33,gyeonggi,평일,,,15:20,15:20,15:50,15:50
234001614,24-33,gyeonggi,토요일,,,15:20,15:20,15:50,15:50
234001614,24-33,gyeonggi,일요일,,,15:20,15:20,15:50,15:50
234001614,24-33,gyeonggi,공휴일,,,15:20,15:20,15:50,15:50
234001618,3,gyeonggi,평일,25,60,05:20,23:00,06:00,23:40
234001618,3,gyeonggi,토요일,25,60,05:20,23:00,06:00,23:40
234001618,3,gyeonggi,일요일,35,80,05:20,23:00,06:00,23:40
234001618,3,gyeonggi,공휴일,35,80,05:20,23:00,06:00,23:40
234001619,M4434,gyeonggi,평일,10,50,05:20,23:10,06:00,23:55
234001619,M4434,gyeonggi,토요일,50,80,05:20,23:10,06:00,23:55
234001619,M4434,gyeonggi,일요일,50,80,05:20,23:10,06:00,23:55
234001619,M4434,gyeonggi,공휴일,50,80,05:20,23:10,06:00,23:55
234001621,320,gyeonggi,평일,15,25,04:55,22:55,05:35,23:25
234001621,320,gyeonggi,토요일,20,30,04:55,22:55,05:35,23:25
234001621,320,gyeonggi,일요일,25,35,04:55,22:55,05:35,23:25
234001621,320,gyeonggi,공휴일,25,35,04:55,22:55,05:35,23:25
234001622,M4137,gyeonggi,평일,5,30,05:00,23:00,06:10,00:10
234001622,M4137,gyeonggi,토요일,20,30,05:00,23:00,06:10,00:10
234001622,M4137,gyeonggi,일요일,25,30,05:00,23:00,06:10,00:10
234001622,M4137,gyeonggi,공휴일,25,30,05:00,23:00,06:10,00:10
234001624,907,gyeonggi,평일,70,110,07:20,20:20,07:45,20:45
234001624,907,gyeonggi,토요일,70,110,07:20,20:20,07:45,20:45
234001624,907,gyeonggi,일요일,70,110,07:20,20:20,07:45,20:45
234001624,907,gyeonggi,공휴일,70,110,07:20,20:20,07:45,20:45
234001640,901A,gyeonggi,평일,25,25,05:15,06:55,00:00,00:00
234001640,901A,gyeonggi,토요일,25,25,05:15,06:55,00:00,00:00
234001640,901A,gyeonggi,일요일,25,25,05:15,06:55,00:00,00:00
234001640,901A,gyeonggi,공휴일,25,25,05:15,06:55,00:00,00:00
234001641,901B,gyeonggi,평일,30,30,23:55,00:30,00:00,00:00
234001641,901B,gyeonggi,토요일,30,30,23:55,00:30,00:00,00:00
234001641,901B,gyeonggi,일요일,30,30,23:55,00:30,00:00,00:00
234001641,901B,gyeonggi,공휴일,30,30,23:55,00:30,00:00,00:00
234001644,971-2B,gyeonggi,평일,,,06:40,06:40,00:00,00:00
234001644,971-2B,gyeonggi,토요일,,,06:40,06:40,00:00,00:00
234001644,971-2B,gyeonggi,일요일,,,06:40,06:40,00:00,00:00
234001644,971-2B,gyeonggi,공휴일,,,06:40,06:40,00:00,00:00
234001650,948A,gyeonggi,평일,,,19:30,19:30,20:40,20:40
234001650,948A,gyeonggi,토요일,,,19:30,19:30,20:40,20:40
234001650,948A,gyeonggi,일요일,,,19:30,19:30,20:40,20:40
234001650,948A,gyeonggi,공휴일,,,19:30,19:30,20:40,20:40
234001651,948B,gyeonggi,평일,,,06:50,06:50,07:30,07:30
234001651,948B,gyeonggi,토요일,,,06:50,06:50,07:30,07:30
234001651,948B,gyeonggi,일요일,,,06:50,06:50,07:30,07:30
234001651,948B,gyeonggi,공휴일,,,06:50,06:50,07:30,07:30
234001652,947B,gyeonggi,평일,,,06:35,06:35,00:00,00:00
234001652,947B,gyeonggi,토요일,,,06:35,06:35,00:00,00:00
234001652,947B,gyeonggi,일요일,,,06:35,06:35,00:00,00:00
234001652,947B,gyeonggi,공휴일,,,06:35,06:35,00:00,00:00
234001653,36-51B,gyeonggi,평일,,,07:00,07:00,00:00,00:00
234001653,36-51B,gyeonggi,토요일,,,07:00,07:00,00:00,00:00
234001653,36-51B,gyeonggi,일요일,,,07:00,07:00,00:00,00:00
234001653,36-51B,gyeonggi,공휴일,,,07:00,07:00,00:00,00:00
234001659,522-1,gyeonggi,평일,20,100,06:50,19:30,07:10,19:55
234001659,522-1,gyeonggi,토요일,20,100,06:50,19:30,07:10,19:55
234001659,522-1,gyeonggi,일요일,20,100,06:50,19:30,07:10,19:55
234001659,522-1,gyeonggi,공휴일,20,100,06:50,19:30,07:10,19:55
234001660,M5438,gyeonggi,평일,15,30,05:30,23:05,06:50,00:20
234001660,M5438,gyeonggi,토요일,25,40,05:30,23:05,06:50,00:20
234001660,M5438,gyeonggi,일요일,25,40,05:30,23:05,06:50,00:20
234001660,M5438,gyeonggi,공휴일,25,40,05:30,23:05,06:50,00:20
234001661,2-3,gyeonggi,평일,15,45,06:20,21:45,05:50,22:10
234001661,2-3,gyeonggi,토요일,20,80,06:25,21:10,05:50,21:40
234001661,2-3,gyeonggi,일요일,20,80,06:25,21:10,05:50,21:40
234001661,2-3,gyeonggi,공휴일,20,80,06:25,21:10,05:50,21:40
234001663,33,gyeonggi,평일,15,100,06:15,20:45,06:45,21:20
234001663,33,gyeonggi,토요일,15,100,06:15,20:45,06:45,21:20
234001663,33,gyeonggi,일요일,15,100,06:15,20:45,06:45,21:20
234001663,33,gyeonggi,공휴일,15,100,06:15,20:45,06:45,21:20
234001665,2-5,gyeonggi,평일,85,130,06:25,21:00,06:55,21:30
234001665,2-5,gyeonggi,토요일,85,130,06:25,21:00,06:55,21:30
234001665,2-5,gyeonggi,일요일,85,130,06:25,21:00,06:55,21:30
234001665,2-5,gyeonggi,공휴일,85,130,06:25,21:00,06:55,21:30
234001666,1-12,gyeonggi,평일,120,220,07:00,20:00,07:45,20:40
234001666,1-12,gyeonggi,토요일,120,220,07:00,20:00,07:45,20:40
234001666,1-12,gyeonggi,일요일,120,220,07:00,20:00,07:45,20:40
234001666,1-12,gyeonggi,공휴일,120,220,07:00,20:00,07:45,20:40
234001669,913-1,gyeonggi,평일,,,06:30,06:30,06:50,06:50
234001669,913-1,gyeonggi,토요일,,,06:30,06:30,06:50,06:50
234001669,913-1,gyeonggi,일요일,,,06:30,06:30,06:50,06:50
234001669,913-1,gyeonggi,공휴일,,,06:30,06:30,06:50,06:50
234001675,916B,gyeonggi,평일,,,06:35,06:35,00:00,00:00
234001675,916B,gyeonggi,토요일,,,06:35,06:35,00:00,00:00
234001675,916B,gyeonggi,일요일,,,06:35,06:35,00:00,00:00
234001675,916B,gyeonggi,공휴일,,,06:35,06:35,00:00,00:00
234001676,916-1,gyeonggi,평일,,,08:10,08:10,08:25,08:25
234001676,916-1,gyeonggi,토요일,,,08:10,08:10,08:25,08:25
234001676,916-1,gyeonggi,일요일,,,08:10,08:10,08:25,08:25
234001676,916-1,gyeonggi,공휴일,,,08:10,08:10,08:25,08:25
234001677,916-2,gyeonggi,평일,30,30,21:00,21:30,21:15,21:45
234001677,916-2,gyeonggi,토요일,30,30,21:00,21:30,21:15,21:45
234001677,916-2,gyeonggi,일요일,30,30,21:00,21:30,21:15,21:45
234001677,916-2,gyeonggi,공휴일,30,30,21:00,21:30,21:15,21:45
234001678,916-2B,gyeonggi,평일,,,21:30,21:30,00:00,00:00
234001678,916-2B,gyeonggi,토요일,,,21:30,21:30,00:00,00:00
234001678,916-2B,gyeonggi,일요일,,,21:30,21:30,00:00,00:00
234001678,916-2B,gyeonggi,공휴일,,,21:30,21:30,00:00,00:00
234001680,912-6,gyeonggi,평일,80,80,15:00,16:20,15:30,16:50
234001680,912-6,gyeonggi,토요일,80,80,15:00,16:20,15:30,16:50
234001680,912-6,gyeonggi,일요일,80,80,15:00,16:20,15:30,16:50
234001680,912-6,gyeonggi,공휴일,80,80,15:00,16:20,15:30,16:50
234001681,34-2,gyeonggi,평일,,,06:00,20:00,06:25,20:25
234001681,34-2,gyeonggi,토요일,,,06:00,20:00,06:25,20:25
234001681,34-2,gyeonggi,일요일,,,06:00,20:00,06:25,20:25
234001681,34-2,gyeonggi,공휴일,,,06:00,20:00,06:25,20:25
234001683,15-2,gyeonggi,평일,110,190,07:10,19:20,08:00,20:00
234001683,15-2,gyeonggi,토요일,110,190,07:10,19:20,08:00,20:00
234001683,15-2,gyeonggi,일요일,110,190,07:10,19:20,08:00,20:00
234001683,15-2,gyeonggi,공휴일,110,190,07:10,19:20,08:00,20:00
234001684,36-8B,gyeonggi,평일,,,06:50,06:50,00:00,00:00
234001684,36-8B,gyeonggi,토요일,,,06:50,06:50,00:00,00:00
234001684,36-8B,gyeonggi,일요일,,,06:50,06:50,00:00,00:00
234001684,36-8B,gyeonggi,공휴일,,,06:50,06:50,00:00,00:00
234001685,36-52,gyeonggi,평일,,,07:30,07:30,00:00,00:00
234001685,36-52,gyeonggi,토요일,,,07:30,07:30,00:00,00:00
234001685,36-52,gyeonggi,일요일,,,07:30,07:30,00:00,00:00
234001685,36-52,gyeonggi,공휴일,,,07:30,07:30,00:00,00:00
234001686,36-13A,gyeonggi,평일,,,21:50,21:50,,
234001686,36-13A,gyeonggi,토요일,,,21:50,21:50,,
234001686,36-13A,gyeonggi,일요일,,,21:50,21:50,,
234001686,36-13A,gyeonggi,공휴일,,,21:50,21:50,,
234001689,200,gyeonggi,평일,40,110,04:50,18:00,00:00,00:00
234001689,200,gyeonggi,토요일,40,110,04:50,18:00,00:00,00:00
234001689,200,gyeonggi,일요일,40,110,04:50,18:00,00:00,00:00
234001689,200,gyeonggi,공휴일,40,110,04:50,18:00,00:00,00:00
234001691,1311B,gyeonggi,평일,30,150,06:00,21:40,07:10,23:50
234001691,1311B,gyeonggi,토요일,200,240,07:00,21:40,08:00,23:50
234001691,1311B,gyeonggi,일요일,200,240,07:00,21:40,08:00,23:50
234001691,1311B,gyeonggi,공휴일,200,240,07:00,21:40,08:00,23:50
234001692,522-2,gyeonggi,평일,25,45,07:20,21:30,06:45,20:50
234001692,522-2,gyeonggi,토요일,60,95,07:20,21:30,06:45,20:50
234001692,522-2,gyeonggi,일요일,60,95,07:20,21:30,06:45,20:50
234001692,522-2,gyeonggi,공휴일,60,95,07:20,21:30,06:45,20:50
234001693,33-1,gyeonggi,평일,25,85,06:15,21:00,06:35,21:25
234001693,33-1,gyeonggi,토요일,25,85,06:15,21:00,06:35,21:25
234001693,33-1,gyeonggi,일요일,25,85,06:15,21:00,06:35,21:25
234001693,33-1,gyeonggi,공휴일,25,85,06:15,21:00,06:35,21:25
234001694,3201,gyeonggi,평일,15,40,05:00,21:30,06:20,23:00
234001694,3201,gyeonggi,토요일,20,40,05:00,21:30,06:20,23:00
234001694,3201,gyeonggi,일요일,30,50,05:00,21:30,06:20,23:00
234001694,3201,gyeonggi,공휴일,30,50,05:00,21:30,06:20,23:00
234001695,G3202,gyeonggi,평일,15,30,05:00,22:30,05:50,23:20
234001695,G3202,gyeonggi,토요일,20,35,05:00,22:30,05:50,23:20
234001695,G3202,gyeonggi,일요일,30,40,05:00,22:30,05:50,23:20
234001695,G3202,gyeonggi,공휴일,30,40,05:00,22:30,05:50,23:20
234001697,6600,gyeonggi,평일,20,60,05:30,23:00,07:10,00:20
234001697,6600,gyeonggi,토요일,20,50,05:30,23:00,07:10,00:20
234001697,6600,gyeonggi,일요일,20,60,05:30,23:00,07:10,00:20
234001697,6600,gyeonggi,공휴일,20,60,05:30,23:00,07:10,00:20
234001698,15-3,gyeonggi,평일,100,250,06:40,20:00,07:10,20:30
234001698,15-3,gyeonggi,토요일,100,250,06:40,20:00,07:10,20:30
234001698,15-3,gyeonggi,일요일,100,250,06:40,20:00,07:10,20:30
234001698,15-3,gyeonggi,공휴일,100,250,06:40,20:00,07:10,20:30
234001700,38-25,gyeonggi,평일,180,270,06:30,17:40,07:30,18:40
234001700,38-25,gyeonggi,토요일,180,270,06:30,17:40,07:30,18:40
234001700,38-25,gyeonggi,일요일,180,270,06:30,17:40,07:30,18:40
234001700,38-25,gyeonggi,공휴일,180,270,06:30,17:40,07:30,18:40
234001705,3800,gyeonggi,평일,20,45,05:30,21:30,07:00,23:00
234001705,3800,gyeonggi,토요일,30,45,05:30,21:30,07:00,23:00
234001705,3800,gyeonggi,일요일,40,60,05:30,21:30,07:00,23:00
234001705,3800,gyeonggi,공휴일,40,60,05:30,21:30,07:00,23:00
234001706,2-6,gyeonggi,평일,40,120,06:30,20:40,07:00,21:10
234001706,2-6,gyeonggi,토요일,40,120,06:30,20:40,07:00,21:10
234001706,2-6,gyeonggi,일요일,40,120,06:30,20:40,07:00,21:10
234001706,2-6,gyeonggi,공휴일,40,120,06:30,20:40,07:00,21:10
234001707,910,gyeonggi,평일,40,80,06:00,22:30,06:35,23:05
234001707,910,gyeonggi,토요일,40,80,06:00,22:30,06:35,23:05
234001707,910,gyeonggi,일요일,40,80,06:00,22:30,06:35,23:05
234001707,910,gyeonggi,공휴일,40,80,06:00,22:30,06:35,23:05
234001708,1552,gyeonggi,평일,70,180,05:50,21:50,07:00,23:00
234001708,1552,gyeonggi,토요일,210,260,05:50,21:30,07:00,22:40
234001708,1552,gyeonggi,일요일,210,260,05:50,21:30,07:00,22:40
234001708,1552,gyeonggi,공휴일,210,260,05:50,21:30,07:00,22:40
234001709,P9243(출근),gyeonggi,평일,30,,07:00,07:30,00:00,00:00
234001709,P9243(출근),gyeonggi,토요일,,,00:00,00:00,,
234001710,P9243(퇴근),gyeonggi,평일,,,18:15,18:15,,
234001711,P9401(출근),gyeonggi,평일,30,30,07:00,07:30,,
234001712,P9401(퇴근),gyeonggi,평일,30,30,18:30,19:00,,
234001713,P9402(출근),gyeonggi,평일,30,30,07:00,07:30,,
234001714,P9402(퇴근),gyeonggi,평일,30,30,18:30,19:00,,
234001715,P9404(출근),gyeonggi,평일,30,30,07:00,07:30,,
234001716,P9404(퇴근),gyeonggi,평일,30,30,18:30,19:00,,
234001719,160,gyeonggi,평일,,,08:00,08:00,08:25,08:25
234001719,160,gyeonggi,토요일,,,08:00,08:00,08:25,08:25
234001719,160,gyeonggi,일요일,,,08:00,08:00,08:25,08:25
234001719,160,gyeonggi,공휴일,,,08:00,08:00,08:25,08:25
234001720,150,gyeonggi,평일,200,320,09:20,18:00,10:30,19:10
234001720,150,gyeonggi,토요일,200,320,09:20,18:00,10:30,19:10
234001720,150,gyeonggi,일요일,200,320,09:20,18:00,10:30,19:10
234001720,150,gyeonggi,공휴일,200,320,09:20,18:00,10:30,19:10
234001721,165,gyeonggi,평일,,,16:20,16:20,17:00,17:00
234001721,165,gyeonggi,토요일,,,16:20,16:20,17:00,17:00
234001721,165,gyeonggi,일요일,,,16:20,16:20,17:00,17:00
234001721,165,gyeonggi,공휴일,,,16:20,16:20,17:00,17:00
234001722,155,gyeonggi,평일,,,20:30,20:30,21:20,21:20
234001722,155,gyeonggi,토요일,,,20:30,20:30,21:20,21:20
234001722,155,gyeonggi,일요일,,,20:30,20:30,21:20,21:20
234001722,155,gyeonggi,공휴일,,,20:30,20:30,21:20,21:20
234001723,170,gyeonggi,평일,,,07:55,07:55,08:30,08:30
234001723,170,gyeonggi,토요일,,,07:55,07:55,08:30,08:30
234001723,170,gyeonggi,일요일,,,07:55,07:55,08:30,08:30
234001723,170,gyeonggi,공휴일,,,07:55,07:55,08:30,08:30
234001724,180,gyeonggi,평일,520,520,09:20,18:10,10:30,19:10
234001724,180,gyeonggi,토요일,520,520,09:20,18:10,10:30,19:10
234001724,180,gyeonggi,일요일,520,520,09:20,18:10,10:30,19:10
234001724,180,gyeonggi,공휴일,520,520,09:20,18:10,10:30,19:10
234001725,175,gyeonggi,평일,,,16:20,16:20,17:00,17:00
234001725,175,gyeonggi,토요일,,,16:20,16:20,17:00,17:00
234001725,175,gyeonggi,일요일,,,16:20,16:20,17:00,17:00
234001725,175,gyeonggi,공휴일,,,16:20,16:20,17:00,17:00
234001726,185,gyeonggi,평일,465,465,12:40,20:25,13:50,21:25
234001726,185,gyeonggi,토요일,465,465,12:40,20:25,13:50,21:25
234001726,185,gyeonggi,일요일,465,465,12:40,20:25,13:50,21:25
234001726,185,gyeonggi,공휴일,465,465,12:40,20:25,13:50,21:25
234001727,35-17A,gyeonggi,평일,110,230,06:10,19:50,07:00,20:30
234001727,35-17A,gyeonggi,토요일,110,230,06:10,19:50,07:00,20:30
234001727,35-17A,gyeonggi,일요일,110,230,06:10,19:50,07:00,20:30
234001727,35-17A,gyeonggi,공휴일,110,230,06:10,19:50,07:00,20:30
234001729,8200,gyeonggi,평일,20,40,05:20,22:10,06:30,23:40
234001729,8200,gyeonggi,토요일,30,50,05:20,22:10,06:30,23:40
234001729,8200,gyeonggi,일요일,30,50,05:20,22:10,06:30,23:40
234001729,8200,gyeonggi,공휴일,30,50,05:20,22:10,06:30,23:40
234001730,8201,gyeonggi,평일,40,60,05:30,22:00,07:00,23:30
234001730,8201,gyeonggi,토요일,60,70,05:30,22:00,07:00,23:30
234001730,8201,gyeonggi,일요일,60,70,05:30,22:00,07:00,23:30
234001730,8201,gyeonggi,공휴일,60,70,05:30,22:00,07:00,23:30
234001735,2-7,gyeonggi,평일,80,90,06:40,20:30,07:00,20:50
234001735,2-7,gyeonggi,토요일,80,90,06:40,20:30,07:00,20:50
234001735,2-7,gyeonggi,일요일,80,90,06:40,20:30,07:00,20:50
234001735,2-7,gyeonggi,공휴일,80,90,06:40,20:30,07:00,20:50
234001736,3302,gyeonggi,평일,15,40,05:00,22:30,06:00,23:35
234001736,3302,gyeonggi,토요일,20,45,05:00,22:30,06:00,23:35
234001736,3302,gyeonggi,일요일,35,55,05:00,22:30,06:00,23:35
234001736,3302,gyeonggi,공휴일,35,55,05:00,22:30,06:00,23:35
234001737,8202,gyeonggi,평일,50,60,05:30,22:20,06:40,23:30
234001737,8202,gyeonggi,토요일,70,80,05:30,22:20,06:40,23:30
234001737,8202,gyeonggi,일요일,70,80,05:30,22:20,06:40,23:30
234001737,8202,gyeonggi,공휴일,70,80,05:30,22:20,06:40,23:30
234001738,500-2N,gyeonggi,평일,,,22:50,23:25,00:20,01:00
234001739,6801,gyeonggi,평일,10,60,05:40,22:00,07:00,23:20
234001739,6801,gyeonggi,토요일,30,70,05:40,22:00,07:00,23:20
234001739,6801,gyeonggi,일요일,30,70,05:40,22:00,07:00,23:20
234001739,6801,gyeonggi,공휴일,30,70,05:40,22:00,07:00,23:20
234001740,5000,gyeonggi,평일,40,115,04:30,20:20,07:10,22:40
234001740,5000,gyeonggi,토요일,45,115,04:30,20:20,07:10,22:40
234001740,5000,gyeonggi,일요일,45,115,04:30,20:20,07:10,22:40
234001740,5000,gyeonggi,공휴일,45,115,04:30,20:20,07:10,22:40
234001741,8301,gyeonggi,평일,30,270,06:50,21:00,08:20,22:30
234001741,8301,gyeonggi,토요일,90,280,06:50,21:00,08:20,22:30
234001741,8301,gyeonggi,일요일,90,280,06:50,21:00,08:20,22:30
234001741,8301,gyeonggi,공휴일,90,280,06:50,21:00,08:20,22:30
234001742,5401,gyeonggi,평일,10,110,05:00,23:00,06:40,00:40
234001742,5401,gyeonggi,토요일,30,60,05:00,23:00,06:40,00:40
234001742,5401,gyeonggi,일요일,50,60,05:00,23:00,06:40,00:40
234001742,5401,gyeonggi,공휴일,50,60,05:00,23:00,06:40,00:40
234001743,신현양재MDRT,gyeonggi,평일,40,80,06:20,21:00,07:18,21:44
234001744,432,gyeonggi,평일,25,50,05:10,22:00,06:35,23:30
234001744,432,gyeonggi,토요일,25,60,05:10,22:00,06:35,23:30
234001744,432,gyeonggi,일요일,25,60,05:10,22:00,06:35,23:30
234001744,432,gyeonggi,공휴일,25,60,05:10,22:00,06:35,23:30
234001745,8302,gyeonggi,평일,250,300,06:20,20:00,08:20,22:00
234001745,8302,gyeonggi,토요일,250,300,06:20,20:00,08:20,22:00
234001745,8302,gyeonggi,일요일,250,300,06:20,20:00,08:20,22:00
234001745,8302,gyeonggi,공휴일,250,300,06:20,20:00,08:20,22:00
234001746,광주똑버스02,gyeonggi,평일,,,06:00,23:00,00:00,00:00
234001746,광주똑버스02,gyeonggi,토요일,,,06:00,23:00,00:00,00:00
234001746,광주똑버스02,gyeonggi,일요일,,,06:00,23:00,00:00,00:00
234001746,광주똑버스02,gyeonggi,공휴일,,,06:00,23:00,00:00,00:00
234001747,광주똑버스04,gyeonggi,평일,,,06:00,23:00,00:00,00:00
234001747,광주똑버스04,gyeonggi,토요일,,,06:00,23:00,00:00,00:00
234001747,광주똑버스04,gyeonggi,일요일,,,06:00,23:00,00:00,00:00
234001747,광주똑버스04,gyeonggi,공휴일,,,06:00,23:00,00:00,00:00
234001748,광주똑버스01,gyeonggi,평일,,,06:00,23:00,00:00,00:00
234001748,광주똑버스01,gyeonggi,토요일,,,06:00,23:00,00:00,00:00
234001748,광주똑버스01,gyeonggi,일요일,,,06:00,23:00,00:00,00:00
234001748,광주똑버스01,gyeonggi,공휴일,,,06:00,23:00,00:00,00:00
234001749,광주똑버스03,gyeonggi,평일,,,06:00,23:00,00:00,00:00
234001749,광주똑버스03,gyeonggi,토요일,,,06:00,23:00,00:00,00:00
234001749,광주똑버스03,gyeonggi,일요일,,,06:00,23:00,00:00,00:00
234001749,광주똑버스03,gyeonggi,공휴일,,,06:00,23:00,00:00,00:00
234001750,학생1,gyeonggi,평일,,,07:00,15:35,00:00,00:00
234001751,학생2,gyeonggi,평일,,,07:00,15:55,00:00,00:00
234001752,학생3,gyeonggi,평일,,,06:45,15:20,00:00,00:00
234001753,학생4,gyeonggi,평일,,,06:50,15:50,00:00,00:00
234001754,학생5,gyeonggi,평일,,,06:55,08:00,15:40,16:55
234001755,학생6,gyeonggi,평일,,,07:50,07:50,15:45,17:05
234001756,921,gyeonggi,평일,155,265,07:20,20:15,08:30,21:20
234001756,921,gyeonggi,토요일,155,265,07:20,20:15,08:30,21:20
234001756,921,gyeonggi,일요일,155,265,07:20,20:15,08:30,21:20
234001756,921,gyeonggi,공휴일,155,265,07:20,20:15,08:30,21:20
234001757,광주똑버스05,gyeonggi,평일,,,06:00,23:30,,
234001757,광주똑버스05,gyeonggi,토요일,,,06:00,23:30,,
234001757,광주똑버스05,gyeonggi,일요일,,,06:00,23:30,,
234001757,광주똑버스05,gyeonggi,공휴일,,,06:00,23:30,,
234001758,광주똑버스06,gyeonggi,평일,,,06:00,00:00,00:00,00:00
234001758,광주똑버스06,gyeonggi,토요일,,,06:00,00:00,00:00,00:00
234001758,광주똑버스06,gyeonggi,일요일,,,06:00,00:00,00:00,00:00
234001758,광주똑버스06,gyeonggi,공휴일,,,06:00,00:00,00:00,00:00
234001759,60-1,gyeonggi,평일,20,50,05:00,22:00,05:00,22:00
234001759,60-1,gyeonggi,토요일,30,50,05:00,22:00,05:00,22:00
234001759,60-1,gyeonggi,일요일,30,50,05:00,22:00,05:00,22:00
234001759,60-1,gyeonggi,공휴일,30,50,05:00,22:00,05:00,22:00
234001760,119-1,gyeonggi,평일,15,30,05:00,22:00,06:00,23:00
234001760,119-1,gyeonggi,토요일,40,120,05:00,22:00,06:00,23:00
234001760,119-1,gyeonggi,일요일,140,200,05:00,22:00,06:00,23:00
234001760,119-1,gyeonggi,공휴일,140,200,05:00,22:00,06:00,23:00
234001763,P8001(출근),gyeonggi,평일,30,30,06:30,07:00,00:00,00:00
234001764,P8001(퇴근),gyeonggi,평일,30,30,18:30,19:00,00:00,00:00
235000002,78,gyeonggi,평일,25,40,05:00,00:25,05:48,01:13
235000002,78,gyeonggi,토요일,30,50,04:30,23:40,05:18,00:28
235000002,78,gyeonggi,일요일,30,50,04:30,23:40,05:18,00:28
235000002,78,gyeonggi,공휴일,30,50,04:30,23:40,05:18,00:28
235000004,77,gyeonggi,평일,20,25,04:55,00:33,05:54,01:32
235000004,77,gyeonggi,토요일,20,25,04:55,00:33,05:54,01:32
235000004,77,gyeonggi,일요일,25,30,04:55,00:20,05:54,01:19
235000004,77,gyeonggi,공휴일,25,30,04:55,00:20,05:54,01:19
235000019,80,gyeonggi,평일,15,20,04:42,22:59,06:11,00:29
235000019,80,gyeonggi,토요일,20,25,04:42,22:59,06:11,00:29
235000019,80,gyeonggi,일요일,25,30,04:42,22:59,06:08,00:26
235000019,80,gyeonggi,공휴일,25,30,04:42,22:59,06:08,00:26
235000020,118,gyeonggi,평일,25,35,04:20,22:00,05:55,23:40
235000020,118,gyeonggi,토요일,25,35,04:20,22:00,05:55,23:40
235000020,118,gyeonggi,일요일,25,35,04:20,22:00,05:55,23:40
235000020,118,gyeonggi,공휴일,25,35,04:20,22:00,05:55,23:40
235000021,82,gyeonggi,평일,11,20,04:15,00:00,04:59,00:44
235000021,82,gyeonggi,토요일,13,20,04:15,00:00,04:59,00:44
235000021,82,gyeonggi,일요일,15,20,04:15,00:00,04:59,00:44
235000021,82,gyeonggi,공휴일,15,20,04:15,00:00,04:59,00:44
235000080,19,gyeonggi,평일,30,60,06:30,22:30,07:05,23:00
235000080,19,gyeonggi,토요일,50,80,06:30,22:30,07:05,23:00
235000080,19,gyeonggi,일요일,50,80,06:30,22:30,07:05,23:00
235000080,19,gyeonggi,공휴일,50,80,06:30,22:30,07:05,23:00
235000081,19-1,gyeonggi,평일,40,180,12:10,15:50,12:50,16:35
235000081,19-1,gyeonggi,토요일,205,205,12:10,15:50,12:50,16:35
235000081,19-1,gyeonggi,일요일,205,205,12:10,15:50,12:50,16:35
235000081,19-1,gyeonggi,공휴일,205,205,12:10,15:50,12:50,16:35
235000085,1100,gyeonggi,평일,25,30,05:30,23:00,06:30,00:00
235000085,1100,gyeonggi,토요일,30,60,05:30,23:00,06:30,00:00
235000085,1100,gyeonggi,일요일,50,60,05:30,23:00,06:30,00:00
235000085,1100,gyeonggi,공휴일,50,60,05:30,23:00,06:30,00:00
235000088,365,gyeonggi,평일,80,270,06:30,22:10,06:55,22:35
235000088,365,gyeonggi,토요일,80,160,06:30,22:10,06:55,22:35
235000088,365,gyeonggi,일요일,80,160,06:30,22:10,06:55,22:35
235000088,365,gyeonggi,공휴일,80,160,06:30,22:10,06:55,22:35
235000089,365-1,gyeonggi,평일,30,130,06:00,21:50,06:30,22:20
235000089,365-1,gyeonggi,토요일,,,00:00,00:00,00:00,00:00
235000089,365-1,gyeonggi,일요일,,,00:00,00:00,00:00,00:00
235000089,365-1,gyeonggi,공휴일,,,00:00,00:00,00:00,00:00
235000090,365-2,gyeonggi,토요일,90,130,07:00,22:00,07:25,22:25
235000090,365-2,gyeonggi,일요일,90,130,07:00,22:00,07:25,22:25
235000090,365-2,gyeonggi,공휴일,90,130,07:00,22:00,07:25,22:25
235000091,701,gyeonggi,평일,73,132,05:00,23:36,05:30,00:06
235000091,701,gyeonggi,토요일,73,132,05:00,23:36,05:30,00:06
235000091,701,gyeonggi,일요일,73,132,05:00,23:36,05:30,00:06
235000091,701,gyeonggi,공휴일,73,132,05:00,23:36,05:30,00:06
235000092,G1300,gyeonggi,평일,5,15,04:55,22:45,06:00,00:00
235000092,G1300,gyeonggi,토요일,9,12,04:55,22:45,06:00,00:00
235000092,G1300,gyeonggi,일요일,10,14,04:55,22:45,06:00,00:00
235000092,G1300,gyeonggi,공휴일,10,14,04:55,22:45,06:00,00:00
235000094,81,gyeonggi,평일,13,15,04:10,23:40,05:07,00:37
235000094,81,gyeonggi,토요일,15,20,04:10,23:40,05:07,00:37
235000094,81,gyeonggi,일요일,20,30,04:10,23:40,05:07,00:37
235000094,81,gyeonggi,공휴일,20,30,04:10,23:40,05:07,00:37
235000097,700,gyeonggi,평일,14,25,05:00,00:30,05:27,00:57
235000097,700,gyeonggi,토요일,18,30,05:00,00:30,05:27,00:57
235000097,700,gyeonggi,일요일,18,30,05:00,00:30,05:27,00:57
235000097,700,gyeonggi,공휴일,18,30,05:00,00:30,05:27,00:57
235000099,22,gyeonggi,평일,85,145,06:30,21:30,07:00,22:00
235000099,22,gyeonggi,토요일,85,145,06:30,21:30,07:00,22:00
235000099,22,gyeonggi,일요일,85,145,06:30,21:30,07:00,22:00
235000099,22,gyeonggi,공휴일,85,145,06:30,21:30,07:00,22:00
235000103,8906,gyeonggi,평일,25,35,03:55,21:25,05:40,23:10
235000103,8906,gyeonggi,토요일,40,50,03:55,21:25,05:40,23:10
235000103,8906,gyeonggi,일요일,40,50,03:55,21:25,05:40,23:10
235000103,8906,gyeonggi,공휴일,40,50,03:55,21:25,05:40,23:10
235000104,G1200,gyeonggi,평일,15,25,05:00,23:00,06:05,00:05
235000104,G1200,gyeonggi,토요일,20,35,05:00,23:00,06:05,00:05
235000104,G1200,gyeonggi,일요일,25,45,05:00,23:00,06:05,00:05
235000104,G1200,gyeonggi,공휴일,25,45,05:00,23:00,06:05,00:05
235000105,99,gyeonggi,평일,14,35,04:20,23:00,05:18,23:58
235000105,99,gyeonggi,토요일,21,30,04:20,23:00,05:18,23:58
235000105,99,gyeonggi,일요일,21,30,04:20,23:00,05:18,23:58
235000105,99,gyeonggi,공휴일,21,30,04:20,23:00,05:18,23:58
235000113,87,gyeonggi,평일,15,20,04:05,00:40,05:05,01:40
235000113,87,gyeonggi,토요일,15,20,04:05,00:40,05:05,01:40
235000113,87,gyeonggi,일요일,20,25,04:05,00:30,05:05,01:30
235000113,87,gyeonggi,공휴일,20,25,04:05,00:30,05:05,01:30
235000115,1101,gyeonggi,평일,15,40,05:00,22:50,06:40,00:30
235000115,1101,gyeonggi,토요일,40,50,05:00,22:50,06:40,00:30
235000115,1101,gyeonggi,일요일,50,60,05:00,22:50,06:40,00:30
235000115,1101,gyeonggi,공휴일,50,60,05:00,22:50,06:40,00:30
235000116,G1300N,gyeonggi,평일,,,23:05,23:45,00:20,01:00
235000117,양주똑버스01,gyeonggi,평일,10,15,06:00,00:00,06:00,00:00
235000117,양주똑버스01,gyeonggi,토요일,10,15,06:00,00:00,06:00,00:00
235000117,양주똑버스01,gyeonggi,일요일,10,15,06:00,00:00,06:00,00:00
235000117,양주똑버스01,gyeonggi,공휴일,10,15,06:00,00:00,06:00,00:00
235000118,1304,gyeonggi,평일,5,60,05:00,22:50,06:30,00:20
235000118,1304,gyeonggi,토요일,20,75,05:00,22:50,06:30,00:20
235000118,1304,gyeonggi,일요일,30,90,05:00,22:50,06:30,00:20
235000118,1304,gyeonggi,공휴일,30,90,05:00,22:50,06:30,00:20
235000120,8300,gyeonggi,평일,30,40,05:00,22:45,06:10,23:55
235000120,8300,gyeonggi,토요일,35,45,05:00,22:45,06:10,23:55
235000120,8300,gyeonggi,일요일,35,45,05:00,22:45,06:10,23:55
235000120,8300,gyeonggi,공휴일,35,45,05:00,22:45,06:10,23:55
235000123,1306,gyeonggi,평일,15,45,05:00,22:50,06:20,00:10
235000123,1306,gyeonggi,토요일,25,50,05:00,22:50,06:20,00:10
235000123,1306,gyeonggi,일요일,25,50,05:00,22:50,06:20,00:10
235000123,1306,gyeonggi,공휴일,25,50,05:00,22:50,06:20,00:10
235000124,양주똑버스04,gyeonggi,평일,,,05:00,05:00,23:00,23:00
235000124,양주똑버스04,gyeonggi,토요일,,,05:00,05:00,23:00,23:00
235000124,양주똑버스04,gyeonggi,일요일,,,05:00,05:00,23:00,23:00
235000124,양주똑버스04,gyeonggi,공휴일,,,05:00,05:00,23:00,23:00
235000125,양주똑버스03,gyeonggi,평일,,,05:00,22:30,,
235000125,양주똑버스03,gyeonggi,토요일,,,05:00,22:30,,
235000125,양주똑버스03,gyeonggi,일요일,,,05:00,22:30,,
235000125,양주똑버스03,gyeonggi,공휴일,,,05:00,22:30,,
235000126,양주똑버스02,gyeonggi,평일,,,04:50,22:30,,
235000126,양주똑버스02,gyeonggi,토요일,,,04:50,22:30,,
235000126,양주똑버스02,gyeonggi,일요일,,,04:50,22:30,,
235000126,양주똑버스02,gyeonggi,공휴일,,,04:50,22:30,,
235000127,P9603(출근),gyeonggi,평일,20,,06:20,06:40,06:20,06:40
235000128,P9603(퇴근),gyeonggi,평일,30,,18:10,18:40,18:40,18:40
235000131,1407,gyeonggi,평일,30,45,05:00,22:30,06:30,00:00
235000131,1407,gyeonggi,토요일,50,60,05:00,22:30,06:30,00:00
235000131,1407,gyeonggi,일요일,50,60,05:00,22:30,06:30,00:00
235000131,1407,gyeonggi,공휴일,50,60,05:00,22:30,06:30,00:00
236000009,56-7,gyeonggi,평일,,285,11:05,19:45,11:40,20:30
236000009,56-7,gyeonggi,토요일,,285,11:05,19:45,11:40,20:30
236000009,56-7,gyeonggi,일요일,,285,11:05,19:45,11:40,20:30
236000009,56-7,gyeonggi,공휴일,,285,11:05,19:45,11:40,20:30
236000012,53,gyeonggi,평일,160,200,06:45,18:15,07:45,19:20
236000012,53,gyeonggi,토요일,160,200,06:45,18:15,07:45,19:20
236000012,53,gyeonggi,일요일,160,200,06:45,18:15,07:45,19:20
236000012,53,gyeonggi,공휴일,160,200,06:45,18:15,07:45,19:20
236000015,63,gyeonggi,평일,50,110,05:30,20:00,06:20,21:00
236000015,63,gyeonggi,토요일,50,110,05:30,20:00,06:20,21:00
236000015,63,gyeonggi,일요일,50,110,05:30,20:00,06:20,21:00
236000015,63,gyeonggi,공휴일,50,110,05:30,20:00,06:20,21:00
236000023,73,gyeonggi,평일,130,150,06:50,16:50,07:15,17:20
236000023,73,gyeonggi,토요일,130,150,06:50,16:50,07:15,17:20
236000023,73,gyeonggi,일요일,130,150,06:50,16:50,07:15,17:20
236000023,73,gyeonggi,공휴일,130,150,06:50,16:50,07:15,17:20
236000025,60-1,gyeonggi,평일,140,180,06:10,18:00,07:30,19:30
236000025,60-1,gyeonggi,토요일,140,180,06:10,18:00,07:30,19:30
236000025,60-1,gyeonggi,일요일,140,180,06:10,18:00,07:30,19:30
236000025,60-1,gyeonggi,공휴일,140,180,06:10,18:00,07:30,19:30
236000039,60,gyeonggi,평일,80,240,06:15,18:30,06:45,19:00
236000039,60,gyeonggi,토요일,80,240,06:15,18:30,06:45,19:00
236000039,60,gyeonggi,일요일,80,240,06:15,18:30,06:45,19:00
236000039,60,gyeonggi,공휴일,80,240,06:15,18:30,06:45,19:00
236000041,56,gyeonggi,평일,60,140,06:10,20:40,07:40,22:00
236000041,56,gyeonggi,토요일,60,140,06:10,20:40,07:40,22:00
236000041,56,gyeonggi,일요일,60,140,06:10,20:40,07:40,22:00
236000041,56,gyeonggi,공휴일,60,140,06:10,20:40,07:40,22:00
236000044,62,gyeonggi,평일,15,20,04:30,23:10,05:20,00:00
236000044,62,gyeonggi,토요일,20,40,04:30,23:10,05:20,00:00
236000044,62,gyeonggi,일요일,20,40,04:30,23:10,05:20,00:00
236000044,62,gyeonggi,공휴일,20,40,04:30,23:10,05:20,00:00
236000046,57,gyeonggi,평일,70,110,06:00,20:40,07:30,22:30
236000046,57,gyeonggi,토요일,70,110,06:00,20:40,07:30,22:30
236000046,57,gyeonggi,일요일,70,110,06:00,20:40,07:30,22:30
236000046,57,gyeonggi,공휴일,70,110,06:00,20:40,07:30,22:30
236000048,72,gyeonggi,평일,23,24,04:30,21:20,06:10,23:00
236000048,72,gyeonggi,토요일,28,30,04:30,21:20,06:10,23:00
236000048,72,gyeonggi,일요일,28,30,04:30,21:20,06:10,23:00
236000048,72,gyeonggi,공휴일,28,30,04:30,21:20,06:10,23:00
236000049,138,gyeonggi,평일,13,15,04:30,23:20,05:50,00:40
236000049,138,gyeonggi,토요일,13,15,04:30,23:20,05:50,00:40
236000049,138,gyeonggi,일요일,16,18,04:30,23:20,05:50,00:40
236000049,138,gyeonggi,공휴일,16,18,04:30,23:20,05:50,00:40
236000050,11,gyeonggi,평일,40,50,05:00,23:00,06:05,00:20
236000050,11,gyeonggi,토요일,40,65,05:00,23:00,06:05,00:20
236000050,11,gyeonggi,일요일,40,65,05:00,23:00,06:05,00:20
236000050,11,gyeonggi,공휴일,40,65,05:00,23:00,06:05,00:20
236000052,72-3,gyeonggi,평일,15,20,04:00,23:10,05:30,00:50
236000052,72-3,gyeonggi,토요일,25,30,04:00,23:10,05:40,00:50
236000052,72-3,gyeonggi,일요일,25,30,04:00,23:10,05:40,00:50
236000052,72-3,gyeonggi,공휴일,25,30,04:00,23:10,05:40,00:50
236000057,2,gyeonggi,평일,80,120,06:00,20:40,06:30,21:10
236000057,2,gyeonggi,토요일,80,120,06:00,20:40,06:30,21:10
236000057,2,gyeonggi,일요일,80,120,06:00,20:40,06:30,21:10
236000057,2,gyeonggi,공휴일,80,120,06:00,20:40,06:30,21:10
236000058,66-1,gyeonggi,평일,120,240,06:00,21:00,07:00,22:10
236000058,66-1,gyeonggi,토요일,120,240,06:00,21:00,07:00,22:10
236000058,66-1,gyeonggi,일요일,120,240,06:00,21:00,07:00,22:10
236000058,66-1,gyeonggi,공휴일,120,240,06:00,21:00,07:00,22:10
236000061,138-5,gyeonggi,평일,30,30,04:30,22:00,06:20,23:50
236000061,138-5,gyeonggi,토요일,30,30,04:30,22:00,06:20,23:50
236000061,138-5,gyeonggi,일요일,30,30,04:30,22:00,06:20,23:50
236000061,138-5,gyeonggi,공휴일,30,30,04:30,22:00,06:20,23:50
236000063,1386,gyeonggi,평일,40,45,04:00,22:10,05:50,00:00
236000063,1386,gyeonggi,토요일,40,45,04:00,22:10,05:50,00:00
236000063,1386,gyeonggi,일요일,40,45,04:00,22:10,05:50,00:00
236000063,1386,gyeonggi,공휴일,40,45,04:00,22:10,05:50,00:00
236000066,33,gyeonggi,평일,25,30,04:30,23:15,05:40,00:25
236000066,33,gyeonggi,토요일,25,30,04:30,23:15,05:40,00:25
236000066,33,gyeonggi,일요일,25,35,04:30,23:15,05:40,00:25
236000066,33,gyeonggi,공휴일,25,35,04:30,23:15,05:40,00:25
236000068,7,gyeonggi,평일,80,180,05:30,17:50,06:10,18:40
236000068,7,gyeonggi,토요일,80,180,05:30,17:50,06:10,18:40
236000068,7,gyeonggi,일요일,80,180,05:30,17:50,06:10,18:40
236000068,7,gyeonggi,공휴일,80,180,05:30,17:50,06:10,18:40
236000070,66,gyeonggi,평일,25,60,06:30,21:00,06:30,20:30
236000070,66,gyeonggi,토요일,25,60,06:30,21:00,06:30,20:30
236000070,66,gyeonggi,일요일,25,60,06:30,21:00,06:30,20:30
236000070,66,gyeonggi,공휴일,25,60,06:30,21:00,06:30,20:30
236000117,1,gyeonggi,평일,120,150,06:00,19:00,07:00,20:00
236000117,1,gyeonggi,토요일,120,150,06:00,19:00,07:00,20:00
236000117,1,gyeonggi,일요일,120,150,06:00,19:00,07:00,20:00
236000117,1,gyeonggi,공휴일,120,150,06:00,19:00,07:00,20:00
236000140,8,gyeonggi,평일,110,180,06:20,19:10,07:10,20:00
236000140,8,gyeonggi,토요일,110,180,06:20,19:10,07:10,20:00
236000140,8,gyeonggi,일요일,110,180,06:20,19:10,07:10,20:00
236000140,8,gyeonggi,공휴일,110,180,06:20,19:10,07:10,20:00
236000141,3,gyeonggi,평일,130,160,06:50,18:10,07:40,19:30
236000141,3,gyeonggi,토요일,130,160,06:50,18:10,07:40,19:30
236000141,3,gyeonggi,일요일,130,160,06:50,18:10,07:40,19:30
236000141,3,gyeonggi,공휴일,130,160,06:50,18:10,07:40,19:30
236000145,68,gyeonggi,평일,100,110,07:10,20:10,08:30,20:50
236000145,68,gyeonggi,토요일,100,110,07:10,20:10,08:30,20:50
236000145,68,gyeonggi,일요일,100,110,07:10,20:10,08:30,20:50
236000145,68,gyeonggi,공휴일,100,110,07:10,20:10,08:30,20:50
236000146,67,gyeonggi,평일,110,190,06:10,19:10,07:10,21:10
236000146,67,gyeonggi,토요일,110,190,06:10,19:10,07:10,21:10
236000146,67,gyeonggi,일요일,110,190,06:10,19:10,07:10,21:10
236000146,67,gyeonggi,공휴일,110,190,06:10,19:10,07:10,21:10
236000149,3200,gyeonggi,평일,15,20,04:40,23:00,06:20,00:40
236000149,3200,gyeonggi,토요일,25,30,04:40,23:00,06:20,00:40
236000149,3200,gyeonggi,일요일,25,30,04:40,23:00,06:20,00:40
236000149,3200,gyeonggi,공휴일,25,30,04:40,23:00,06:20,00:40
236000153,9,gyeonggi,평일,80,120,08:55,15:45,09:35,16:30
236000153,9,gyeonggi,토요일,80,120,08:55,15:45,09:35,16:30
236000153,9,gyeonggi,일요일,80,120,08:55,15:45,09:35,16:30
236000153,9,gyeonggi,공휴일,80,120,08:55,15:45,09:35,16:30
236000154,10,gyeonggi,평일,120,180,09:00,16:00,09:50,16:50
236000154,10,gyeonggi,토요일,120,180,09:00,16:00,09:50,16:50
236000154,10,gyeonggi,일요일,120,180,09:00,16:00,09:50,16:50
236000154,10,gyeonggi,공휴일,120,180,09:00,16:00,09:50,16:50
236000176,3500,gyeonggi,평일,20,30,04:40,23:10,06:30,01:00
236000176,3500,gyeonggi,토요일,35,40,04:40,23:10,06:30,01:00
236000176,3500,gyeonggi,일요일,35,40,04:40,23:10,06:30,01:00
236000176,3500,gyeonggi,공휴일,35,40,04:40,23:10,06:30,01:00
236000188,7-1,gyeonggi,평일,60,80,05:20,21:30,06:50,23:00
236000188,7-1,gyeonggi,토요일,60,80,05:20,21:30,06:50,23:00
236000188,7-1,gyeonggi,일요일,60,80,05:20,21:30,06:50,23:00
236000188,7-1,gyeonggi,공휴일,60,80,05:20,21:30,06:50,23:00
236000190,3600,gyeonggi,평일,20,40,04:30,00:00,06:10,01:35
236000190,3600,gyeonggi,토요일,20,40,04:30,00:00,06:10,01:35
236000190,3600,gyeonggi,일요일,20,40,04:30,00:00,06:10,01:35
236000190,3600,gyeonggi,공휴일,20,40,04:30,00:00,06:10,01:35
236000194,88,gyeonggi,평일,60,100,05:30,20:30,06:20,21:20
236000194,88,gyeonggi,토요일,60,100,05:30,20:30,06:20,21:20
236000194,88,gyeonggi,일요일,60,100,05:30,20:30,06:20,21:20
236000194,88,gyeonggi,공휴일,60,100,05:30,20:30,06:20,21:20
236000196,87-1,gyeonggi,평일,100,120,06:30,20:00,07:10,20:35
236000196,87-1,gyeonggi,토요일,100,120,06:30,20:00,07:10,20:35
236000196,87-1,gyeonggi,일요일,100,120,06:30,20:00,07:10,20:35
236000196,87-1,gyeonggi,공휴일,100,120,06:30,20:00,07:10,20:35
236000197,87-3,gyeonggi,평일,65,,06:30,07:35,07:00,08:05
236000197,87-3,gyeonggi,토요일,65,,06:30,07:35,07:00,08:05
236000197,87-3,gyeonggi,일요일,65,,06:30,07:35,07:00,08:05
236000197,87-3,gyeonggi,공휴일,65,,06:30,07:35,07:00,08:05
236000198,87-5,gyeonggi,평일,,,19:00,19:00,19:30,19:30
236000198,87-5,gyeonggi,토요일,,,19:00,19:00,19:30,19:30
236000198,87-5,gyeonggi,일요일,,,19:00,19:00,19:30,19:30
236000198,87-5,gyeonggi,공휴일,,,19:00,19:00,19:30,19:30
236000202,89,gyeonggi,평일,720,240,06:40,18:00,07:50,19:20
236000202,89,gyeonggi,토요일,720,240,06:40,18:00,07:50,19:20
236000202,89,gyeonggi,일요일,720,240,06:40,18:00,07:50,19:20
236000202,89,gyeonggi,공휴일,720,240,06:40,18:00,07:50,19:20
236000204,87-4,gyeonggi,평일,,180,09:00,16:30,09:50,17:20
236000204,87-4,gyeonggi,토요일,,180,09:00,16:30,09:50,17:20
236000204,87-4,gyeonggi,일요일,,180,09:00,16:30,09:50,17:20
236000204,87-4,gyeonggi,공휴일,,180,09:00,16:30,09:50,17:20
236000207,11,gyeonggi,평일,200,300,10:10,18:50,11:20,20:00
236000207,11,gyeonggi,토요일,200,300,10:10,18:50,11:20,20:00
236000207,11,gyeonggi,일요일,200,300,10:10,18:50,11:20,20:00
236000207,11,gyeonggi,공휴일,200,300,10:10,18:50,11:20,20:00
236000208,86,gyeonggi,평일,120,140,07:10,19:40,07:55,20:30
236000208,86,gyeonggi,토요일,120,140,07:10,19:40,07:55,20:30
236000208,86,gyeonggi,일요일,120,140,07:10,19:40,07:55,20:30
236000208,86,gyeonggi,공휴일,120,140,07:10,19:40,07:55,20:30
236000210,73-1,gyeonggi,평일,1,150,10:10,19:50,10:25,20:05
236000210,73-1,gyeonggi,토요일,1,150,10:10,19:50,10:25,20:05
236000210,73-1,gyeonggi,일요일,1,150,10:10,19:50,10:25,20:05
236000210,73-1,gyeonggi,공휴일,1,150,10:10,19:50,10:25,20:05
236000211,11-1,gyeonggi,평일,,,06:50,06:50,08:30,08:30
236000211,11-1,gyeonggi,토요일,,,06:50,06:50,08:30,08:30
236000211,11-1,gyeonggi,일요일,,,06:50,06:50,08:30,08:30
236000211,11-1,gyeonggi,공휴일,,,06:50,06:50,08:30,08:30
236000213,10-1,gyeonggi,평일,170,290,07:50,18:10,08:20,18:40
236000213,10-1,gyeonggi,토요일,170,290,07:50,18:10,08:20,18:40
236000213,10-1,gyeonggi,일요일,170,290,07:50,18:10,08:20,18:40
236000213,10-1,gyeonggi,공휴일,170,290,07:50,18:10,08:20,18:40
236000214,10-2,gyeonggi,평일,,,06:20,06:20,19:30,19:30
236000214,10-2,gyeonggi,토요일,,,06:20,06:20,19:30,19:30
236000214,10-2,gyeonggi,일요일,,,06:20,06:20,19:30,19:30
236000214,10-2,gyeonggi,공휴일,,,06:20,06:20,19:30,19:30
236000215,60-2,gyeonggi,평일,,,05:10,19:00,06:30,20:40
236000215,60-2,gyeonggi,토요일,,,05:10,19:00,06:30,20:40
236000215,60-2,gyeonggi,일요일,,,05:10,19:00,06:30,20:40
236000215,60-2,gyeonggi,공휴일,,,05:10,19:00,06:30,20:40
236000217,77,gyeonggi,평일,510,510,06:00,14:30,13:30,21:10
236000217,77,gyeonggi,토요일,510,510,06:00,14:30,13:30,21:10
236000217,77,gyeonggi,일요일,510,510,06:00,14:30,13:30,21:10
236000217,77,gyeonggi,공휴일,510,510,06:00,14:30,13:30,21:10
236000218,3-1,gyeonggi,평일,100,250,06:50,18:40,07:30,19:30
236000218,3-1,gyeonggi,토요일,100,250,06:50,18:40,07:30,19:30
236000218,3-1,gyeonggi,일요일,100,250,06:50,18:40,07:30,19:30
236000218,3-1,gyeonggi,공휴일,100,250,06:50,18:40,07:30,19:30
236000219,9-1,gyeonggi,평일,60,820,06:00,20:40,06:30,20:10
236000219,9-1,gyeonggi,토요일,60,820,06:00,20:40,06:30,20:10
236000219,9-1,gyeonggi,일요일,60,820,06:00,20:40,06:30,20:10
236000219,9-1,gyeonggi,공휴일,60,820,06:00,20:40,06:30,20:10
236000222,3006,gyeonggi,평일,10,20,04:30,22:40,05:50,00:00
236000222,3006,gyeonggi,토요일,10,20,04:30,22:40,05:50,00:00
236000222,3006,gyeonggi,일요일,15,20,05:00,22:40,06:20,00:00
236000222,3006,gyeonggi,공휴일,15,20,05:00,22:40,06:20,00:00
236000223,73-3,gyeonggi,평일,600,1,07:55,18:10,08:15,18:25
236000223,73-3,gyeonggi,토요일,600,1,07:55,18:10,08:15,18:25
236000223,73-3,gyeonggi,일요일,600,1,07:55,18:10,08:15,18:25
236000223,73-3,gyeonggi,공휴일,600,1,07:55,18:10,08:15,18:25
236000224,12,gyeonggi,평일,65,100,06:30,19:30,07:40,20:40
236000224,12,gyeonggi,토요일,65,100,06:30,19:30,07:40,20:40
236000224,12,gyeonggi,일요일,65,100,06:30,19:30,07:40,20:40
236000224,12,gyeonggi,공휴일,65,100,06:30,19:30,07:40,20:40
236000225,69,gyeonggi,평일,100,110,07:00,19:50,07:40,20:30
236000225,69,gyeonggi,토요일,100,110,07:00,19:50,07:40,20:30
236000225,69,gyeonggi,일요일,100,110,07:00,19:50,07:40,20:30
236000225,69,gyeonggi,공휴일,100,110,07:00,19:50,07:40,20:30
236000226,9-2,gyeonggi,평일,600,600,07:20,17:20,08:05,18:05
236000226,9-2,gyeonggi,토요일,600,600,07:20,17:20,08:05,18:05
236000226,9-2,gyeonggi,일요일,600,600,07:20,17:20,08:05,18:05
236000226,9-2,gyeonggi,공휴일,600,600,07:20,17:20,08:05,18:05
236000227,56-1,gyeonggi,평일,100,110,05:00,20:40,06:20,22:10
236000227,56-1,gyeonggi,토요일,100,110,05:00,20:40,06:20,22:10
236000227,56-1,gyeonggi,일요일,100,110,05:00,20:40,06:20,22:10
236000227,56-1,gyeonggi,공휴일,100,110,05:00,20:40,06:20,22:10
236000228,77-1,gyeonggi,평일,90,240,06:30,19:50,07:30,20:50
236000228,77-1,gyeonggi,토요일,90,240,06:30,19:50,07:30,20:50
236000228,77-1,gyeonggi,일요일,90,240,06:30,19:50,07:30,20:50
236000228,77-1,gyeonggi,공휴일,90,240,06:30,19:50,07:30,20:50
236000230,85,gyeonggi,평일,540,240,07:00,18:50,07:50,19:40
236000230,85,gyeonggi,토요일,540,240,07:00,18:50,07:50,19:40
236000230,85,gyeonggi,일요일,540,240,07:00,18:50,07:50,19:40
236000230,85,gyeonggi,공휴일,540,240,07:00,18:50,07:50,19:40
236000231,85-1,gyeonggi,평일,,300,09:00,13:50,10:00,14:50
236000231,85-1,gyeonggi,토요일,,300,09:00,13:50,10:00,14:50
236000231,85-1,gyeonggi,일요일,,300,09:00,13:50,10:00,14:50
236000231,85-1,gyeonggi,공휴일,,300,09:00,13:50,10:00,14:50
236000232,88-1,gyeonggi,평일,140,140,06:00,20:00,06:50,20:50
236000232,88-1,gyeonggi,토요일,140,140,06:00,20:00,06:50,20:50
236000232,88-1,gyeonggi,일요일,140,140,06:00,20:00,06:50,20:50
236000232,88-1,gyeonggi,공휴일,140,140,06:00,20:00,06:50,20:50
236000234,1403,gyeonggi,평일,25,35,05:00,22:00,06:50,23:50
236000234,1403,gyeonggi,토요일,35,40,05:00,22:00,06:50,23:50
236000234,1403,gyeonggi,일요일,35,40,05:00,22:00,06:50,23:50
236000234,1403,gyeonggi,공휴일,35,40,05:00,22:00,06:50,23:50
236000235,90,gyeonggi,평일,100,110,07:50,19:20,09:00,20:00
236000235,90,gyeonggi,토요일,100,110,07:50,19:20,09:00,20:00
236000235,90,gyeonggi,일요일,100,110,07:50,19:20,09:00,20:00
236000235,90,gyeonggi,공휴일,100,110,07:50,19:20,09:00,20:00
236000236,90-1,gyeonggi,평일,1,,07:10,07:10,20:40,20:40
236000236,90-1,gyeonggi,토요일,1,,07:10,07:10,20:40,20:40
236000236,90-1,gyeonggi,일요일,1,,07:10,07:10,20:40,20:40
236000236,90-1,gyeonggi,공휴일,1,,07:10,07:10,20:40,20:40
236000237,3100N,gyeonggi,평일,,,23:15,00:00,01:15,02:00
236000237,3100N,gyeonggi,토요일,,,23:15,00:00,01:15,02:00
236000237,3100N,gyeonggi,일요일,,,23:15,00:00,01:15,02:00
236000237,3100N,gyeonggi,공휴일,,,23:15,00:00,01:15,02:00
236000238,6,gyeonggi,평일,60,100,06:20,20:00,07:10,20:45
236000238,6,gyeonggi,토요일,60,100,06:20,20:00,07:10,20:45
236000238,6,gyeonggi,일요일,60,100,06:20,20:00,07:10,20:45
236000238,6,gyeonggi,공휴일,60,100,06:20,20:00,07:10,20:45
236000239,6-1,gyeonggi,평일,630,270,07:00,19:00,08:00,20:10
236000239,6-1,gyeonggi,토요일,630,270,07:00,19:00,08:00,20:10
236000239,6-1,gyeonggi,일요일,630,270,07:00,19:00,08:00,20:10
236000239,6-1,gyeonggi,공휴일,630,270,07:00,19:00,08:00,20:10
236000241,30,gyeonggi,평일,100,110,06:30,19:00,07:15,19:45
236000241,30,gyeonggi,토요일,100,110,06:30,19:00,07:15,19:45
236000241,30,gyeonggi,일요일,100,110,06:30,19:00,07:15,19:45
236000241,30,gyeonggi,공휴일,100,110,06:30,19:00,07:15,19:45
236000242,31,gyeonggi,평일,100,120,06:10,19:50,06:55,20:40
236000242,31,gyeonggi,토요일,100,120,06:10,19:50,06:55,20:40
236000242,31,gyeonggi,일요일,100,120,06:10,19:50,06:55,20:40
236000242,31,gyeonggi,공휴일,100,120,06:10,19:50,06:55,20:40
236000243,100,gyeonggi,평일,90,120,05:30,18:30,07:00,19:50
236000243,100,gyeonggi,토요일,90,120,05:30,18:30,07:00,19:50
236000243,100,gyeonggi,일요일,90,120,05:30,18:30,07:00,19:50
236000243,100,gyeonggi,공휴일,90,120,05:30,18:30,07:00,19:50
236000244,91,gyeonggi,평일,220,390,10:00,20:10,08:30,18:40
236000244,91,gyeonggi,토요일,220,390,10:00,20:10,08:30,18:40
236000244,91,gyeonggi,일요일,220,390,10:00,20:10,08:30,18:40
236000244,91,gyeonggi,공휴일,220,390,10:00,20:10,08:30,18:40
236000245,137,gyeonggi,평일,60,60,05:00,22:00,06:35,23:35
236000245,137,gyeonggi,토요일,75,90,05:00,22:00,06:35,23:35
236000245,137,gyeonggi,일요일,75,90,05:00,22:00,06:35,23:35
236000245,137,gyeonggi,공휴일,75,90,05:00,22:00,06:35,23:35
236000246,201,gyeonggi,평일,,1,12:00,12:00,16:00,16:00
236000247,200,gyeonggi,평일,,1,12:30,12:30,16:00,16:00
236000249,3-2,gyeonggi,평일,1,,06:20,06:20,00:00,
236000249,3-2,gyeonggi,토요일,1,,06:20,06:20,00:00,
236000249,3-2,gyeonggi,일요일,1,,06:20,06:20,,
236000249,3-2,gyeonggi,공휴일,1,,06:20,06:20,,
236000250,35,gyeonggi,평일,600,200,06:20,18:50,07:40,20:00
236000250,35,gyeonggi,토요일,600,200,06:20,18:50,07:40,20:00
236000250,35,gyeonggi,일요일,600,200,06:20,18:50,07:40,20:00
236000250,35,gyeonggi,공휴일,600,200,06:20,18:50,07:40,20:00
236000251,65,gyeonggi,평일,50,120,07:00,19:40,07:40,20:10
236000251,65,gyeonggi,토요일,50,120,07:00,19:40,07:40,20:10
236000251,65,gyeonggi,일요일,50,120,07:00,19:40,07:40,20:10
236000251,65,gyeonggi,공휴일,50,120,07:00,19:40,07:40,20:10
236000253,20,gyeonggi,평일,60,120,06:00,21:00,07:00,22:00
236000253,20,gyeonggi,토요일,60,120,06:00,21:00,07:00,22:00
236000253,20,gyeonggi,일요일,60,120,06:00,21:00,07:00,22:00
236000253,20,gyeonggi,공휴일,60,120,06:00,21:00,07:00,22:00
236000254,36,gyeonggi,평일,110,140,06:30,21:20,07:20,22:10
236000254,36,gyeonggi,토요일,110,140,06:30,21:20,07:20,22:10
236000254,36,gyeonggi,일요일,110,140,06:30,21:20,07:20,22:10
236000254,36,gyeonggi,공휴일,110,140,06:30,21:20,07:20,22:10
236000255,35-1,gyeonggi,평일,,1440,09:00,09:00,10:20,10:20
236000255,35-1,gyeonggi,토요일,,1440,09:00,09:00,10:20,10:20
236000255,35-1,gyeonggi,일요일,,1440,09:00,09:00,10:20,10:20
236000255,35-1,gyeonggi,공휴일,,1440,09:00,09:00,10:20,10:20
236000256,포춘버스포천권역,gyeonggi,평일,,,08:10,00:00,15:30,16:40
236000257,포춘버스소흘권역,gyeonggi,평일,,,07:15,00:00,16:30,16:30
236000258,202,gyeonggi,평일,,1,12:30,12:30,16:00,16:00
236000259,3003,gyeonggi,평일,30,35,05:30,22:00,06:50,23:20
236000259,3003,gyeonggi,토요일,40,45,05:30,22:00,06:50,23:20
236000259,3003,gyeonggi,일요일,40,45,05:30,22:00,06:50,23:20
236000259,3003,gyeonggi,공휴일,40,45,05:30,22:00,06:50,23:20
236000261,56-3,gyeonggi,평일,720,180,06:10,18:20,07:20,19:30
236000261,56-3,gyeonggi,토요일,720,180,06:10,18:20,07:20,19:30
236000261,56-3,gyeonggi,일요일,720,180,06:10,18:20,07:20,19:30
236000261,56-3,gyeonggi,공휴일,720,180,06:10,18:20,07:20,19:30
236000262,91-1,gyeonggi,평일,,600,07:00,17:00,15:00,21:30
236000262,91-1,gyeonggi,토요일,,600,07:00,17:00,15:00,21:30
236000262,91-1,gyeonggi,일요일,,600,07:00,17:00,15:00,21:30
236000262,91-1,gyeonggi,공휴일,,600,07:00,17:00,15:00,21:30
236000264,3700,gyeonggi,평일,60,100,05:20,20:50,07:10,22:40
236000264,3700,gyeonggi,토요일,60,100,05:20,20:50,07:10,22:40
236000264,3700,gyeonggi,일요일,60,100,05:20,20:50,07:10,22:40
236000264,3700,gyeonggi,공휴일,60,100,05:20,20:50,07:10,22:40
236000265,99,gyeonggi,평일,240,270,06:00,18:30,07:30,20:00
236000265,99,gyeonggi,토요일,240,270,06:00,18:30,07:30,20:00
236000265,99,gyeonggi,일요일,240,270,06:00,18:30,07:30,20:00
236000265,99,gyeonggi,공휴일,240,270,06:00,18:30,07:30,20:00
236000266,포춘버스영중권역,gyeonggi,평일,,,07:20,00:00,16:30,17:10
236000267,56-5,gyeonggi,평일,,,07:30,07:30,08:10,08:10
236000267,56-5,gyeonggi,토요일,,,07:30,07:30,08:10,08:10
236000267,56-5,gyeonggi,일요일,,,07:30,07:30,08:10,08:10
236000267,56-5,gyeonggi,공휴일,,,07:30,07:30,08:10,08:10
237000047,920,gyeonggi,평일,30,130,07:00,20:35,07:40,21:10
237000047,920,gyeonggi,토요일,30,130,07:00,20:35,07:40,21:10
237000047,920,gyeonggi,일요일,30,130,07:00,20:35,07:40,21:10
237000047,920,gyeonggi,공휴일,30,130,07:00,20:35,07:40,21:10
237000053,929,gyeonggi,평일,,,06:00,06:00,06:55,06:55
237000053,929,gyeonggi,토요일,,,06:00,06:00,06:55,06:55
237000053,929,gyeonggi,일요일,,,06:00,06:00,06:55,06:55
237000053,929,gyeonggi,공휴일,,,06:00,06:00,06:55,06:55
237000054,960,gyeonggi,평일,,,07:55,18:20,08:35,19:10
237000054,960,gyeonggi,토요일,,,07:55,18:20,08:35,19:10
237000054,960,gyeonggi,일요일,,,07:55,18:20,08:35,19:10
237000054,960,gyeonggi,공휴일,,,07:55,18:20,08:35,19:10
237000059,961,gyeonggi,평일,,,13:20,13:20,14:00,14:00
237000059,961,gyeonggi,토요일,,,13:20,13:20,14:00,14:00
237000059,961,gyeonggi,일요일,,,13:20,13:20,14:00,14:00
237000059,961,gyeonggi,공휴일,,,13:20,13:20,14:00,14:00
237000060,962,gyeonggi,평일,,,08:50,14:00,09:50,15:00
237000060,962,gyeonggi,토요일,,,08:50,14:00,09:50,15:00
237000060,962,gyeonggi,일요일,,,08:50,14:00,09:50,15:00
237000060,962,gyeonggi,공휴일,,,08:50,14:00,09:50,15:00
237000061,963,gyeonggi,평일,,,07:20,07:20,00:00,00:00
237000061,963,gyeonggi,토요일,,,07:20,07:20,00:00,00:00
237000061,963,gyeonggi,일요일,,,07:20,07:20,00:00,00:00
237000061,963,gyeonggi,공휴일,,,07:20,07:20,00:00,00:00
237000062,964,gyeonggi,평일,,,11:00,15:10,12:00,16:00
237000062,964,gyeonggi,토요일,,,11:00,15:10,12:00,16:00
237000062,964,gyeonggi,일요일,,,11:00,15:10,12:00,16:00
237000062,964,gyeonggi,공휴일,,,11:00,15:10,12:00,16:00
237000070,972,gyeonggi,평일,,,06:40,06:40,00:00,00:00
237000070,972,gyeonggi,토요일,,,06:40,06:40,00:00,00:00
237000070,972,gyeonggi,일요일,,,06:40,06:40,00:00,00:00
237000070,972,gyeonggi,공휴일,,,06:40,06:40,00:00,00:00
237000071,972-1,gyeonggi,평일,,,07:30,07:30,08:20,08:20
237000071,972-1,gyeonggi,토요일,,,07:30,07:30,08:20,08:20
237000071,972-1,gyeonggi,일요일,,,07:30,07:30,08:20,08:20
237000071,972-1,gyeonggi,공휴일,,,07:30,07:30,08:20,08:20
237000077,981,gyeonggi,평일,,,15:00,15:00,16:10,16:10
237000077,981,gyeonggi,토요일,,,15:00,15:00,16:10,16:10
237000077,981,gyeonggi,일요일,,,15:00,15:00,16:10,16:10
237000077,981,gyeonggi,공휴일,,,15:00,15:00,16:10,16:10
237000083,991,gyeonggi,평일,,,11:10,20:00,12:00,20:40
237000083,991,gyeonggi,토요일,,,11:10,20:00,12:00,20:40
237000083,991,gyeonggi,일요일,,,11:10,20:00,12:00,20:40
237000083,991,gyeonggi,공휴일,,,11:10,20:00,12:00,20:40
237000084,992,gyeonggi,평일,,,08:25,17:50,09:20,18:40
237000084,992,gyeonggi,토요일,,,08:25,17:50,09:20,18:40
237000084,992,gyeonggi,일요일,,,08:25,17:50,09:20,18:40
237000084,992,gyeonggi,공휴일,,,08:25,17:50,09:20,18:40
237000085,992-1,gyeonggi,평일,,,06:30,06:30,07:10,07:10
237000085,992-1,gyeonggi,토요일,,,06:30,06:30,07:10,07:10
237000085,992-1,gyeonggi,일요일,,,06:30,06:30,07:10,07:10
237000085,992-1,gyeonggi,공휴일,,,06:30,06:30,07:10,07:10
237000087,929-1,gyeonggi,평일,,,13:45,13:45,14:55,14:55
237000087,929-1,gyeonggi,토요일,,,13:45,13:45,14:55,14:55
237000087,929-1,gyeonggi,일요일,,,13:45,13:45,14:55,14:55
237000087,929-1,gyeonggi,공휴일,,,13:45,13:45,14:55,14:55
237000099,952,gyeonggi,평일,,,13:50,13:50,14:40,14:40
237000099,952,gyeonggi,토요일,,,13:50,13:50,14:40,14:40
237000099,952,gyeonggi,일요일,,,13:50,13:50,14:40,14:40
237000099,952,gyeonggi,공휴일,,,13:50,13:50,14:40,14:40
237000100,953,gyeonggi,평일,,,07:30,07:30,08:10,08:10
237000100,953,gyeonggi,토요일,,,07:30,07:30,08:10,08:10
237000100,953,gyeonggi,일요일,,,07:30,07:30,08:10,08:10
237000100,953,gyeonggi,공휴일,,,07:30,07:30,08:10,08:10
237000101,950,gyeonggi,평일,,,13:40,15:30,14:30,16:20
237000101,950,gyeonggi,토요일,,,13:40,15:30,14:30,16:20
237000101,950,gyeonggi,일요일,,,13:40,15:30,14:30,16:20
237000101,950,gyeonggi,공휴일,,,13:40,15:30,14:30,16:20
237000103,여주똑버스02,gyeonggi,평일,,,06:00,22:00,,
237000103,여주똑버스02,gyeonggi,토요일,,,06:00,22:00,,
237000103,여주똑버스02,gyeonggi,일요일,,,06:00,22:00,,
237000103,여주똑버스02,gyeonggi,공휴일,,,06:00,22:00,,
237000104,여주똑버스01,gyeonggi,평일,,,06:00,01:00,06:00,01:00
237000104,여주똑버스01,gyeonggi,토요일,,,06:00,01:00,06:00,01:00
237000104,여주똑버스01,gyeonggi,일요일,,,06:00,01:00,06:00,01:00
237000104,여주똑버스01,gyeonggi,공휴일,,,06:00,01:00,06:00,01:00
237000105,여주똑버스03,gyeonggi,평일,,,06:00,00:00,,
237000105,여주똑버스03,gyeonggi,토요일,,,06:00,00:00,,
237000105,여주똑버스03,gyeonggi,일요일,,,06:00,00:00,,
237000105,여주똑버스03,gyeonggi,공휴일,,,06:00,00:00,,
237000106,여주똑버스04,gyeonggi,평일,,,06:00,23:00,,
237000106,여주똑버스04,gyeonggi,토요일,,,06:00,23:00,,
237000106,여주똑버스04,gyeonggi,일요일,,,06:00,23:00,,
237000106,여주똑버스04,gyeonggi,공휴일,,,06:00,23:00,,
237000107,여주똑버스05,gyeonggi,평일,,,06:00,23:00,,
237000107,여주똑버스05,gyeonggi,토요일,,,06:00,23:00,,
237000107,여주똑버스05,gyeonggi,일요일,,,06:00,23:00,,
237000107,여주똑버스05,gyeonggi,공휴일,,,06:00,23:00,,
237000108,110,gyeonggi,평일,120,200,05:50,19:25,06:50,20:30
237000108,110,gyeonggi,토요일,120,200,05:50,19:25,06:50,20:30
237000108,110,gyeonggi,일요일,120,200,05:50,19:25,06:50,20:30
237000108,110,gyeonggi,공휴일,120,200,05:50,19:25,06:50,20:30
237000109,120,gyeonggi,평일,60,180,06:45,18:05,07:55,19:10
237000109,120,gyeonggi,토요일,60,180,06:45,18:05,07:55,19:10
237000109,120,gyeonggi,일요일,60,180,06:45,18:05,07:55,19:10
237000109,120,gyeonggi,공휴일,60,180,06:45,18:05,07:55,19:10
237000110,130,gyeonggi,평일,160,220,06:00,18:50,07:15,20:00
237000110,130,gyeonggi,토요일,160,220,06:00,18:50,07:15,20:00
237000110,130,gyeonggi,일요일,160,220,06:00,18:50,07:15,20:00
237000110,130,gyeonggi,공휴일,160,220,06:00,18:50,07:15,20:00
237000111,140,gyeonggi,평일,210,260,07:00,19:00,08:30,20:20
237000111,140,gyeonggi,토요일,210,260,07:00,19:00,08:30,20:20
237000111,140,gyeonggi,일요일,210,260,07:00,19:00,08:30,20:20
237000111,140,gyeonggi,공휴일,210,260,07:00,19:00,08:30,20:20
238000001,35,gyeonggi,평일,14,20,04:30,22:30,05:55,23:50
238000001,35,gyeonggi,토요일,19,30,04:30,22:30,05:55,23:50
238000001,35,gyeonggi,일요일,21,35,04:30,22:30,05:55,23:50
238000001,35,gyeonggi,공휴일,21,35,04:30,22:30,05:55,23:50
238000005,39-2,gyeonggi,평일,20,20,04:34,22:04,05:50,23:20
238000005,39-2,gyeonggi,토요일,20,20,04:34,22:04,05:50,23:20
238000005,39-2,gyeonggi,일요일,20,20,04:34,22:04,05:50,23:20
238000005,39-2,gyeonggi,공휴일,20,20,04:34,22:04,05:50,23:20
238000006,39-8,gyeonggi,평일,180,180,06:40,18:40,07:40,19:40
238000006,39-8,gyeonggi,토요일,180,180,06:40,18:40,07:40,19:40
238000006,39-8,gyeonggi,일요일,180,180,06:40,18:40,07:40,19:40
238000006,39-8,gyeonggi,공휴일,180,180,06:40,18:40,07:40,19:40
238000009,38-1,gyeonggi,평일,,,07:50,18:30,08:00,18:39
238000009,38-1,gyeonggi,토요일,,,07:50,18:30,08:00,18:39
238000009,38-1,gyeonggi,일요일,,,07:50,18:30,08:00,18:39
238000009,38-1,gyeonggi,공휴일,,,07:50,18:30,08:00,18:39
238000010,38-5,gyeonggi,평일,,,11:40,11:40,11:45,11:45
238000010,38-5,gyeonggi,토요일,,,11:40,11:40,11:45,11:45
238000010,38-5,gyeonggi,일요일,,,11:40,11:40,11:45,11:45
238000010,38-5,gyeonggi,공휴일,,,11:40,11:40,11:45,11:45
238000011,38-7,gyeonggi,평일,,,16:40,16:40,17:20,17:20
238000011,38-7,gyeonggi,토요일,,,16:40,16:40,17:20,17:20
238000011,38-7,gyeonggi,일요일,,,16:40,16:40,17:20,17:20
238000011,38-7,gyeonggi,공휴일,,,16:40,16:40,17:20,17:20
238000012,38-3,gyeonggi,평일,,,09:00,15:00,09:30,15:30
238000012,38-3,gyeonggi,토요일,,,09:00,15:00,09:30,15:30
238000012,38-3,gyeonggi,일요일,,,09:00,15:00,09:30,15:30
238000012,38-3,gyeonggi,공휴일,,,09:00,15:00,09:30,15:30
238000013,38-6,gyeonggi,평일,720,720,06:40,19:10,07:11,19:41
238000013,38-6,gyeonggi,토요일,720,720,06:40,19:10,07:11,19:41
238000013,38-6,gyeonggi,일요일,720,720,06:40,19:10,07:11,19:41
238000013,38-6,gyeonggi,공휴일,720,720,06:40,19:10,07:11,19:41
238000015,39,gyeonggi,평일,55,325,04:35,22:05,06:15,23:45
238000015,39,gyeonggi,토요일,55,325,04:35,22:05,06:15,23:45
238000015,39,gyeonggi,일요일,55,325,04:35,22:05,06:15,23:45
238000015,39,gyeonggi,공휴일,55,325,04:35,22:05,06:15,23:45
238000022,38-9,gyeonggi,평일,180,180,10:20,13:30,10:32,13:42
238000022,38-9,gyeonggi,토요일,180,180,10:20,13:30,10:32,13:42
238000022,38-9,gyeonggi,일요일,180,180,10:20,13:30,10:32,13:42
238000022,38-9,gyeonggi,공휴일,180,180,10:20,13:30,10:32,13:42
238000023,38-10,gyeonggi,평일,,,11:00,11:00,11:22,11:22
238000023,38-10,gyeonggi,토요일,,,11:00,11:00,11:22,11:22
238000023,38-10,gyeonggi,일요일,,,11:00,11:00,11:22,11:22
238000023,38-10,gyeonggi,공휴일,,,11:00,11:00,11:22,11:22
238000024,70,gyeonggi,평일,750,800,06:30,18:30,07:45,19:50
238000024,70,gyeonggi,토요일,750,800,06:30,18:30,07:45,19:50
238000024,70,gyeonggi,일요일,750,800,06:30,18:30,07:45,19:50
238000024,70,gyeonggi,공휴일,750,800,06:30,18:30,07:45,19:50
238000025,70-1,gyeonggi,평일,270,300,12:00,16:30,12:00,16:30
238000025,70-1,gyeonggi,토요일,270,300,12:00,16:30,12:00,16:30
238000025,70-1,gyeonggi,일요일,270,300,12:00,16:30,12:00,16:30
238000025,70-1,gyeonggi,공휴일,270,300,12:00,16:30,12:00,16:30
238000026,70-2,gyeonggi,평일,240,300,09:30,14:30,10:20,15:20
238000026,70-2,gyeonggi,토요일,240,300,09:30,14:30,10:20,15:20
238000026,70-2,gyeonggi,일요일,240,300,09:30,14:30,10:20,15:20
238000026,70-2,gyeonggi,공휴일,240,300,09:30,14:30,10:20,15:20
238000028,37-1,gyeonggi,평일,270,300,05:30,22:00,05:55,22:25
238000028,37-1,gyeonggi,토요일,270,300,05:30,22:00,05:55,22:25
238000028,37-1,gyeonggi,일요일,270,300,05:30,22:00,05:55,22:25
238000028,37-1,gyeonggi,공휴일,270,300,05:30,22:00,05:55,22:25
238000029,37-2,gyeonggi,평일,,240,10:00,18:00,10:20,18:20
238000029,37-2,gyeonggi,토요일,,240,10:00,18:00,10:20,18:20
238000029,37-2,gyeonggi,일요일,,240,10:00,18:00,10:20,18:20
238000029,37-2,gyeonggi,공휴일,,240,10:00,18:00,10:20,18:20
238000030,37-3,gyeonggi,평일,420,305,08:10,20:15,09:00,21:00
238000030,37-3,gyeonggi,토요일,420,305,08:10,20:15,09:00,21:00
238000030,37-3,gyeonggi,일요일,420,305,08:10,20:15,09:00,21:00
238000030,37-3,gyeonggi,공휴일,420,305,08:10,20:15,09:00,21:00
238000032,33,gyeonggi,평일,,,22:00,22:00,23:00,23:00
238000032,33,gyeonggi,토요일,,,22:00,22:00,23:00,23:00
238000032,33,gyeonggi,일요일,,,22:00,22:00,23:00,23:00
238000032,33,gyeonggi,공휴일,,,22:00,22:00,23:00,23:00
238000033,33-1,gyeonggi,평일,,,23:40,03:30,00:30,04:10
238000033,33-1,gyeonggi,토요일,,,23:40,03:30,00:30,04:10
238000033,33-1,gyeonggi,일요일,,,23:40,03:30,00:30,04:10
238000033,33-1,gyeonggi,공휴일,,,23:40,03:30,00:30,04:10
238000034,35,gyeonggi,평일,270,230,09:10,18:30,09:35,18:55
238000034,35,gyeonggi,토요일,270,230,09:10,18:30,09:35,18:55
238000034,35,gyeonggi,일요일,270,230,09:10,18:30,09:35,18:55
238000034,35,gyeonggi,공휴일,270,230,09:10,18:30,09:35,18:55
238000035,35-1,gyeonggi,평일,80,240,10:20,18:00,10:35,18:15
238000035,35-1,gyeonggi,토요일,80,240,10:20,18:00,10:35,18:15
238000035,35-1,gyeonggi,일요일,80,240,10:20,18:00,10:35,18:15
238000035,35-1,gyeonggi,공휴일,80,240,10:20,18:00,10:35,18:15
238000036,35-2,gyeonggi,평일,1,540,07:40,19:30,08:25,20:15
238000036,35-2,gyeonggi,토요일,1,540,07:40,19:30,08:25,20:15
238000036,35-2,gyeonggi,일요일,1,540,07:40,19:30,08:25,20:15
238000036,35-2,gyeonggi,공휴일,1,540,07:40,19:30,08:25,20:15
238000043,31,gyeonggi,평일,30,60,06:30,20:50,,
238000043,31,gyeonggi,토요일,30,60,06:30,20:50,,
238000043,31,gyeonggi,일요일,30,60,06:30,20:50,,
238000043,31,gyeonggi,공휴일,30,60,06:30,20:50,,
238000044,67-1,gyeonggi,평일,75,190,06:00,06:30,19:00,19:30
238000044,67-1,gyeonggi,토요일,75,190,06:00,06:30,19:00,19:30
238000044,67-1,gyeonggi,일요일,75,190,06:00,06:30,19:00,19:30
238000044,67-1,gyeonggi,공휴일,75,190,06:00,06:30,19:00,19:30
238000045,67-2,gyeonggi,평일,,240,10:00,21:50,10:26,22:16
238000045,67-2,gyeonggi,토요일,,240,10:00,21:50,10:26,22:16
238000045,67-2,gyeonggi,일요일,,240,10:00,21:50,10:26,22:16
238000045,67-2,gyeonggi,공휴일,,240,10:00,21:50,10:26,22:16
238000046,67-3,gyeonggi,평일,,,20:00,20:00,20:40,20:40
238000046,67-3,gyeonggi,토요일,,,20:00,20:00,20:40,20:40
238000046,67-3,gyeonggi,일요일,,,20:00,20:00,20:40,20:40
238000046,67-3,gyeonggi,공휴일,,,20:00,20:00,20:40,20:40
238000048,G2001,gyeonggi,평일,30,60,04:30,22:40,06:30,00:30
238000048,G2001,gyeonggi,토요일,30,60,04:30,22:40,06:30,00:30
238000048,G2001,gyeonggi,일요일,30,60,04:30,22:40,06:30,00:30
238000048,G2001,gyeonggi,공휴일,30,60,04:30,22:40,06:30,00:30
238000049,68,gyeonggi,평일,160,210,07:20,20:00,09:10,20:40
238000049,68,gyeonggi,토요일,160,210,07:20,20:00,09:10,20:40
238000049,68,gyeonggi,일요일,160,210,07:20,20:00,09:10,20:40
238000049,68,gyeonggi,공휴일,160,210,07:20,20:00,09:10,20:40
238000050,68-1,gyeonggi,평일,120,250,08:10,18:10,08:34,18:34
238000050,68-1,gyeonggi,토요일,120,250,08:10,18:10,08:34,18:34
238000050,68-1,gyeonggi,일요일,120,250,08:10,18:10,08:34,18:34
238000050,68-1,gyeonggi,공휴일,120,250,08:10,18:10,08:34,18:34
238000053,연천똑버스01,gyeonggi,평일,,,06:00,00:00,06:00,00:00
238000053,연천똑버스01,gyeonggi,토요일,,,06:00,00:00,06:00,00:00
238000053,연천똑버스01,gyeonggi,일요일,,,06:00,00:00,06:00,00:00
238000053,연천똑버스01,gyeonggi,공휴일,,,06:00,00:00,06:00,00:00
238000054,32,gyeonggi,평일,120,180,06:20,20:20,06:36,20:36
238000054,32,gyeonggi,토요일,120,180,06:20,20:20,06:36,20:36
238000054,32,gyeonggi,일요일,120,180,06:20,20:20,06:36,20:36
238000054,32,gyeonggi,공휴일,120,180,06:20,20:20,06:36,20:36
238000055,34,gyeonggi,평일,120,195,06:15,19:30,06:53,20:25
238000055,34,gyeonggi,토요일,120,195,06:15,19:30,06:53,20:25
238000055,34,gyeonggi,일요일,120,195,06:15,19:30,06:53,20:25
238000055,34,gyeonggi,공휴일,120,195,06:15,19:30,06:53,20:25
238000056,32-1,gyeonggi,평일,120,180,07:10,21:25,07:10,21:25
238000056,32-1,gyeonggi,토요일,120,180,07:10,21:25,07:10,21:25
238000056,32-1,gyeonggi,일요일,120,180,07:10,21:25,07:10,21:25
238000056,32-1,gyeonggi,공휴일,120,180,07:10,21:25,07:10,21:25
238000061,100-2,gyeonggi,평일,360,360,09:00,20:30,09:10,20:40
238000061,100-2,gyeonggi,토요일,360,360,09:00,20:30,09:10,20:40
238000061,100-2,gyeonggi,일요일,360,360,09:00,20:30,09:10,20:40
238000061,100-2,gyeonggi,공휴일,360,360,09:00,20:30,09:10,20:40
238000066,81-3,gyeonggi,평일,570,,08:00,20:00,08:05,20:05
238000066,81-3,gyeonggi,토요일,570,,08:00,20:00,08:05,20:05
238000066,81-3,gyeonggi,일요일,570,,08:00,20:00,08:05,20:05
238000066,81-3,gyeonggi,공휴일,570,,08:00,20:00,08:05,20:05
238000067,80-2,gyeonggi,평일,720,190,06:30,21:40,07:35,22:40
238000067,80-2,gyeonggi,토요일,720,190,06:30,21:40,07:35,22:40
238000067,80-2,gyeonggi,일요일,720,190,06:30,21:40,07:35,22:40
238000067,80-2,gyeonggi,공휴일,720,190,06:30,21:40,07:35,22:40
238000068,81,gyeonggi,평일,120,90,06:20,21:30,06:40,21:50
238000068,81,gyeonggi,토요일,120,90,06:20,21:30,06:40,21:50
238000068,81,gyeonggi,일요일,120,90,06:20,21:30,06:40,21:50
238000068,81,gyeonggi,공휴일,120,90,06:20,21:30,06:40,21:50
238000069,81-1,gyeonggi,평일,,400,12:40,19:20,12:55,19:35
238000069,81-1,gyeonggi,토요일,,400,12:40,19:20,12:55,19:35
238000069,81-1,gyeonggi,일요일,,400,12:40,19:20,12:55,19:35
238000069,81-1,gyeonggi,공휴일,,400,12:40,19:20,12:55,19:35
238000070,81-2,gyeonggi,평일,,,07:20,17:00,07:25,17:05
238000070,81-2,gyeonggi,토요일,,,07:20,17:00,07:25,17:05
238000070,81-2,gyeonggi,일요일,,,07:20,17:00,07:25,17:05
238000070,81-2,gyeonggi,공휴일,,,07:20,17:00,07:25,17:05
239000005,40-5,gyeonggi,평일,,,06:25,17:00,06:55,17:35
239000005,40-5,gyeonggi,토요일,,,06:25,17:00,06:55,17:35
239000005,40-5,gyeonggi,일요일,,,06:25,17:00,06:55,17:35
239000005,40-5,gyeonggi,공휴일,,,06:25,17:00,06:55,17:35
239000006,43,gyeonggi,평일,,690,06:00,19:35,06:20,20:00
239000006,43,gyeonggi,토요일,,690,06:00,19:35,06:20,20:00
239000006,43,gyeonggi,일요일,,690,06:00,19:35,06:20,20:00
239000006,43,gyeonggi,공휴일,,690,06:00,19:35,06:20,20:00
239000007,40-6,gyeonggi,평일,,310,07:25,16:50,07:45,17:15
239000007,40-6,gyeonggi,토요일,,310,07:25,16:50,07:45,17:15
239000007,40-6,gyeonggi,일요일,,310,07:25,16:50,07:45,17:15
239000007,40-6,gyeonggi,공휴일,,310,07:25,16:50,07:45,17:15
239000010,30-5,gyeonggi,평일,,120,05:50,20:40,06:33,21:23
239000010,30-5,gyeonggi,토요일,,120,05:50,20:40,06:33,21:23
239000010,30-5,gyeonggi,일요일,,120,05:50,20:40,06:33,21:23
239000010,30-5,gyeonggi,공휴일,,120,05:50,20:40,06:33,21:23
239000011,30-3,gyeonggi,평일,,185,07:00,18:50,07:50,19:10
239000011,30-3,gyeonggi,토요일,,185,07:00,18:50,07:50,19:10
239000011,30-3,gyeonggi,일요일,,185,07:00,18:50,07:50,19:10
239000011,30-3,gyeonggi,공휴일,,185,07:00,18:50,07:50,19:10
239000012,80,gyeonggi,평일,,180,09:00,17:00,09:50,17:50
239000012,80,gyeonggi,토요일,,180,09:00,17:00,09:50,17:50
239000012,80,gyeonggi,일요일,,180,09:00,17:00,09:50,17:50
239000012,80,gyeonggi,공휴일,,180,09:00,17:00,09:50,17:50
239000013,30-6,gyeonggi,평일,,80,09:00,19:00,09:40,19:40
239000013,30-6,gyeonggi,토요일,,80,09:00,19:00,09:40,19:40
239000013,30-6,gyeonggi,일요일,,80,09:00,19:00,09:40,19:40
239000013,30-6,gyeonggi,공휴일,,80,09:00,19:00,09:40,19:40
239000014,40-2,gyeonggi,평일,,190,06:40,18:30,07:00,18:50
239000014,40-2,gyeonggi,토요일,,190,06:40,18:30,07:00,18:50
239000014,40-2,gyeonggi,일요일,,190,06:40,18:30,07:00,18:50
239000014,40-2,gyeonggi,공휴일,,190,06:40,18:30,07:00,18:50
239000024,1330-44,gyeonggi,평일,60,,05:30,23:30,07:35,01:25
239000024,1330-44,gyeonggi,토요일,60,,05:30,23:30,07:35,01:25
239000024,1330-44,gyeonggi,일요일,60,,05:30,23:30,07:35,01:25
239000024,1330-44,gyeonggi,공휴일,60,,05:30,23:30,07:35,01:25
239000031,73-1,gyeonggi,평일,,120,06:40,18:30,07:10,19:00
239000031,73-1,gyeonggi,토요일,,120,06:40,18:30,07:10,19:00
239000031,73-1,gyeonggi,일요일,,120,06:40,18:30,07:10,19:00
239000031,73-1,gyeonggi,공휴일,,120,06:40,18:30,07:10,19:00
239000032,10-4,gyeonggi,평일,,70,07:40,19:40,07:50,19:50
239000032,10-4,gyeonggi,토요일,,70,07:40,19:40,07:50,19:50
239000032,10-4,gyeonggi,일요일,,70,07:40,19:40,07:50,19:50
239000032,10-4,gyeonggi,공휴일,,70,07:40,19:40,07:50,19:50
239000033,12,gyeonggi,평일,,130,06:50,19:00,07:40,19:50
239000033,12,gyeonggi,토요일,,130,06:50,19:00,07:40,19:50
239000033,12,gyeonggi,일요일,,130,06:50,19:00,07:40,19:50
239000033,12,gyeonggi,공휴일,,130,06:50,19:00,07:40,19:50
239000036,10-6,gyeonggi,평일,,200,08:20,19:00,08:50,19:30
239000036,10-6,gyeonggi,토요일,,200,08:20,19:00,08:50,19:30
239000036,10-6,gyeonggi,일요일,,200,08:20,19:00,08:50,19:30
239000036,10-6,gyeonggi,공휴일,,200,08:20,19:00,08:50,19:30
239000038,74-1,gyeonggi,평일,,150,07:00,17:30,07:20,17:50
239000038,74-1,gyeonggi,토요일,,150,07:00,17:30,07:20,17:50
239000038,74-1,gyeonggi,일요일,,150,07:00,17:30,07:20,17:50
239000038,74-1,gyeonggi,공휴일,,150,07:00,17:30,07:20,17:50
239000040,40-4,gyeonggi,평일,,230,07:10,18:30,07:35,19:00
239000040,40-4,gyeonggi,토요일,,230,07:10,18:30,07:35,19:00
239000040,40-4,gyeonggi,일요일,,230,07:10,18:30,07:35,19:00
239000040,40-4,gyeonggi,공휴일,,230,07:10,18:30,07:35,19:00
239000041,74-2,gyeonggi,평일,,210,07:45,18:20,08:00,18:35
239000041,74-2,gyeonggi,토요일,,210,07:45,18:20,08:00,18:35
239000041,74-2,gyeonggi,일요일,,210,07:45,18:20,08:00,18:35
239000041,74-2,gyeonggi,공휴일,,210,07:45,18:20,08:00,18:35
239000044,20-1,gyeonggi,평일,,235,07:25,18:40,07:45,19:00
239000044,20-1,gyeonggi,토요일,,235,07:25,18:40,07:45,19:00
239000044,20-1,gyeonggi,일요일,,235,07:25,18:40,07:45,19:00
239000044,20-1,gyeonggi,공휴일,,235,07:25,18:40,07:45,19:00
239000045,20-3,gyeonggi,평일,,180,06:20,21:10,07:00,21:40
239000045,20-3,gyeonggi,토요일,,180,06:20,21:10,07:00,21:40
239000045,20-3,gyeonggi,일요일,,180,06:20,21:10,07:00,21:40
239000045,20-3,gyeonggi,공휴일,,180,06:20,21:10,07:00,21:40
239000047,60-29,gyeonggi,평일,,205,06:50,19:05,07:20,19:35
239000047,60-29,gyeonggi,토요일,,205,06:50,19:05,07:20,19:35
239000047,60-29,gyeonggi,일요일,,205,06:50,19:05,07:20,19:35
239000047,60-29,gyeonggi,공휴일,,205,06:50,19:05,07:20,19:35
239000048,71-1,gyeonggi,평일,,120,07:15,19:00,07:40,19:30
239000048,71-1,gyeonggi,토요일,,120,07:15,19:00,07:40,19:30
239000048,71-1,gyeonggi,일요일,,120,07:15,19:00,07:40,19:30
239000048,71-1,gyeonggi,공휴일,,120,07:15,19:00,07:40,19:30
239000055,30-4,gyeonggi,평일,,90,08:40,17:20,09:00,17:40
239000055,30-4,gyeonggi,토요일,,90,08:40,17:20,09:00,17:40
239000055,30-4,gyeonggi,일요일,,90,08:40,17:20,09:00,17:40
239000055,30-4,gyeonggi,공휴일,,90,08:40,17:20,09:00,17:40
239000058,71-3,gyeonggi,평일,,190,06:50,18:00,07:10,18:20
239000058,71-3,gyeonggi,토요일,,190,06:50,18:00,07:10,18:20
239000058,71-3,gyeonggi,일요일,,190,06:50,18:00,07:10,18:20
239000058,71-3,gyeonggi,공휴일,,190,06:50,18:00,07:10,18:20
239000065,20-2,gyeonggi,평일,,120,07:05,20:10,07:35,20:35
239000065,20-2,gyeonggi,토요일,,120,07:05,20:10,07:35,20:35
239000065,20-2,gyeonggi,일요일,,120,07:05,20:10,07:35,20:35
239000065,20-2,gyeonggi,공휴일,,120,07:05,20:10,07:35,20:35
239000068,20-5,gyeonggi,평일,,120,06:40,19:40,07:00,20:05
239000068,20-5,gyeonggi,토요일,,120,06:40,19:40,07:00,20:05
239000068,20-5,gyeonggi,일요일,,120,06:40,19:40,07:00,20:05
239000068,20-5,gyeonggi,공휴일,,120,06:40,19:40,07:00,20:05
239000072,20-4,gyeonggi,평일,,200,06:50,18:40,07:30,19:20
239000072,20-4,gyeonggi,토요일,,200,06:50,18:40,07:30,19:20
239000072,20-4,gyeonggi,일요일,,200,06:50,18:40,07:30,19:20
239000072,20-4,gyeonggi,공휴일,,200,06:50,18:40,07:30,19:20
239000078,30-7,gyeonggi,평일,,185,09:40,17:50,10:20,18:30
239000078,30-7,gyeonggi,토요일,,185,09:40,17:50,10:20,18:30
239000078,30-7,gyeonggi,일요일,,185,09:40,17:50,10:20,18:30
239000078,30-7,gyeonggi,공휴일,,185,09:40,17:50,10:20,18:30
239000082,30-2,gyeonggi,평일,,240,06:40,19:40,07:05,20:05
239000082,30-2,gyeonggi,토요일,,240,06:40,19:40,07:05,20:05
239000082,30-2,gyeonggi,일요일,,240,06:40,19:40,07:05,20:05
239000082,30-2,gyeonggi,공휴일,,240,06:40,19:40,07:05,20:05
239000084,10-7,gyeonggi,평일,,90,04:40,19:00,07:50,21:00
239000084,10-7,gyeonggi,토요일,,90,04:40,19:00,07:50,21:00
239000084,10-7,gyeonggi,일요일,,90,04:40,19:00,07:50,21:00
239000084,10-7,gyeonggi,공휴일,,90,04:40,19:00,07:50,21:00
239000101,71-4,gyeonggi,평일,,165,06:50,18:45,07:25,19:20
239000101,71-4,gyeonggi,토요일,,165,06:50,18:45,07:25,19:20
239000101,71-4,gyeonggi,일요일,,165,06:50,18:45,07:25,19:20
239000101,71-4,gyeonggi,공휴일,,165,06:50,18:45,07:25,19:20
239000104,8005,gyeonggi,평일,,240,06:00,22:00,07:30,23:30
239000104,8005,gyeonggi,토요일,,270,06:00,21:30,07:40,23:10
239000104,8005,gyeonggi,일요일,,300,06:00,22:00,07:30,23:35
239000104,8005,gyeonggi,공휴일,,270,06:00,21:30,07:40,23:10
239000110,1330-2,gyeonggi,평일,60,,05:00,23:30,06:50,01:10
239000110,1330-2,gyeonggi,토요일,60,,05:00,23:30,06:50,01:10
239000110,1330-2,gyeonggi,일요일,60,,05:00,23:30,06:50,01:10
239000110,1330-2,gyeonggi,공휴일,60,,05:00,23:30,06:50,01:10
239000111,1330-4,gyeonggi,평일,30,,04:45,00:00,06:25,01:40
239000111,1330-4,gyeonggi,토요일,30,,04:45,00:00,06:25,01:40
239000111,1330-4,gyeonggi,일요일,30,,04:45,00:00,06:25,01:40
239000111,1330-4,gyeonggi,공휴일,30,,04:45,00:00,06:25,01:40
239000112,15,gyeonggi,평일,,105,04:30,22:05,05:00,22:35
239000112,15,gyeonggi,토요일,,105,04:30,22:05,05:00,22:35
239000112,15,gyeonggi,일요일,,105,04:30,22:05,05:00,22:35
239000112,15,gyeonggi,공휴일,,105,04:30,22:05,05:00,22:35
239000120,60-19,gyeonggi,평일,,60,08:20,18:30,08:40,18:50
239000120,60-19,gyeonggi,토요일,,60,08:20,18:30,08:40,18:50
239000120,60-19,gyeonggi,일요일,,60,08:20,18:30,08:40,18:50
239000120,60-19,gyeonggi,공휴일,,60,08:20,18:30,08:40,18:50
239000121,60-10,gyeonggi,평일,,60,08:00,19:00,08:20,19:20
239000121,60-10,gyeonggi,토요일,,60,08:00,19:00,08:20,19:20
239000121,60-10,gyeonggi,일요일,,60,08:00,19:00,08:20,19:20
239000121,60-10,gyeonggi,공휴일,,60,08:00,19:00,08:20,19:20
239000129,41,gyeonggi,평일,,200,07:40,18:30,08:50,19:30
239000129,41,gyeonggi,토요일,,200,07:40,18:30,08:50,19:30
239000129,41,gyeonggi,일요일,,200,07:40,18:30,08:50,19:30
239000129,41,gyeonggi,공휴일,,200,07:40,18:30,08:50,19:30
239000135,1330-3,gyeonggi,평일,,320,06:45,17:45,08:50,19:50
239000135,1330-3,gyeonggi,토요일,,320,06:45,17:45,08:50,19:50
239000135,1330-3,gyeonggi,일요일,,320,06:45,17:45,08:50,19:50
239000135,1330-3,gyeonggi,공휴일,,320,06:45,17:45,08:50,19:50
239000138,40-8,gyeonggi,평일,,340,07:20,18:40,08:05,19:25
239000138,40-8,gyeonggi,토요일,,340,07:20,18:40,08:05,19:25
239000138,40-8,gyeonggi,일요일,,340,07:20,18:40,08:05,19:25
239000138,40-8,gyeonggi,공휴일,,340,07:20,18:40,08:05,19:25
239000139,7000,gyeonggi,평일,210,240,06:30,21:50,08:20,23:40
239000139,7000,gyeonggi,토요일,250,350,06:30,21:40,08:20,23:30
239000139,7000,gyeonggi,일요일,270,340,06:30,22:10,08:20,23:50
239000139,7000,gyeonggi,공휴일,250,350,06:30,21:40,08:20,23:30
239000140,7001,gyeonggi,평일,35,85,05:30,23:55,06:55,01:15
239000140,7001,gyeonggi,토요일,20,130,05:30,00:00,06:50,01:20
239000140,7001,gyeonggi,일요일,30,130,05:30,00:00,06:50,01:20
239000140,7001,gyeonggi,공휴일,20,130,05:30,00:00,06:50,01:20
239000141,7002,gyeonggi,평일,195,225,05:55,22:45,07:25,00:15
239000141,7002,gyeonggi,토요일,200,280,05:55,22:20,07:25,23:50
239000141,7002,gyeonggi,일요일,205,270,05:55,22:00,07:25,23:30
239000141,7002,gyeonggi,공휴일,200,280,05:55,22:20,07:25,23:50
239000142,30-8,gyeonggi,평일,,535,07:30,16:40,07:55,17:05
239000142,30-8,gyeonggi,토요일,,535,07:30,16:40,07:55,17:05
239000142,30-8,gyeonggi,일요일,,535,07:30,16:40,07:55,17:05
239000142,30-8,gyeonggi,공휴일,,535,07:30,16:40,07:55,17:05
239000143,71-2,gyeonggi,평일,,330,11:10,19:10,11:35,19:35
239000143,71-2,gyeonggi,토요일,,330,11:10,19:10,11:35,19:35
239000143,71-2,gyeonggi,일요일,,330,11:10,19:10,11:35,19:35
239000143,71-2,gyeonggi,공휴일,,330,11:10,19:10,11:35,19:35
239000144,74-3,gyeonggi,평일,,410,08:10,19:00,08:30,19:20
239000144,74-3,gyeonggi,토요일,,410,08:10,19:00,08:30,19:20
239000144,74-3,gyeonggi,일요일,,410,08:10,19:00,08:30,19:20
239000144,74-3,gyeonggi,공휴일,,410,08:10,19:00,08:30,19:20
239000145,15-3,gyeonggi,평일,,265,09:30,14:55,10:15,15:40
239000145,15-3,gyeonggi,토요일,,265,09:30,14:55,10:15,15:40
239000145,15-3,gyeonggi,일요일,,265,09:30,14:55,10:15,15:40
239000145,15-3,gyeonggi,공휴일,,265,09:30,14:55,10:15,15:40
239000146,15-1,gyeonggi,평일,,385,06:30,18:25,07:20,19:15
239000146,15-1,gyeonggi,토요일,,385,06:30,18:25,07:20,19:15
239000146,15-1,gyeonggi,일요일,,385,06:30,18:25,07:20,19:15
239000146,15-1,gyeonggi,공휴일,,385,06:30,18:25,07:20,19:15
239000147,15-2,gyeonggi,평일,,355,07:05,17:00,07:50,17:45
239000147,15-2,gyeonggi,토요일,,355,07:05,17:00,07:50,17:45
239000147,15-2,gyeonggi,일요일,,355,07:05,17:00,07:50,17:45
239000147,15-2,gyeonggi,공휴일,,355,07:05,17:00,07:50,17:45
239000148,15-4,gyeonggi,평일,,350,06:40,18:40,07:45,19:45
239000148,15-4,gyeonggi,토요일,,350,06:40,18:40,07:45,19:45
239000148,15-4,gyeonggi,일요일,,350,06:40,18:40,07:45,19:45
239000148,15-4,gyeonggi,공휴일,,350,06:40,18:40,07:45,19:45
239000149,15-5,gyeonggi,평일,,320,06:00,17:20,07:20,18:40
239000149,15-5,gyeonggi,토요일,,320,06:00,17:20,07:20,18:40
239000149,15-5,gyeonggi,일요일,,320,06:00,17:20,07:20,18:40
239000149,15-5,gyeonggi,공휴일,,320,06:00,17:20,07:20,18:40
239000153,23-1,gyeonggi,평일,,40,05:20,21:50,05:45,22:20
239000153,23-1,gyeonggi,토요일,,40,05:20,21:50,05:45,22:20
239000153,23-1,gyeonggi,일요일,,40,05:20,21:50,05:45,22:20
239000153,23-1,gyeonggi,공휴일,,40,05:20,21:50,05:45,22:20
239000154,60-30,gyeonggi,평일,,,06:55,08:15,06:55,08:15
239000154,60-30,gyeonggi,토요일,,,06:55,08:15,06:55,08:15
239000154,60-30,gyeonggi,일요일,,,06:55,08:15,06:55,08:15
239000154,60-30,gyeonggi,공휴일,,,06:55,08:15,06:55,08:15
239000156,20-6,gyeonggi,평일,60,120,07:00,18:30,07:40,19:10
239000156,20-6,gyeonggi,토요일,60,120,07:00,18:30,07:40,19:10
239000156,20-6,gyeonggi,일요일,60,120,07:00,18:30,07:40,19:10
239000156,20-6,gyeonggi,공휴일,60,120,07:00,18:30,07:40,19:10
239000157,30,gyeonggi,평일,,120,07:20,18:40,08:00,19:20
239000157,30,gyeonggi,토요일,,120,07:20,18:40,08:00,19:20
239000157,30,gyeonggi,일요일,,120,07:20,18:40,08:00,19:20
239000157,30,gyeonggi,공휴일,,120,07:20,18:40,08:00,19:20
239000158,44,gyeonggi,평일,140,170,04:50,21:20,05:25,22:20
239000158,44,gyeonggi,토요일,140,170,04:50,21:20,05:25,22:20
239000158,44,gyeonggi,일요일,140,170,04:50,21:20,05:25,22:20
239000158,44,gyeonggi,공휴일,140,170,04:50,21:20,05:25,22:20
239000159,60,gyeonggi,평일,60,,07:15,20:00,07:35,20:20
239000159,60,gyeonggi,토요일,60,,07:15,20:00,07:35,20:20
239000159,60,gyeonggi,일요일,60,,07:15,20:00,07:35,20:20
239000159,60,gyeonggi,공휴일,60,,07:15,20:00,07:35,20:20
239000161,P7001(출근)상행,gyeonggi,평일,,,06:35,06:35,06:35,06:35
239000162,40-3,gyeonggi,평일,270,,08:00,12:30,08:20,12:50
239000162,40-3,gyeonggi,토요일,270,,08:00,12:30,08:20,12:50
239000162,40-3,gyeonggi,일요일,270,,08:00,12:30,08:20,12:50
239000162,40-3,gyeonggi,공휴일,270,,08:00,12:30,08:20,12:50
239000163,15-6,gyeonggi,평일,,450,07:40,19:20,09:00,20:40
239000163,15-6,gyeonggi,토요일,,450,07:40,19:20,09:00,20:40
239000163,15-6,gyeonggi,일요일,,450,07:40,19:20,09:00,20:40
239000163,15-6,gyeonggi,공휴일,,450,07:40,19:20,09:00,20:40
239000164,41-1,gyeonggi,평일,240,,08:50,14:30,07:30,15:30
239000164,41-1,gyeonggi,토요일,240,,08:50,14:30,07:30,15:30
239000164,41-1,gyeonggi,일요일,240,,08:50,14:30,07:30,15:30
239000164,41-1,gyeonggi,공휴일,240,,08:50,14:30,07:30,15:30
239000165,P7001(출근)하행,gyeonggi,평일,,,08:00,08:00,08:00,08:00
239000166,P7001(퇴근)상행,gyeonggi,평일,,,17:30,17:30,17:30,17:30
239000167,P7001(퇴근)하행,gyeonggi,평일,,,18:55,18:55,18:55,18:55
240000002,1-5,gyeonggi,평일,,110,15:40,17:30,15:55,17:45
240000002,1-5,gyeonggi,토요일,,110,15:40,17:30,15:55,17:45
240000002,1-5,gyeonggi,일요일,,110,15:40,17:30,15:55,17:45
240000002,1-5,gyeonggi,공휴일,,110,15:40,17:30,15:55,17:45
240000003,1-4,gyeonggi,평일,,,07:20,11:00,07:35,11:15
240000003,1-4,gyeonggi,토요일,,,07:20,11:00,07:35,11:15
240000003,1-4,gyeonggi,일요일,,,07:20,11:00,07:35,11:15
240000003,1-4,gyeonggi,공휴일,,,07:20,11:00,07:35,11:15
240000004,1-7,gyeonggi,평일,,,07:50,17:40,08:00,17:55
240000004,1-7,gyeonggi,토요일,,,07:50,17:40,08:00,17:55
240000004,1-7,gyeonggi,일요일,,,07:50,17:40,08:00,17:55
240000004,1-7,gyeonggi,공휴일,,,07:50,17:40,08:00,17:55
240000007,2000-1,gyeonggi,평일,,360,10:30,15:40,12:20,17:30
240000008,2000-2,gyeonggi,평일,,,06:50,06:50,08:10,08:10
240000008,2000-2,gyeonggi,토요일,,,00:00,00:00,00:00,00:00
240000008,2000-2,gyeonggi,일요일,,,00:00,00:00,00:00,00:00
240000008,2000-2,gyeonggi,공휴일,,,00:00,00:00,00:00,00:00
240000009,2-11,gyeonggi,평일,,,08:30,08:30,09:50,09:50
240000009,2-11,gyeonggi,토요일,,,08:30,08:30,09:50,09:50
240000009,2-11,gyeonggi,일요일,,,08:30,08:30,09:50,09:50
240000009,2-11,gyeonggi,공휴일,,,08:30,08:30,09:50,09:50
240000011,2-5,gyeonggi,평일,,270,06:10,16:00,07:05,17:20
240000011,2-5,gyeonggi,토요일,,270,06:10,16:00,07:05,17:20
240000011,2-5,gyeonggi,일요일,,270,06:10,16:00,07:05,17:20
240000011,2-5,gyeonggi,공휴일,,270,06:10,16:00,07:05,17:20
240000012,2-9,gyeonggi,평일,60,,06:50,18:45,07:40,19:50
240000012,2-9,gyeonggi,토요일,60,,06:50,18:45,07:40,19:50
240000012,2-9,gyeonggi,일요일,60,,06:50,18:45,07:40,19:50
240000012,2-9,gyeonggi,공휴일,60,,06:50,18:45,07:40,19:50
240000014,2-2,gyeonggi,평일,,,13:40,13:40,15:30,15:30
240000014,2-2,gyeonggi,토요일,,,13:40,13:40,15:30,15:30
240000014,2-2,gyeonggi,일요일,,,13:40,13:40,15:30,15:30
240000014,2-2,gyeonggi,공휴일,,,13:40,13:40,15:30,15:30
240000015,2-3,gyeonggi,평일,,,17:30,17:30,19:00,19:00
240000015,2-3,gyeonggi,토요일,,,17:30,17:30,19:00,19:00
240000015,2-3,gyeonggi,일요일,,,17:30,17:30,19:00,19:00
240000015,2-3,gyeonggi,공휴일,,,17:30,17:30,19:00,19:00
240000016,6,gyeonggi,평일,60,95,06:40,19:40,07:10,20:10
240000016,6,gyeonggi,토요일,60,95,06:40,19:40,07:10,20:10
240000016,6,gyeonggi,일요일,60,95,06:40,19:40,07:10,20:10
240000016,6,gyeonggi,공휴일,60,95,06:40,19:40,07:10,20:10
240000017,6-1,gyeonggi,평일,,165,08:00,21:00,08:25,21:20
240000017,6-1,gyeonggi,토요일,,165,08:00,21:00,08:25,21:20
240000017,6-1,gyeonggi,일요일,,165,08:00,21:00,08:25,21:20
240000017,6-1,gyeonggi,공휴일,,165,08:00,21:00,08:25,21:20
240000018,6-2,gyeonggi,평일,,110,07:30,17:00,07:50,17:20
240000018,6-2,gyeonggi,토요일,,110,07:30,17:00,07:50,17:20
240000018,6-2,gyeonggi,일요일,,110,07:30,17:00,07:50,17:20
240000018,6-2,gyeonggi,공휴일,,110,07:30,17:00,07:50,17:20
240000019,6-3,gyeonggi,평일,,245,10:30,18:30,10:55,18:50
240000019,6-3,gyeonggi,토요일,,245,10:30,18:30,10:55,18:50
240000019,6-3,gyeonggi,일요일,,245,10:30,18:30,10:55,18:50
240000019,6-3,gyeonggi,공휴일,,245,10:30,18:30,10:55,18:50
240000020,3-2,gyeonggi,평일,,260,09:10,13:00,11:10,13:50
240000020,3-2,gyeonggi,토요일,,260,09:10,13:00,11:10,13:50
240000020,3-2,gyeonggi,일요일,,260,09:10,13:00,11:10,13:50
240000020,3-2,gyeonggi,공휴일,,260,09:10,13:00,11:10,13:50
240000021,6-5,gyeonggi,평일,,,17:40,17:40,18:10,18:10
240000021,6-5,gyeonggi,토요일,,,17:40,17:40,18:10,18:10
240000021,6-5,gyeonggi,일요일,,,17:40,17:40,18:10,18:10
240000021,6-5,gyeonggi,공휴일,,,17:40,17:40,18:10,18:10
240000023,6-6,gyeonggi,평일,,,08:30,14:40,11:00,19:50
240000023,6-6,gyeonggi,토요일,,,08:30,14:40,11:00,19:50
240000023,6-6,gyeonggi,일요일,,,08:30,14:40,11:00,19:50
240000023,6-6,gyeonggi,공휴일,,,08:30,14:40,11:00,19:50
240000026,2-8,gyeonggi,평일,,230,06:50,19:40,10:15,20:30
240000026,2-8,gyeonggi,토요일,,230,06:50,19:40,10:15,20:30
240000026,2-8,gyeonggi,일요일,,230,06:50,19:40,10:15,20:30
240000026,2-8,gyeonggi,공휴일,,230,06:50,19:40,10:15,20:30
240000028,3-5,gyeonggi,평일,,,07:05,07:05,07:40,07:40
240000028,3-5,gyeonggi,토요일,,,07:05,07:05,07:40,07:40
240000028,3-5,gyeonggi,일요일,,,07:05,07:05,07:40,07:40
240000028,3-5,gyeonggi,공휴일,,,07:05,07:05,07:40,07:40
240000029,2-10,gyeonggi,평일,,310,11:50,17:00,07:00,14:30
240000029,2-10,gyeonggi,토요일,,310,11:50,17:00,07:00,14:30
240000029,2-10,gyeonggi,일요일,,310,11:50,17:00,07:00,14:30
240000029,2-10,gyeonggi,공휴일,,310,11:50,17:00,07:00,14:30
240000033,2-1,gyeonggi,평일,,270,06:40,18:00,07:40,19:10
240000033,2-1,gyeonggi,토요일,,270,06:40,18:00,07:40,19:10
240000033,2-1,gyeonggi,일요일,,270,06:40,18:00,07:40,19:10
240000033,2-1,gyeonggi,공휴일,,270,06:40,18:00,07:40,19:10
240000036,9-3,gyeonggi,평일,,,17:40,17:40,17:55,17:55
240000036,9-3,gyeonggi,토요일,,,17:40,17:40,17:55,17:55
240000036,9-3,gyeonggi,일요일,,,17:40,17:40,17:55,17:55
240000036,9-3,gyeonggi,공휴일,,,17:40,17:40,17:55,17:55
240000037,10,gyeonggi,평일,,300,07:40,18:40,07:50,18:50
240000037,10,gyeonggi,토요일,,300,07:40,18:40,07:50,18:50
240000037,10,gyeonggi,일요일,,300,07:40,18:40,07:50,18:50
240000037,10,gyeonggi,공휴일,,300,07:40,18:40,07:50,18:50
240000038,10-1,gyeonggi,평일,,255,08:10,18:00,08:30,18:20
240000038,10-1,gyeonggi,토요일,,225,09:30,18:00,08:30,18:20
240000038,10-1,gyeonggi,일요일,,225,09:30,18:00,08:30,18:20
240000038,10-1,gyeonggi,공휴일,,225,09:30,18:00,08:30,18:20
240000039,10-2,gyeonggi,평일,,155,08:15,18:20,08:35,18:40
240000039,10-2,gyeonggi,토요일,,155,08:15,18:20,08:35,18:40
240000039,10-2,gyeonggi,일요일,,155,08:15,18:20,08:35,18:40
240000039,10-2,gyeonggi,공휴일,,155,08:15,18:20,08:35,18:40
240000041,7,gyeonggi,평일,,,07:00,07:00,20:15,21:15
240000041,7,gyeonggi,토요일,,,07:00,07:00,20:15,21:15
240000041,7,gyeonggi,일요일,,,07:00,07:00,20:15,21:15
240000041,7,gyeonggi,공휴일,,,07:00,07:00,20:15,21:15
240000042,7-1,gyeonggi,평일,115,200,07:15,19:00,07:30,19:15
240000042,7-1,gyeonggi,토요일,115,150,07:15,19:00,07:30,19:15
240000042,7-1,gyeonggi,일요일,115,150,07:15,19:00,07:30,19:15
240000042,7-1,gyeonggi,공휴일,115,150,07:15,19:00,07:30,19:15
240000043,9-1,gyeonggi,평일,,145,06:00,19:05,10:00,19:40
240000043,9-1,gyeonggi,토요일,,145,06:00,19:05,10:00,19:40
240000043,9-1,gyeonggi,일요일,,145,06:00,19:05,10:00,19:40
240000043,9-1,gyeonggi,공휴일,,145,06:00,19:05,10:00,19:40
240000044,7-2,gyeonggi,평일,,,07:50,07:50,08:15,08:15
240000044,7-2,gyeonggi,토요일,,,07:50,07:50,08:15,08:15
240000044,7-2,gyeonggi,일요일,,,07:50,07:50,08:15,08:15
240000044,7-2,gyeonggi,공휴일,,,07:50,07:50,08:15,08:15
240000045,9-6,gyeonggi,평일,,,06:35,06:35,00:00,00:00
240000045,9-6,gyeonggi,토요일,,,06:35,06:35,00:00,00:00
240000045,9-6,gyeonggi,일요일,,,06:35,06:35,00:00,00:00
240000045,9-6,gyeonggi,공휴일,,,06:35,06:35,00:00,00:00
240000046,7-7,gyeonggi,평일,,160,16:00,18:30,16:15,18:45
240000046,7-7,gyeonggi,토요일,,160,16:00,18:30,16:15,18:45
240000046,7-7,gyeonggi,일요일,,160,16:00,18:30,16:15,18:45
240000046,7-7,gyeonggi,공휴일,,160,16:00,18:30,16:15,18:45
240000047,7-3,gyeonggi,평일,,,08:00,10:10,08:15,10:25
240000047,7-3,gyeonggi,토요일,,,08:00,10:10,08:15,10:25
240000047,7-3,gyeonggi,일요일,,,08:00,10:10,08:15,10:25
240000047,7-3,gyeonggi,공휴일,,,08:00,10:10,08:15,10:25
240000048,7-4,gyeonggi,평일,60,150,07:50,19:00,07:30,19:20
240000048,7-4,gyeonggi,토요일,60,150,07:50,19:00,07:30,19:20
240000048,7-4,gyeonggi,일요일,60,150,07:50,19:00,07:30,19:20
240000048,7-4,gyeonggi,공휴일,60,150,07:50,19:00,07:30,19:20
240000049,7-5,gyeonggi,평일,,190,07:00,18:30,07:30,19:00
240000049,7-5,gyeonggi,토요일,,190,07:00,18:30,07:30,19:00
240000049,7-5,gyeonggi,일요일,,190,07:00,18:30,07:30,19:00
240000049,7-5,gyeonggi,공휴일,,190,07:00,18:30,07:30,19:00
240000051,4-2,gyeonggi,평일,,180,08:20,18:30,09:20,19:00
240000051,4-2,gyeonggi,토요일,,180,08:20,18:30,09:20,19:00
240000051,4-2,gyeonggi,일요일,,180,08:20,18:30,09:20,19:00
240000051,4-2,gyeonggi,공휴일,,180,08:20,18:30,09:20,19:00
240000053,4-4,gyeonggi,평일,,170,10:30,19:10,10:45,19:25
240000053,4-4,gyeonggi,토요일,,170,10:30,19:10,10:45,19:25
240000053,4-4,gyeonggi,일요일,,170,10:30,19:10,10:45,19:25
240000053,4-4,gyeonggi,공휴일,,170,10:30,19:10,10:45,19:25
240000056,4-7,gyeonggi,평일,,,06:30,06:30,07:00,07:00
240000056,4-7,gyeonggi,토요일,,,06:30,06:30,07:00,07:00
240000056,4-7,gyeonggi,일요일,,,06:30,06:30,07:00,07:00
240000056,4-7,gyeonggi,공휴일,,,06:30,06:30,07:00,07:00
240000057,4-9,gyeonggi,평일,140,220,07:20,17:00,07:50,17:30
240000057,4-9,gyeonggi,토요일,140,220,07:20,17:00,07:50,17:30
240000057,4-9,gyeonggi,일요일,140,220,07:20,17:00,07:50,17:30
240000057,4-9,gyeonggi,공휴일,140,220,07:20,17:00,07:50,17:30
240000058,4-8,gyeonggi,평일,,,06:40,06:40,07:05,07:05
240000058,4-8,gyeonggi,토요일,,,06:40,06:40,07:05,07:05
240000058,4-8,gyeonggi,일요일,,,06:40,06:40,07:05,07:05
240000058,4-8,gyeonggi,공휴일,,,06:40,06:40,07:05,07:05
240000059,4-10,gyeonggi,평일,,,08:25,15:20,08:55,15:50
240000059,4-10,gyeonggi,토요일,,,08:25,15:20,08:55,15:50
240000059,4-10,gyeonggi,일요일,,,08:25,15:20,08:55,15:50
240000059,4-10,gyeonggi,공휴일,,,08:25,15:20,08:55,15:50
240000060,4-6,gyeonggi,평일,,180,10:00,19:00,10:15,19:15
240000060,4-6,gyeonggi,토요일,,180,10:00,19:00,10:15,19:15
240000060,4-6,gyeonggi,일요일,,180,10:00,19:00,10:15,19:15
240000060,4-6,gyeonggi,공휴일,,180,10:00,19:00,10:15,19:15
240000062,5-2,gyeonggi,평일,45,,07:30,19:30,08:00,20:00
240000062,5-2,gyeonggi,토요일,45,,07:30,19:30,08:00,20:00
240000062,5-2,gyeonggi,일요일,45,,07:30,19:30,08:00,20:00
240000062,5-2,gyeonggi,공휴일,45,,07:30,19:30,08:00,20:00
240000063,5-4,gyeonggi,평일,,240,06:30,19:10,07:00,19:45
240000063,5-4,gyeonggi,토요일,,240,06:30,19:10,07:00,19:45
240000063,5-4,gyeonggi,일요일,,240,06:30,19:10,07:00,19:45
240000063,5-4,gyeonggi,공휴일,,240,06:30,19:10,07:00,19:45
240000064,1-2,gyeonggi,평일,,,09:50,09:50,00:00,00:00
240000064,1-2,gyeonggi,토요일,,,09:50,09:50,00:00,00:00
240000064,1-2,gyeonggi,일요일,,,09:50,09:50,00:00,00:00
240000064,1-2,gyeonggi,공휴일,,,09:50,09:50,00:00,00:00
240000067,5-5,gyeonggi,평일,,,12:30,12:30,13:20,13:20
240000067,5-5,gyeonggi,토요일,,,12:30,12:30,13:20,13:20
240000067,5-5,gyeonggi,일요일,,,12:30,12:30,13:20,13:20
240000067,5-5,gyeonggi,공휴일,,,12:30,12:30,13:20,13:20
240000070,1-1,gyeonggi,평일,,270,11:40,16:10,00:00,00:00
240000070,1-1,gyeonggi,토요일,,270,11:40,16:10,00:00,00:00
240000070,1-1,gyeonggi,일요일,,270,11:40,16:10,00:00,00:00
240000070,1-1,gyeonggi,공휴일,,270,11:40,16:10,00:00,00:00
240000071,2-6,gyeonggi,평일,,,18:20,18:20,07:20,07:20
240000071,2-6,gyeonggi,토요일,,,18:20,18:20,07:20,07:20
240000071,2-6,gyeonggi,일요일,,,18:20,18:20,07:20,07:20
240000071,2-6,gyeonggi,공휴일,,,18:20,18:20,07:20,07:20
240000072,6-10,gyeonggi,평일,,300,10:40,15:40,11:30,16:30
240000072,6-10,gyeonggi,토요일,,300,10:40,15:40,11:30,16:30
240000072,6-10,gyeonggi,일요일,,300,10:40,15:40,11:30,16:30
240000072,6-10,gyeonggi,공휴일,,300,10:40,15:40,11:30,16:30
240000073,1-3,gyeonggi,평일,,260,16:50,16:50,00:00,00:00
240000073,1-3,gyeonggi,토요일,,260,16:50,16:50,00:00,00:00
240000073,1-3,gyeonggi,일요일,,260,16:50,16:50,00:00,00:00
240000073,1-3,gyeonggi,공휴일,,260,16:50,16:50,00:00,00:00
240000075,1,gyeonggi,평일,60,360,06:10,20:10,00:00,00:00
240000075,1,gyeonggi,토요일,60,360,06:10,20:10,00:00,00:00
240000075,1,gyeonggi,일요일,60,360,06:10,20:10,00:00,00:00
240000075,1,gyeonggi,공휴일,60,360,06:10,20:10,00:00,00:00
240000077,5-1,gyeonggi,평일,,,09:20,20:30,00:00,00:00
240000077,5-1,gyeonggi,토요일,,,09:20,20:30,00:00,00:00
240000077,5-1,gyeonggi,일요일,,,09:20,20:30,00:00,00:00
240000077,5-1,gyeonggi,공휴일,,,09:20,20:30,00:00,00:00
240000078,5-3,gyeonggi,평일,,,21:00,21:00,21:30,21:30
240000078,5-3,gyeonggi,토요일,,,21:00,21:00,21:30,21:30
240000078,5-3,gyeonggi,일요일,,,21:00,21:00,21:30,21:30
240000078,5-3,gyeonggi,공휴일,,,21:00,21:00,21:30,21:30
240000080,9-2,gyeonggi,평일,,185,16:00,19:05,16:20,19:25
240000080,9-2,gyeonggi,토요일,,185,16:00,19:05,16:20,19:25
240000080,9-2,gyeonggi,일요일,,185,16:00,19:05,16:20,19:25
240000080,9-2,gyeonggi,공휴일,,185,16:00,19:05,16:20,19:25
240000081,8-2,gyeonggi,평일,,,06:00,06:00,07:15,07:15
240000081,8-2,gyeonggi,토요일,,,06:00,06:00,07:15,07:15
240000081,8-2,gyeonggi,일요일,,,06:00,06:00,07:15,07:15
240000081,8-2,gyeonggi,공휴일,,,06:00,06:00,07:15,07:15
240000083,8-4,gyeonggi,평일,,180,07:55,21:50,08:10,22:05
240000083,8-4,gyeonggi,토요일,,180,07:55,21:50,08:10,22:05
240000083,8-4,gyeonggi,일요일,,180,07:55,21:50,08:10,22:05
240000083,8-4,gyeonggi,공휴일,,180,07:55,21:50,08:10,22:05
240000085,8-5,gyeonggi,평일,,540,10:55,19:55,11:45,20:45
240000085,8-5,gyeonggi,토요일,,540,10:55,19:55,11:45,20:45
240000085,8-5,gyeonggi,일요일,,540,10:55,19:55,11:45,20:45
240000085,8-5,gyeonggi,공휴일,,540,10:55,19:55,11:45,20:45
240000086,9-7,gyeonggi,평일,,,19:45,19:45,00:00,00:00
240000086,9-7,gyeonggi,토요일,,,19:45,19:45,00:00,00:00
240000086,9-7,gyeonggi,일요일,,,19:45,19:45,00:00,00:00
240000086,9-7,gyeonggi,공휴일,,,19:45,19:45,00:00,00:00
240000087,7-8,gyeonggi,평일,,125,10:30,21:00,10:55,15:25
240000087,7-8,gyeonggi,토요일,,125,10:30,21:00,10:55,15:25
240000087,7-8,gyeonggi,일요일,,125,10:30,21:00,10:55,15:25
240000087,7-8,gyeonggi,공휴일,,125,10:30,21:00,10:55,15:25
240000089,22,gyeonggi,평일,,,09:20,09:20,10:10,10:10
240000089,22,gyeonggi,토요일,,,09:20,09:20,10:10,10:10
240000089,22,gyeonggi,일요일,,,09:20,09:20,10:10,10:10
240000089,22,gyeonggi,공휴일,,,09:20,09:20,10:10,10:10
240000091,8-6,gyeonggi,평일,,270,11:20,20:20,11:40,20:40
240000091,8-6,gyeonggi,토요일,,270,11:20,20:20,11:40,20:40
240000091,8-6,gyeonggi,일요일,,270,11:20,20:20,11:40,20:40
240000091,8-6,gyeonggi,공휴일,,270,11:20,20:20,11:40,20:40
240000092,8-7,gyeonggi,평일,,,15:40,15:40,16:35,16:35
240000092,8-7,gyeonggi,토요일,,,15:40,15:40,16:35,16:35
240000092,8-7,gyeonggi,일요일,,,15:40,15:40,16:35,16:35
240000092,8-7,gyeonggi,공휴일,,,15:40,15:40,16:35,16:35
240000093,9-8,gyeonggi,평일,,,07:00,07:00,00:00,00:00
240000093,9-8,gyeonggi,토요일,,,07:00,07:00,00:00,00:00
240000093,9-8,gyeonggi,일요일,,,07:00,07:00,00:00,00:00
240000093,9-8,gyeonggi,공휴일,,,07:00,07:00,00:00,00:00
240000094,8-8,gyeonggi,평일,,245,07:35,18:25,08:15,19:05
240000094,8-8,gyeonggi,토요일,,245,07:35,18:25,08:15,19:05
240000094,8-8,gyeonggi,일요일,,245,07:35,18:25,08:15,19:05
240000094,8-8,gyeonggi,공휴일,,245,07:35,18:25,08:15,19:05
240000095,4-11,gyeonggi,평일,,210,13:20,21:00,14:00,21:40
240000095,4-11,gyeonggi,토요일,,210,13:20,21:00,14:00,21:40
240000095,4-11,gyeonggi,일요일,,210,13:20,21:00,14:00,21:40
240000095,4-11,gyeonggi,공휴일,,210,13:20,21:00,14:00,21:40
240000096,5,gyeonggi,평일,,,06:30,06:30,07:00,07:00
240000098,5-7,gyeonggi,평일,,,07:45,07:45,18:10,18:10
240000098,5-7,gyeonggi,토요일,,,07:45,07:45,18:10,18:10
240000098,5-7,gyeonggi,일요일,,,07:45,07:45,18:10,18:10
240000098,5-7,gyeonggi,공휴일,,,07:45,07:45,18:10,18:10
240000099,5-8,gyeonggi,평일,,,13:40,16:40,14:40,14:40
240000099,5-8,gyeonggi,토요일,,,13:40,16:40,14:40,14:40
240000099,5-8,gyeonggi,일요일,,,13:40,16:40,14:40,14:40
240000099,5-8,gyeonggi,공휴일,,,13:40,16:40,14:40,14:40
240000100,6-4,gyeonggi,평일,,,09:50,09:50,10:00,10:00
240000100,6-4,gyeonggi,토요일,,,09:50,09:50,10:00,10:00
240000100,6-4,gyeonggi,일요일,,,09:50,09:50,10:00,10:00
240000100,6-4,gyeonggi,공휴일,,,09:50,09:50,10:00,10:00
240000102,7-9,gyeonggi,평일,,310,09:00,17:40,09:30,18:00
240000102,7-9,gyeonggi,토요일,,310,09:00,17:40,09:30,18:00
240000102,7-9,gyeonggi,일요일,,310,09:00,17:40,09:30,18:00
240000102,7-9,gyeonggi,공휴일,,310,09:00,17:40,09:30,18:00
240000104,8-3,gyeonggi,평일,,200,09:30,12:50,10:05,13:25
240000104,8-3,gyeonggi,토요일,,200,09:30,12:50,10:05,13:25
240000104,8-3,gyeonggi,일요일,,200,09:30,12:50,10:05,13:25
240000104,8-3,gyeonggi,공휴일,,200,09:30,12:50,10:05,13:25
240000111,8-9,gyeonggi,평일,,,08:30,08:30,08:45,08:45
240000111,8-9,gyeonggi,토요일,,,08:30,08:30,08:45,08:45
240000111,8-9,gyeonggi,일요일,,,08:30,08:30,08:45,08:45
240000111,8-9,gyeonggi,공휴일,,,08:30,08:30,08:45,08:45
240000113,1-10,gyeonggi,평일,,165,07:50,21:30,00:00,00:00
240000113,1-10,gyeonggi,토요일,,165,07:50,21:30,00:00,00:00
240000113,1-10,gyeonggi,일요일,,165,07:50,21:30,00:00,00:00
240000113,1-10,gyeonggi,공휴일,,165,07:50,21:30,00:00,00:00
240000114,1-6,gyeonggi,평일,,600,11:10,21:10,00:00,00:00
240000114,1-6,gyeonggi,토요일,,600,11:10,21:10,00:00,00:00
240000114,1-6,gyeonggi,일요일,,600,11:10,21:10,00:00,00:00
240000114,1-6,gyeonggi,공휴일,,600,11:10,21:10,00:00,00:00
240000115,1-11,gyeonggi,평일,,230,11:30,19:10,00:00,00:00
240000115,1-11,gyeonggi,토요일,,230,11:30,19:10,00:00,00:00
240000115,1-11,gyeonggi,일요일,,230,11:30,19:10,00:00,00:00
240000115,1-11,gyeonggi,공휴일,,230,11:30,19:10,00:00,00:00
240000116,1-12,gyeonggi,평일,,,09:30,09:30,00:00,00:00
240000116,1-12,gyeonggi,토요일,,,09:30,09:30,00:00,00:00
240000116,1-12,gyeonggi,일요일,,,09:30,09:30,00:00,00:00
240000116,1-12,gyeonggi,공휴일,,,09:30,09:30,00:00,00:00
240000117,1-13,gyeonggi,평일,,270,07:30,18:00,00:00,00:00
240000117,1-13,gyeonggi,토요일,,270,07:30,18:00,00:00,00:00
240000117,1-13,gyeonggi,일요일,,270,07:30,18:00,00:00,00:00
240000117,1-13,gyeonggi,공휴일,,270,07:30,18:00,00:00,00:00
240000118,2-4,gyeonggi,평일,,,16:30,16:30,17:35,17:35
240000118,2-4,gyeonggi,토요일,,,16:30,16:30,17:35,17:35
240000118,2-4,gyeonggi,일요일,,,16:30,16:30,17:35,17:35
240000118,2-4,gyeonggi,공휴일,,,16:30,16:30,17:35,17:35
240000120,3,gyeonggi,평일,,,07:35,07:35,08:10,08:10
240000120,3,gyeonggi,토요일,,,07:35,07:35,08:10,08:10
240000120,3,gyeonggi,일요일,,,07:35,07:35,08:10,08:10
240000120,3,gyeonggi,공휴일,,,07:35,07:35,08:10,08:10
240000121,4-5,gyeonggi,평일,,400,09:30,17:45,10:05,18:20
240000121,4-5,gyeonggi,토요일,,400,09:30,17:45,10:05,18:20
240000121,4-5,gyeonggi,일요일,,400,09:30,17:45,10:05,18:20
240000121,4-5,gyeonggi,공휴일,,400,09:30,17:45,10:05,18:20
240000122,2-12,gyeonggi,평일,,,06:20,06:20,00:00,00:00
240000122,2-12,gyeonggi,토요일,,,06:20,06:20,00:00,00:00
240000122,2-12,gyeonggi,일요일,,,06:20,06:20,00:00,00:00
240000122,2-12,gyeonggi,공휴일,,,06:20,06:20,00:00,00:00
240000124,6-12,gyeonggi,평일,,,06:50,06:50,07:10,07:10
240000124,6-12,gyeonggi,토요일,,,06:50,06:50,07:10,07:10
240000124,6-12,gyeonggi,일요일,,,06:50,06:50,07:10,07:10
240000124,6-12,gyeonggi,공휴일,,,06:50,06:50,07:10,07:10
240000125,11,gyeonggi,평일,,240,07:00,19:00,00:00,00:00
240000125,11,gyeonggi,토요일,,240,07:00,19:00,00:00,00:00
240000125,11,gyeonggi,일요일,,240,07:00,19:00,00:00,00:00
240000125,11,gyeonggi,공휴일,,240,07:00,19:00,00:00,00:00
240000126,1-30,gyeonggi,평일,,190,16:20,20:10,00:00,00:00
240000126,1-30,gyeonggi,토요일,,190,16:20,20:10,00:00,00:00
240000126,1-30,gyeonggi,일요일,,190,16:20,20:10,00:00,00:00
240000126,1-30,gyeonggi,공휴일,,190,16:20,20:10,00:00,00:00
240000127,1-31,gyeonggi,평일,100,120,07:10,15:00,00:00,00:00
240000127,1-31,gyeonggi,토요일,100,120,07:10,15:00,00:00,00:00
240000127,1-31,gyeonggi,일요일,100,120,07:10,15:00,00:00,00:00
240000127,1-31,gyeonggi,공휴일,100,120,07:10,15:00,00:00,00:00
240000128,1-41,gyeonggi,평일,,160,08:20,20:50,00:00,00:00
240000128,1-41,gyeonggi,토요일,,160,08:20,20:50,00:00,00:00
240000128,1-41,gyeonggi,일요일,,160,08:20,20:50,00:00,00:00
240000128,1-41,gyeonggi,공휴일,,160,08:20,20:50,00:00,00:00
240000130,1-42,gyeonggi,평일,,420,19:30,19:30,00:00,00:00
240000130,1-42,gyeonggi,토요일,,420,19:30,19:30,00:00,00:00
240000130,1-42,gyeonggi,일요일,,420,19:30,19:30,00:00,00:00
240000130,1-42,gyeonggi,공휴일,,420,19:30,19:30,00:00,00:00
240000131,1-33,gyeonggi,평일,,120,08:00,15:20,00:00,00:00
240000131,1-33,gyeonggi,토요일,,120,08:00,15:20,00:00,00:00
240000131,1-33,gyeonggi,일요일,,120,08:00,15:20,00:00,00:00
240000131,1-33,gyeonggi,공휴일,,120,08:00,15:20,00:00,00:00
240000132,1-43,gyeonggi,평일,,120,09:00,16:40,00:00,00:00
240000132,1-43,gyeonggi,토요일,,120,09:00,16:40,00:00,00:00
240000132,1-43,gyeonggi,일요일,,120,09:00,16:40,00:00,00:00
240000132,1-43,gyeonggi,공휴일,,120,09:00,16:40,00:00,00:00
240000136,5-11,gyeonggi,평일,,,06:20,06:20,00:00,00:00
240000136,5-11,gyeonggi,토요일,,,06:20,06:20,00:00,00:00
240000136,5-11,gyeonggi,일요일,,,06:20,06:20,00:00,00:00
240000136,5-11,gyeonggi,공휴일,,,06:20,06:20,00:00,00:00
240000137,5-55,gyeonggi,평일,,,18:20,18:20,19:20,19:20
240000137,5-55,gyeonggi,토요일,,,18:20,18:20,19:20,19:20
240000137,5-55,gyeonggi,일요일,,,18:20,18:20,19:20,19:20
240000137,5-55,gyeonggi,공휴일,,,18:20,18:20,19:20,19:20
240000138,5-88,gyeonggi,평일,,,07:35,07:35,00:00,00:00
240000138,5-88,gyeonggi,토요일,,,07:35,07:35,00:00,00:00
240000138,5-88,gyeonggi,일요일,,,07:35,07:35,00:00,00:00
240000138,5-88,gyeonggi,공휴일,,,07:35,07:35,00:00,00:00
240000140,3-20,gyeonggi,평일,,,06:00,07:45,20:20,21:20
240000140,3-20,gyeonggi,토요일,,,06:00,07:45,20:20,21:20
240000140,3-20,gyeonggi,일요일,,,06:00,07:45,20:20,21:20
240000140,3-20,gyeonggi,공휴일,,,06:00,07:45,20:20,21:20
240000141,8-33,gyeonggi,평일,,,17:15,17:15,17:50,17:50
240000141,8-33,gyeonggi,토요일,,,17:15,17:15,17:50,17:50
240000141,8-33,gyeonggi,일요일,,,17:15,17:15,17:50,17:50
240000141,8-33,gyeonggi,공휴일,,,17:15,17:15,17:50,17:50
240000142,8-44,gyeonggi,평일,,,10:15,19:50,10:30,20:05
240000142,8-44,gyeonggi,토요일,,,10:15,19:50,10:30,20:05
240000142,8-44,gyeonggi,일요일,,,10:15,19:50,10:30,20:05
240000142,8-44,gyeonggi,공휴일,,,10:15,19:50,10:30,20:05
240000143,8-55,gyeonggi,평일,,,06:50,14:05,07:40,15:00
240000143,8-55,gyeonggi,토요일,,,06:50,14:05,07:40,15:00
240000143,8-55,gyeonggi,일요일,,,06:50,14:05,07:40,15:00
240000143,8-55,gyeonggi,공휴일,,,06:50,14:05,07:40,15:00
240000144,9-20,gyeonggi,평일,,180,10:00,13:00,10:20,13:20
240000144,9-20,gyeonggi,토요일,,180,10:00,13:00,10:20,13:20
240000144,9-20,gyeonggi,일요일,,180,10:00,13:00,10:20,13:20
240000144,9-20,gyeonggi,공휴일,,180,10:00,13:00,10:20,13:20
240000145,9-30,gyeonggi,평일,,160,08:35,14:40,08:50,14:55
240000145,9-30,gyeonggi,토요일,,160,08:35,14:40,08:50,14:55
240000145,9-30,gyeonggi,일요일,,160,08:35,14:40,08:50,14:55
240000145,9-30,gyeonggi,공휴일,,160,08:35,14:40,08:50,14:55
240000146,30,gyeonggi,평일,70,85,07:45,17:30,08:00,17:55
240000146,30,gyeonggi,토요일,70,85,07:45,17:30,08:00,17:55
240000146,30,gyeonggi,일요일,70,85,07:45,17:30,08:00,17:55
240000146,30,gyeonggi,공휴일,70,85,07:45,17:30,08:00,17:55
240000147,5-6,gyeonggi,평일,,,06:30,06:30,07:00,07:00
240000147,5-6,gyeonggi,토요일,,,06:30,06:30,07:00,07:00
240000147,5-6,gyeonggi,일요일,,,06:30,06:30,07:00,07:00
240000147,5-6,gyeonggi,공휴일,,,06:30,06:30,07:00,07:00
240000148,1-23,gyeonggi,평일,,,12:30,12:30,00:00,00:00
240000148,1-23,gyeonggi,토요일,,,12:30,12:30,00:00,00:00
240000148,1-23,gyeonggi,일요일,,,12:30,12:30,00:00,00:00
240000148,1-23,gyeonggi,공휴일,,,12:30,12:30,00:00,00:00
240000149,1-53,gyeonggi,평일,,,09:20,09:20,09:20,09:20
240000149,1-53,gyeonggi,토요일,,,09:20,09:20,09:20,09:20
240000149,1-53,gyeonggi,일요일,,,09:20,09:20,09:20,09:20
240000149,1-53,gyeonggi,공휴일,,,09:20,09:20,09:20,09:20
240000150,1-63,gyeonggi,평일,,,10:40,10:40,10:40,10:40
240000150,1-63,gyeonggi,토요일,,,10:40,10:40,10:40,10:40
240000150,1-63,gyeonggi,일요일,,,10:40,10:40,10:40,10:40
240000150,1-63,gyeonggi,공휴일,,,10:40,10:40,10:40,10:40
240000151,77-2,gyeonggi,평일,,270,10:00,19:00,10:20,19:20
240000151,77-2,gyeonggi,토요일,,270,10:00,19:00,10:20,19:20
240000151,77-2,gyeonggi,일요일,,270,10:00,19:00,10:20,19:20
240000151,77-2,gyeonggi,공휴일,,270,10:00,19:00,10:20,19:20
240000152,77-7,gyeonggi,평일,,,13:10,13:10,13:25,13:25
240000152,77-7,gyeonggi,토요일,,,13:10,13:10,13:25,13:25
240000152,77-7,gyeonggi,일요일,,,13:10,13:10,13:25,13:25
240000152,77-7,gyeonggi,공휴일,,,13:10,13:10,13:25,13:25
240000153,77-8,gyeonggi,평일,,90,08:30,14:00,08:55,14:25
240000153,77-8,gyeonggi,토요일,,90,08:30,14:00,08:55,14:25
240000153,77-8,gyeonggi,일요일,,90,08:30,14:00,08:55,14:25
240000153,77-8,gyeonggi,공휴일,,90,08:30,14:00,08:55,14:25
240000154,22-1,gyeonggi,평일,,180,11:20,20:40,12:40,20:00
240000154,22-1,gyeonggi,토요일,,180,11:20,20:40,12:40,20:00
240000154,22-1,gyeonggi,일요일,,180,11:20,20:40,12:40,20:00
240000154,22-1,gyeonggi,공휴일,,180,11:20,20:40,12:40,20:00
240000155,22-2,gyeonggi,평일,,360,09:45,16:10,09:55,16:20
240000155,22-2,gyeonggi,토요일,,360,09:45,16:10,09:55,16:20
240000155,22-2,gyeonggi,일요일,,360,09:45,16:10,09:55,16:20
240000155,22-2,gyeonggi,공휴일,,360,09:45,16:10,09:55,16:20
240000156,22-3,gyeonggi,평일,,360,07:50,18:10,08:10,18:30
240000156,22-3,gyeonggi,토요일,,360,07:50,18:10,08:10,18:30
240000156,22-3,gyeonggi,일요일,,360,07:50,18:10,08:10,18:30
240000156,22-3,gyeonggi,공휴일,,360,07:50,18:10,08:10,18:30
240000157,22-4,gyeonggi,평일,,,21:30,21:30,21:50,21:50
240000157,22-4,gyeonggi,토요일,,,21:30,21:30,21:50,21:50
240000157,22-4,gyeonggi,일요일,,,21:30,21:30,21:50,21:50
240000157,22-4,gyeonggi,공휴일,,,21:30,21:30,21:50,21:50
240000158,22-5,gyeonggi,평일,,,06:30,06:30,07:25,07:25
240000158,22-5,gyeonggi,토요일,,,06:30,06:30,07:25,07:25
240000158,22-5,gyeonggi,일요일,,,06:30,06:30,07:25,07:25
240000158,22-5,gyeonggi,공휴일,,,06:30,06:30,07:25,07:25
240000159,77,gyeonggi,평일,,,07:15,07:15,00:00,00:00
240000159,77,gyeonggi,토요일,,,07:15,07:15,00:00,00:00
240000159,77,gyeonggi,일요일,,,07:15,07:15,00:00,00:00
240000159,77,gyeonggi,공휴일,,,07:15,07:15,00:00,00:00
240000160,77-1,gyeonggi,평일,,,07:35,07:35,08:00,08:00
240000160,77-1,gyeonggi,토요일,,,07:35,07:35,08:00,08:00
240000160,77-1,gyeonggi,일요일,,,07:35,07:35,08:00,08:00
240000160,77-1,gyeonggi,공휴일,,,07:35,07:35,08:00,08:00
240000161,77-5,gyeonggi,평일,,,16:00,16:00,00:00,00:00
240000161,77-5,gyeonggi,토요일,,,16:00,16:00,00:00,00:00
240000161,77-5,gyeonggi,일요일,,,16:00,16:00,00:00,00:00
240000161,77-5,gyeonggi,공휴일,,,16:00,16:00,00:00,00:00
240000162,77-10,gyeonggi,평일,,,17:20,17:20,17:40,17:40
240000162,77-10,gyeonggi,토요일,,,17:20,17:20,17:40,17:40
240000162,77-10,gyeonggi,일요일,,,17:20,17:20,17:40,17:40
240000162,77-10,gyeonggi,공휴일,,,17:20,17:20,17:40,17:40
240000163,88-1,gyeonggi,평일,,,06:35,06:35,00:00,00:00
240000163,88-1,gyeonggi,토요일,,,06:35,06:35,00:00,00:00
240000163,88-1,gyeonggi,일요일,,,06:35,06:35,00:00,00:00
240000163,88-1,gyeonggi,공휴일,,,06:35,06:35,00:00,00:00
240000164,88-2,gyeonggi,평일,,,07:15,07:15,08:00,08:00
240000164,88-2,gyeonggi,토요일,,,07:15,07:15,08:00,08:00
240000164,88-2,gyeonggi,일요일,,,07:15,07:15,08:00,08:00
240000164,88-2,gyeonggi,공휴일,,,07:15,07:15,08:00,08:00
240000165,88-3,gyeonggi,평일,,,09:40,12:30,10:40,13:30
240000165,88-3,gyeonggi,토요일,,,09:40,12:30,10:40,13:30
240000165,88-3,gyeonggi,일요일,,,09:40,12:30,10:40,13:30
240000165,88-3,gyeonggi,공휴일,,,09:40,12:30,10:40,13:30
240000167,88-5,gyeonggi,평일,,,16:45,16:45,00:00,00:00
240000167,88-5,gyeonggi,토요일,,,16:45,16:45,00:00,00:00
240000167,88-5,gyeonggi,일요일,,,16:45,16:45,00:00,00:00
240000167,88-5,gyeonggi,공휴일,,,16:45,16:45,00:00,00:00
240000168,88-6,gyeonggi,평일,,,17:45,17:45,18:40,18:40
240000168,88-6,gyeonggi,토요일,,,17:45,17:45,18:40,18:40
240000168,88-6,gyeonggi,일요일,,,17:45,17:45,18:40,18:40
240000168,88-6,gyeonggi,공휴일,,,17:45,17:45,18:40,18:40
240000170,40-9,gyeonggi,평일,,,10:30,20:00,11:00,20:30
240000170,40-9,gyeonggi,토요일,,,10:30,20:00,11:00,20:30
240000170,40-9,gyeonggi,일요일,,,10:30,20:00,11:00,20:30
240000170,40-9,gyeonggi,공휴일,,,10:30,20:00,11:00,20:30
240000173,40-1,gyeonggi,평일,,,07:00,07:00,07:30,07:30
240000173,40-1,gyeonggi,토요일,,,07:00,07:00,07:30,07:30
240000173,40-1,gyeonggi,일요일,,,07:00,07:00,07:30,07:30
240000173,40-1,gyeonggi,공휴일,,,07:00,07:00,07:30,07:30
240000174,G9311,gyeonggi,평일,60,180,06:00,19:00,07:30,20:30
240000174,G9311,gyeonggi,토요일,60,180,07:00,18:00,08:30,19:30
240000174,G9311,gyeonggi,일요일,60,180,07:00,18:00,08:30,19:30
240000174,G9311,gyeonggi,공휴일,60,180,07:00,18:00,08:30,19:30
240000175,10-7,gyeonggi,평일,,,12:00,12:00,12:20,12:20
240000175,10-7,gyeonggi,토요일,,,12:00,12:00,12:20,12:20
240000175,10-7,gyeonggi,일요일,,,12:00,12:00,12:20,12:20
240000175,10-7,gyeonggi,공휴일,,,12:00,12:00,12:20,12:20
240000176,30-5,gyeonggi,평일,,270,09:00,18:00,09:35,18:35
240000176,30-5,gyeonggi,토요일,,270,09:00,18:00,09:35,18:35
240000176,30-5,gyeonggi,일요일,,270,09:00,18:00,09:35,18:35
240000176,30-5,gyeonggi,공휴일,,270,09:00,18:00,09:35,18:35
240000177,40-6,gyeonggi,평일,,,07:10,15:30,07:40,16:00
240000177,40-6,gyeonggi,토요일,,,07:10,15:30,07:40,16:00
240000177,40-6,gyeonggi,일요일,,,07:10,15:30,07:40,16:00
240000177,40-6,gyeonggi,공휴일,,,07:10,15:30,07:40,16:00
240000178,50-2,gyeonggi,평일,,250,11:00,15:10,11:30,15:40
240000178,50-2,gyeonggi,토요일,,250,11:00,15:10,11:30,15:40
240000178,50-2,gyeonggi,일요일,,250,11:00,15:10,11:30,15:40
240000178,50-2,gyeonggi,공휴일,,250,11:00,15:10,11:30,15:40
240000179,77-4,gyeonggi,평일,,,11:00,11:00,11:20,11:20
240000179,77-4,gyeonggi,토요일,,,11:00,11:00,11:20,11:20
240000179,77-4,gyeonggi,일요일,,,11:00,11:00,11:20,11:20
240000179,77-4,gyeonggi,공휴일,,,11:00,11:00,11:20,11:20
240000180,77-9,gyeonggi,평일,,,06:35,06:35,06:55,06:55
240000180,77-9,gyeonggi,토요일,,,00:00,00:00,00:00,00:00
240000180,77-9,gyeonggi,일요일,,,00:00,00:00,00:00,00:00
240000180,77-9,gyeonggi,공휴일,,,00:00,00:00,00:00,00:00
240000181,22-7,gyeonggi,평일,,,08:55,08:55,09:20,09:20
240000181,22-7,gyeonggi,토요일,,,08:55,08:55,09:20,09:20
240000181,22-7,gyeonggi,일요일,,,08:55,08:55,09:20,09:20
240000181,22-7,gyeonggi,공휴일,,,08:55,08:55,09:20,09:20
240000182,22-8,gyeonggi,평일,,,13:30,19:20,13:40,19:30
240000182,22-8,gyeonggi,토요일,,,13:30,19:20,13:40,19:30
240000182,22-8,gyeonggi,일요일,,,13:30,19:20,13:40,19:30
240000182,22-8,gyeonggi,공휴일,,,13:30,19:20,13:40,19:30
240000183,22-6,gyeonggi,평일,,,20:20,20:20,21:00,21:00
240000183,22-6,gyeonggi,토요일,,,20:20,20:20,21:00,21:00
240000183,22-6,gyeonggi,일요일,,,20:20,20:20,21:00,21:00
240000183,22-6,gyeonggi,공휴일,,,20:20,20:20,21:00,21:00
240000184,30-1,gyeonggi,평일,,180,10:00,16:00,10:35,16:35
240000184,30-1,gyeonggi,토요일,,180,10:00,16:00,10:35,16:35
240000184,30-1,gyeonggi,일요일,,180,10:00,16:00,10:35,16:35
240000184,30-1,gyeonggi,공휴일,,180,10:00,16:00,10:35,16:35
240000185,2-13,gyeonggi,평일,,,21:00,21:00,21:30,21:30
240000185,2-13,gyeonggi,토요일,,,21:00,21:00,21:30,21:30
240000185,2-13,gyeonggi,일요일,,,21:00,21:00,21:30,21:30
240000185,2-13,gyeonggi,공휴일,,,21:00,21:00,21:30,21:30
240000186,77-11,gyeonggi,평일,,,14:20,14:20,14:40,14:40
240000186,77-11,gyeonggi,토요일,,,14:20,14:20,14:40,14:40
240000186,77-11,gyeonggi,일요일,,,14:20,14:20,14:40,14:40
240000186,77-11,gyeonggi,공휴일,,,14:20,14:20,14:40,14:40
240000187,22-9,gyeonggi,평일,,,10:30,10:30,11:20,11:20
240000187,22-9,gyeonggi,토요일,,,10:30,10:30,11:20,11:20
240000187,22-9,gyeonggi,일요일,,,10:30,10:30,11:20,11:20
240000187,22-9,gyeonggi,공휴일,,,10:30,10:30,11:20,11:20
240000188,77-6,gyeonggi,평일,,,15:40,15:40,16:15,16:15
240000188,77-6,gyeonggi,토요일,,,15:40,15:40,16:15,16:15
240000188,77-6,gyeonggi,일요일,,,15:40,15:40,16:15,16:15
240000188,77-6,gyeonggi,공휴일,,,15:40,15:40,16:15,16:15
240000190,77-3,gyeonggi,평일,,,08:10,08:10,09:00,09:00
240000190,77-3,gyeonggi,토요일,,,08:10,08:10,09:00,09:00
240000190,77-3,gyeonggi,일요일,,,08:10,08:10,09:00,09:00
240000190,77-3,gyeonggi,공휴일,,,08:10,08:10,09:00,09:00
240000191,22-10,gyeonggi,평일,,,18:00,18:00,18:50,18:50
240000191,22-10,gyeonggi,토요일,,,18:00,18:00,18:50,18:50
240000191,22-10,gyeonggi,일요일,,,18:00,18:00,18:50,18:50
240000191,22-10,gyeonggi,공휴일,,,18:00,18:00,18:50,18:50
240000192,3-1,gyeonggi,평일,,,08:30,08:30,08:50,08:50
240000192,3-1,gyeonggi,토요일,,,08:30,08:30,08:50,08:50
240000192,3-1,gyeonggi,일요일,,,08:30,08:30,08:50,08:50
240000192,3-1,gyeonggi,공휴일,,,08:30,08:30,08:50,08:50
240000193,7-6,gyeonggi,평일,,,06:40,19:40,06:55,19:55
240000193,7-6,gyeonggi,토요일,,,06:40,19:40,06:55,19:55
240000193,7-6,gyeonggi,일요일,,,06:40,19:40,06:55,19:55
240000193,7-6,gyeonggi,공휴일,,,06:40,19:40,06:55,19:55
240000195,33-1,gyeonggi,평일,,120,10:00,18:30,10:30,19:00
240000196,33-2,gyeonggi,토요일,50,60,08:10,16:50,08:40,17:20
240000196,33-2,gyeonggi,일요일,50,60,08:10,16:50,08:40,17:20
240000196,33-2,gyeonggi,공휴일,50,60,08:10,16:50,08:40,17:20
240000197,33-3,gyeonggi,토요일,,,07:50,07:50,17:50,17:50
240000197,33-3,gyeonggi,일요일,,,07:50,07:50,17:50,17:50
240000197,33-3,gyeonggi,공휴일,,,07:50,07:50,17:50,17:50
240000199,33-4,gyeonggi,평일,,,16:20,16:40,17:00,17:20
240000200,33-5,gyeonggi,평일,,,08:00,08:00,08:25,08:25
240000201,33-6,gyeonggi,평일,,,07:10,07:10,19:30,19:30
240000203,1-14,gyeonggi,평일,,,18:30,18:30,18:30,18:30
240000203,1-14,gyeonggi,토요일,,,18:30,18:30,18:30,18:30
240000203,1-14,gyeonggi,일요일,,,18:30,18:30,18:30,18:30
240000203,1-14,gyeonggi,공휴일,,,18:30,18:30,18:30,18:30
240000204,5-10,gyeonggi,평일,,,10:20,10:20,08:30,10:10
240000204,5-10,gyeonggi,토요일,,,10:20,10:20,08:30,10:10
240000204,5-10,gyeonggi,일요일,,,10:20,10:20,08:30,10:10
240000204,5-10,gyeonggi,공휴일,,,10:20,10:20,08:30,10:10
240000205,11-1,gyeonggi,평일,,,15:30,15:30,15:30,15:30
240000205,11-1,gyeonggi,토요일,,,15:30,15:30,15:30,15:30
240000205,11-1,gyeonggi,일요일,,,15:30,15:30,15:30,15:30
240000205,11-1,gyeonggi,공휴일,,,15:30,15:30,15:30,15:30
240000206,1-45,gyeonggi,평일,,,12:30,12:30,12:30,12:30
240000206,1-45,gyeonggi,토요일,,,12:30,12:30,12:30,12:30
240000206,1-45,gyeonggi,일요일,,,12:30,12:30,12:30,12:30
240000206,1-45,gyeonggi,공휴일,,,12:30,12:30,12:30,12:30
240000207,1-44,gyeonggi,평일,,,15:45,15:45,15:45,15:45
240000207,1-44,gyeonggi,토요일,,,15:45,15:45,15:45,15:45
240000207,1-44,gyeonggi,일요일,,,15:45,15:45,15:45,15:45
240000207,1-44,gyeonggi,공휴일,,,15:45,15:45,15:45,15:45
240000208,1-32,gyeonggi,평일,,240,08:50,19:20,08:50,19:20
240000208,1-32,gyeonggi,토요일,,240,08:50,19:20,08:50,19:20
240000208,1-32,gyeonggi,일요일,,240,08:50,19:20,08:50,19:20
240000208,1-32,gyeonggi,공휴일,,240,08:50,19:20,08:50,19:20
240000209,40-7,gyeonggi,평일,90,240,08:40,21:50,09:10,22:10
240000210,40-8,gyeonggi,평일,30,30,17:40,21:40,17:50,21:50
240000211,40-5,gyeonggi,평일,95,210,08:10,17:10,08:50,17:25
240000212,40-2,gyeonggi,평일,,,09:30,09:30,09:50,09:50
240000213,40-3,gyeonggi,평일,,,10:50,13:40,11:00,14:10
240000214,40-4,gyeonggi,평일,,420,10:10,20:10,10:30,20:40
240000215,31,gyeonggi,평일,2,4,07:10,18:30,07:40,19:00
240000215,31,gyeonggi,토요일,2,4,07:10,18:30,07:40,19:00
240000215,31,gyeonggi,일요일,2,4,07:10,18:30,07:40,19:00
240000215,31,gyeonggi,공휴일,2,4,07:10,18:30,07:40,19:00
240000216,31-1,gyeonggi,평일,1,,07:50,07:50,08:15,08:15
240000216,31-1,gyeonggi,토요일,1,,07:50,07:50,08:15,08:15
240000216,31-1,gyeonggi,일요일,1,,07:50,07:50,08:15,08:15
240000216,31-1,gyeonggi,공휴일,1,,07:50,07:50,08:15,08:15
240000217,31-2,gyeonggi,평일,,1,12:10,12:10,12:25,12:25
240000217,31-2,gyeonggi,토요일,,1,12:10,12:10,12:25,12:25
240000217,31-2,gyeonggi,일요일,,1,12:10,12:10,12:25,12:25
240000217,31-2,gyeonggi,공휴일,,1,12:10,12:10,12:25,12:25
240000218,31-3,gyeonggi,평일,2,4,08:25,19:10,08:40,19:25
240000218,31-3,gyeonggi,토요일,2,4,08:25,19:10,08:40,19:25
240000218,31-3,gyeonggi,일요일,2,4,08:25,19:10,08:40,19:25
240000218,31-3,gyeonggi,공휴일,2,4,08:25,19:10,08:40,19:25
240000219,2301,gyeonggi,평일,60,90,06:00,21:00,06:50,21:50
240000219,2301,gyeonggi,토요일,60,90,06:00,21:00,06:50,21:50
240000219,2301,gyeonggi,일요일,60,90,06:00,21:00,06:50,21:50
240000219,2301,gyeonggi,공휴일,60,90,06:00,21:00,06:50,21:50
241000010,1329,gyeonggi,평일,110,150,05:40,20:45,06:10,22:00
241000020,1333,gyeonggi,평일,90,120,06:40,20:10,07:00,20:30
241000820,8147,gyeonggi,평일,80,100,07:30,21:00,05:50,19:00
241000820,8147,gyeonggi,일요일,80,100,07:30,21:00,05:50,19:00
241000830,1801,gyeonggi,평일,80,120,06:30,21:00,06:30,22:00
241000830,1801,gyeonggi,일요일,80,120,06:30,21:00,06:30,22:00
241002020,8543,gyeonggi,평일,115,120,07:40,17:30,08:45,18:40
241002400,8806,gyeonggi,평일,20,20,07:35,18:55,05:50,20:05
241002570,8830,gyeonggi,평일,60,60,06:30,18:10,06:30,21:00
241003000,4800,gyeonggi,평일,150,180,04:30,18:00,07:45,21:30
241003000,4800,gyeonggi,일요일,150,180,04:30,18:00,07:45,21:30
241003070,7500,gyeonggi,평일,90,90,05:30,17:55,07:35,20:00
241003070,7500,gyeonggi,일요일,90,90,05:30,17:55,07:35,20:00
241003090,8801,gyeonggi,평일,90,90,07:10,07:10,17:30,17:30
241003090,8801,gyeonggi,일요일,90,90,07:10,07:10,17:30,17:30
241003280,1336,gyeonggi,평일,100,120,06:30,20:00,06:30,20:00
241003280,1336,gyeonggi,일요일,100,120,06:30,20:00,06:30,20:00
241003320,8131,gyeonggi,평일,40,40,06:50,21:50,06:05,21:20
241003550,8835,gyeonggi,평일,110,140,05:03,12:50,09:35,16:50
241003550,8835,gyeonggi,일요일,110,140,05:03,12:50,09:35,16:50
241003980,8822,gyeonggi,평일,360,360,04:30,16:20,07:40,20:10
241004220,3001,gyeonggi,평일,100,120,05:50,20:20,05:40,21:00
241004230,3002,gyeonggi,평일,145,145,06:40,18:30,07:00,19:00
241004230,3002,gyeonggi,일요일,145,145,06:40,18:30,07:00,19:00
241004280,3000,gyeonggi,평일,100,100,07:20,20:00,07:00,19:30
241004280,3000,gyeonggi,일요일,100,100,07:20,20:00,07:00,19:30
241004750,8218,gyeonggi,평일,210,240,06:50,19:40,07:10,20:00
241004760,8862,gyeonggi,평일,110,130,10:20,21:00,07:45,18:20
241004760,8862,gyeonggi,일요일,110,130,10:20,21:00,07:45,18:20
241004790,8211,gyeonggi,평일,80,100,06:50,20:40,07:20,21:20
241004810,8366,gyeonggi,평일,110,120,06:30,20:20,06:50,21:00
241004840,8342,gyeonggi,평일,120,140,07:20,17:50,10:00,20:00
241004850,8839,gyeonggi,평일,100,130,07:10,18:10,10:05,21:05
241004850,8839,gyeonggi,일요일,100,130,07:10,18:10,10:05,21:05
241004860,8423,gyeonggi,평일,140,200,07:10,19:30,06:30,19:30
241004860,8423,gyeonggi,일요일,140,200,07:10,19:30,06:30,19:30
241004880,8424,gyeonggi,평일,140,200,06:30,21:00,06:40,21:00
241004880,8424,gyeonggi,일요일,140,200,06:30,21:00,06:40,21:00
241004890,8165,gyeonggi,평일,110,120,05:20,20:30,07:05,22:00
241004900,8852,gyeonggi,평일,120,150,04:15,20:35,05:50,22:55
241005840,8849,gyeonggi,평일,140,160,04:30,15:00,08:05,18:35
241005840,8849,gyeonggi,일요일,140,160,04:30,15:00,08:05,18:35
241005870,8842,gyeonggi,평일,200,200,04:00,19:00,07:00,23:00
241005870,8842,gyeonggi,일요일,200,200,04:00,19:00,07:00,23:00
241005890,8844,gyeonggi,평일,135,165,04:30,19:00,08:00,22:30
241005890,8844,gyeonggi,일요일,135,165,04:30,19:00,08:00,22:30
241005900,7100,gyeonggi,평일,185,195,04:30,16:30,08:30,20:35
241005900,7100,gyeonggi,일요일,185,195,04:30,16:30,08:30,20:35
241005910,5100,gyeonggi,평일,80,100,04:30,20:15,06:00,22:25
241005910,5100,gyeonggi,일요일,80,100,04:30,20:15,06:00,22:25
241005920,5300,gyeonggi,평일,80,130,04:10,19:20,06:20,22:00
241005920,5300,gyeonggi,일요일,80,130,04:10,19:20,06:20,22:00
241005930,8928,gyeonggi,평일,190,220,06:30,18:25,08:20,17:30
241005930,8928,gyeonggi,일요일,190,220,06:30,18:25,08:20,17:30
241005950,7400,gyeonggi,평일,80,100,04:20,21:20,06:10,23:30
241005950,7400,gyeonggi,일요일,80,100,04:20,21:20,06:10,23:30
241005970,7200,gyeonggi,평일,120,140,04:10,21:00,06:40,23:20
241005970,7200,gyeonggi,일요일,120,140,04:10,21:00,06:40,23:20
241005980,8829,gyeonggi,평일,150,180,04:40,19:10,07:30,22:30
241005980,8829,gyeonggi,일요일,150,180,04:40,19:10,07:30,22:30
241005990,5400,gyeonggi,평일,125,125,04:45,15:00,08:40,17:40
241005990,5400,gyeonggi,일요일,125,125,04:45,15:00,08:40,17:40
241006050,5600,gyeonggi,평일,150,180,04:30,16:00,07:30,19:50
241006050,5600,gyeonggi,일요일,150,180,04:30,16:00,07:30,19:50
241006140,8327,gyeonggi,평일,150,200,06:40,21:10,06:20,21:30
241006140,8327,gyeonggi,일요일,150,200,06:40,21:10,06:20,21:30
241006190,1309,gyeonggi,평일,90,180,06:30,22:00,06:10,21:30
241006190,1309,gyeonggi,일요일,90,180,06:30,22:00,06:10,21:30
241006200,1312,gyeonggi,평일,120,240,06:00,20:55,06:00,21:30
241006200,1312,gyeonggi,일요일,120,240,06:00,20:55,06:00,21:30
241006340,8851,gyeonggi,평일,80,90,05:15,19:50,06:40,21:50
241006340,8851,gyeonggi,일요일,80,90,05:15,19:50,06:40,21:50
241006580,7000,gyeonggi,평일,50,60,04:30,20:30,06:25,22:20
241006580,7000,gyeonggi,일요일,50,60,04:30,20:30,06:25,22:20
241006590,7001,gyeonggi,평일,60,80,05:00,21:00,06:20,22:30
241006771,5200-1,gyeonggi,평일,80,80,04:50,20:40,06:20,22:50
241006771,5200-1,gyeonggi,일요일,80,80,04:50,20:40,06:25,22:50
241006777,8843,gyeonggi,평일,110,130,04:40,16:40,08:10,20:40
241006777,8843,gyeonggi,일요일,110,130,04:40,16:40,08:10,20:40
241006781,5400-1,gyeonggi,평일,110,110,06:10,19:00,06:10,21:30
241006781,5400-1,gyeonggi,일요일,110,110,04:10,19:00,06:10,21:30
241006807,3001-1,gyeonggi,평일,125,125,06:00,19:30,05:55,18:55
241006807,3001-1,gyeonggi,일요일,125,125,06:00,19:30,05:55,18:55
241006811,5000,gyeonggi,평일,140,170,04:30,20:00,06:35,22:10
241006818,8343,gyeonggi,평일,90,120,06:20,20:10,07:30,21:40
241006856,8308,gyeonggi,평일,70,100,09:00,18:00,07:00,15:45
241006856,8308,gyeonggi,일요일,70,100,09:00,18:00,07:00,15:45
241006868,8877,gyeonggi,평일,110,120,04:30,17:30,06:30,20:10
241006868,8877,gyeonggi,일요일,110,120,04:30,17:30,06:30,20:10
241006878,8326,gyeonggi,평일,120,140,06:00,18:00,08:50,20:50
241006889,8837,gyeonggi,평일,120,150,04:00,19:00,07:05,22:00
241006889,8837,gyeonggi,일요일,120,150,04:00,19:00,07:05,22:00
241006894,8864,gyeonggi,평일,150,180,04:20,19:50,07:50,23:10
241006894,8864,gyeonggi,일요일,150,180,04:20,19:50,07:50,23:10
241007060,8114,gyeonggi,평일,60,70,09:10,15:40,10:40,17:30
241007060,8114,gyeonggi,일요일,60,70,09:10,15:40,10:40,17:30
241007061,8143,gyeonggi,평일,80,90,06:20,21:30,06:40,21:20
241007069,5500,gyeonggi,평일,160,180,04:30,14:00,08:25,18:30
241007069,5500,gyeonggi,일요일,160,180,04:30,14:00,08:25,18:30
241007070,4000,gyeonggi,평일,100,120,05:30,20:30,08:20,22:40
241007070,4000,gyeonggi,일요일,100,120,05:30,20:30,08:20,22:40
241007071,4100,gyeonggi,평일,100,130,04:45,20:20,07:05,22:50
241007071,4100,gyeonggi,일요일,100,130,04:45,20:20,07:05,22:50
241007073,4100-2,gyeonggi,평일,100,130,05:00,17:40,07:35,20:25
241007073,4100-2,gyeonggi,일요일,100,130,05:00,17:40,07:35,20:25
241007074,4200,gyeonggi,평일,70,110,05:00,20:45,07:10,22:50
241007074,4200,gyeonggi,일요일,70,110,05:00,20:45,07:10,22:50
241007075,4200-1,gyeonggi,평일,70,110,04:45,19:20,07:05,21:55
241007076,4300,gyeonggi,평일,80,120,05:00,20:30,08:30,23:00
241007076,4300,gyeonggi,일요일,80,120,05:00,20:30,08:30,23:00
241007077,4300-1,gyeonggi,평일,70,120,05:00,14:10,11:40,21:20
241007077,4300-1,gyeonggi,일요일,70,120,05:00,14:10,11:40,21:20
241007164,7600,gyeonggi,평일,180,200,04:30,16:00,08:40,20:20
241007164,7600,gyeonggi,일요일,180,200,04:30,16:00,08:40,20:20
241007212,N7200,gyeonggi,평일,110,120,22:00,02:00,00:10,03:50
241007212,N7200,gyeonggi,일요일,110,120,22:00,02:00,00:10,03:50
241007213,N5300,gyeonggi,평일,100,120,21:30,02:00,00:10,03:50
241007213,N5300,gyeonggi,일요일,100,120,21:30,02:00,00:10,03:50
241007215,N4000,gyeonggi,평일,110,120,03:50,20:00,07:00,23:00
241007215,N4000,gyeonggi,일요일,110,120,03:50,20:00,07:00,23:00
241007216,N7000,gyeonggi,평일,90,120,02:10,22:10,03:50,00:10
241007216,N7000,gyeonggi,일요일,90,120,02:10,22:10,03:50,00:10
241007235,8830-1,gyeonggi,평일,110,130,06:40,20:00,06:40,19:30
241007235,8830-1,gyeonggi,일요일,110,130,06:40,20:00,06:40,19:30
241007238,4300-2,gyeonggi,평일,80,100,05:00,14:00,11:50,20:40
241007238,4300-2,gyeonggi,일요일,80,100,05:00,14:00,11:50,20:40
241007242,8840,gyeonggi,평일,120,150,04:10,18:50,06:20,21:20
241007242,8840,gyeonggi,일요일,120,150,04:10,18:50,06:20,21:20
241007243,N8842,gyeonggi,평일,200,200,21:00,02:00,00:10,03:50
241007243,N8842,gyeonggi,일요일,200,200,21:00,02:00,00:10,03:50
241007244,N7001,gyeonggi,평일,80,120,04:10,21:10,06:00,23:10
241007244,N7001,gyeonggi,일요일,80,120,04:10,21:10,06:00,23:10
241007251,N8844,gyeonggi,평일,110,120,21:30,02:00,00:10,03:50
241007251,N8844,gyeonggi,일요일,110,120,21:30,02:00,00:10,03:50
241007253,4400,gyeonggi,평일,70,180,04:10,15:50,06:30,19:05
241007253,4400,gyeonggi,일요일,70,180,04:10,15:50,06:30,19:05
241007256,N8843,gyeonggi,평일,130,150,21:00,02:00,00:10,03:50
241007256,N8843,gyeonggi,일요일,130,150,21:00,02:00,00:10,03:50
241007258,N8877,gyeonggi,평일,110,120,21:30,02:00,00:10,03:50
241007258,N8877,gyeonggi,일요일,110,120,21:30,02:00,00:10,03:50
241007261,8848,gyeonggi,평일,130,150,05:10,17:00,07:40,19:50
241007261,8848,gyeonggi,일요일,130,150,05:10,17:00,07:40,19:50
241007263,8282,gyeonggi,평일,120,150,04:15,17:55,06:55,20:15
241007263,8282,gyeonggi,일요일,120,150,04:15,17:55,06:55,20:15
241007264,8834-1,gyeonggi,평일,170,200,06:50,17:30,11:40,21:00
241007264,8834-1,gyeonggi,일요일,170,200,06:50,17:30,11:40,21:00
241007265,3200,gyeonggi,평일,120,150,04:00,20:20,06:00,22:50
241007265,3200,gyeonggi,일요일,120,150,04:00,20:20,06:00,22:50
241007269,9203-1,gyeonggi,평일,170,190,05:00,15:40,00:00,00:00
241007269,9203-1,gyeonggi,일요일,170,190,05:00,15:40,00:00,00:00
241007270,8135,gyeonggi,평일,90,120,06:00,19:00,08:10,21:00
241007270,8135,gyeonggi,일요일,90,120,06:00,19:00,08:10,21:00
241007272,8145,gyeonggi,평일,110,130,06:20,17:20,08:50,20:00
241007272,8145,gyeonggi,일요일,110,130,06:20,17:20,08:50,20:00
241007274,N5700,gyeonggi,평일,90,100,22:00,02:00,01:00,03:50
241007274,N5700,gyeonggi,일요일,90,100,22:00,02:00,01:00,03:50
241007276,7200-1,gyeonggi,평일,120,140,04:50,21:40,07:20,23:50
241007276,7200-1,gyeonggi,일요일,120,140,04:50,21:40,07:20,23:50
241201001,1,gyeonggi,평일,13,45,06:00,22:30,,
241201001,1,gyeonggi,일요일,18,50,06:00,22:30,,
241201002,2,gyeonggi,평일,60,90,07:00,08:00,,
241201002,2,gyeonggi,일요일,60,90,07:00,08:00,,
241201005,6,gyeonggi,평일,14,90,06:00,22:40,05:20,22:20
241201005,6,gyeonggi,일요일,20,90,06:00,22:40,05:20,22:20
241201006,7,gyeonggi,평일,24,50,07:00,19:25,07:00,19:25
241201006,7,gyeonggi,일요일,40,55,07:00,19:25,07:00,19:25
241202001,2-1,gyeonggi,평일,6,15,06:00,23:30,05:50,23:20
241202001,2-1,gyeonggi,일요일,15,20,06:00,23:30,06:00,23:20
241202003,2-5,gyeonggi,평일,12,20,05:50,23:00,06:00,23:00
241202003,2-5,gyeonggi,일요일,15,20,06:00,23:00,06:00,23:00
241203001,21,gyeonggi,평일,7,10,06:00,22:30,06:00,22:30
241203001,21,gyeonggi,일요일,15,25,06:00,22:30,06:00,22:30
241204001,27,gyeonggi,평일,35,45,05:25,22:11,06:10,22:51
241204001,27,gyeonggi,일요일,35,45,05:25,22:11,06:10,22:51
241204003,27-1,gyeonggi,평일,10,16,05:55,21:26,06:00,22:28
241204003,27-1,gyeonggi,일요일,17,25,05:55,22:03,06:00,22:28
241204004,27-2,gyeonggi,평일,15,18,05:35,22:15,06:20,22:55
241204004,27-2,gyeonggi,일요일,26,30,05:35,22:15,06:20,22:55
241204007,27-3,gyeonggi,평일,16,30,05:50,22:24,05:52,22:43
241204007,27-3,gyeonggi,일요일,25,45,06:10,22:35,06:05,22:54
241204009,27-6,gyeonggi,평일,14,23,05:45,22:30,06:10,22:56
241204009,27-6,gyeonggi,일요일,19,30,05:45,22:30,06:10,22:56
241204011,27-7,gyeonggi,평일,15,40,06:30,21:40,07:00,22:10
241204011,27-7,gyeonggi,일요일,15,40,06:30,21:40,07:00,22:10
241205032,동탄역5(출근),gyeonggi,평일,15,15,07:45,08:00,,
241205033,동탄역5(퇴근),gyeonggi,평일,20,20,18:45,19:00,,
241205034,동탄역7(출근),gyeonggi,평일,,,07:30,07:10,,
241205035,동탄역7(퇴근),gyeonggi,평일,,,19:00,19:00,,
241206001,28,gyeonggi,평일,40,65,05:45,22:05,06:30,22:55
241206001,28,gyeonggi,일요일,40,65,05:45,22:05,06:30,22:55
241206002,50,gyeonggi,평일,20,100,05:20,22:00,05:50,22:30
241206002,50,gyeonggi,일요일,40,100,05:20,22:00,05:50,22:30
241206003,51,gyeonggi,평일,25,45,05:40,21:10,06:10,21:40
241206003,51,gyeonggi,일요일,25,45,05:40,21:10,06:10,21:40
241208001,33A,gyeonggi,평일,25,35,06:10,21:30,07:30,22:50
241208001,33A,gyeonggi,일요일,75,75,06:10,21:30,07:30,22:50
241208002,33B,gyeonggi,평일,,,06:00,20:25,07:50,22:20
241208002,33B,gyeonggi,일요일,,,06:20,20:05,08:10,22:00
241208003,33A-1,gyeonggi,평일,,,06:55,08:10,08:20,09:35
241208004,33B-1,gyeonggi,평일,,,14:50,15:30,16:40,17:20
241209001,085,gyeonggi,평일,10,15,05:20,00:05,,
241209001,085,gyeonggi,일요일,22,25,05:20,00:05,,
241210001,N001,gyeonggi,평일,40,50,06:00,22:30,06:15,22:15
241210002,N002,gyeonggi,평일,20,30,06:00,22:40,07:15,00:00
241210002,N002,gyeonggi,일요일,40,50,06:20,22:40,07:35,00:00
241210003,N003,gyeonggi,평일,20,30,06:00,22:20,06:30,22:50
241210005,N005,gyeonggi,평일,80,100,06:00,22:20,06:35,23:00
241210007,N007,gyeonggi,평일,30,30,06:00,23:20,06:25,23:45
241210007,N007,gyeonggi,일요일,50,50,06:00,23:20,06:25,23:45
241211008,H50-3,gyeonggi,평일,105,120,05:40,22:30,06:10,23:00
241211008,H50-3,gyeonggi,일요일,105,120,05:40,22:30,06:10,23:05
241211011,H50-6A,gyeonggi,평일,100,120,05:40,21:45,06:20,22:25
241211011,H50-6A,gyeonggi,일요일,100,120,05:40,21:45,06:20,22:25
241211013,H50-7,gyeonggi,평일,90,110,06:00,22:00,06:35,22:35
241211013,H50-7,gyeonggi,일요일,90,110,06:00,22:00,06:35,22:35
241211014,H50,gyeonggi,평일,60,120,06:30,21:40,06:45,21:55
241211014,H50,gyeonggi,일요일,60,120,06:30,21:40,06:45,21:55
241211015,H51,gyeonggi,평일,120,140,05:30,22:20,06:20,23:10
241211015,H51,gyeonggi,일요일,120,140,05:30,22:20,06:20,23:10
241211016,H52,gyeonggi,평일,110,140,06:00,21:50,06:45,22:35
241211016,H52,gyeonggi,일요일,110,140,06:00,21:50,06:45,22:35
241211020,H50-6B,gyeonggi,평일,100,120,06:00,22:45,06:40,23:30
241211020,H50-6B,gyeonggi,일요일,100,120,06:00,22:45,06:40,23:30
241211023,H102,gyeonggi,평일,215,250,06:30,19:30,08:15,21:10
241211023,H102,gyeonggi,일요일,30,70,06:30,19:30,08:15,21:10
241213002,88-1,gyeonggi,평일,15,25,05:10,22:50,04:50,22:30
241213002,88-1,gyeonggi,일요일,25,35,05:10,22:50,04:50,22:30
241213006,88,gyeonggi,평일,15,25,05:30,22:30,05:20,23:00
241213006,88,gyeonggi,일요일,25,35,05:30,22:30,05:20,23:00
241213007,87,gyeonggi,평일,10,25,05:00,22:00,05:55,22:55
241213007,87,gyeonggi,일요일,25,35,05:00,22:00,05:55,22:55
241215001,3-2,gyeonggi,평일,4,5,05:30,00:00,05:45,23:20
241215001,3-2,gyeonggi,일요일,7,12,05:30,00:00,05:45,23:20
241215002,3-1,gyeonggi,평일,9,15,06:00,23:00,06:20,23:25
241215002,3-1,gyeonggi,일요일,20,25,06:00,23:00,06:20,23:25
241215003,3,gyeonggi,평일,15,30,07:00,20:00,07:40,20:40
241215005,73,gyeonggi,평일,11,20,06:30,20:00,07:10,20:30
241215005,73,gyeonggi,일요일,23,35,07:30,19:10,08:00,19:30
241215006,73-1,gyeonggi,평일,15,25,06:50,19:50,07:10,20:10
241215008,73-2,gyeonggi,평일,18,30,07:00,19:50,07:35,20:20
241215009,82,gyeonggi,평일,15,30,06:00,23:00,06:25,23:25
241215009,82,gyeonggi,일요일,25,40,06:00,23:00,06:25,23:25
241216003,3-5,gyeonggi,평일,15,20,05:20,22:30,05:30,22:50
241216003,3-5,gyeonggi,일요일,20,25,06:30,22:00,06:30,22:20
241216004,3-4,gyeonggi,평일,12,17,06:00,22:00,05:30,22:30
241216004,3-4,gyeonggi,일요일,20,25,06:00,22:00,06:30,22:30
241217001,7,gyeonggi,평일,8,10,06:00,23:30,06:00,23:55
241217001,7,gyeonggi,일요일,11,14,06:00,23:30,06:00,23:55
241217002,7-2,gyeonggi,평일,5,9,06:00,23:30,06:00,23:55
241217002,7-2,gyeonggi,일요일,6,10,06:00,23:30,06:00,23:55
241218001,10,gyeonggi,평일,7,9,06:00,00:08,06:00,00:23
241218001,10,gyeonggi,일요일,7,14,06:00,00:08,06:00,00:23
241218002,10-1,gyeonggi,평일,8,10,06:00,23:55,06:00,00:05
241218002,10-1,gyeonggi,일요일,8,14,06:00,23:55,06:00,00:05
241218003,10-2,gyeonggi,평일,25,30,06:30,23:30,06:30,23:55
241219001,109,gyeonggi,평일,10,10,06:20,23:00,06:30,23:10
241219001,109,gyeonggi,일요일,10,15,07:00,22:30,07:10,22:40
241219002,111(맞춤형),gyeonggi,평일,10,10,07:35,19:00,07:45,19:15
241219003,117,gyeonggi,평일,10,30,06:30,22:30,06:45,22:45
241219003,117,gyeonggi,일요일,30,40,07:00,22:00,07:15,22:15
241219004,115,gyeonggi,평일,7,15,06:30,23:00,06:37,23:10
241219004,115,gyeonggi,일요일,10,15,07:00,22:30,07:15,22:45
241219006,107,gyeonggi,평일,13,40,06:30,22:30,06:55,22:55
241219006,107,gyeonggi,일요일,40,40,06:45,21:45,07:10,22:10
241219007,111,gyeonggi,평일,10,30,06:30,22:00,07:00,22:20
241219007,111,gyeonggi,일요일,30,60,07:00,21:30,07:20,21:50
241219008,109-1,gyeonggi,평일,8,20,06:10,22:40,06:35,23:00
241219008,109-1,gyeonggi,일요일,20,25,06:40,22:00,07:00,22:30
241219010,109-2,gyeonggi,평일,15,30,06:10,22:20,06:40,22:50
241219010,109-2,gyeonggi,일요일,20,25,06:45,21:50,07:05,22:20
241220001,3-3,gyeonggi,평일,6,12,06:10,22:25,06:50,23:05
241220001,3-3,gyeonggi,일요일,7,14,06:10,22:25,06:50,23:05
241221001,8-1,gyeonggi,평일,4,10,06:00,23:25,06:00,23:40
241221001,8-1,gyeonggi,일요일,8,20,06:00,23:25,06:00,23:40
241221002,8,gyeonggi,평일,12,20,05:40,22:40,06:05,23:10
241221002,8,gyeonggi,일요일,30,40,05:40,22:40,06:05,23:10
241221003,77,gyeonggi,평일,4,4,05:40,23:25,05:55,23:40
241221003,77,gyeonggi,일요일,5,6,05:40,23:25,05:55,23:40
241221007,78,gyeonggi,평일,10,20,06:00,22:30,06:30,23:00
241221007,78,gyeonggi,일요일,20,40,06:00,22:30,06:30,23:00
241222003,7,gyeonggi,평일,10,15,06:00,23:30,06:00,23:25
241222003,7,gyeonggi,일요일,15,20,06:00,23:00,06:00,22:55
241222004,7-1,gyeonggi,평일,6,6,07:13,19:00,07:20,19:05
241222005,32,gyeonggi,평일,6,12,05:50,23:20,06:00,23:15
241222005,32,gyeonggi,일요일,10,15,06:20,23:00,06:40,23:00
241222008,37,gyeonggi,평일,20,25,06:00,18:20,06:15,18:40
241223003,602,gyeonggi,평일,8,16,06:10,23:10,06:15,23:00
241223003,602,gyeonggi,일요일,13,26,06:10,23:10,06:15,23:00
241223004,602-1A,gyeonggi,평일,9,18,06:10,22:40,06:45,23:15
241223004,602-1A,gyeonggi,일요일,15,30,06:10,22:00,06:45,22:40
241223005,602-1B,gyeonggi,평일,3,6,06:55,19:10,07:10,19:20
241223008,602-2B,gyeonggi,평일,5,10,07:00,19:00,07:15,19:10
241224001,2,gyeonggi,평일,10,12,06:17,23:30,07:06,23:11
241224001,2,gyeonggi,일요일,16,18,06:17,22:30,07:06,22:15
241224004,19,gyeonggi,평일,8,10,06:05,23:30,06:15,23:30
241224004,19,gyeonggi,일요일,11,14,06:30,22:30,06:30,22:30
241224005,13,gyeonggi,평일,30,30,07:00,18:30,07:13,18:43
241225005,76,gyeonggi,평일,6,12,06:10,23:00,06:15,23:05
241225005,76,gyeonggi,일요일,7,14,06:10,23:00,06:15,23:05
241227002,017A,gyeonggi,평일,40,55,07:25,15:00,,
241227003,019,gyeonggi,평일,10,16,05:58,23:46,05:45,23:18
241227003,019,gyeonggi,일요일,12,20,06:12,23:40,06:00,23:23
241230001,8,gyeonggi,평일,10,20,05:15,23:45,,
241230001,8,gyeonggi,일요일,20,30,05:15,23:45,,
241230002,8-1,gyeonggi,평일,25,40,05:20,23:20,,
241230002,8-1,gyeonggi,일요일,35,50,05:20,23:20,,
241230003,5(시흥),gyeonggi,평일,20,20,06:00,22:00,06:30,22:30
241230003,5(시흥),gyeonggi,일요일,20,20,06:00,22:00,06:30,22:30
241231008,공영2(삼존),gyeonggi,평일,195,195,07:45,11:00,08:45,12:00
241231009,공영2(송정),gyeonggi,평일,190,215,06:15,13:00,06:55,14:30
241231009,공영2(송정),gyeonggi,일요일,290,290,09:25,14:15,10:15,15:05
241231051,22-8,gyeonggi,평일,15,30,05:20,21:00,06:25,22:05
241231051,22-8,gyeonggi,일요일,20,30,06:05,18:32,07:10,19:37
241233001,208,gyeonggi,평일,11,14,06:00,22:40,,
241233001,208,gyeonggi,일요일,17,21,06:00,22:40,,
241233002,208-5,gyeonggi,평일,70,90,06:20,18:50,,
241233002,208-5,gyeonggi,일요일,70,90,06:20,18:50,,
241233003,208-2,gyeonggi,평일,60,80,05:30,22:50,06:20,23:30
241233003,208-2,gyeonggi,일요일,60,80,05:30,22:50,06:20,23:30
241233004,208-1,gyeonggi,평일,10,12,06:00,22:50,,
241233004,208-1,gyeonggi,일요일,19,23,06:00,22:50,,
241235001,206,gyeonggi,평일,13,15,05:50,22:30,,
241235001,206,gyeonggi,일요일,13,15,06:00,22:30,,
241235002,206-1,gyeonggi,평일,13,18,06:00,22:30,,
241235002,206-1,gyeonggi,일요일,26,33,06:00,22:30,,
241235006,206-5(A),gyeonggi,평일,11,13,05:55,22:16,,
241235006,206-5(A),gyeonggi,일요일,11,13,05:55,22:16,,
241235007,206-3,gyeonggi,평일,120,120,06:00,22:00,06:35,22:35
241235007,206-3,gyeonggi,일요일,120,120,06:00,22:00,06:35,22:35
241235008,206-5(B),gyeonggi,평일,11,13,05:55,22:16,,
241235008,206-5(B),gyeonggi,일요일,11,13,05:55,22:16,,
241236001,202,gyeonggi,평일,30,35,06:00,22:30,06:30,23:00
241236001,202,gyeonggi,일요일,30,35,06:00,22:30,06:30,23:00
241236002,202-1,gyeonggi,평일,9,12,06:00,22:40,,
241236002,202-1,gyeonggi,일요일,13,17,06:00,22:40,,
241236003,203,gyeonggi,평일,14,18,05:05,23:40,,
241236003,203,gyeonggi,일요일,18,21,05:05,23:40,,
241236004,203-1,gyeonggi,평일,12,15,05:20,23:30,,
241236004,203-1,gyeonggi,일요일,18,21,05:20,23:30,,
241236005,203-2,gyeonggi,평일,48,60,05:25,23:15,,
241236005,203-2,gyeonggi,일요일,48,60,05:25,23:15,,
241236007,의정부01,gyeonggi,평일,18,20,05:15,22:15,,
241236007,의정부01,gyeonggi,일요일,20,22,05:15,22:15,,
241237001,207,gyeonggi,평일,10,20,05:30,22:30,,
241237001,207,gyeonggi,일요일,20,30,05:30,22:30,,
241237002,207-1,gyeonggi,평일,8,10,05:30,22:30,,
241237002,207-1,gyeonggi,일요일,8,10,05:30,22:30,,
241238001,광명01,gyeonggi,평일,5,9,06:00,23:00,06:25,23:25
241238001,광명01,gyeonggi,일요일,15,15,06:00,23:00,06:25,23:25
241238002,광명02,gyeonggi,평일,9,13,06:00,23:00,,
241239001,201,gyeonggi,평일,10,15,05:55,22:30,,
241239001,201,gyeonggi,일요일,12,25,05:55,22:30,,
241239003,201-1,gyeonggi,평일,60,85,06:30,21:40,,
241239003,201-1,gyeonggi,일요일,60,85,06:30,21:40,,
241240001,205-1,gyeonggi,평일,18,18,05:55,23:00,,
241240001,205-1,gyeonggi,일요일,21,21,05:55,23:00,,
241240002,205,gyeonggi,평일,16,16,06:00,23:00,,
241240002,205,gyeonggi,일요일,16,16,06:00,23:00,,
241241001,7,gyeonggi,평일,25,50,05:50,22:20,06:30,23:00
241241001,7,gyeonggi,일요일,25,50,05:50,22:20,06:30,23:00
241241003,7-1,gyeonggi,평일,20,35,06:00,22:30,06:20,22:50
241241003,7-1,gyeonggi,일요일,20,35,06:00,22:30,06:20,22:50
241242001,25,gyeonggi,평일,20,60,05:40,23:00,06:00,23:20
241242001,25,gyeonggi,일요일,30,60,06:00,22:40,06:20,23:00
241242003,25-1,gyeonggi,평일,15,20,05:45,22:30,,
241242003,25-1,gyeonggi,일요일,15,20,05:45,22:30,,
241242005,26,gyeonggi,평일,90,90,06:00,21:30,,22:00
241242005,26,gyeonggi,일요일,90,90,07:00,21:30,,22:00
241242006,24,gyeonggi,평일,30,45,05:45,22:30,,
241242006,24,gyeonggi,일요일,30,45,05:45,22:30,,
241243001,광주1,gyeonggi,평일,15,30,06:20,20:50,06:45,21:15
241243001,광주1,gyeonggi,일요일,15,40,07:00,20:50,07:25,21:15
241243002,광주2,gyeonggi,평일,20,40,06:10,20:30,06:40,21:05
241243002,광주2,gyeonggi,일요일,30,40,06:30,20:30,07:00,21:00
241243003,광주3,gyeonggi,평일,15,55,06:20,20:00,,
241243003,광주3,gyeonggi,일요일,30,50,06:20,20:00,,
241243005,광주5,gyeonggi,평일,20,60,06:50,20:35,07:15,21:05
241243005,광주5,gyeonggi,일요일,20,60,07:00,20:50,07:25,21:15
241243006,광주6,gyeonggi,평일,110,160,06:30,19:30,07:15,20:20
241243006,광주6,gyeonggi,일요일,110,160,06:30,19:30,07:15,20:20
241243007,광주7,gyeonggi,평일,20,60,05:55,20:00,06:30,20:40
241243007,광주7,gyeonggi,일요일,40,90,07:10,20:00,07:50,20:40
241243008,광주8,gyeonggi,평일,20,130,06:50,20:30,06:30,19:50
241243008,광주8,gyeonggi,일요일,20,120,07:15,20:00,07:00,19:25
241243009,광주9,gyeonggi,평일,40,60,07:00,19:40,,
241243009,광주9,gyeonggi,일요일,50,60,07:00,19:40,,
241243010,광주10,gyeonggi,평일,20,30,06:20,20:40,06:45,21:00
241243010,광주10,gyeonggi,일요일,20,50,06:20,20:40,06:45,21:00
241243011,광주11,gyeonggi,평일,80,100,07:00,20:20,,
241243011,광주11,gyeonggi,일요일,85,110,07:00,20:20,,
241243014,광주14,gyeonggi,평일,55,70,07:00,20:20,07:40,21:00
241243014,광주14,gyeonggi,일요일,55,70,07:00,20:20,07:30,20:50
241243015,광주15,gyeonggi,평일,50,160,06:30,20:30,,
241243015,광주15,gyeonggi,일요일,50,160,06:30,20:30,,
241243016,광주16,gyeonggi,평일,30,110,06:30,20:30,,
241243016,광주16,gyeonggi,일요일,30,110,06:30,20:30,,
241244001,1,gyeonggi,평일,100,140,06:40,19:40,07:20,20:20
241244001,1,gyeonggi,일요일,100,140,06:40,19:40,07:20,20:20
241244002,3,gyeonggi,평일,50,100,06:30,20:00,06:45,20:15
241244002,3,gyeonggi,일요일,50,100,06:30,20:00,06:45,20:15
241244004,4,gyeonggi,평일,40,100,06:15,19:50,06:30,20:05
241244004,4,gyeonggi,일요일,40,100,06:15,19:50,06:30,20:05
241244005,5,gyeonggi,평일,15,30,05:30,21:20,06:10,22:00
241244005,5,gyeonggi,일요일,40,70,05:30,21:20,06:10,22:00
241244007,20,gyeonggi,평일,20,35,06:00,20:00,06:25,20:30
241244007,20,gyeonggi,일요일,70,90,06:00,20:00,06:25,20:30
241244008,20-1,gyeonggi,평일,50,100,06:50,20:00,07:10,20:20
241244008,20-1,gyeonggi,일요일,50,100,06:50,20:00,07:10,20:20
241244009,20-2,gyeonggi,평일,45,110,06:40,19:30,07:00,19:50
241244009,20-2,gyeonggi,일요일,45,110,06:40,19:30,07:00,19:50
241244011,20-3,gyeonggi,평일,60,120,05:50,20:00,06:40,20:50
241244011,20-3,gyeonggi,일요일,90,210,05:50,20:00,06:40,20:50
241244012,20-4,gyeonggi,평일,110,180,05:00,19:00,05:40,20:00
241244012,20-4,gyeonggi,일요일,110,180,05:00,19:00,05:40,20:00
241244013,20-5,gyeonggi,평일,15,40,05:45,20:00,06:45,20:50
241244013,20-5,gyeonggi,일요일,60,70,05:45,20:00,06:45,20:50
241244014,20-6,gyeonggi,평일,25,40,05:30,19:45,06:20,20:35
241244014,20-6,gyeonggi,일요일,30,90,05:30,19:45,06:20,20:35
241244015,22-4,gyeonggi,평일,15,30,05:30,21:00,06:00,21:00
241244015,22-4,gyeonggi,일요일,30,60,05:30,21:00,06:00,21:00
241244016,22-5,gyeonggi,평일,15,30,05:00,21:00,05:40,21:00
241244016,22-5,gyeonggi,일요일,20,50,05:00,21:00,05:40,21:00
241244017,50-5,gyeonggi,평일,45,90,05:45,20:30,05:40,21:45
241244017,50-5,gyeonggi,일요일,125,175,05:45,20:30,05:40,21:45
241244020,26,gyeonggi,평일,20,30,05:30,21:20,06:40,22:30
241244020,26,gyeonggi,일요일,30,60,05:30,21:20,06:40,22:30
241244021,효행순환(A),gyeonggi,평일,48,80,06:00,22:00,,
241244021,효행순환(A),gyeonggi,일요일,60,100,06:00,22:00,,
241244022,동탄2순환(F),gyeonggi,평일,30,180,06:30,20:10,06:55,20:35
241244022,동탄2순환(F),gyeonggi,일요일,30,180,06:30,20:10,06:55,20:35
241244023,향남순환(B),gyeonggi,평일,25,60,05:30,19:30,,
241244023,향남순환(B),gyeonggi,일요일,40,60,05:30,19:30,,
241244024,9-1,gyeonggi,평일,20,90,06:00,21:15,,
241244024,9-1,gyeonggi,일요일,50,120,06:00,21:15,,
241244025,50,gyeonggi,평일,60,110,05:15,21:00,05:25,19:30
241244025,50,gyeonggi,일요일,60,110,05:15,21:00,05:25,19:30
241244026,50-3,gyeonggi,평일,60,130,05:45,21:20,05:55,20:00
241244026,50-3,gyeonggi,일요일,60,130,05:45,21:20,05:55,20:00
241244027,76,gyeonggi,평일,50,135,05:20,21:10,,
241244027,76,gyeonggi,일요일,50,135,05:20,21:10,,
241244028,77,gyeonggi,평일,120,150,06:10,20:30,07:00,21:20
241244028,77,gyeonggi,일요일,120,150,06:10,20:30,07:00,21:20
241244029,78,gyeonggi,평일,130,180,06:40,21:20,06:00,20:10
241244029,78,gyeonggi,일요일,130,180,06:40,21:20,06:00,20:10
241244030,79,gyeonggi,평일,140,190,06:20,21:10,07:30,20:10
241244030,79,gyeonggi,일요일,140,190,06:20,21:10,07:30,20:10
241244031,80,gyeonggi,평일,15,50,05:30,21:50,05:30,21:45
241244031,80,gyeonggi,일요일,15,50,05:30,21:50,05:30,21:45
241244032,333,gyeonggi,평일,20,130,05:30,20:10,06:20,21:00
241244032,333,gyeonggi,일요일,20,130,05:30,20:10,06:20,21:00
241244033,709,gyeonggi,평일,15,75,05:15,20:30,06:10,21:25
241244033,709,gyeonggi,일요일,15,75,05:15,20:30,06:10,21:25
241244034,709-1,gyeonggi,평일,10,75,05:10,20:30,06:05,21:30
241244034,709-1,gyeonggi,일요일,10,75,05:10,20:30,06:05,21:30
241244035,6-3,gyeonggi,평일,90,120,06:20,20:50,,
241244035,6-3,gyeonggi,일요일,90,120,06:20,20:50,,
241244036,6-4,gyeonggi,평일,90,120,05:40,20:30,06:20,21:30
241244036,6-4,gyeonggi,일요일,90,120,05:40,20:30,06:20,21:30
241244037,22,gyeonggi,평일,20,90,05:10,20:40,05:40,21:10
241244037,22,gyeonggi,일요일,20,90,05:10,20:40,05:40,21:10
241244038,22-2,gyeonggi,평일,30,120,06:20,20:00,,
241244038,22-2,gyeonggi,일요일,30,120,06:20,20:00,,
241244039,22-3(장전),gyeonggi,평일,150,170,06:10,19:50,07:20,18:30
241244039,22-3(장전),gyeonggi,일요일,150,170,06:10,19:50,07:20,18:30
241244040,22-3(신경대),gyeonggi,평일,150,240,07:10,18:10,08:30,19:40
241244040,22-3(신경대),gyeonggi,일요일,300,300,07:10,18:10,08:30,19:40
241244041,50-1,gyeonggi,평일,10,45,05:40,21:30,06:10,21:00
241244041,50-1,gyeonggi,일요일,15,60,05:40,21:30,06:10,20:55
241244042,3-2,gyeonggi,평일,140,180,06:00,19:40,07:10,20:50
241244042,3-2,gyeonggi,일요일,140,180,06:00,16:40,07:10,20:50
241244043,7-1,gyeonggi,평일,50,100,05:50,21:50,06:40,21:50
241244043,7-1,gyeonggi,일요일,50,100,05:50,21:50,06:40,21:50
241244044,9,gyeonggi,평일,10,130,05:20,21:30,05:20,21:40
241244044,9,gyeonggi,일요일,20,130,05:20,21:30,05:40,21:20
241244045,H4,gyeonggi,평일,20,40,22:00,02:50,,
241244045,H4,gyeonggi,일요일,20,100,22:20,02:30,,
241244046,H5,gyeonggi,평일,25,35,22:00,02:50,,
241244046,H5,gyeonggi,일요일,50,55,22:00,02:25,,
241244047,H6(A),gyeonggi,평일,20,50,22:30,02:30,,
241244047,H6(A),gyeonggi,일요일,60,80,22:30,02:00,,
241244048,H6(B),gyeonggi,평일,20,50,22:30,02:30,,
241244048,H6(B),gyeonggi,일요일,60,80,22:30,02:00,,
241244049,H8,gyeonggi,평일,20,50,22:30,02:50,,
241244049,H8,gyeonggi,일요일,80,100,22:30,02:50,,
241244050,동탄역1(퇴근),gyeonggi,평일,15,15,18:30,18:45,,
241244051,동탄역2(퇴근),gyeonggi,평일,15,15,18:30,18:45,,
241244052,효행순환(B),gyeonggi,평일,40,80,05:50,22:00,,
241244052,효행순환(B),gyeonggi,일요일,70,100,05:50,22:00,,
241245001,5,gyeonggi,평일,6,8,06:05,23:20,05:30,23:20
241245001,5,gyeonggi,일요일,6,8,06:05,23:20,05:30,23:20
241245002,1,gyeonggi,평일,6,7,05:30,23:20,05:45,23:40
241245002,1,gyeonggi,일요일,8,8,05:30,23:20,05:45,23:40
241245003,5-5,gyeonggi,평일,12,14,05:30,22:45,05:30,22:45
241245003,5-5,gyeonggi,일요일,17,20,05:30,22:45,05:30,22:45
241245004,5-3,gyeonggi,평일,15,20,06:00,21:45,,
241245004,5-3,gyeonggi,일요일,15,20,06:00,21:45,,
241245005,마8,gyeonggi,평일,15,17,05:40,23:00,06:20,22:10
241245005,마8,gyeonggi,일요일,15,17,05:40,23:00,06:20,22:10
241245006,01,gyeonggi,평일,55,60,05:30,22:00,,
241245007,70,gyeonggi,평일,30,40,06:00,22:00,06:25,22:25
241245007,70,gyeonggi,일요일,30,40,06:00,22:00,06:25,22:25
241245009,5-7,gyeonggi,평일,14,21,05:40,22:50,,
241245009,5-7,gyeonggi,일요일,16,24,05:40,22:50,,
241247001,7,gyeonggi,평일,7,7,05:30,22:45,06:00,23:25
241247001,7,gyeonggi,일요일,7,7,05:30,22:40,06:00,23:25
241247002,3,gyeonggi,평일,20,25,06:00,22:00,06:02,22:05
241247002,3,gyeonggi,일요일,20,25,06:00,22:00,06:05,22:05
241247003,마3-1,gyeonggi,평일,30,40,05:30,22:20,05:30,22:20
241247003,마3-1,gyeonggi,일요일,30,40,05:30,22:20,05:40,22:20
241248001,9,gyeonggi,평일,5,7,06:00,23:00,06:17,23:15
241248001,9,gyeonggi,일요일,6,10,06:00,23:00,06:17,23:15
241250001,5-1,gyeonggi,평일,7,8,05:45,23:20,,
241250001,5-1,gyeonggi,일요일,7,9,05:35,23:30,05:35,23:30
241251001,6,gyeonggi,평일,5,6,05:50,23:20,05:50,23:20
241251001,6,gyeonggi,일요일,7,8,05:50,23:20,05:50,23:20
241251002,06,gyeonggi,평일,5,6,05:50,23:20,05:50,23:20
241251002,06,gyeonggi,일요일,7,8,05:50,23:20,05:50,23:40
241252001,6-1,gyeonggi,평일,11,12,06:00,22:00,06:34,22:30
241252001,6-1,gyeonggi,일요일,13,14,06:00,22:00,06:34,22:30
241252002,6-2,gyeonggi,평일,7,8,05:40,23:00,05:30,22:30
241252002,6-2,gyeonggi,일요일,8,11,05:40,23:00,05:30,22:30
241252004,6-5,gyeonggi,평일,70,90,06:00,23:00,06:35,23:35
241252004,6-5,gyeonggi,일요일,70,90,06:00,23:00,06:35,23:35
241253001,2,gyeonggi,평일,7,7,06:00,22:30,06:00,22:30
241253001,2,gyeonggi,일요일,7,7,06:00,22:30,06:00,22:30
241253002,2-1,gyeonggi,평일,30,30,06:00,22:30,06:00,22:30
241253002,2-1,gyeonggi,일요일,30,30,06:00,22:30,06:00,22:30
241254001,10-1,gyeonggi,평일,6,7,05:30,23:10,05:40,23:40
241254001,10-1,gyeonggi,일요일,8,10,05:30,23:10,05:40,23:40
241254002,10-2,gyeonggi,평일,8,9,05:50,23:10,06:00,23:30
241254002,10-2,gyeonggi,일요일,12,13,06:00,23:30,06:00,23:30
241255002,66,gyeonggi,평일,10,20,06:00,22:20,06:45,22:55
241255002,66,gyeonggi,일요일,12,24,06:10,22:20,06:45,22:55
241256001,G101,gyeonggi,평일,,,07:20,07:20,,
241256002,G201,gyeonggi,평일,,,07:20,07:20,,
241256003,G301,gyeonggi,평일,,,07:20,07:20,,
241256004,G102,gyeonggi,평일,,,14:20,16:10,,
241256005,G202,gyeonggi,평일,,,15:00,16:50,,
241256006,G302,gyeonggi,평일,,,15:30,17:15,,
241256007,M101,gyeonggi,평일,20,20,07:30,07:50,,
241256008,M201,gyeonggi,평일,20,20,07:15,07:35,,
241256009,M102,gyeonggi,평일,10,90,15:30,17:15,,
241256010,M202,gyeonggi,평일,25,75,15:10,17:20,,
241261001,015,gyeonggi,평일,10,15,05:50,23:40,05:20,23:06
241261001,015,gyeonggi,일요일,10,15,05:50,23:40,05:20,23:06
241262001,013,gyeonggi,평일,9,15,06:00,23:00,06:00,23:00
241262001,013,gyeonggi,일요일,15,20,06:00,23:00,06:00,23:00
241262002,013-1,gyeonggi,평일,20,25,06:00,23:00,06:00,23:00
241262002,013-1,gyeonggi,일요일,25,30,06:00,23:00,06:00,23:00
241262003,013-2,gyeonggi,평일,20,25,06:00,23:00,06:00,23:00
241262003,013-2,gyeonggi,일요일,25,30,06:00,23:00,06:00,23:00
241262004,013-3,gyeonggi,평일,8,15,06:00,23:00,06:00,23:00
241262004,013-3,gyeonggi,일요일,14,19,06:00,23:00,06:00,23:00
241262006,013-4,gyeonggi,평일,8,15,06:00,23:00,06:00,23:00
241262006,013-4,gyeonggi,일요일,14,19,06:00,23:00,06:00,23:00
241263002,017,gyeonggi,평일,13,18,05:00,23:00,05:45,23:40
241263002,017,gyeonggi,일요일,15,18,05:00,23:00,05:45,23:40
241263003,017-1,gyeonggi,평일,14,18,05:00,23:05,05:40,23:40
241263003,017-1,gyeonggi,일요일,14,18,05:00,23:05,05:40,23:40
241274001,1,gyeonggi,평일,15,15,05:30,23:05,05:50,23:30
241274001,1,gyeonggi,일요일,22,22,05:30,23:05,05:50,23:30
241274002,1-1,gyeonggi,평일,9,9,05:20,23:10,05:40,23:30
241274002,1-1,gyeonggi,일요일,11,11,05:20,23:10,05:40,23:30
241274004,1-3,gyeonggi,평일,13,15,05:45,23:11,06:09,23:35
241274004,1-3,gyeonggi,일요일,21,21,05:45,23:18,06:09,23:42
241274006,88,gyeonggi,평일,40,40,06:30,22:30,06:30,22:30
241274006,88,gyeonggi,일요일,40,40,06:30,22:30,06:30,22:30
241274007,99,gyeonggi,평일,20,20,06:30,22:30,06:30,22:30
241274007,99,gyeonggi,일요일,20,20,06:30,22:30,06:30,22:30
241274008,1A,gyeonggi,평일,45,45,06:10,22:40,06:30,23:30
241274008,1A,gyeonggi,일요일,45,45,06:10,22:40,06:30,23:30
241275001,54,gyeonggi,평일,10,20,06:10,21:30,,
241275001,54,gyeonggi,일요일,20,30,07:10,21:40,,
241275002,55,gyeonggi,평일,10,30,06:10,21:30,,
241275002,55,gyeonggi,일요일,10,30,07:10,21:40,,
241275004,35,gyeonggi,평일,10,15,06:40,21:30,06:40,21:30
241275004,35,gyeonggi,일요일,20,30,07:40,21:30,07:40,21:30
241275005,36,gyeonggi,평일,10,20,06:20,21:10,,
241275005,36,gyeonggi,일요일,5,30,07:00,21:20,,
241275006,36A,gyeonggi,평일,45,50,06:50,21:30,,
241275006,36A,gyeonggi,일요일,45,50,07:20,21:40,,
241281001,51,gyeonggi,평일,6,10,06:00,13:45,06:00,13:50
241281001,51,gyeonggi,일요일,10,10,06:00,13:45,06:00,13:50
241281002,51-1,gyeonggi,평일,6,10,14:00,23:50,14:10,
241281002,51-1,gyeonggi,일요일,10,10,14:00,23:50,14:10,
241281003,51-2,gyeonggi,평일,30,30,08:08,15:06,08:17,15:15
241282001,5,gyeonggi,평일,10,30,06:40,20:50,06:50,21:30
241282001,5,gyeonggi,일요일,60,120,08:20,19:00,09:00,19:40
241282003,16,gyeonggi,평일,20,90,06:00,20:40,06:00,21:05
241282003,16,gyeonggi,일요일,60,90,06:30,20:40,06:55,19:55
241282004,16-1,gyeonggi,평일,40,440,07:30,17:15,08:00,17:45
241282006,77,gyeonggi,평일,180,180,08:35,18:10,09:10,18:45
241282006,77,gyeonggi,일요일,180,180,12:10,18:30,12:55,19:05
241282007,77-1,gyeonggi,평일,,,06:20,06:20,07:45,07:45
241282009,10,gyeonggi,평일,10,20,06:10,22:20,06:00,21:20
241282009,10,gyeonggi,일요일,40,70,09:05,21:35,08:00,20:30
241282010,15,gyeonggi,평일,45,90,06:15,21:00,08:20,21:30
241282010,15,gyeonggi,일요일,60,90,07:00,20:00,07:30,20:30
241282011,99,gyeonggi,평일,40,75,06:20,21:00,06:45,21:20
241282011,99,gyeonggi,일요일,50,120,07:50,20:00,08:15,20:25
241282012,31,gyeonggi,평일,,,05:40,21:00,06:30,21:50
241282012,31,gyeonggi,일요일,,,07:20,21:00,06:30,21:50
241282013,32,gyeonggi,평일,,,06:00,21:20,06:35,21:55
241282013,32,gyeonggi,일요일,,,07:20,21:20,07:55,21:55
241283001,6,gyeonggi,평일,15,105,07:05,21:05,07:35,22:25
241283001,6,gyeonggi,일요일,60,120,07:10,21:10,07:35,22:25
241283002,6-1,gyeonggi,평일,60,180,06:35,20:35,07:05,20:05
241283002,6-1,gyeonggi,일요일,120,180,07:35,20:05,07:05,20:05
241283003,8,gyeonggi,평일,22,100,06:58,21:20,07:40,21:50
241283003,8,gyeonggi,일요일,25,100,07:20,21:20,07:50,21:50
241283004,8-1,gyeonggi,평일,70,120,07:05,19:00,07:45,18:50
241283005,13A,gyeonggi,평일,120,120,07:05,18:05,07:25,18:30
241283006,13B,gyeonggi,평일,120,120,08:05,16:05,08:30,16:30
241283007,22,gyeonggi,평일,60,60,08:15,20:30,08:40,20:50
241283007,22,gyeonggi,일요일,60,60,08:15,20:30,08:40,20:50
241283008,66A,gyeonggi,평일,95,165,05:50,21:40,06:30,22:10
241283008,66A,gyeonggi,일요일,100,165,07:30,21:40,08:20,22:10
241283009,66B,gyeonggi,평일,100,140,06:50,20:40,07:25,21:10
241283009,66B,gyeonggi,일요일,100,140,06:50,20:40,07:25,21:10
241283010,66-2,gyeonggi,평일,120,120,07:00,19:00,07:55,19:40
241283010,66-2,gyeonggi,일요일,120,120,07:00,19:00,07:55,19:40
241283011,663,gyeonggi,평일,80,130,06:15,21:30,07:00,20:30
241283011,663,gyeonggi,일요일,100,130,07:50,21:30,08:40,20:30
241283012,666,gyeonggi,평일,30,135,07:15,19:30,07:45,20:00
241283013,23,gyeonggi,평일,60,120,07:40,19:45,08:00,20:00
241283014,8-2A,gyeonggi,평일,,,07:15,19:30,,
241283015,8-2B,gyeonggi,평일,,,11:00,13:30,,
241284001,55,gyeonggi,평일,10,20,06:05,21:00,06:40,21:38
241284001,55,gyeonggi,일요일,10,20,06:40,20:40,07:00,21:10
241284003,5-5,gyeonggi,평일,10,15,06:30,16:55,07:38,17:10
241284005,5-1,gyeonggi,평일,95,155,06:30,20:12,07:20,21:02
241284005,5-1,gyeonggi,일요일,105,120,06:25,20:30,07:20,21:20
241284006,5-3,gyeonggi,평일,30,35,06:25,22:00,06:40,21:40
241284006,5-3,gyeonggi,일요일,30,35,07:25,21:30,07:40,21:15
241285001,11-1가곡.사기막,gyeonggi,평일,,,05:50,05:50,06:45,06:45
241285002,11가곡.사기.성은,gyeonggi,평일,60,120,11:20,21:20,12:20,22:10
241285002,11가곡.사기.성은,gyeonggi,일요일,60,120,11:20,21:20,12:20,22:10
241285003,11-2,gyeonggi,평일,,,11:00,17:00,11:15,17:15
241285004,11-3,gyeonggi,평일,,,06:30,09:15,06:50,09:35
241285004,11-3,gyeonggi,일요일,,,08:20,09:20,08:40,09:40
241285005,11-4,gyeonggi,평일,30,180,06:50,18:40,07:20,19:05
241285007,11-6,gyeonggi,평일,,,09:40,14:00,10:00,14:20
241285008,11-1가곡.아리실,gyeonggi,평일,,,05:50,15:50,06:40,16:40
241285008,11-1가곡.아리실,gyeonggi,일요일,,,05:50,15:50,11:40,16:40
241285009,11-1가곡.수역,gyeonggi,평일,,,06:50,16:50,07:40,17:40
241285009,11-1가곡.수역,gyeonggi,일요일,,,06:50,16:50,07:40,17:40
241285010,11-1가곡.남사,gyeonggi,평일,60,60,05:50,20:50,06:50,21:50
241285010,11-1가곡.남사,gyeonggi,일요일,60,60,06:50,20:50,07:50,21:50
241285011,11-1가곡.오산역,gyeonggi,평일,,,05:50,21:40,21:55,21:55
241285011,11-1가곡.오산역,gyeonggi,일요일,,,21:40,21:40,21:55,21:55
241285012,11가곡.순지.성은,gyeonggi,평일,,,10:20,20:20,11:20,21:20
241285012,11가곡.순지.성은,gyeonggi,일요일,,,10:20,20:20,11:20,21:20
241285013,11가곡.성은,gyeonggi,평일,,,06:05,06:05,06:50,06:50
241285013,11가곡.성은,gyeonggi,일요일,,,06:05,06:05,06:50,06:50
241287001,6881,gyeonggi,평일,,,05:50,22:00,06:50,22:55
241293001,025,gyeonggi,평일,15,17,06:00,23:10,06:30,22:29
241293001,025,gyeonggi,일요일,15,17,06:00,23:10,06:30,22:35
241293002,026,gyeonggi,평일,25,30,06:05,22:40,06:45,21:55
241293002,026,gyeonggi,일요일,25,30,06:05,22:20,07:00,21:40
241293003,036,gyeonggi,평일,40,45,06:00,23:10,06:50,22:30
241293003,036,gyeonggi,일요일,40,45,06:00,23:10,06:50,22:30
241293004,037,gyeonggi,평일,10,15,05:45,23:56,05:10,23:22
241293004,037,gyeonggi,일요일,10,15,06:05,23:10,05:30,22:33
241293006,059,gyeonggi,평일,50,60,06:25,22:25,06:00,22:00
241293007,088,gyeonggi,평일,25,30,05:50,22:54,06:36,23:40
241293007,088,gyeonggi,일요일,25,30,05:50,22:54,06:36,23:40
241294002,060,gyeonggi,평일,10,13,05:05,23:20,05:45,
241294002,060,gyeonggi,일요일,15,15,05:05,23:20,05:45,
241298003,065,gyeonggi,평일,10,12,05:17,23:20,05:40,
241298003,065,gyeonggi,일요일,15,15,05:17,23:20,05:40,
241299002,057,gyeonggi,평일,5,10,05:10,23:50,05:35,00:18
241299002,057,gyeonggi,일요일,8,15,05:25,22:55,05:50,23:20
241299005,056,gyeonggi,평일,13,15,05:09,22:29,06:03,23:26
241299005,056,gyeonggi,일요일,13,15,05:09,22:29,06:03,23:26
241299006,062A,gyeonggi,평일,20,35,05:30,23:20,05:40,23:35
241299006,062A,gyeonggi,일요일,60,60,05:30,23:20,05:40,23:35
241299007,062B,gyeonggi,평일,30,30,06:15,23:05,06:40,23:30
241299007,062B,gyeonggi,일요일,60,60,06:25,22:45,06:50,23:10
241304002,018,gyeonggi,평일,6,6,05:45,23:58,,
241304002,018,gyeonggi,일요일,7,8,05:52,23:58,,
241304005,012,gyeonggi,평일,10,20,06:00,23:32,06:30,21:35
241304005,012,gyeonggi,일요일,25,30,06:00,21:35,,
241304006,016,gyeonggi,평일,30,60,06:20,22:50,07:35,22:00
241304006,016,gyeonggi,일요일,60,90,06:20,22:20,07:40,22:00
241304707,013,gyeonggi,평일,40,40,06:30,22:20,06:30,23:00
241304707,013,gyeonggi,일요일,80,80,06:30,23:00,07:10,22:20
241306001,077A,gyeonggi,평일,12,15,05:30,22:30,06:10,23:10
241306001,077A,gyeonggi,일요일,15,18,06:00,22:10,06:40,22:50
241306002,077B,gyeonggi,평일,60,60,06:00,21:00,07:00,22:00
241306002,077B,gyeonggi,일요일,60,60,06:00,21:00,07:00,22:00
241306703,093,gyeonggi,평일,10,12,05:30,23:00,05:50,23:25
241306703,093,gyeonggi,일요일,14,15,06:00,22:50,06:20,23:10
241306704,094,gyeonggi,평일,30,40,06:10,23:00,,
241308701,011,gyeonggi,평일,10,25,06:00,22:40,06:30,23:10
241308701,011,gyeonggi,일요일,10,25,06:00,22:40,06:30,23:10
241309001,066,gyeonggi,평일,10,12,05:30,23:00,,
241309001,066,gyeonggi,일요일,13,15,05:30,23:00,,
241312008,035,gyeonggi,평일,60,120,05:50,21:25,06:20,20:50
241312008,035,gyeonggi,일요일,60,120,08:00,21:25,07:25,20:50
241312013,030,gyeonggi,평일,40,40,06:35,21:15,06:35,21:20
241312013,030,gyeonggi,일요일,60,60,07:20,20:35,07:55,20:40
241312014,022A,gyeonggi,평일,30,40,05:50,22:25,,
241312014,022A,gyeonggi,일요일,30,40,05:50,21:35,,
241312015,023,gyeonggi,평일,10,20,05:30,23:10,05:55,23:35
241312015,023,gyeonggi,일요일,10,20,05:50,22:45,06:15,23:10
241312016,024A,gyeonggi,평일,13,18,05:15,23:40,05:15,23:40
241312016,024A,gyeonggi,일요일,13,15,05:30,23:25,05:40,23:25
241312017,024B,gyeonggi,평일,35,40,05:30,23:20,05:30,23:25
241312017,024B,gyeonggi,일요일,35,40,06:10,23:15,05:50,23:20
241312018,022B,gyeonggi,평일,20,30,05:50,22:00,,
241312018,022B,gyeonggi,일요일,20,30,06:10,22:00,,
241312019,054,gyeonggi,평일,25,30,05:50,22:30,,
241312019,054,gyeonggi,일요일,25,30,06:25,22:00,,
241312020,064,gyeonggi,평일,40,45,06:00,22:25,,
241312020,064,gyeonggi,일요일,40,45,06:25,22:00,,
241313001,027,gyeonggi,평일,7,7,05:20,,,
241313002,028,gyeonggi,평일,7,7,05:20,23:35,,
241313003,029A,gyeonggi,평일,20,20,06:30,22:50,,
241313004,029B,gyeonggi,평일,20,30,06:00,23:00,,
241313004,029B,gyeonggi,일요일,40,50,06:30,22:10,,
241313005,015,gyeonggi,평일,15,25,05:50,22:30,,
241313005,015,gyeonggi,일요일,30,45,05:50,21:00,,
241314001,021,gyeonggi,평일,15,20,05:00,00:00,,
241314001,021,gyeonggi,일요일,15,20,05:30,23:40,,
241314002,020,gyeonggi,평일,10,10,05:00,00:00,,
241314002,020,gyeonggi,일요일,10,10,05:30,23:40,,
241317002,19,gyeonggi,평일,18,40,05:05,21:21,06:05,22:21
241317002,19,gyeonggi,일요일,33,72,05:05,21:21,06:05,22:21
241317004,19-1,gyeonggi,평일,,,05:00,21:30,05:50,22:30
241317004,19-1,gyeonggi,일요일,,,05:00,21:30,05:50,22:30
241317006,19-2,gyeonggi,평일,130,165,05:20,20:15,06:25,21:20
241317006,19-2,gyeonggi,일요일,130,165,05:20,20:15,06:25,21:20
241317008,19-3,gyeonggi,평일,45,70,05:05,20:30,06:00,21:40
241317008,19-3,gyeonggi,일요일,45,70,05:05,20:30,06:00,21:40
241317009,39,gyeonggi,평일,70,100,05:30,20:15,06:15,20:55
241317009,39,gyeonggi,일요일,70,100,05:30,20:15,06:15,20:55
241317012,H17,gyeonggi,평일,40,50,05:20,20:10,05:20,21:45
241317012,H17,gyeonggi,일요일,40,50,05:20,20:10,05:20,21:45
241317015,H9,gyeonggi,평일,40,45,05:30,21:10,06:20,22:00
241317015,H9,gyeonggi,일요일,40,45,05:30,21:10,06:20,22:00
241317016,H11,gyeonggi,평일,45,50,05:40,21:30,06:30,22:20
241317016,H11,gyeonggi,일요일,45,50,05:40,21:30,06:30,22:20
241317017,H12,gyeonggi,평일,,,05:40,20:40,06:35,21:40
241317017,H12,gyeonggi,일요일,,,05:40,20:40,06:35,21:40
241317018,19-5(A),gyeonggi,평일,50,60,06:20,21:15,07:10,22:00
241317018,19-5(A),gyeonggi,일요일,50,60,06:20,21:15,07:10,22:00
241317019,19-5(B),gyeonggi,평일,60,130,05:30,19:40,07:15,21:25
241317019,19-5(B),gyeonggi,일요일,60,130,05:30,19:40,07:15,21:25
241317020,동탄역3(출근),gyeonggi,평일,15,15,07:00,07:30,,
241317021,동탄역3(퇴근),gyeonggi,평일,15,15,18:30,19:00,,
241317022,동탄역4(출근),gyeonggi,평일,15,15,07:10,07:40,,
241317023,동탄역4(퇴근),gyeonggi,평일,15,15,18:30,19:00,,
241317024,동탄역1(출근),gyeonggi,평일,,,07:00,07:50,,
241317025,동탄역2(출근),gyeonggi,평일,,,07:00,07:50,,
241317026,동탄역8(출근),gyeonggi,평일,15,15,07:15,07:40,07:50,08:15
241317027,동탄역8(퇴근),gyeonggi,평일,10,15,18:35,19:05,18:35,19:05
241317028,19-5(순환),gyeonggi,평일,,,05:30,21:25,,
241317028,19-5(순환),gyeonggi,일요일,,,05:30,21:25,,
241317032,동탄2순환(C),gyeonggi,평일,,,05:30,21:45,06:10,22:25
241317032,동탄2순환(C),gyeonggi,일요일,,,05:30,21:45,06:10,22:25
241317033,동탄2순환(D),gyeonggi,평일,,,05:35,21:25,06:15,22:05
241317033,동탄2순환(D),gyeonggi,일요일,,,05:35,21:25,06:15,22:05
241317034,동탄2순환(H),gyeonggi,평일,,,05:30,21:25,06:10,22:05
241317034,동탄2순환(H),gyeonggi,일요일,,,05:30,21:25,06:10,22:05
241317035,동탄2순환(G),gyeonggi,평일,,,05:30,20:50,06:25,21:45
241317035,동탄2순환(G),gyeonggi,일요일,,,05:30,20:50,06:25,21:45
241318001,5,gyeonggi,평일,15,45,06:00,22:30,06:00,22:30
241318001,5,gyeonggi,일요일,30,60,06:00,22:30,06:00,22:30
241318003,6,gyeonggi,평일,70,70,06:00,22:30,,
241318003,6,gyeonggi,일요일,70,70,06:00,22:30,,
241318005,H15,gyeonggi,평일,45,60,06:00,22:30,06:00,22:30
241318005,H15,gyeonggi,일요일,100,150,06:00,22:30,06:55,21:45
241318006,H20,gyeonggi,평일,25,30,06:00,22:30,06:00,22:30
241318006,H20,gyeonggi,일요일,65,70,06:00,22:30,06:00,22:30
241318008,H19,gyeonggi,평일,15,40,06:00,22:30,,
241318008,H19,gyeonggi,일요일,30,60,06:00,22:30,,
241318009,동탄2순환(E),gyeonggi,평일,,,06:00,21:50,,
241318009,동탄2순환(E),gyeonggi,일요일,,,06:00,21:50,,
241323002,11-2,gyeonggi,평일,8,15,05:30,22:25,05:35,22:10
241323002,11-2,gyeonggi,일요일,14,25,06:30,22:25,06:30,22:10
241323003,11,gyeonggi,평일,30,35,06:00,22:05,,
241323003,11,gyeonggi,일요일,35,40,06:35,22:00,,
241323004,12,gyeonggi,평일,56,56,06:00,22:26,06:15,22:10
241323004,12,gyeonggi,일요일,55,55,06:30,22:30,06:30,22:30
241323005,13,gyeonggi,평일,25,25,06:00,22:10,06:00,22:10
241323005,13,gyeonggi,일요일,50,50,06:30,21:50,06:30,21:50
241323009,13A,gyeonggi,평일,23,23,06:00,22:08,06:09,22:17
241323009,13A,gyeonggi,일요일,40,40,06:30,22:10,06:50,22:10
241324001,17,gyeonggi,평일,15,20,06:00,22:30,06:00,22:30
241324001,17,gyeonggi,일요일,30,40,06:00,22:30,06:00,22:30
241324002,27,gyeonggi,평일,8,12,06:00,22:30,06:00,22:30
241324002,27,gyeonggi,일요일,15,25,06:00,22:30,06:00,22:30
241324004,27-2,gyeonggi,평일,97,117,07:43,16:11,08:33,17:09
241324005,17-1,gyeonggi,평일,,,06:00,22:30,,
241324005,17-1,gyeonggi,일요일,,,06:00,22:30,,
241324006,동탄1순환(A),gyeonggi,평일,30,35,06:00,22:30,,
241324006,동탄1순환(A),gyeonggi,일요일,90,90,06:00,22:30,,
241324007,동탄1순환(B),gyeonggi,평일,,,06:00,21:45,,
241324007,동탄1순환(B),gyeonggi,일요일,,,06:00,21:50,,
241324008,동탄2순환(A),gyeonggi,평일,25,30,06:00,22:30,,
241324008,동탄2순환(A),gyeonggi,일요일,50,60,06:00,22:30,,
241324009,동탄2순환(B),gyeonggi,평일,25,30,06:00,22:30,,
241324009,동탄2순환(B),gyeonggi,일요일,50,60,06:00,22:30,,
241325002,071,gyeonggi,평일,40,60,06:00,22:20,,
241325002,071,gyeonggi,일요일,40,60,06:00,22:20,,
241325004,074,gyeonggi,평일,15,20,06:00,22:35,,
241325004,074,gyeonggi,일요일,20,30,06:00,22:35,,
241325005,079,gyeonggi,평일,90,90,06:15,22:00,,
241325006,072A,gyeonggi,평일,30,30,06:00,21:30,,
241325006,072A,gyeonggi,일요일,70,70,06:30,21:30,,
241325007,072B,gyeonggi,평일,15,30,06:30,22:30,,
241326001,070A,gyeonggi,평일,15,20,06:10,23:00,07:50,23:30
241326001,070A,gyeonggi,일요일,25,30,06:25,23:00,06:55,23:30
241326003,078,gyeonggi,평일,11,12,06:00,23:00,06:50,23:30
241326003,078,gyeonggi,일요일,20,30,06:00,23:00,06:50,23:30
241328002,053,gyeonggi,평일,8,10,05:40,22:30,06:10,23:10
241328002,053,gyeonggi,일요일,10,13,06:00,22:30,06:30,23:10
241328004,055,gyeonggi,평일,60,60,06:00,21:00,07:00,22:00
241328004,055,gyeonggi,일요일,60,60,06:00,21:00,07:00,22:00
241328006,033,gyeonggi,평일,15,18,05:30,22:20,06:20,23:00
241328006,033,gyeonggi,일요일,20,20,06:00,22:20,06:40,23:00
241328007,051A,gyeonggi,평일,20,30,07:00,21:00,07:30,21:30
241328007,051A,gyeonggi,일요일,20,30,07:00,21:00,07:30,21:30
241328008,051B,gyeonggi,평일,60,60,08:00,18:00,08:30,22:00
241328008,051B,gyeonggi,일요일,60,60,08:00,18:00,08:30,22:00
241328009,052A,gyeonggi,평일,12,20,05:30,22:50,06:10,23:30
241328009,052A,gyeonggi,일요일,20,25,06:00,22:30,06:30,23:10
241328010,052B,gyeonggi,평일,30,30,06:00,22:30,06:15,22:40
241328010,052B,gyeonggi,일요일,30,30,06:00,22:30,06:15,22:40
241329003,1,gyeonggi,평일,6,30,05:20,23:30,05:20,23:30
241329003,1,gyeonggi,일요일,6,30,05:20,23:30,05:20,23:30
241329004,2,gyeonggi,평일,40,70,05:40,23:00,05:40,23:00
241329004,2,gyeonggi,일요일,40,70,05:40,23:00,05:40,23:00
241329005,3,gyeonggi,평일,15,25,06:00,22:20,06:40,23:00
241329005,3,gyeonggi,일요일,35,40,06:00,22:20,06:40,23:00
241329007,5,gyeonggi,평일,40,50,06:30,22:40,,
241329007,5,gyeonggi,일요일,90,105,06:30,22:40,,
241331001,097,gyeonggi,평일,15,18,05:40,23:15,06:10,23:45
241331001,097,gyeonggi,일요일,20,20,05:40,23:15,06:10,23:45
241331002,098,gyeonggi,평일,15,18,06:00,23:16,06:30,23:45
241331002,098,gyeonggi,일요일,15,18,06:00,23:16,06:30,23:45
241331003,099,gyeonggi,평일,10,12,05:50,23:15,06:20,23:45
241331003,099,gyeonggi,일요일,13,15,05:50,23:15,06:20,23:45
241332001,810,gyeonggi,평일,7,20,06:00,23:20,06:40,00:00
241332001,810,gyeonggi,일요일,10,30,06:00,23:00,06:40,23:40
241332003,810-1,gyeonggi,평일,8,10,06:00,23:00,06:40,23:40
241332003,810-1,gyeonggi,일요일,14,20,06:00,23:00,06:40,23:40
241332004,810-2,gyeonggi,평일,8,13,06:00,23:20,06:40,00:00
241332004,810-2,gyeonggi,일요일,12,15,06:00,23:20,06:40,00:00
241333001,031,gyeonggi,평일,10,20,05:20,23:40,05:15,23:35
241333001,031,gyeonggi,일요일,20,20,05:40,23:40,05:35,23:15
241334002,070B,gyeonggi,평일,20,22,06:00,22:20,,23:00
241334002,070B,gyeonggi,일요일,20,22,06:30,22:00,,22:40
241335001,50-2,gyeonggi,일요일,120,300,07:30,16:30,08:15,17:15
241335027,7(아침),gyeonggi,평일,40,50,07:00,08:20,07:10,08:40
241335029,7(송라),gyeonggi,평일,120,120,09:00,11:00,09:30,11:30
241335029,7(송라),gyeonggi,일요일,120,120,09:00,11:00,09:30,11:30
241335030,7(야목),gyeonggi,평일,165,165,12:15,15:00,12:45,15:40
241335031,7(매송),gyeonggi,평일,420,420,10:00,17:00,10:15,17:15
241335031,7(매송),gyeonggi,일요일,,,10:00,,10:15,
241335034,50-2(오전),gyeonggi,평일,120,120,09:30,11:30,10:15,12:15
241335035,50-2(오후),gyeonggi,평일,120,120,14:30,16:30,15:15,17:15
241335036,50-2(A),gyeonggi,평일,690,690,07:00,18:30,,
241335036,50-2(A),gyeonggi,일요일,,,11:30,,11:30,
241335037,50-2(신남),gyeonggi,평일,,,07:20,,08:15,
241335038,H3,gyeonggi,평일,20,60,14:00,22:00,14:30,22:30
241335038,H3,gyeonggi,일요일,20,60,15:00,22:00,15:30,22:30
241335039,서해선셔틀,gyeonggi,평일,20,20,07:20,18:40,08:10,19:10
241335039,서해선셔틀,gyeonggi,일요일,20,20,07:20,18:40,08:10,19:10
241339001,2,gyeonggi,평일,8,10,06:00,22:50,06:00,22:50
241339001,2,gyeonggi,일요일,10,12,06:00,22:50,06:00,22:50
241339004,2-2,gyeonggi,평일,35,35,06:00,22:10,07:00,22:00
241339004,2-2,gyeonggi,일요일,55,55,06:00,22:10,07:00,22:15
241340001,5,gyeonggi,평일,7,20,05:30,22:55,06:10,23:45
241340001,5,gyeonggi,일요일,15,35,05:40,23:10,06:20,23:50
241340005,8,gyeonggi,평일,27,40,05:35,22:50,06:00,23:05
241340005,8,gyeonggi,일요일,30,55,06:10,22:30,06:35,23:00
241340008,3,gyeonggi,평일,20,35,06:00,23:25,06:20,23:40
241340008,3,gyeonggi,일요일,25,30,06:30,22:50,06:50,23:15
241347002,80,gyeonggi,평일,10,30,05:20,23:00,06:40,00:00
241347002,80,gyeonggi,일요일,20,40,05:20,23:00,06:40,00:00
241347005,82A,gyeonggi,평일,20,30,05:20,22:40,06:20,23:40
241347005,82A,gyeonggi,일요일,25,35,05:20,22:40,06:20,23:40
241347006,82B,gyeonggi,평일,15,20,05:20,23:10,06:20,00:00
241347006,82B,gyeonggi,일요일,25,30,05:20,23:10,06:20,00:00
241347007,땡큐20,gyeonggi,평일,10,30,05:40,22:30,06:40,23:30
241347007,땡큐20,gyeonggi,일요일,15,30,06:00,22:00,07:00,23:00
241347009,48,gyeonggi,평일,10,35,05:40,22:30,05:57,22:45
241347009,48,gyeonggi,일요일,10,35,05:40,22:30,05:57,22:45
241347010,48-1,gyeonggi,평일,10,30,06:00,22:40,06:40,23:10
241347010,48-1,gyeonggi,일요일,30,35,06:00,22:40,06:40,23:10
241347011,86,gyeonggi,평일,40,50,06:00,22:40,06:45,23:25
241347011,86,gyeonggi,일요일,40,50,06:00,22:40,06:45,23:25
241348001,2A,gyeonggi,평일,10,20,,,08:25,21:00
241348001,2A,gyeonggi,일요일,15,30,,,08:25,21:00
241348002,2-2A,gyeonggi,평일,40,50,,,09:00,21:00
241348002,2-2A,gyeonggi,일요일,40,50,,,09:00,21:00
241348004,2,gyeonggi,평일,10,20,06:30,22:00,05:20,22:30
241348004,2,gyeonggi,일요일,15,30,06:30,22:00,05:20,22:30
241348005,2-2,gyeonggi,평일,,,06:45,22:00,05:40,22:15
241348005,2-2,gyeonggi,일요일,40,45,06:45,22:00,05:40,22:15
241349001,땡큐61,gyeonggi,평일,30,40,05:30,22:35,06:00,23:10
241349001,땡큐61,gyeonggi,일요일,45,45,06:30,21:35,07:00,22:10
241349004,60,gyeonggi,평일,30,75,06:00,22:30,06:30,23:00
241349004,60,gyeonggi,일요일,30,90,06:30,21:30,07:00,22:00
241349006,63,gyeonggi,평일,150,220,06:30,21:30,07:40,20:20
241349006,63,gyeonggi,일요일,150,220,06:30,21:30,07:40,20:20
241349007,64,gyeonggi,평일,40,40,06:30,22:15,,
241349007,64,gyeonggi,일요일,40,40,06:30,22:15,,
241350002,33-1,gyeonggi,평일,10,40,05:00,01:15,05:15,01:30
241350002,33-1,gyeonggi,일요일,15,30,05:00,00:15,05:15,00:30
241350003,땡큐85,gyeonggi,평일,10,30,05:40,23:30,05:40,00:10
241350003,땡큐85,gyeonggi,일요일,10,30,05:40,22:50,05:40,23:30
241350004,85-1,gyeonggi,평일,70,150,05:50,22:30,06:15,23:00
241350004,85-1,gyeonggi,일요일,70,150,05:50,22:30,06:15,23:00
241351002,31,gyeonggi,평일,80,80,06:30,20:50,07:10,21:30
241351002,31,gyeonggi,일요일,80,80,06:30,20:50,07:10,21:30
241351012,한강이음1,gyeonggi,평일,20,40,06:30,21:30,06:30,21:30
241351013,한강이음1-1,gyeonggi,일요일,20,40,09:00,19:00,09:00,19:00
241351016,10,gyeonggi,평일,50,55,06:20,18:30,07:05,19:00
241351016,10,gyeonggi,일요일,50,55,06:20,18:30,07:05,19:00
241352001,040,gyeonggi,평일,15,20,06:00,23:20,06:20,23:30
241352002,043(원당역),gyeonggi,평일,120,240,09:10,15:20,,
241352003,042,gyeonggi,평일,50,70,06:00,21:20,06:00,21:20
241352003,042,gyeonggi,일요일,50,70,07:00,21:20,07:00,21:20
241352004,043,gyeonggi,평일,30,90,06:00,20:00,,
241352006,048,gyeonggi,평일,15,20,05:50,23:20,,
241352006,048,gyeonggi,일요일,20,40,05:50,23:20,,
241352007,075A,gyeonggi,평일,10,25,05:40,23:00,06:20,23:45
241352007,075A,gyeonggi,일요일,15,30,06:00,23:00,,
241352008,047,gyeonggi,평일,15,30,06:00,23:10,,
241352008,047,gyeonggi,일요일,20,30,06:20,23:10,,
241352009,075B,gyeonggi,평일,20,30,05:20,23:00,06:10,23:50
241352009,075B,gyeonggi,일요일,30,30,06:30,23:00,06:50,23:50
241352010,046,gyeonggi,평일,12,30,05:50,23:00,,
241352010,046,gyeonggi,일요일,15,30,06:30,23:00,,
241352011,041B,gyeonggi,평일,20,30,06:00,23:20,06:10,23:40
241352011,041B,gyeonggi,일요일,20,30,06:20,23:20,06:40,23:40
241353001,땡큐99,gyeonggi,평일,30,40,05:30,22:35,06:00,23:10
241353001,땡큐99,gyeonggi,일요일,45,45,06:30,21:35,07:00,22:10
241353002,99-1,gyeonggi,평일,60,60,06:30,21:30,07:05,22:05
241353002,99-1,gyeonggi,일요일,60,60,07:30,20:30,08:05,21:05
241353003,99-2,gyeonggi,평일,10,60,06:15,20:15,06:45,20:45
241353003,99-2,gyeonggi,일요일,30,60,07:15,20:15,07:45,20:45
241353004,99-1A,gyeonggi,평일,60,60,06:00,21:00,06:30,21:30
241353005,99-2A,gyeonggi,평일,20,30,06:30,21:30,06:50,21:50
241353005,99-2A,gyeonggi,일요일,30,30,18:00,21:30,18:20,21:50
241353006,99-3,gyeonggi,평일,60,120,08:00,18:00,08:25,18:25
241353006,99-3,gyeonggi,일요일,60,120,08:00,17:00,08:25,17:25
241354001,88,gyeonggi,평일,45,45,06:25,21:55,06:45,21:28
241354001,88,gyeonggi,일요일,45,45,06:25,21:55,06:45,21:28
241354002,땡큐88-1,gyeonggi,평일,30,40,05:30,22:35,06:00,23:10
241354002,땡큐88-1,gyeonggi,일요일,45,45,06:30,21:35,07:00,22:10
241354003,88-2,gyeonggi,평일,60,60,06:10,22:15,06:40,22:45
241354003,88-2,gyeonggi,일요일,60,60,07:10,21:15,07:40,21:45
241355001,067,gyeonggi,평일,20,27,06:00,21:30,,
241355001,067,gyeonggi,일요일,35,55,06:00,21:30,,
241355002,068,gyeonggi,평일,20,27,06:00,21:30,,
241355002,068,gyeonggi,일요일,35,55,06:00,21:30,,
241355003,069,gyeonggi,평일,30,40,06:00,21:00,06:13,21:13
241355003,069,gyeonggi,일요일,30,40,06:00,21:00,06:13,21:13
241355004,090,gyeonggi,평일,9,12,05:30,23:00,,
241355004,090,gyeonggi,일요일,13,15,05:30,23:00,,
241355006,092,gyeonggi,평일,25,30,06:00,21:00,06:10,21:10
241355006,092,gyeonggi,일요일,25,30,06:00,21:00,06:10,21:10
241355007,091A,gyeonggi,평일,18,23,05:30,23:00,,
241355007,091A,gyeonggi,일요일,23,28,05:30,23:00,,
241355008,091B,gyeonggi,평일,12,17,05:30,23:00,,
241355008,091B,gyeonggi,일요일,15,20,05:30,23:00,,
241355010,066A,gyeonggi,평일,24,29,05:30,23:00,,
241355010,066A,gyeonggi,일요일,35,40,05:30,23:00,,
241355011,N003-1,gyeonggi,평일,25,35,06:00,21:30,,
241358001,33,gyeonggi,평일,15,20,05:55,22:00,06:10,22:20
241358001,33,gyeonggi,일요일,,,05:50,22:00,,
241358002,33-1,gyeonggi,평일,15,20,05:50,22:41,06:04,22:55
241358002,33-1,gyeonggi,일요일,15,20,05:50,22:41,06:04,22:55
241358003,99,gyeonggi,평일,20,20,06:20,21:20,06:45,21:45
241358003,99,gyeonggi,일요일,30,30,06:20,21:00,06:45,21:25
241358005,33-3,gyeonggi,평일,15,20,06:00,22:10,06:20,22:30
241358005,33-3,gyeonggi,일요일,,,06:05,22:15,06:20,22:30
241359003,100,gyeonggi,평일,12,20,06:20,22:50,06:40,23:10
241359003,100,gyeonggi,일요일,12,20,06:20,22:50,06:40,23:10
241363001,55,gyeonggi,평일,60,120,06:30,19:50,07:40,21:00
241363001,55,gyeonggi,일요일,60,120,06:30,19:50,07:40,21:00
241363002,56,gyeonggi,평일,5,20,06:20,22:40,06:35,22:20
241363002,56,gyeonggi,일요일,2,20,06:20,22:40,06:35,22:05
241363009,56-2,gyeonggi,평일,10,20,07:35,20:55,07:45,20:40
241363011,123,gyeonggi,평일,35,65,06:55,22:40,06:30,21:00
241363012,53,gyeonggi,평일,15,17,06:00,22:15,06:50,23:05
241363012,53,gyeonggi,일요일,22,25,06:00,22:15,06:50,23:05
241363013,53-1,gyeonggi,평일,70,80,06:00,20:50,06:40,21:30
241363013,53-1,gyeonggi,일요일,70,80,06:00,20:50,06:40,21:30
241367002,88,gyeonggi,평일,25,25,06:20,21:50,06:05,22:10
241367002,88,gyeonggi,일요일,25,25,06:20,21:50,06:05,22:10
241374002,1-A,gyeonggi,평일,6,7,06:00,21:54,06:20,10:20
241374002,1-A,gyeonggi,일요일,9,10,06:00,21:54,06:20,10:20
241374003,1-B,gyeonggi,평일,6,7,06:00,21:54,06:20,10:20
241374003,1-B,gyeonggi,일요일,9,10,06:00,21:54,06:20,10:20
241374005,N1-A,gyeonggi,평일,6,7,05:00,00:37,05:20,00:55
241374005,N1-A,gyeonggi,일요일,9,10,05:00,00:37,05:20,00:55
241374006,N1-B,gyeonggi,평일,6,7,05:00,00:37,05:20,00:55
241374006,N1-B,gyeonggi,일요일,9,10,05:00,00:37,05:20,00:55
241374007,5(녹색),gyeonggi,평일,15,25,06:00,22:00,06:30,22:30
241374007,5(녹색),gyeonggi,일요일,15,25,06:00,22:00,06:30,22:30
241374008,6,gyeonggi,평일,18,23,06:00,22:30,06:00,22:30
241374008,6,gyeonggi,일요일,23,28,06:00,22:30,06:30,23:00
241374009,6-1,gyeonggi,평일,20,20,06:00,22:30,06:00,22:30
241374009,6-1,gyeonggi,일요일,60,60,06:00,22:30,06:30,23:00
241374015,3-A,gyeonggi,평일,15,30,06:00,10:00,,
241374015,3-A,gyeonggi,일요일,20,40,06:00,10:00,,
241374016,3-B,gyeonggi,평일,15,30,06:00,10:00,,
241374016,3-B,gyeonggi,일요일,20,40,06:00,10:00,,
241381001,5,gyeonggi,평일,7,14,05:50,23:10,05:50,23:35
241381001,5,gyeonggi,일요일,9,11,05:50,23:10,05:50,23:35
241381002,10,gyeonggi,평일,8,15,05:50,23:20,05:50,23:20
241381002,10,gyeonggi,일요일,20,25,05:50,23:20,05:50,23:20
241381003,11,gyeonggi,평일,30,40,06:00,21:00,,
241382001,9,gyeonggi,평일,35,35,06:10,22:00,,
241382001,9,gyeonggi,일요일,45,45,06:10,22:00,,
241382002,1,gyeonggi,평일,10,25,05:30,23:40,06:00,00:15
241382002,1,gyeonggi,일요일,15,30,05:30,23:00,06:00,23:40
241382003,6,gyeonggi,평일,12,30,05:30,23:40,06:00,00:05
241382003,6,gyeonggi,일요일,20,35,05:30,23:40,06:00,00:05
241382004,6-1,gyeonggi,평일,20,40,05:50,22:30,06:20,22:55
241382004,6-1,gyeonggi,일요일,35,45,05:50,22:10,06:20,22:35
241382005,7,gyeonggi,평일,10,25,05:00,23:00,05:30,23:30
241382005,7,gyeonggi,일요일,15,30,05:00,23:00,05:30,23:30
241382006,1-2,gyeonggi,평일,60,60,07:00,22:00,,
241382006,1-2,gyeonggi,일요일,60,60,07:00,22:00,,
241382008,1-1,gyeonggi,평일,60,60,07:30,21:30,,
241382008,1-1,gyeonggi,일요일,60,60,07:30,21:30,,
241383001,3,gyeonggi,평일,14,45,05:30,23:40,,
241383001,3,gyeonggi,일요일,18,45,05:50,23:30,,
241383002,3-1,gyeonggi,평일,14,45,05:30,00:00,,
241383002,3-1,gyeonggi,일요일,18,45,05:50,23:50,,
241384001,2,gyeonggi,평일,14,14,05:30,23:30,,
241384001,2,gyeonggi,일요일,18,18,05:50,23:20,,
241384002,12,gyeonggi,평일,40,40,05:30,23:40,05:45,00:10
241384002,12,gyeonggi,일요일,40,40,05:50,23:30,06:10,23:50
241384005,13-1,gyeonggi,평일,30,30,07:30,19:30,,
241392001,03,gyeonggi,평일,5,10,05:55,23:12,,
241392001,03,gyeonggi,일요일,5,10,05:55,23:12,,
241395002,10,gyeonggi,평일,9,10,05:45,23:00,06:05,23:20
241395002,10,gyeonggi,일요일,10,15,06:00,22:40,06:00,23:00
241397007,08,gyeonggi,평일,11,22,06:15,21:35,,
241397014,08A,gyeonggi,일요일,26,60,06:00,21:35,,
241401001,11,gyeonggi,평일,50,55,05:30,22:35,06:00,23:05
241401001,11,gyeonggi,일요일,50,55,05:30,22:35,06:00,23:05
241401002,12,gyeonggi,평일,20,30,06:40,23:00,06:00,22:25
241401002,12,gyeonggi,일요일,35,45,06:40,23:00,06:00,22:25
241401003,13,gyeonggi,평일,50,60,06:00,22:10,,
241401003,13,gyeonggi,일요일,50,60,06:00,22:10,,
241401004,14,gyeonggi,평일,30,50,05:30,22:00,,
241401004,14,gyeonggi,일요일,80,100,05:30,22:00,,
241402001,06,gyeonggi,평일,8,16,06:00,23:05,06:30,23:30
241402001,06,gyeonggi,일요일,11,22,06:00,23:05,06:30,23:30
241402002,06-1(A),gyeonggi,평일,55,65,05:45,22:00,06:00,22:25
241402002,06-1(A),gyeonggi,일요일,55,90,06:05,21:40,06:30,22:00
241402003,06-2,gyeonggi,평일,60,75,06:15,22:50,06:40,23:10
241402003,06-2,gyeonggi,일요일,60,75,07:25,21:00,07:50,20:35
241408001,100,gyeonggi,평일,40,50,06:00,22:20,,
241408001,100,gyeonggi,일요일,60,70,06:00,22:20,,
241408002,3,gyeonggi,평일,19,29,06:00,23:00,,
241408002,3,gyeonggi,일요일,25,35,06:00,23:00,,
241408004,10,gyeonggi,평일,13,23,06:00,22:30,,
241408004,10,gyeonggi,일요일,18,28,06:00,22:30,,
241408006,미사-01A,gyeonggi,평일,14,14,06:00,23:00,,
241408006,미사-01A,gyeonggi,일요일,20,20,06:00,23:00,,
241409005,7,gyeonggi,평일,60,60,06:35,22:25,06:35,23:00
241409005,7,gyeonggi,일요일,60,60,06:35,22:25,06:35,23:00
241409006,8,gyeonggi,평일,55,100,06:30,23:00,06:30,23:00
241409006,8,gyeonggi,일요일,55,100,06:30,23:00,06:30,23:00
241409009,위례-01,gyeonggi,평일,15,35,06:00,23:00,,
241409009,위례-01,gyeonggi,일요일,23,35,06:00,23:00,,
241409010,감북-01,gyeonggi,평일,40,60,06:00,22:30,06:40,22:30
241409010,감북-01,gyeonggi,일요일,80,105,06:00,22:30,06:40,22:30
241409011,초이-02,gyeonggi,평일,30,50,06:00,23:00,,
241409011,초이-02,gyeonggi,일요일,60,90,06:00,23:00,,
241410001,2,gyeonggi,평일,12,20,06:00,23:30,,
241410001,2,gyeonggi,일요일,12,25,06:00,22:30,,
241410004,22,gyeonggi,평일,30,45,06:00,22:30,,
241410004,22,gyeonggi,일요일,30,45,06:00,22:30,,
241410005,미사-01B,gyeonggi,평일,12,20,06:00,22:30,,
241410005,미사-01B,gyeonggi,일요일,12,25,06:00,23:30,,
241410006,교산-01,gyeonggi,평일,50,80,06:30,22:30,,
241410006,교산-01,gyeonggi,일요일,50,80,06:30,22:30,,
241411001,1,gyeonggi,평일,20,30,06:00,23:30,,
241411001,1,gyeonggi,일요일,22,30,06:00,23:30,,
241412003,50,gyeonggi,평일,10,13,05:10,23:00,05:50,22:50
241412003,50,gyeonggi,일요일,12,18,05:10,23:00,05:50,22:50
241412004,5,gyeonggi,평일,18,20,06:00,23:00,,
241412004,5,gyeonggi,일요일,22,25,06:00,23:00,,
241412005,미사-02,gyeonggi,평일,40,40,06:00,23:00,,
241412005,미사-02,gyeonggi,일요일,80,80,06:00,23:00,,
241412006,초이-03,gyeonggi,평일,30,45,06:00,23:00,,
241412006,초이-03,gyeonggi,일요일,60,90,06:00,23:00,,
241412007,초이-04,gyeonggi,평일,35,70,06:00,22:10,,
241412007,초이-04,gyeonggi,일요일,35,70,06:00,22:10,,
241419001,11,gyeonggi,평일,12,13,05:40,00:10,06:25,00:33
241419001,11,gyeonggi,일요일,16,17,05:40,00:10,06:25,00:33
241419002,15,gyeonggi,평일,11,12,05:30,23:47,06:10,00:33
241419002,15,gyeonggi,일요일,16,16,05:30,23:47,06:10,00:33
241419004,17-1,gyeonggi,평일,18,20,05:30,23:35,06:00,00:10
241419004,17-1,gyeonggi,일요일,27,30,05:30,23:35,06:00,00:10
241419006,17,gyeonggi,평일,20,20,05:40,00:33,,
241419006,17,gyeonggi,일요일,27,27,05:40,00:33,,
241419007,14-1,gyeonggi,평일,32,33,06:00,23:20,06:20,23:47
241419007,14-1,gyeonggi,일요일,64,65,06:00,23:20,06:00,23:20
241419008,14,gyeonggi,평일,20,20,05:50,23:50,06:00,00:10
241419008,14,gyeonggi,일요일,30,30,05:50,23:50,06:00,00:10
241419009,15-2,gyeonggi,평일,7,8,05:40,23:49,06:18,00:34
241419009,15-2,gyeonggi,일요일,11,12,05:40,23:49,06:18,00:34
241419011,15-3,gyeonggi,평일,40,40,06:40,00:00,,
241419011,15-3,gyeonggi,일요일,40,40,06:40,00:00,,
241419012,14-3,gyeonggi,평일,60,60,06:50,22:50,07:25,23:25
241419012,14-3,gyeonggi,일요일,60,60,06:35,22:35,07:10,23:10
241419013,14-4,gyeonggi,평일,20,20,06:00,00:00,,
241419013,14-4,gyeonggi,일요일,20,20,06:00,00:00,,
241419014,15-4,gyeonggi,평일,15,30,06:10,23:40,,
241419014,15-4,gyeonggi,일요일,15,30,06:10,23:40,,
241419015,88C,gyeonggi,평일,40,40,06:20,23:40,08:20,
241419015,88C,gyeonggi,일요일,40,40,06:20,23:40,08:20,
241419016,15-5,gyeonggi,평일,10,20,06:20,23:50,,
241419016,15-5,gyeonggi,일요일,25,30,06:25,23:50,,
241419017,11-1,gyeonggi,평일,49,63,06:09,23:35,,
241419017,11-1,gyeonggi,일요일,49,63,06:09,23:35,,
241419018,802,gyeonggi,평일,120,120,06:20,21:30,07:20,22:30
241419018,802,gyeonggi,일요일,120,120,06:20,21:30,07:20,22:30
241420001,1,gyeonggi,평일,7,14,05:40,00:05,06:10,00:35
241420001,1,gyeonggi,일요일,12,12,05:40,00:05,06:10,00:35
241420002,16,gyeonggi,평일,40,60,05:30,23:55,06:10,00:30
241420002,16,gyeonggi,일요일,40,60,05:30,23:55,06:10,00:30
241420003,5,gyeonggi,평일,15,35,05:40,23:50,06:25,00:30
241420003,5,gyeonggi,일요일,40,50,05:40,23:50,06:25,00:30
241420004,82,gyeonggi,평일,12,14,05:40,23:49,06:25,00:35
241420004,82,gyeonggi,일요일,35,45,05:50,23:45,06:40,00:35
241420005,2-1,gyeonggi,평일,15,35,05:40,23:50,06:35,00:35
241420005,2-1,gyeonggi,일요일,20,50,06:00,23:45,06:50,00:35
241420006,82-1,gyeonggi,평일,30,35,05:45,23:45,06:30,00:30
241420006,82-1,gyeonggi,일요일,40,50,05:45,23:45,06:30,00:30
241420007,1-1,gyeonggi,평일,20,60,05:40,23:55,06:20,00:30
241420007,1-1,gyeonggi,일요일,20,60,05:40,23:55,06:20,00:30
241420008,5-1,gyeonggi,평일,20,30,05:50,00:10,,
241420008,5-1,gyeonggi,일요일,20,30,05:50,00:10,,
241420009,99,gyeonggi,평일,10,20,06:00,00:15,06:20,00:45
241420009,99,gyeonggi,일요일,15,15,06:00,00:15,06:20,00:45
241420010,88A,gyeonggi,평일,40,40,06:10,23:40,,
241420010,88A,gyeonggi,일요일,40,40,06:10,23:40,,
241420011,88B,gyeonggi,평일,40,40,09:10,23:40,09:10,23:50
241420011,88B,gyeonggi,일요일,40,40,09:10,23:40,09:10,23:40
241420012,801,gyeonggi,평일,50,50,06:05,23:30,,
241420012,801,gyeonggi,일요일,50,50,06:05,23:30,,
241421001,35,gyeonggi,평일,15,20,05:50,23:18,06:20,00:00
241421001,35,gyeonggi,일요일,20,24,05:50,23:18,06:20,00:00
241421002,35-1,gyeonggi,평일,45,100,06:55,20:10,07:15,20:30
241421002,35-1,gyeonggi,일요일,45,100,06:55,20:10,07:15,20:30
241421003,35-2,gyeonggi,평일,12,20,06:00,23:20,06:20,23:40
241421003,35-2,gyeonggi,일요일,25,25,06:00,23:20,06:20,23:40
241421004,35-3,gyeonggi,평일,13,20,05:55,,,00:00
241421004,35-3,gyeonggi,일요일,13,20,05:55,,,00:00
241421005,29,gyeonggi,평일,30,125,07:00,20:00,07:00,20:30
241421005,29,gyeonggi,일요일,60,150,07:25,19:55,07:00,20:30
241421006,29-1B,gyeonggi,평일,60,120,10:00,20:00,09:30,20:20
241421007,39-2,gyeonggi,평일,15,45,07:00,21:30,07:00,21:55
241421007,39-2,gyeonggi,일요일,30,30,07:00,21:30,07:00,21:55
241421008,57B,gyeonggi,평일,90,90,08:15,20:15,09:10,21:00
241421008,57B,gyeonggi,일요일,90,90,08:15,20:15,09:10,21:00
241421009,57-1,gyeonggi,평일,30,100,06:00,22:40,06:45,23:25
241421009,57-1,gyeonggi,일요일,45,175,06:00,22:35,06:45,23:20
241421010,57-2,gyeonggi,평일,30,40,06:20,22:40,07:15,23:30
241421010,57-2,gyeonggi,일요일,40,70,06:20,22:40,07:15,23:30
241421011,59-1A,gyeonggi,평일,9,9,07:00,08:21,,
241421012,59-1B,gyeonggi,평일,40,115,08:30,19:55,,
241421013,29-1A,gyeonggi,평일,100,100,07:00,08:20,07:40,09:00
241421014,57A,gyeonggi,평일,,,06:50,,07:40,
241421014,57A,gyeonggi,일요일,,,06:50,,07:40,
241422001,23,gyeonggi,평일,13,20,06:00,23:15,06:24,00:00
241422001,23,gyeonggi,일요일,15,30,06:00,23:15,06:24,00:00
241422002,20,gyeonggi,평일,15,20,06:00,23:40,06:15,23:55
241422002,20,gyeonggi,일요일,15,20,06:00,23:40,06:15,23:55
241422003,23-1A,gyeonggi,평일,20,20,06:50,08:50,07:04,08:44
241422004,20-1A,gyeonggi,평일,40,40,06:50,08:10,07:10,08:30
241422004,20-1A,gyeonggi,일요일,40,40,06:50,08:10,07:10,08:30
241422005,23-2,gyeonggi,평일,12,25,05:58,23:40,06:06,23:50
241422005,23-2,gyeonggi,일요일,10,90,07:00,23:40,07:06,23:50
241422006,20-2,gyeonggi,평일,15,22,05:58,23:40,06:05,23:50
241422006,20-2,gyeonggi,일요일,20,20,05:58,23:40,06:05,23:50
241422007,20-1B,gyeonggi,평일,40,120,09:00,20:20,09:15,20:35
241422007,20-1B,gyeonggi,일요일,40,120,09:00,20:20,09:15,20:35
241422008,23-1B,gyeonggi,평일,45,130,09:20,17:20,08:59,17:00
241422008,23-1B,gyeonggi,일요일,45,135,09:20,20:35,09:00,20:10
241422009,23-1C,gyeonggi,평일,20,30,18:00,20:50,18:06,20:36
241422010,49A,gyeonggi,평일,10,10,07:00,07:40,,
241422011,49B,gyeonggi,평일,30,40,,,08:00,20:40
241422011,49B,gyeonggi,일요일,40,120,,,08:00,20:40
241422012,50,gyeonggi,평일,20,25,06:00,23:20,06:20,23:40
241422012,50,gyeonggi,일요일,25,30,06:00,23:20,06:20,23:40
241423001,22,gyeonggi,평일,15,25,06:00,23:30,06:00,23:55
241423001,22,gyeonggi,일요일,30,30,06:00,23:30,06:00,23:55
241423006,57,gyeonggi,평일,90,100,07:30,19:15,08:15,20:20
241423006,57,gyeonggi,일요일,90,100,07:30,19:15,08:15,20:20
241423008,59,gyeonggi,평일,14,15,07:00,23:50,06:30,23:30
241423008,59,gyeonggi,일요일,20,20,07:00,00:00,06:30,23:30
241423012,39,gyeonggi,평일,20,20,05:50,23:25,06:10,23:45
241423012,39,gyeonggi,일요일,25,25,05:50,23:25,06:10,23:45
241423013,39-1,gyeonggi,평일,20,20,06:02,23:37,06:22,00:00
241423013,39-1,gyeonggi,일요일,25,25,06:02,23:37,06:22,00:00
241424001,33,gyeonggi,평일,20,35,05:15,23:30,06:20,00:15
241424001,33,gyeonggi,일요일,35,45,05:15,23:30,06:05,00:15
241424002,34,gyeonggi,평일,30,50,06:00,22:30,06:35,23:00
241424002,34,gyeonggi,일요일,60,120,06:00,22:30,06:35,23:00
241424003,36,gyeonggi,평일,30,40,06:00,23:20,06:50,23:50
241424003,36,gyeonggi,일요일,30,60,06:00,23:20,06:50,23:50
241424005,31,gyeonggi,평일,10,25,05:30,23:30,06:15,00:10
241424005,31,gyeonggi,일요일,35,45,05:30,23:30,06:15,00:10
241424006,28,gyeonggi,평일,65,95,07:00,20:00,07:30,20:30
241424006,28,gyeonggi,일요일,65,95,07:00,20:00,07:30,20:30
241424008,31-1,gyeonggi,평일,20,30,06:00,21:30,06:40,22:40
241424008,31-1,gyeonggi,일요일,30,30,06:00,21:30,06:40,22:40
241424010,34-1,gyeonggi,평일,25,80,06:30,20:30,06:30,20:30
241424010,34-1,gyeonggi,일요일,25,80,06:30,20:30,06:30,20:30
241424011,34-2,gyeonggi,평일,30,30,06:15,23:35,06:45,23:55
241424011,34-2,gyeonggi,일요일,60,60,06:15,23:35,06:45,23:55
241424012,80,gyeonggi,평일,25,36,05:10,23:30,05:50,00:05
241424012,80,gyeonggi,일요일,25,36,05:10,23:30,05:50,00:05
241424013,80-1,gyeonggi,평일,20,20,06:00,22:20,06:20,22:40
241424013,80-1,gyeonggi,일요일,20,40,06:00,22:20,06:20,22:40
241424015,33-2,gyeonggi,평일,40,40,06:30,12:30,06:45,12:50
241424016,31-2,gyeonggi,평일,15,20,06:35,20:50,06:50,21:10
241424016,31-2,gyeonggi,일요일,15,20,06:35,20:50,06:50,21:10
241424017,33-1A,gyeonggi,평일,30,35,06:30,18:05,06:45,18:20
241424017,33-1A,gyeonggi,일요일,30,35,06:30,18:05,06:45,18:20
241424018,33-1B,gyeonggi,평일,20,70,08:45,21:00,09:20,21:10
241424018,33-1B,gyeonggi,일요일,20,70,08:45,21:00,09:20,21:10
241424019,80-2A,gyeonggi,평일,20,20,07:30,08:30,07:42,08:42
241424020,80-2B,gyeonggi,평일,30,45,09:00,20:00,,
241424021,501,gyeonggi,평일,40,50,06:00,21:50,,
241424021,501,gyeonggi,일요일,40,50,06:00,21:50,,
241425001,54,gyeonggi,평일,25,50,06:00,23:30,06:30,00:00
241425001,54,gyeonggi,일요일,30,80,06:00,23:30,06:30,00:00
241425002,19,gyeonggi,평일,25,60,06:00,23:15,06:25,23:45
241425002,19,gyeonggi,일요일,60,120,06:00,23:15,06:25,23:45
241425003,51,gyeonggi,평일,14,20,05:30,23:20,06:10,00:00
241425003,51,gyeonggi,일요일,22,25,05:30,23:20,06:10,00:00
241425006,18,gyeonggi,평일,15,45,05:40,23:30,06:00,00:00
241425006,18,gyeonggi,일요일,25,85,05:40,23:30,06:00,00:00
241425007,32,gyeonggi,평일,40,100,05:40,23:20,06:20,00:00
241425007,32,gyeonggi,일요일,80,80,05:40,23:20,06:20,00:00
241425008,38,gyeonggi,평일,40,105,06:50,19:15,07:30,20:00
241425008,38,gyeonggi,일요일,90,150,06:50,19:15,07:30,20:00
241425010,53,gyeonggi,평일,60,120,07:00,20:00,07:00,20:00
241425010,53,gyeonggi,일요일,120,180,07:00,20:00,07:00,20:00
241425012,30,gyeonggi,평일,17,20,05:15,23:10,06:03,00:00
241425012,30,gyeonggi,일요일,26,30,05:15,23:13,06:03,00:01
241425013,55,gyeonggi,평일,20,40,05:36,23:00,06:00,23:30
241425013,55,gyeonggi,일요일,30,60,05:36,23:00,06:00,23:30
241425014,56,gyeonggi,평일,30,90,06:40,20:00,07:00,20:30
241425014,56,gyeonggi,일요일,60,90,06:40,20:00,07:00,20:30
241425015,58,gyeonggi,평일,25,80,05:50,23:30,06:15,00:00
241425015,58,gyeonggi,일요일,55,120,05:50,23:15,06:15,23:40
241425016,17A,gyeonggi,평일,60,60,06:50,19:20,07:15,19:45
241425017,17B,gyeonggi,평일,60,60,07:15,19:50,07:45,20:15
241425017,17B,gyeonggi,일요일,60,60,06:50,19:20,07:15,19:45
241425018,18-1,gyeonggi,평일,25,60,05:50,23:30,06:10,00:00
241425018,18-1,gyeonggi,일요일,50,110,05:50,23:30,06:10,00:00
241425020,28-2,gyeonggi,평일,30,60,06:00,22:30,06:30,00:00
241425020,28-2,gyeonggi,일요일,30,80,06:00,22:30,06:30,00:00
241425021,58-1,gyeonggi,평일,30,60,05:00,23:20,05:50,00:00
241425021,58-1,gyeonggi,일요일,45,60,05:10,23:15,05:50,23:15
241425022,58-2,gyeonggi,평일,30,60,05:50,23:35,06:05,00:00
241425022,58-2,gyeonggi,일요일,50,120,05:50,23:35,06:05,00:00
241425023,38-1,gyeonggi,평일,18,42,06:00,23:30,06:35,00:00
241425023,38-1,gyeonggi,일요일,30,100,06:00,23:30,06:35,00:00
241425024,53-1,gyeonggi,평일,,,08:00,,,
241425030,51-2A,gyeonggi,평일,40,80,08:35,21:55,09:15,22:35
241425030,51-2A,gyeonggi,일요일,80,140,08:35,21:55,09:15,22:35
241425031,51-1,gyeonggi,평일,50,80,06:00,23:40,06:25,00:05
241425031,51-1,gyeonggi,일요일,55,80,06:00,23:00,06:25,23:25
241425032,18-2,gyeonggi,평일,10,30,08:00,16:00,08:30,16:25
241425033,51-2B,gyeonggi,평일,10,40,06:50,08:20,07:10,08:00
241425034,56-1,gyeonggi,평일,,,08:20,,08:40,
241425036,28-1,gyeonggi,평일,40,110,06:45,20:05,07:05,20:35
241425036,28-1,gyeonggi,일요일,40,110,06:45,20:05,07:05,20:35
241425038,28-3,gyeonggi,평일,40,110,06:45,20:05,07:05,20:35
241425038,28-3,gyeonggi,일요일,45,110,06:45,20:05,07:05,20:35
241425040,51-3,gyeonggi,평일,55,80,08:00,21:35,08:25,22:00
241425040,51-3,gyeonggi,일요일,55,80,08:00,21:15,08:30,21:40
241426001,5,gyeonggi,평일,25,50,05:50,21:30,06:40,22:20
241426001,5,gyeonggi,일요일,35,60,05:50,21:30,06:40,22:20
241426002,5-3,gyeonggi,평일,,,09:15,09:15,,
241426002,5-3,gyeonggi,일요일,,,09:15,09:15,,
241426003,5-4,gyeonggi,평일,,,16:45,16:45,,
241426003,5-4,gyeonggi,일요일,,,16:45,16:45,,
241426004,201,gyeonggi,평일,75,140,06:55,21:15,07:20,21:40
241426004,201,gyeonggi,일요일,75,140,06:55,21:15,07:20,21:40
241426005,202,gyeonggi,평일,40,50,06:00,22:00,,
241426005,202,gyeonggi,일요일,40,50,06:00,22:00,,
241427001,26,gyeonggi,평일,15,40,05:27,00:00,06:05,00:30
241427001,26,gyeonggi,일요일,25,30,05:27,00:00,06:05,00:30
241427002,21,gyeonggi,평일,15,60,06:00,21:30,06:00,21:30
241427002,21,gyeonggi,일요일,15,60,06:00,21:30,06:00,21:30
241427003,26-1,gyeonggi,평일,30,30,05:30,23:30,06:00,00:00
241427003,26-1,gyeonggi,일요일,30,90,05:30,23:30,06:00,00:00
241427004,21-1,gyeonggi,평일,30,90,06:30,20:30,06:45,20:45
241427004,21-1,gyeonggi,일요일,30,90,06:30,20:30,06:45,20:45
241427005,26-2,gyeonggi,평일,15,30,05:40,23:30,06:10,00:00
241427005,26-2,gyeonggi,일요일,34,36,05:40,23:05,06:16,23:40
241427008,26-3,gyeonggi,평일,60,150,07:00,20:30,07:30,21:00
241427008,26-3,gyeonggi,일요일,60,150,07:00,20:30,07:30,21:00
241427009,502,gyeonggi,평일,45,80,05:50,22:30,06:15,22:55
241427009,502,gyeonggi,일요일,45,80,05:50,22:30,06:15,22:55
241427010,26-4,gyeonggi,평일,30,40,06:10,22:35,06:25,23:05
241428003,25,gyeonggi,평일,15,20,06:10,23:25,06:30,23:45
241428003,25,gyeonggi,일요일,20,25,06:10,23:25,06:30,23:45
241428004,24,gyeonggi,평일,7,8,05:52,23:35,05:57,23:54
241428004,24,gyeonggi,일요일,7,8,05:52,23:35,05:57,23:54
241428005,40,gyeonggi,평일,25,30,06:00,23:30,06:00,23:50
241428005,40,gyeonggi,일요일,25,30,06:00,23:30,06:00,23:50
241434001,061,gyeonggi,평일,90,180,06:30,21:00,,
241434001,061,gyeonggi,일요일,90,180,06:30,21:00,,
241434002,062,gyeonggi,평일,30,90,06:00,21:00,,
241434002,062,gyeonggi,일요일,30,90,06:00,21:00,,
241434003,061-1,gyeonggi,평일,160,250,05:30,15:30,,
241434003,061-1,gyeonggi,일요일,160,250,06:30,15:30,,
241434004,021,gyeonggi,평일,60,60,05:20,21:50,,
241434004,021,gyeonggi,일요일,60,60,05:20,21:50,,
241434005,059,gyeonggi,평일,100,100,05:40,21:10,,
241434005,059,gyeonggi,일요일,100,100,05:40,21:10,,
241434006,092,gyeonggi,평일,20,30,05:30,21:50,,
241434006,092,gyeonggi,일요일,50,50,05:30,21:45,,
241434007,093,gyeonggi,평일,60,120,05:30,21:10,,
241434007,093,gyeonggi,일요일,60,60,05:30,20:30,,
241434008,093-1,gyeonggi,평일,140,210,08:30,19:50,,
241434008,093-1,gyeonggi,일요일,300,300,07:30,19:30,,
241434009,091,gyeonggi,평일,70,90,06:00,22:50,,
241434009,091,gyeonggi,일요일,70,90,06:00,22:50,,
241438001,051A,gyeonggi,평일,11,25,05:30,23:40,,
241438001,051A,gyeonggi,일요일,15,25,05:30,23:40,,
241438002,051B,gyeonggi,평일,11,25,05:30,23:40,,
241438002,051B,gyeonggi,일요일,15,25,05:30,23:40,,
241438005,058A,gyeonggi,평일,20,25,05:30,23:00,,
241438005,058A,gyeonggi,일요일,30,30,05:30,23:00,,
241438006,058A(임진각),gyeonggi,평일,20,25,05:30,23:00,,
241438006,058A(임진각),gyeonggi,일요일,30,30,05:30,23:00,,
241438007,058B,gyeonggi,평일,20,25,05:30,23:00,,
241438007,058B,gyeonggi,일요일,30,30,05:30,23:00,,
241438008,058B(임진각),gyeonggi,평일,20,25,05:30,23:00,,
241438008,058B(임진각),gyeonggi,일요일,30,30,05:30,23:00,,
241439002,032,gyeonggi,평일,40,50,05:30,22:00,,
241439002,032,gyeonggi,일요일,90,90,05:30,22:50,,
241439004,033-1,gyeonggi,평일,,,07:50,16:40,,
241439005,030,gyeonggi,평일,20,25,05:30,22:30,,
241439005,030,gyeonggi,일요일,30,30,05:30,22:30,,
241439006,033,gyeonggi,평일,25,60,05:30,23:10,,
241439006,033,gyeonggi,일요일,35,70,05:30,23:10,,
241439010,080A,gyeonggi,평일,10,10,05:30,23:20,,
241439010,080A,gyeonggi,일요일,15,15,05:30,23:20,,
241439011,080B,gyeonggi,평일,10,10,05:30,23:20,,
241439011,080B,gyeonggi,일요일,15,15,05:30,23:20,,
241439012,081,gyeonggi,평일,15,25,05:30,23:20,,
241439012,081,gyeonggi,일요일,20,30,05:30,23:20,,
241439016,025,gyeonggi,평일,45,90,05:00,23:00,,
241439016,025,gyeonggi,일요일,45,90,05:00,23:00,,
241439017,036,gyeonggi,평일,65,95,05:00,23:15,,
241439017,036,gyeonggi,일요일,65,95,05:00,23:15,,
241439018,064,gyeonggi,평일,40,100,05:00,22:55,,
241439018,064,gyeonggi,일요일,40,100,05:00,22:55,,
241439019,064쌍둥이,gyeonggi,평일,40,60,05:00,23:00,,
241439019,064쌍둥이,gyeonggi,일요일,40,60,05:00,23:00,,
241439020,064재활용,gyeonggi,평일,40,60,05:00,23:00,,
241439020,064재활용,gyeonggi,일요일,40,60,05:00,23:00,,
241441001,065,gyeonggi,평일,9,15,05:20,23:30,,
241441001,065,gyeonggi,일요일,12,16,05:20,23:30,,
241441002,066,gyeonggi,평일,45,55,05:30,23:00,,
241441002,066,gyeonggi,일요일,40,60,05:30,23:00,,
241441003,065(봉고등교),gyeonggi,평일,,,07:20,,,
241441004,065(봉중등교),gyeonggi,평일,,,07:40,,,
241441005,065(봉중하교),gyeonggi,평일,,,14:52,,,
241441008,065(봉고하교),gyeonggi,평일,,,16:41,,,
241441010,063,gyeonggi,평일,80,105,05:20,22:10,,
241441010,063,gyeonggi,일요일,80,105,05:20,22:10,,
241441011,074,gyeonggi,평일,40,90,05:30,00:00,,
241441011,074,gyeonggi,일요일,40,90,05:30,00:00,,
241441012,037,gyeonggi,평일,12,40,05:25,23:10,,
241441012,037,gyeonggi,일요일,15,30,05:25,23:10,,
241441013,024,gyeonggi,평일,,,05:15,22:30,,
241441014,026,gyeonggi,평일,,,05:20,23:50,,
241441015,072,gyeonggi,평일,13,45,,,,
241446006,3-4,gyeonggi,평일,90,120,06:20,22:35,05:15,21:20
241446006,3-4,gyeonggi,일요일,90,120,06:20,22:35,05:15,21:20
241446019,3-2,gyeonggi,평일,10,20,05:50,21:43,05:47,21:54
241446019,3-2,gyeonggi,일요일,10,20,05:50,21:43,05:47,21:54
241451002,20,gyeonggi,평일,73,73,06:20,22:40,07:00,23:20
241451002,20,gyeonggi,일요일,73,73,06:20,22:40,07:00,23:20
241451003,11,gyeonggi,평일,95,125,06:10,21:40,06:47,22:17
241451003,11,gyeonggi,일요일,95,125,06:10,21:40,06:47,22:17
241451005,21,gyeonggi,평일,60,110,06:10,22:40,06:40,23:10
241451005,21,gyeonggi,일요일,60,110,06:10,22:40,06:40,23:10
241451006,72,gyeonggi,평일,48,48,05:35,20:58,06:14,21:37
241451006,72,gyeonggi,일요일,48,48,05:35,20:58,05:41,21:37
241451007,73,gyeonggi,평일,18,30,05:10,23:40,05:39,00:09
241451007,73,gyeonggi,일요일,25,60,05:10,23:40,05:39,00:09
241451008,77-1,gyeonggi,평일,20,35,04:50,23:10,05:48,00:03
241451008,77-1,gyeonggi,일요일,45,60,04:50,23:05,05:48,00:03
241451009,12,gyeonggi,평일,60,130,06:00,22:10,06:21,22:31
241451009,12,gyeonggi,일요일,60,130,06:00,22:10,06:21,22:31
241451011,12-1,gyeonggi,평일,,,08:00,08:15,08:00,08:15
241451011,12-1,gyeonggi,일요일,,,08:00,08:15,08:00,08:15
241451012,75,gyeonggi,평일,45,60,05:20,23:45,06:14,00:39
241451012,75,gyeonggi,일요일,65,90,05:20,21:20,06:14,22:12
241451013,76,gyeonggi,평일,95,125,06:10,21:05,06:49,21:44
241451013,76,gyeonggi,일요일,95,125,06:10,21:05,06:49,21:44
241451015,73-3,gyeonggi,평일,20,90,06:15,22:35,07:10,23:30
241451015,73-3,gyeonggi,일요일,20,90,06:15,22:35,07:10,23:30
241451020,10,gyeonggi,평일,110,160,08:05,19:55,08:55,20:45
241451020,10,gyeonggi,일요일,110,160,08:05,19:55,08:55,20:45
241451021,10-1,gyeonggi,평일,,,06:20,07:55,,
241451021,10-1,gyeonggi,일요일,,,06:20,07:55,,
241453003,09,gyeonggi,평일,55,110,06:10,22:15,,
241453004,09-1,gyeonggi,일요일,55,110,06:10,22:15,,
241453013,02,gyeonggi,평일,20,40,06:10,22:30,,
241453013,02,gyeonggi,일요일,20,40,06:10,22:30,,
241453015,05,gyeonggi,평일,8,16,05:55,23:05,06:30,23:30
241453015,05,gyeonggi,일요일,11,22,06:00,23:05,06:30,23:30
241453016,05-1,gyeonggi,평일,17,34,05:10,22:25,,
241453016,05-1,gyeonggi,일요일,26,52,05:10,22:25,,
241453017,07-1,gyeonggi,평일,10,20,06:05,22:40,,
241453017,07-1,gyeonggi,일요일,15,30,06:05,22:40,,
241454002,068,gyeonggi,평일,10,10,05:30,23:20,,
241454002,068,gyeonggi,일요일,15,15,05:30,23:20,,
241454003,022,gyeonggi,평일,25,30,05:30,23:00,,
241454003,022,gyeonggi,일요일,40,40,05:30,23:00,,
241454004,023,gyeonggi,평일,60,60,06:00,22:00,,
241454007,069,gyeonggi,평일,15,15,05:30,23:30,,
241454007,069,gyeonggi,일요일,45,45,05:30,23:30,,
241454010,084,gyeonggi,평일,15,15,05:40,23:45,,
241454010,084,gyeonggi,일요일,15,30,05:40,23:45,,
241454011,086,gyeonggi,평일,40,40,06:00,22:30,,
241454011,086,gyeonggi,일요일,40,40,06:00,22:30,,
241454012,084(와석초),gyeonggi,평일,15,15,08:00,15:50,,
241454012,084(와석초),gyeonggi,일요일,,,08:00,15:45,,
241454013,084(심야),gyeonggi,평일,15,15,22:30,23:30,,
241454013,084(심야),gyeonggi,일요일,30,30,22:30,23:30,,
241454014,089,gyeonggi,평일,9,30,05:20,00:05,,
241454014,089,gyeonggi,일요일,15,30,05:30,23:50,,
241454015,075,gyeonggi,평일,10,30,05:30,23:30,,
241454015,075,gyeonggi,일요일,15,30,05:30,23:30,,
241454016,076,gyeonggi,평일,15,35,05:30,23:30,,
241454016,076,gyeonggi,일요일,20,50,05:30,23:30,,
241454017,077,gyeonggi,평일,10,30,05:00,00:00,,
241454017,077,gyeonggi,일요일,15,45,05:00,00:00,,
241454018,084-1,gyeonggi,평일,,,05:30,23:35,,
241454018,084-1,gyeonggi,일요일,,,05:30,23:35,,
241454020,052,gyeonggi,평일,30,30,05:20,23:30,,
241454020,052,gyeonggi,일요일,30,30,05:20,23:30,,
241454021,090,gyeonggi,평일,50,50,05:20,23:20,,
241454021,090,gyeonggi,일요일,60,60,05:20,23:20,,
241454022,071,gyeonggi,평일,15,20,05:10,23:50,,
241454022,071,gyeonggi,일요일,20,25,05:10,23:50,,
241454023,082,gyeonggi,평일,15,30,05:00,23:30,,
241454023,082,gyeonggi,일요일,25,60,05:00,23:30,,
241454025,070A,gyeonggi,평일,10,25,05:00,00:00,,
241454025,070A,gyeonggi,일요일,15,40,05:00,00:00,,
241454026,070B,gyeonggi,평일,10,25,05:00,00:00,,
241454026,070B,gyeonggi,일요일,15,40,05:00,00:00,,
241455001,16,gyeonggi,평일,80,100,05:10,21:40,05:45,22:30
241455001,16,gyeonggi,일요일,80,100,05:10,21:40,05:45,22:30
241455002,3,gyeonggi,평일,60,120,06:00,21:30,05:49,21:10
241455002,3,gyeonggi,일요일,60,120,06:00,21:30,05:49,21:10
241455003,3-1,gyeonggi,평일,50,120,05:40,22:30,05:45,22:05
241455003,3-1,gyeonggi,일요일,50,120,05:40,22:30,05:45,22:05
241457001,3-3,gyeonggi,평일,15,35,06:00,21:25,06:20,22:10
241457002,3-5,gyeonggi,평일,30,50,06:45,21:50,05:50,21:00
241457002,3-5,gyeonggi,일요일,20,35,06:45,21:50,05:50,21:00
241457003,3-7,gyeonggi,평일,140,210,05:20,20:40,06:30,22:00
241457003,3-7,gyeonggi,일요일,140,210,05:20,20:40,06:30,22:00
241457004,3-8,gyeonggi,평일,140,200,07:50,22:00,06:50,20:20
241457004,3-8,gyeonggi,일요일,140,200,07:50,22:00,06:50,20:20
241457005,13,gyeonggi,평일,60,120,06:30,21:00,,
241457005,13,gyeonggi,일요일,60,120,06:30,21:00,,
241457006,13-1,gyeonggi,평일,60,120,06:00,20:10,,
241457006,13-1,gyeonggi,일요일,60,120,06:00,20:10,,
241457007,14,gyeonggi,평일,60,80,06:30,21:10,06:30,20:40
241457007,14,gyeonggi,일요일,60,80,06:30,21:10,06:30,20:40
241457008,14-1,gyeonggi,평일,,,07:45,07:45,06:45,06:45
241457008,14-1,gyeonggi,일요일,,,07:45,07:45,06:45,06:45
241457011,18,gyeonggi,평일,75,135,06:30,20:30,07:00,21:10
241457011,18,gyeonggi,일요일,75,135,06:30,20:30,07:00,21:10
241457012,15-1(지축),gyeonggi,평일,60,95,07:30,,17:50,
241457012,15-1(지축),gyeonggi,일요일,60,95,07:30,,17:50,
241457013,15-1(구파발),gyeonggi,평일,90,90,19:30,,21:00,
241457013,15-1(구파발),gyeonggi,일요일,90,90,19:30,,21:00,
241457016,3-3A,gyeonggi,평일,50,90,06:20,19:30,07:10,20:30
241457017,3-7(한시운행),gyeonggi,평일,,,07:50,15:50,09:10,15:50
241457017,3-7(한시운행),gyeonggi,일요일,,,07:50,15:50,09:10,15:50
241458100,U1,gyeonggi,평일,23,23,14:00,17:20,,
241458101,U101,gyeonggi,평일,,,06:40,06:40,,
241458102,U102,gyeonggi,평일,,,06:40,06:40,,
241458103,U103,gyeonggi,평일,,,06:40,06:40,,
241458104,U104,gyeonggi,평일,,,06:40,06:40,,
241458105,U105,gyeonggi,평일,,,06:40,06:40,,
241458200,U2,gyeonggi,평일,23,23,14:00,17:20,,
241458201,U201,gyeonggi,평일,,,06:40,06:40,,
241458202,U202,gyeonggi,평일,,,06:40,06:40,,
241458203,U203,gyeonggi,평일,,,06:40,06:40,,
241458204,U204,gyeonggi,평일,,,06:40,06:40,,
241458205,U205,gyeonggi,평일,,,06:40,06:40,,
241459001,22-6,gyeonggi,평일,15,30,05:30,22:00,05:55,22:25
241459001,22-6,gyeonggi,일요일,20,30,06:00,19:00,06:25,19:25
241459004,황금해안01,gyeonggi,평일,,,06:30,20:00,06:50,20:20
241459004,황금해안01,gyeonggi,일요일,,,09:30,18:30,09:50,18:50
241459005,황금해안02,gyeonggi,평일,,,06:00,19:00,06:25,19:25
241459006,황금해안02(살곶),gyeonggi,평일,,,07:30,18:00,07:55,18:25
241459006,황금해안02(살곶),gyeonggi,일요일,,,07:30,18:00,07:55,18:25
241460001,52,gyeonggi,평일,7,20,16:00,22:00,16:00,22:00
241460001,52,gyeonggi,일요일,7,20,16:00,22:00,16:00,22:00
241460002,52A,gyeonggi,평일,7,20,09:00,16:00,09:00,16:00
241460002,52A,gyeonggi,일요일,7,20,09:00,16:00,09:00,16:00
241460003,52B,gyeonggi,평일,7,20,06:40,09:00,06:40,09:00
241460003,52B,gyeonggi,일요일,7,20,06:40,09:00,06:40,09:00
241460011,20N,gyeonggi,평일,17,20,22:18,00:05,22:28,00:15
241460012,52N,gyeonggi,평일,30,30,22:30,00:00,22:45,00:15
241461001,17,gyeonggi,평일,60,90,06:30,19:30,,
241461001,17,gyeonggi,일요일,60,90,06:30,19:30,,
241461002,16,gyeonggi,평일,10,30,07:45,22:00,,
241461002,16,gyeonggi,일요일,20,30,07:30,22:00,,
241461003,15,gyeonggi,평일,15,20,07:00,18:00,,
241461003,15,gyeonggi,일요일,15,20,07:00,18:00,,
241461004,17A,gyeonggi,평일,15,20,07:50,08:40,,
241461005,16-1,gyeonggi,평일,10,15,,,06:40,22:00
241461005,16-1,gyeonggi,일요일,10,15,,,07:40,22:00
241461006,50,gyeonggi,평일,7,10,06:40,22:00,06:55,22:15
241461006,50,gyeonggi,일요일,7,10,06:40,22:00,06:55,22:15
241461007,1,gyeonggi,평일,10,15,09:02,17:22,09:00,17:47
241461007,1,gyeonggi,일요일,15,20,09:02,17:22,09:00,17:47
241461008,1A,gyeonggi,평일,10,15,06:44,08:55,06:45,08:53
241461009,51,gyeonggi,평일,15,20,06:10,21:30,06:30,21:50
241461009,51,gyeonggi,일요일,15,30,06:10,21:30,06:30,21:50
241461011,52-1,gyeonggi,평일,13,15,07:00,18:00,06:40,18:30
241461012,19,gyeonggi,평일,4,4,06:05,21:50,06:00,21:45
241461012,19,gyeonggi,일요일,10,10,06:05,21:50,06:00,21:45
241461014,1B,gyeonggi,평일,10,15,18:20,22:00,18:23,22:00
241461014,1B,gyeonggi,일요일,15,20,18:20,22:00,18:23,22:00
241461015,16A,gyeonggi,평일,10,10,06:40,07:30,,
241461016,1C,gyeonggi,평일,15,20,07:00,21:10,,
241463001,5,gyeonggi,평일,30,30,06:40,20:40,07:00,20:55
241463001,5,gyeonggi,일요일,30,30,07:00,20:40,07:00,20:55
241464002,11A,gyeonggi,평일,60,80,07:00,19:20,,
241464002,11A,gyeonggi,일요일,60,80,07:00,19:20,,
241464003,11B,gyeonggi,평일,60,80,07:00,19:20,,
241464003,11B,gyeonggi,일요일,60,80,07:00,19:20,,
241466002,77-1(오전),gyeonggi,평일,40,70,06:30,13:20,,
241466002,77-1(오전),gyeonggi,일요일,40,70,06:30,13:20,,
241466003,77-1(오후),gyeonggi,평일,40,70,15:10,20:10,,
241466003,77-1(오후),gyeonggi,일요일,40,70,15:10,20:10,,
241466004,77-2,gyeonggi,평일,60,70,06:40,20:35,07:08,21:00
241466004,77-2,gyeonggi,일요일,60,70,06:40,20:35,07:08,21:00
241466005,77A,gyeonggi,평일,20,40,06:20,20:15,06:45,20:38
241466005,77A,gyeonggi,일요일,20,40,06:20,20:15,06:45,20:38
241466006,77B,gyeonggi,평일,20,40,07:00,20:45,07:30,21:15
241466006,77B,gyeonggi,일요일,20,40,07:00,20:45,07:30,21:15
241468001,72A(조강2리),gyeonggi,평일,60,120,07:00,20:00,07:30,19:30
241468001,72A(조강2리),gyeonggi,일요일,60,120,07:00,20:00,07:30,19:30
241468002,72B(개곡2리),gyeonggi,평일,60,120,07:30,19:30,08:00,20:00
241468002,72B(개곡2리),gyeonggi,일요일,60,120,07:30,19:30,08:00,20:00
241470001,공영쇄암A,gyeonggi,평일,60,70,06:20,21:15,06:40,21:35
241470001,공영쇄암A,gyeonggi,일요일,60,70,06:20,21:15,06:40,21:35
241470002,공영쇄암B,gyeonggi,평일,150,240,08:10,17:05,08:30,17:20
241470002,공영쇄암B,gyeonggi,일요일,150,240,08:10,17:05,08:30,17:20
241470003,공영학운,gyeonggi,평일,60,70,06:00,20:30,06:40,21:10
241470003,공영학운,gyeonggi,일요일,60,70,06:00,20:30,06:40,21:10
241470004,86,gyeonggi,평일,90,150,07:00,18:30,07:45,19:15
241470005,201,gyeonggi,평일,30,60,06:00,21:00,,
241470005,201,gyeonggi,일요일,30,60,06:00,21:00,,
241470006,202,gyeonggi,평일,30,60,06:30,21:30,,
241470006,202,gyeonggi,일요일,30,60,06:30,21:30,,
241470007,30,gyeonggi,평일,20,25,04:30,22:30,,
241470007,30,gyeonggi,일요일,25,30,04:30,22:30,,
241470008,통진순환,gyeonggi,평일,20,30,07:00,21:00,,
241470009,순환N,gyeonggi,평일,20,30,22:00,00:00,,
241471001,23(국수메),gyeonggi,평일,60,60,06:40,20:20,,
241471001,23(국수메),gyeonggi,일요일,60,60,07:00,20:20,,
241471002,23(석탄리),gyeonggi,평일,60,60,08:50,19:50,,
241471002,23(석탄리),gyeonggi,일요일,60,60,08:50,19:50,,
241471003,23(중계소),gyeonggi,평일,60,120,07:35,19:20,,
241471003,23(중계소),gyeonggi,일요일,60,120,07:35,19:20,,
241471004,24(마곡리),gyeonggi,평일,60,120,07:05,19:35,,
241471004,24(마곡리),gyeonggi,일요일,60,120,07:05,19:35,,
241471005,24(마조리),gyeonggi,평일,60,120,06:40,19:00,,
241471005,24(마조리),gyeonggi,일요일,60,120,06:40,19:00,,
241471006,24(양택리),gyeonggi,평일,60,120,07:45,20:00,,
241471006,24(양택리),gyeonggi,일요일,60,120,07:45,20:00,,
241471007,25(마조.석탄리),gyeonggi,평일,40,40,06:30,08:20,,
241471007,25(마조.석탄리),gyeonggi,일요일,40,40,07:00,08:20,,
241471008,25(마조리),gyeonggi,평일,60,60,08:50,19:50,,
241471008,25(마조리),gyeonggi,일요일,60,60,08:50,19:50,,
241471009,25(석탄리),gyeonggi,평일,40,80,09:20,20:20,,
241471009,25(석탄리),gyeonggi,일요일,40,80,09:20,20:20,,
241472001,22(새벽),gyeonggi,평일,40,40,06:40,08:20,,
241472001,22(새벽),gyeonggi,일요일,40,40,07:20,08:20,,
241472002,22(오전),gyeonggi,평일,60,60,08:40,12:30,,
241472002,22(오전),gyeonggi,일요일,50,60,08:40,12:30,,
241472003,22(오후),gyeonggi,평일,60,60,13:30,19:30,,
241472003,22(오후),gyeonggi,일요일,60,60,13:30,19:30,,
241475001,2,gyeonggi,평일,130,150,07:55,19:35,07:00,20:45
241475001,2,gyeonggi,일요일,130,150,07:55,19:35,07:00,20:45
241475002,2-1,gyeonggi,평일,80,90,06:00,19:20,06:40,20:00
241475002,2-1,gyeonggi,일요일,80,90,06:00,19:20,06:40,20:00
241475003,2-2,gyeonggi,평일,45,65,06:05,19:55,07:40,20:50
241475003,2-2,gyeonggi,일요일,80,140,06:50,19:55,07:40,20:50
241475004,2-3,gyeonggi,평일,30,30,06:00,20:12,07:10,20:54
241475004,2-3,gyeonggi,일요일,35,35,06:00,19:55,07:10,20:30
241475005,2-4,gyeonggi,평일,15,25,06:00,20:05,06:30,20:55
241475005,2-4,gyeonggi,일요일,20,25,06:00,19:55,06:50,20:45
241475006,2-4B,gyeonggi,평일,120,120,07:10,19:40,08:15,20:30
241475006,2-4B,gyeonggi,일요일,120,120,07:10,19:40,08:15,20:30
241476001,034,gyeonggi,평일,60,70,05:00,22:30,,
241476001,034,gyeonggi,일요일,60,70,05:00,22:30,,
241476002,038,gyeonggi,평일,100,100,05:00,23:00,,
241476002,038,gyeonggi,일요일,100,100,05:00,23:00,,
241476003,073,gyeonggi,평일,120,130,05:00,22:00,,
241476003,073,gyeonggi,일요일,120,120,05:00,22:00,,
241476004,078,gyeonggi,평일,8,10,05:00,23:00,,
241476004,078,gyeonggi,일요일,10,15,05:00,23:00,,
241476005,083,gyeonggi,평일,35,50,05:00,23:30,,
241476005,083,gyeonggi,일요일,35,50,05:00,23:30,,
241476006,087,gyeonggi,평일,80,90,05:00,22:20,,
241476006,087,gyeonggi,일요일,80,90,05:00,22:20,,
241476007,088,gyeonggi,평일,120,120,05:00,22:20,,
241476007,088,gyeonggi,일요일,120,120,05:20,22:20,,
241476008,034-1,gyeonggi,평일,60,70,07:00,18:30,,
241476008,034-1,gyeonggi,일요일,,,07:00,18:30,,
241485006,12,gyeonggi,평일,110,200,05:45,19:35,06:40,21:00
241485006,12,gyeonggi,일요일,110,200,05:45,19:35,06:40,21:00
241485017,10-2,gyeonggi,평일,125,430,07:40,16:50,08:05,17:30
241485017,10-2,gyeonggi,일요일,125,430,07:40,16:50,08:05,17:30
241485018,10,gyeonggi,평일,140,220,09:00,15:15,10:00,16:15
241485018,10,gyeonggi,일요일,140,220,09:00,15:15,10:00,16:15
241485019,10-1,gyeonggi,평일,50,225,05:50,21:00,06:20,21:30
241485019,10-1,gyeonggi,일요일,50,225,05:50,21:00,06:20,21:30
241485020,10-3,gyeonggi,평일,50,120,06:00,21:10,06:25,21:30
241485020,10-3,gyeonggi,일요일,50,120,06:00,21:10,06:25,21:30
241485022,10-5,gyeonggi,평일,595,595,07:55,18:20,08:25,18:50
241485022,10-5,gyeonggi,일요일,595,595,07:55,18:20,08:25,18:50
241485023,36-2,gyeonggi,평일,125,125,14:30,16:35,14:55,17:00
241485023,36-2,gyeonggi,일요일,125,125,14:30,16:35,14:55,17:00
241485024,36-3,gyeonggi,평일,,,06:40,,07:15,
241485024,36-3,gyeonggi,일요일,,,06:40,,07:15,
241485025,36-1,gyeonggi,평일,115,120,09:30,19:30,10:00,19:50
241485025,36-1,gyeonggi,일요일,115,120,09:30,19:30,10:00,19:50
241485031,36,gyeonggi,평일,160,175,10:35,21:10,11:00,21:30
241485031,36,gyeonggi,일요일,160,175,10:35,21:10,11:00,21:30
241485033,39,gyeonggi,평일,60,175,10:40,21:30,11:05,21:50
241485033,39,gyeonggi,일요일,60,175,10:40,21:30,11:05,21:50
241485034,39-1,gyeonggi,평일,170,245,09:50,16:45,10:10,17:05
241485034,39-1,gyeonggi,일요일,170,245,09:50,16:45,10:10,17:05
241485035,39-2,gyeonggi,평일,,,07:10,,07:25,
241485035,39-2,gyeonggi,일요일,,,07:10,,07:25,
241485039,13-3,gyeonggi,평일,50,50,06:00,21:10,06:00,21:10
241485039,13-3,gyeonggi,일요일,50,50,06:00,21:10,06:50,20:20
241485040,13-2,gyeonggi,평일,10,50,05:15,20:30,06:20,21:25
241485040,13-2,gyeonggi,일요일,10,50,05:15,20:30,06:20,21:25
241485041,13-1,gyeonggi,평일,8,40,05:50,21:30,05:50,21:30
241485041,13-1,gyeonggi,일요일,15,90,05:50,21:30,05:50,21:30
241485044,10-3A,gyeonggi,평일,,,10:40,15:40,11:10,16:15
241485044,10-3A,gyeonggi,일요일,,,10:40,15:40,11:10,16:15
241485045,36A,gyeonggi,평일,85,85,06:05,07:30,06:20,07:55
241485045,36A,gyeonggi,일요일,85,85,06:05,07:30,06:20,07:55
241485046,36-2A,gyeonggi,평일,,,08:30,,08:50,
241485046,36-2A,gyeonggi,일요일,,,08:30,,08:50,
241485047,39A,gyeonggi,평일,35,105,06:00,08:50,06:15,09:15
241485047,39A,gyeonggi,일요일,35,105,06:00,08:50,06:15,09:15
241485048,12-1,gyeonggi,평일,,,07:30,17:45,15:00,
241485048,12-1,gyeonggi,일요일,,,07:30,17:45,15:00,
241485050,11-1,gyeonggi,평일,150,220,06:40,21:05,08:10,19:55
241485050,11-1,gyeonggi,일요일,150,220,06:40,21:05,08:10,19:55
241485056,13-1A,gyeonggi,평일,104,105,06:05,19:20,07:00,21:00
241485056,13-1A,gyeonggi,일요일,104,105,06:05,19:20,07:00,21:00
241485057,13-3A,gyeonggi,평일,,,07:40,,07:40,
241485057,13-3A,gyeonggi,일요일,,,07:40,,08:40,
241485059,33-3,gyeonggi,평일,60,120,05:40,20:00,06:40,21:00
241485059,33-3,gyeonggi,일요일,60,120,05:40,20:00,06:40,21:00
241485060,향남순환(A),gyeonggi,평일,,,05:40,21:00,06:20,21:40
241485060,향남순환(A),gyeonggi,일요일,,,05:40,20:30,06:20,21:10
241485061,33-4,gyeonggi,평일,85,180,06:10,19:10,07:20,20:20
241485061,33-4,gyeonggi,일요일,85,180,06:10,19:10,07:20,20:20
241488001,31,gyeonggi,평일,,,05:20,21:00,,
241488001,31,gyeonggi,일요일,,,05:20,21:00,,
241488002,6-1,gyeonggi,평일,,,05:50,21:40,,
241488002,6-1,gyeonggi,일요일,,,05:50,21:40,,
241488003,31-1,gyeonggi,평일,15,18,05:25,21:55,,
241488003,31-1,gyeonggi,일요일,15,20,05:25,21:45,,
241488006,31-2,gyeonggi,평일,120,150,05:55,21:30,06:50,22:20
241488006,31-2,gyeonggi,일요일,120,150,05:55,21:30,06:50,22:20
241488007,1,gyeonggi,평일,,,06:30,21:00,,
241488008,6-2,gyeonggi,평일,40,80,05:20,21:20,06:00,22:10
241488008,6-2,gyeonggi,일요일,40,80,05:20,21:20,06:00,22:10
241489001,10,gyeonggi,평일,40,105,06:05,21:00,06:25,21:15
241489001,10,gyeonggi,일요일,40,105,06:05,21:00,06:25,21:15
241489002,500,gyeonggi,평일,75,140,06:30,21:00,07:10,21:40
241489002,500,gyeonggi,일요일,75,140,06:30,21:00,07:10,21:40
241489007,90,gyeonggi,평일,115,150,06:00,19:30,06:50,20:25
241489008,9-1,gyeonggi,평일,85,155,05:20,18:50,05:50,19:40
241489008,9-1,gyeonggi,일요일,85,155,05:20,18:50,05:50,19:40
241489009,7(학통등교),gyeonggi,평일,5,5,07:55,08:10,,
241489010,8(학통등교),gyeonggi,평일,,,08:00,08:00,,
241489011,9(학통등교),gyeonggi,평일,5,5,07:45,07:50,,
241489012,11(학통등교),gyeonggi,평일,,,08:05,,,
241489014,12(학통등교),gyeonggi,평일,,,08:10,08:15,,
241489015,30(학통등교),gyeonggi,평일,5,10,08:00,,08:15,
241489017,202(학통하교),gyeonggi,평일,10,12,15:40,16:40,,
241489018,202(학통등교),gyeonggi,평일,5,6,07:55,08:10,,
241489020,9-1(학통등교),gyeonggi,평일,,,08:05,08:05,,
241489021,30-1(학통등교),gyeonggi,평일,5,5,08:00,08:05,,
241489022,202-1(학통하교),gyeonggi,평일,,,15:30,16:25,,
241489023,30-2(학통등교),gyeonggi,평일,,,08:00,,,
241489024,9(학통하교),gyeonggi,평일,,,15:45,16:40,,
241489025,60(학통등교),gyeonggi,평일,,,08:10,,,
241489026,9-2(학통등교),gyeonggi,평일,,,08:00,,,
241489027,11-1(학통등교),gyeonggi,평일,,,08:10,,,
241491002,35-1(A),gyeonggi,평일,,,06:00,12:05,,
241491002,35-1(A),gyeonggi,일요일,,,06:15,11:05,,
241491004,35-2,gyeonggi,평일,20,35,06:00,22:25,,
241491004,35-2,gyeonggi,일요일,30,35,06:10,21:45,,
241491008,38,gyeonggi,평일,,,06:35,19:00,,
241491008,38,gyeonggi,일요일,25,105,06:35,19:00,,
241491010,100,gyeonggi,평일,30,60,06:50,19:30,,
241491010,100,gyeonggi,일요일,30,60,06:50,19:30,,
241491011,38-1,gyeonggi,평일,,,06:50,19:40,,
241491011,38-1,gyeonggi,일요일,25,75,06:50,19:40,,
241491012,100(A),gyeonggi,평일,30,60,06:50,19:30,,
241491012,100(A),gyeonggi,일요일,30,60,06:50,19:30,,
241491014,35-1(B),gyeonggi,평일,,,12:25,22:00,,
241491014,35-1(B),gyeonggi,일요일,,,12:20,21:30,,
241491015,동탄역6(출근),gyeonggi,평일,,,06:25,07:00,,
241491016,동탄역6(퇴근),gyeonggi,평일,,,18:30,19:00,,
241491017,35-2(A),gyeonggi,평일,,,12:40,13:25,,
241491017,35-2(A),gyeonggi,일요일,,,12:10,13:00,,
249000002,판타G버스,gyeonggi,평일,30,30,07:30,19:00,08:20,19:50
249000002,판타G버스,gyeonggi,일요일,60,60,,,,
100100412,6001,seoul,평일,13,13,04:30,22:50,,
100100413,6002,seoul,평일,16,16,04:10,23:10,,
100100414,6003,seoul,평일,20,20,04:20,23:10,,
100100415,6004,seoul,평일,35,35,04:25,22:45,,
100100416,6005,seoul,평일,130,130,04:30,22:35,,
100100506,6006,seoul,평일,65,65,04:00,20:30,,
124000014,6007,seoul,평일,35,35,04:30,22:35,,
100100417,6008,seoul,평일,55,55,04:20,20:00,,
100100507,6009,seoul,평일,25,25,03:55,20:10,,
100100584,6010,seoul,평일,70,70,04:10,22:50,,
100100418,6011,seoul,평일,25,25,04:10,20:10,,
100100419,6012,seoul,평일,50,50,04:30,20:00,,
100100420,6013,seoul,평일,30,30,04:25,23:05,,
100100421,6014,seoul,평일,45,45,04:25,20:00,,
100100422,6015,seoul,평일,13,13,04:25,23:00,,
100100423,6016,seoul,평일,60,60,04:20,20:00,,
100100533,6017,seoul,평일,28,28,04:20,22:50,,
100100538,6018,seoul,평일,110,110,04:20,19:30,,
115000006,6019,seoul,평일,50,50,04:20,22:45,,
100100509,6020,seoul,평일,60,60,04:00,20:10,,
100100513,6100,seoul,평일,15,15,04:15,20:00,,
122000012,6100-1,seoul,평일,105,105,04:20,18:30,,
100100373,6101,seoul,평일,200,200,04:30,20:00,,
122000002,6102,seoul,평일,40,40,04:20,19:00,,
124000013,6103,seoul,평일,58,58,04:10,21:00,,
122000011,6104,seoul,평일,330,330,04:30,15:20,,
124000006,6200,seoul,평일,40,40,03:55,19:35,,
100100508,6300,seoul,평일,40,40,04:00,19:40,,
123000014,6500,seoul,평일,350,350,05:00,16:30,,
123000002,6600,seoul,평일,190,190,04:00,17:20,,
100100567,6701,seoul,평일,33,33,04:05,22:25,,
100100573,6702,seoul,평일,40,40,04:00,23:05,,
100100572,6703,seoul,평일,53,53,04:00,22:55,,
100100570,6705A,seoul,평일,40,40,04:50,22:55,,
124000016,N6000,seoul,평일,70,70,23:20,03:30,,
115000009,N6002,seoul,평일,90,90,22:20,03:20,,
122000004,N6701,seoul,평일,100,100,23:00,03:25,,
122000006,N6703,seoul,평일,80,80,22:20,03:15,,
122900003,강남01,seoul,평일,13,13,06:00,22:58,,
122900006,강남02,seoul,평일,6,6,05:55,23:30,,
122900004,강남03,seoul,평일,13,13,06:00,22:40,,
122900002,강남05,seoul,평일,9,9,05:40,23:30,,
122900005,강남06,seoul,평일,9,9,05:30,23:10,,
122900007,강남06-1,seoul,평일,23,23,06:10,23:10,,
122900010,강남06-2,seoul,평일,23,23,06:00,23:01,,
122900001,강남07,seoul,평일,9,9,05:30,22:42,,
122900008,강남08,seoul,평일,19,19,05:30,23:00,,
122900009,강남10,seoul,평일,12,12,06:00,23:00,,
124900002,강동01,seoul,평일,16,16,05:20,22:40,,
124900003,강동02,seoul,평일,17,17,05:55,23:00,,
124900001,강동05,seoul,평일,15,15,05:50,23:05,,
108900006,강북01,seoul,평일,9,9,05:30,23:35,,
108900002,강북02,seoul,평일,8,8,05:30,23:45,,
108900003,강북03,seoul,평일,8,8,05:20,00:00,,
108900005,강북04,seoul,평일,14,14,05:20,23:45,,
108900008,강북05,seoul,평일,10,10,05:17,23:50,,
108900007,강북06,seoul,평일,6,6,05:20,23:45,,
108900013,강북08,seoul,평일,10,10,05:50,23:50,,
108900004,강북09,seoul,평일,9,9,05:30,23:40,,
108900009,강북10,seoul,평일,8,8,05:20,23:45,,
108900001,강북11,seoul,평일,11,11,05:30,00:00,,
108900012,강북12,seoul,평일,10,10,05:48,23:59,,
115900006,강서01,seoul,평일,11,11,05:50,23:30,,
115900003,강서02,seoul,평일,25,25,06:00,23:00,,
115900004,강서03,seoul,평일,13,13,05:40,23:10,,
115900001,강서04,seoul,평일,12,12,05:50,23:10,,
115900005,강서05,seoul,평일,10,10,05:30,23:20,,
115900008,강서05-1,seoul,평일,25,25,05:55,23:00,,
115900002,강서06,seoul,평일,11,11,05:45,23:10,,
115900007,강서07,seoul,평일,25,25,05:40,23:10,,
120900005,관악01,seoul,평일,7,7,05:20,23:50,,
120900011,관악02-1,seoul,평일,5,5,06:00,23:55,,
120900012,관악02-2,seoul,평일,10,10,06:00,23:00,,
120900003,관악03,seoul,평일,6,6,05:20,00:00,,
120900009,관악04,seoul,평일,6,6,06:00,23:55,,
120900010,관악05,seoul,평일,6,6,06:00,23:45,,
120900004,관악06,seoul,평일,4,4,05:30,23:50,,
120900006,관악07,seoul,평일,10,10,05:30,23:40,,
120900007,관악08,seoul,평일,11,11,05:25,23:44,,
120900002,관악10,seoul,평일,6,6,05:30,23:50,,
114900004,관악11,seoul,평일,16,16,05:30,23:30,,
104900005,광진01,seoul,평일,15,15,06:00,23:25,,
104900003,광진02,seoul,평일,18,18,06:00,22:20,,
104900002,광진03,seoul,평일,11,11,05:55,23:15,,
104900001,광진04,seoul,평일,18,18,06:00,22:35,,
104900004,광진05,seoul,평일,7,7,06:00,23:30,,
116900013,구로01,seoul,평일,7,7,05:45,23:40,,
116900014,구로02,seoul,평일,9,9,05:45,23:40,,
116900010,구로03,seoul,평일,7,7,05:40,23:45,,
116900011,구로04,seoul,평일,12,12,05:55,23:25,,
116900009,구로05,seoul,평일,13,13,05:50,00:00,,
116900012,구로06,seoul,평일,11,11,06:00,23:40,,
116900006,구로07,seoul,평일,17,17,05:45,23:30,,
116900015,구로08,seoul,평일,14,14,05:45,23:40,,
116900007,구로09,seoul,평일,9,9,05:50,23:25,,
116900003,구로10,seoul,평일,13,13,05:50,23:55,,
116900004,구로11,seoul,평일,15,15,05:50,23:50,,
116900002,구로12,seoul,평일,21,21,05:50,23:50,,
116900001,구로13,seoul,평일,13,13,06:00,00:00,,
116900005,구로14,seoul,평일,25,25,06:00,23:10,,
116900016,구로15,seoul,평일,25,25,05:55,23:35,,
117900008,금천01,seoul,평일,4,4,05:20,23:50,,
117900006,금천02,seoul,평일,21,21,05:40,23:40,,
117900003,금천03,seoul,평일,5,5,05:20,00:00,,
117900002,금천04,seoul,평일,10,10,05:20,00:00,,
117900001,금천05,seoul,평일,12,12,05:10,23:42,,
117900004,금천06,seoul,평일,11,11,05:00,23:40,,
117900007,금천07,seoul,평일,15,15,05:50,22:50,,
117900005,금천08,seoul,평일,11,11,05:50,23:30,,
117900010,금천11,seoul,평일,22,22,05:20,23:00,,
117900012,금천11-1,seoul,평일,17,17,05:30,22:30,,
241461005,김포16-1,seoul,평일,15,15,06:30,21:40,,
241350002,남양주33-1,seoul,평일,35,35,05:00,01:15,,
241350004,남양주85-1,seoul,평일,165,165,06:00,23:00,,
110900004,노원01,seoul,평일,13,13,06:00,23:55,,
110900009,노원02,seoul,평일,12,12,05:30,23:30,,
110900005,노원03,seoul,평일,13,13,06:00,23:30,,
110900003,노원05,seoul,평일,16,16,05:40,23:45,,
110900007,노원08,seoul,평일,10,10,05:55,23:39,,
110900006,노원09,seoul,평일,15,15,05:50,23:30,,
110900002,노원11,seoul,평일,15,15,05:50,23:50,,
109900011,노원14,seoul,평일,9,9,05:30,23:40,,
109900010,노원15,seoul,평일,15,15,05:00,23:00,,
109900001,도봉01,seoul,평일,12,12,06:00,00:05,,
108900010,도봉02,seoul,평일,6,6,06:00,00:05,,
109900007,도봉03,seoul,평일,12,12,05:30,00:08,,
109900008,도봉04,seoul,평일,11,11,06:00,00:08,,
109900004,도봉05,seoul,평일,14,14,05:30,23:55,,
109900003,도봉06,seoul,평일,14,14,05:30,23:50,,
109900002,도봉07,seoul,평일,12,12,05:30,23:35,,
109900006,도봉08,seoul,평일,18,18,05:30,00:10,,
109900005,도봉09,seoul,평일,9,9,05:30,00:10,,
105900003,동대문01,seoul,평일,9,9,06:00,22:30,,
105900002,동대문02,seoul,평일,13,13,06:00,22:30,,
105900006,동대문03,seoul,평일,9,9,06:00,23:00,,
105900001,동대문05,seoul,평일,11,11,06:00,23:59,,
119900007,동작01,seoul,평일,5,5,05:20,23:40,,
119900013,동작02,seoul,평일,17,17,06:00,22:50,,
119900020,동작03,seoul,평일,13,13,06:00,23:40,,
119900022,동작05,seoul,평일,19,19,05:50,23:50,,
119900023,동작05-1,seoul,평일,17,17,05:50,23:50,,
119900014,동작06,seoul,평일,15,15,06:00,23:30,,
119900018,동작07,seoul,평일,12,12,05:45,23:17,,
119900009,동작08,seoul,평일,8,8,05:30,23:30,,
119900019,동작09,seoul,평일,8,8,06:00,23:30,,
119900006,동작10,seoul,평일,22,22,05:45,23:35,,
119900011,동작11,seoul,평일,14,14,06:00,22:50,,
119900021,동작12,seoul,평일,14,14,06:00,23:40,,
120900001,동작13,seoul,평일,14,14,06:00,23:00,,
119900012,동작14,seoul,평일,21,21,06:00,23:20,,
119900010,동작15,seoul,평일,18,18,06:00,23:30,,
119900017,동작16,seoul,평일,16,16,05:45,23:15,,
119900016,동작17,seoul,평일,16,16,06:00,23:12,,
119900015,동작18,seoul,평일,28,28,06:00,23:15,,
119900008,동작19,seoul,평일,21,21,06:00,22:55,,
119900001,동작20,seoul,평일,25,25,06:00,23:25,,
119900024,동작21,seoul,평일,25,25,05:20,23:55,,
102900001,마포01,seoul,평일,12,12,06:00,23:30,,
113900005,마포02,seoul,평일,12,12,06:00,23:30,,
113900002,마포03,seoul,평일,10,10,06:00,23:20,,
113900011,마포05,seoul,평일,12,12,06:00,23:30,,
113900012,마포06,seoul,평일,9,9,06:00,00:06,,
113900010,마포07,seoul,평일,12,12,06:00,23:35,,
113900013,마포08,seoul,평일,12,12,05:35,23:35,,
113900015,마포09,seoul,평일,9,9,05:25,23:45,,
113900008,마포10,seoul,평일,10,10,05:40,23:45,,
113900004,마포11,seoul,평일,15,15,06:00,00:10,,
113900003,마포12,seoul,평일,15,15,06:00,00:10,,
113900007,마포13,seoul,평일,27,27,06:00,23:00,,
113900014,마포15,seoul,평일,11,11,06:00,23:42,,
113900009,마포16,seoul,평일,15,15,05:15,23:40,,
113900001,마포17,seoul,평일,10,10,06:00,00:10,,
113900016,마포18,seoul,평일,9,9,10:00,23:00,,
113900017,마포18-1,seoul,평일,5,5,06:00,10:00,,
241262002,부천013-1,seoul,평일,45,45,06:00,23:00,,
241262003,부천013-2,seoul,평일,50,50,06:00,23:45,,
112900010,서대문01,seoul,평일,13,13,06:00,23:45,,
112900014,서대문02대,seoul,평일,11,11,06:00,00:00,,
112900015,서대문02소,seoul,평일,20,20,06:00,23:00,,
112900004,서대문03,seoul,평일,5,5,05:25,00:15,,
112900011,서대문04,seoul,평일,13,13,06:00,23:00,,
112900009,서대문05,seoul,평일,9,9,06:00,22:55,,
112900007,서대문06,seoul,평일,12,12,06:00,22:45,,
112900003,서대문07,seoul,평일,25,25,06:00,23:00,,
100900012,서대문08,seoul,평일,15,15,06:00,23:00,,
112900012,서대문09대,seoul,평일,9,9,06:00,23:15,,
112900013,서대문09소,seoul,평일,21,21,06:00,23:15,,
112900001,서대문10,seoul,평일,16,16,05:45,23:15,,
112900006,서대문11,seoul,평일,16,16,05:20,00:00,,
112900002,서대문12,seoul,평일,12,12,06:00,23:00,,
112900005,서대문13,seoul,평일,28,28,05:55,23:32,,
112900008,서대문14,seoul,평일,11,11,06:00,00:00,,
108900014,서대문15,seoul,평일,14,14,06:00,00:00,,
121900009,서초01,seoul,평일,25,25,06:00,22:30,,
121900008,서초02,seoul,평일,14,14,06:00,22:30,,
121900005,서초03,seoul,평일,14,14,06:00,23:00,,
119900003,서초05,seoul,평일,26,26,06:00,23:30,,
119900002,서초06,seoul,평일,21,21,06:00,23:30,,
121900011,서초07,seoul,평일,20,20,06:00,23:00,,
121900002,서초08,seoul,평일,12,12,06:00,22:30,,
121900007,서초09,seoul,평일,13,13,05:30,23:00,,
121900003,서초10,seoul,평일,10,10,06:00,23:00,,
121900006,서초11,seoul,평일,13,13,06:00,22:50,,
121900013,서초13,seoul,평일,11,11,06:00,22:30,,
121900010,서초14,seoul,평일,9,9,06:00,23:00,,
121900012,서초15,seoul,평일,12,12,06:00,23:00,,
119900005,서초16,seoul,평일,15,15,06:00,23:30,,
119900004,서초17,seoul,평일,11,11,06:00,22:45,,
121900016,서초18,seoul,평일,12,12,06:00,23:30,,
121900015,서초18-1,seoul,평일,21,21,06:00,22:00,,
121900004,서초20,seoul,평일,25,25,06:00,22:00,,
121900001,서초21,seoul,평일,12,12,06:00,23:00,,
121900014,서초22,seoul,평일,11,11,06:00,23:00,,
103900003,성동01,seoul,평일,7,7,05:55,23:53,,
103900004,성동02,seoul,평일,15,15,05:50,23:00,,
103900011,성동03-1,seoul,평일,10,10,06:00,23:30,,
103900012,성동03-2,seoul,평일,18,18,06:00,23:30,,
101900001,성동05,seoul,평일,11,11,05:55,23:36,,
103900002,성동08,seoul,평일,10,10,05:50,23:40,,
103900001,성동09,seoul,평일,11,11,05:59,23:30,,
103900008,성동10,seoul,평일,14,14,05:50,23:30,,
103900009,성동12,seoul,평일,15,15,05:50,23:24,,
103900010,성동13,seoul,평일,25,25,05:59,23:20,,
103900013,성동14,seoul,평일,12,12,06:00,22:00,,
103900014,성동15,seoul,평일,20,20,05:55,23:00,,
107900008,성북01,seoul,평일,9,9,05:20,23:55,,
107900003,성북02,seoul,평일,13,13,05:55,23:34,,
107900002,성북03,seoul,평일,14,14,05:45,23:34,,
107900005,성북04,seoul,평일,9,9,05:20,00:00,,
107900011,성북05,seoul,평일,24,24,06:00,23:00,,
107900012,성북06,seoul,평일,21,21,05:40,23:40,,
107900013,성북07,seoul,평일,13,13,05:40,23:50,,
107900007,성북08,seoul,평일,10,10,05:30,00:25,,
107900006,성북09,seoul,평일,15,15,05:30,00:20,,
107900018,성북10,seoul,평일,10,10,05:30,00:00,,
107900004,성북12,seoul,평일,19,19,05:50,00:10,,
107900001,성북13,seoul,평일,12,12,05:50,00:20,,
107900010,성북14-1,seoul,평일,15,15,05:40,00:20,,
107900016,성북14-2,seoul,평일,13,13,05:50,00:20,,
107900015,성북15,seoul,평일,21,21,06:00,23:45,,
105900004,성북20,seoul,평일,17,17,06:00,23:30,,
105900005,성북21,seoul,평일,17,17,05:30,00:00,,
107900009,성북22,seoul,평일,10,10,05:20,00:00,,
123900001,송파01,seoul,평일,18,18,06:00,23:00,,
123900002,송파02,seoul,평일,13,13,06:00,23:00,,
123900003,송파03,seoul,평일,25,25,06:00,23:00,,
114900001,양천01,seoul,평일,6,6,05:30,23:40,,
114900002,양천02,seoul,평일,7,7,05:40,23:45,,
114900003,양천03,seoul,평일,10,10,05:30,23:30,,
116900018,양천04,seoul,평일,10,10,06:00,23:50,,
116900008,영등포01,seoul,평일,10,10,05:40,00:10,,
118900004,영등포02,seoul,평일,12,12,06:00,23:00,,
118900005,영등포03,seoul,평일,14,14,06:00,23:12,,
118900001,영등포04,seoul,평일,9,9,05:35,23:50,,
118900006,영등포05,seoul,평일,15,15,06:00,23:07,,
118900003,영등포06,seoul,평일,19,19,06:00,23:30,,
118900002,영등포07,seoul,평일,17,17,06:00,23:30,,
118900007,영등포08,seoul,평일,11,11,06:00,23:15,,
116900017,영등포09,seoul,평일,10,10,06:00,23:30,,
118900008,영등포10,seoul,평일,14,14,06:00,23:00,,
118900009,영등포11,seoul,평일,12,12,06:00,23:00,,
114900006,영등포12,seoul,평일,17,17,06:00,23:30,,
114900005,영등포13,seoul,평일,15,15,06:00,23:30,,
102900003,용산01,seoul,평일,15,15,06:00,22:30,,
102900002,용산02,seoul,평일,8,8,05:50,23:20,,
102900004,용산03,seoul,평일,11,11,05:50,23:10,,
101900002,용산04,seoul,평일,8,8,06:00,23:00,,
111900003,은평02,seoul,평일,18,18,05:00,23:30,,
111900014,은평03-1,seoul,평일,15,15,05:50,23:55,,
111900015,은평03-2,seoul,평일,15,15,06:00,23:30,,
111900004,은평04,seoul,평일,16,16,05:00,23:30,,
111900005,은평05,seoul,평일,12,12,06:00,23:25,,
111900007,은평06,seoul,평일,18,18,06:00,23:50,,
111900006,은평07,seoul,평일,14,14,06:00,23:55,,
111900011,은평08-1,seoul,평일,17,17,06:00,23:30,,
111900012,은평08-2,seoul,평일,17,17,06:00,23:30,,
111900009,은평09,seoul,평일,15,15,06:00,23:45,,
111900010,은평10,seoul,평일,18,18,06:00,23:30,,
100900006,종로01,seoul,평일,15,15,06:00,23:20,,
100900008,종로02,seoul,평일,12,12,06:00,23:15,,
100900010,종로03,seoul,평일,9,9,06:00,23:40,,
100900011,종로05,seoul,평일,10,10,06:00,23:20,,
100900004,종로07,seoul,평일,18,18,06:00,22:00,,
100900005,종로08,seoul,평일,7,7,06:00,23:20,,
100900003,종로09,seoul,평일,10,10,06:00,23:30,,
100900007,종로11,seoul,평일,10,10,06:00,23:00,,
100900009,종로12,seoul,평일,11,11,06:00,23:30,,
100900002,종로13,seoul,평일,15,15,05:50,22:30,,
106900001,중랑01,seoul,평일,25,25,06:00,23:50,,
106900002,중랑02,seoul,평일,8,8,06:00,23:15,,
104000014,040,seoul,평일,15,15,04:30,22:40,,
100100549,100,seoul,평일,10,10,04:00,22:30,,
100100006,101,seoul,평일,8,8,04:00,23:00,,
100100007,102,seoul,평일,11,11,04:00,23:10,,
100100008,103,seoul,평일,9,9,04:30,23:00,,
100100009,104,seoul,평일,8,8,04:00,23:15,,
100100010,105,seoul,평일,11,11,04:00,22:40,,
100100012,107,seoul,평일,12,12,04:10,22:30,,
100100014,109,seoul,평일,12,12,04:27,23:20,,
100100016,110A고려대,seoul,평일,9,9,04:00,22:40,,
100100015,110B국민대,seoul,평일,9,9,04:05,22:45,,
104000009,111,seoul,평일,22,22,04:10,22:20,,
100100017,120,seoul,평일,6,6,04:25,23:10,,
100100583,121,seoul,평일,8,8,04:00,22:30,,
100100018,130,seoul,평일,8,8,04:20,22:50,,
100100019,140,seoul,평일,7,7,04:00,22:50,,
100100020,141,seoul,평일,11,11,04:00,22:40,,
100100021,142,seoul,평일,9,9,04:00,22:45,,
100100022,143,seoul,평일,6,6,04:00,22:10,,
100100023,144,seoul,평일,8,8,04:30,22:50,,
100100024,145,seoul,평일,8,8,04:00,22:40,,
100100025,146,seoul,평일,7,7,04:05,23:00,,
100100026,147,seoul,평일,9,9,04:00,22:10,,
100100027,148,seoul,평일,8,8,04:00,22:40,,
100100029,150,seoul,평일,8,8,03:57,22:00,,
100100030,151,seoul,평일,7,7,04:00,22:50,,
100100031,152,seoul,평일,7,7,04:00,22:00,,
100100033,160,seoul,평일,8,8,03:57,22:10,,
100100034,162,seoul,평일,8,8,04:00,22:50,,
100100032,163,seoul,평일,7,7,04:00,22:30,,
100100036,171,seoul,평일,9,9,04:00,23:00,,
100100037,172,seoul,평일,11,11,04:00,22:45,,
110000002,173,seoul,평일,11,11,04:00,22:50,,
100100038,201,seoul,평일,15,15,04:00,00:00,,
100100039,202,seoul,평일,8,8,04:00,22:00,,
100100407,240,seoul,평일,13,13,04:00,22:30,,
100100595,241,seoul,평일,10,10,04:00,22:30,,
104000006,242,seoul,평일,14,14,04:00,22:30,,
100100042,260,seoul,평일,10,10,03:55,22:40,,
100100043,261,seoul,평일,9,9,03:50,22:30,,
100100044,262,seoul,평일,10,10,04:00,22:00,,
100100046,270,seoul,평일,10,10,04:00,22:20,,
100100047,271,seoul,평일,6,6,04:10,22:20,,
100100048,272,seoul,평일,6,6,04:15,22:30,,
100100049,273,seoul,평일,7,7,04:10,22:30,,
100100051,301,seoul,평일,7,7,04:00,22:30,,
100100052,302,seoul,평일,12,12,04:00,22:45,,
100100053,303,seoul,평일,9,9,04:00,22:20,,
100100564,320,seoul,평일,9,9,04:00,23:00,,
100100496,333,seoul,평일,11,11,04:00,23:00,,
100100055,340,seoul,평일,7,7,04:30,23:10,,
100100056,341,seoul,평일,12,12,04:30,22:20,,
124000038,342,seoul,평일,11,11,04:00,22:30,,
107000002,343,seoul,평일,15,15,04:00,22:40,,
124000036,345,seoul,평일,12,12,04:00,22:50,,
100100553,350,seoul,평일,12,12,04:00,22:30,,
100100057,360,seoul,평일,6,6,04:00,22:50,,
100100454,361,seoul,평일,12,12,04:00,22:30,,
100100061,370,seoul,평일,5,5,04:00,22:50,,
100100596,400,seoul,평일,11,11,04:15,22:25,,
100100062,401,seoul,평일,11,11,04:00,22:30,,
100100063,402,seoul,평일,9,9,04:00,00:05,,
100100597,405,seoul,평일,15,15,04:10,22:40,,
100100064,406,seoul,평일,11,11,04:00,23:00,,
100100068,420,seoul,평일,9,9,04:00,22:50,,
100100409,421,seoul,평일,9,9,04:00,22:10,,
107000008,422,seoul,평일,18,18,04:30,23:00,,
100100459,440,seoul,평일,11,11,03:55,22:55,,
100100070,441,seoul,평일,12,12,04:20,22:20,,
113000002,452,seoul,평일,12,12,04:00,22:50,,
100100071,461,seoul,평일,11,11,04:00,22:10,,
100100605,463,seoul,평일,10,10,04:00,22:15,,
100100073,470,seoul,평일,10,10,04:00,22:30,,
100100075,472,seoul,평일,9,9,04:10,23:20,,
100100076,500,seoul,평일,9,9,04:00,23:00,,
100100077,501,seoul,평일,10,10,04:20,22:20,,
100100410,502,seoul,평일,11,11,04:10,22:50,,
100100078,503,seoul,평일,14,14,04:15,22:20,,
100100079,504,seoul,평일,7,7,03:55,22:40,,
100100080,505,seoul,평일,11,11,04:10,22:30,,
100100081,506,seoul,평일,15,15,04:20,22:20,,
100100082,507,seoul,평일,9,9,04:00,22:50,,
100100083,540,seoul,평일,16,16,04:45,00:05,,
100100574,541,seoul,평일,15,15,04:10,23:20,,
100100084,571,seoul,평일,11,11,04:20,22:30,,
100100085,600,seoul,평일,8,8,04:00,23:30,,
100100086,601,seoul,평일,12,12,04:00,22:50,,
100100087,602,seoul,평일,9,9,04:10,22:30,,
100100088,603,seoul,평일,10,10,04:20,23:00,,
100100089,604,seoul,평일,11,11,04:00,22:50,,
100100090,605,seoul,평일,10,10,04:00,22:20,,
100100091,606,seoul,평일,14,14,04:00,22:30,,
100100093,640,seoul,평일,10,10,04:20,22:50,,
100100094,641,seoul,평일,6,6,04:10,22:40,,
100100096,643,seoul,평일,10,10,04:30,22:40,,
100100097,650,seoul,평일,10,10,04:00,22:40,,
100100098,651,seoul,평일,11,11,04:00,22:40,,
100100099,652,seoul,평일,10,10,04:00,22:40,,
100100497,653,seoul,평일,16,16,04:30,23:20,,
115000007,654,seoul,평일,12,12,04:00,22:30,,
116000004,660,seoul,평일,15,15,04:00,22:30,,
100100102,661,seoul,평일,16,16,04:00,22:40,,
100100550,662,seoul,평일,12,12,04:00,23:10,,
100100495,672,seoul,평일,15,15,04:30,22:50,,
100100551,673,seoul,평일,16,16,04:30,22:50,,
111000008,674,seoul,평일,13,13,04:20,23:00,,
100100440,700,seoul,평일,14,14,04:30,00:00,,
100100103,701,seoul,평일,14,14,04:00,23:00,,
100100104,702A,seoul,평일,9,9,03:40,22:10,,
100100105,702B,seoul,평일,16,16,04:05,22:35,,
116000006,703,seoul,평일,20,20,04:30,22:30,,
100100107,704,seoul,평일,16,16,04:00,22:30,,
100100587,705,seoul,평일,16,16,03:50,23:00,,
111000027,706,seoul,평일,14,14,04:00,23:00,,
111000022,707,seoul,평일,13,13,04:00,22:50,,
123000011,708,seoul,평일,12,12,04:30,23:20,,
111000028,709,seoul,평일,12,12,04:30,23:00,,
100100110,710,seoul,평일,9,9,03:50,22:40,,
100100111,720,seoul,평일,8,8,04:00,23:10,,
100100112,721,seoul,평일,9,9,04:20,22:40,,
100100537,740,seoul,평일,12,12,04:00,22:40,,
123000010,741,seoul,평일,10,10,04:00,22:50,,
100100116,742,seoul,평일,11,11,04:00,22:10,,
100100114,750A,seoul,평일,10,10,04:00,21:35,,
100100565,750B,seoul,평일,6,6,04:00,23:10,,
100100117,752,seoul,평일,11,11,04:00,22:20,,
100100118,753,seoul,평일,12,12,04:10,22:20,,
100100511,760,seoul,평일,17,17,04:30,23:00,,
111000014,761,seoul,평일,10,10,04:00,23:20,,
100100437,771,seoul,평일,24,24,04:10,23:30,,
110000004,8146,seoul,평일,5,5,03:50,04:00,,
100000025,동대문A01,seoul,평일,75,75,09:00,16:15,,
101900003,동작A01,seoul,평일,23,23,07:30,13:55,,
101000009,새벽A148,seoul,평일,,,03:30,03:30,,
100000024,새벽A160,seoul,평일,,,03:30,03:30,,
101000010,새벽A504,seoul,평일,,,03:30,03:30,,
100000028,새벽A741,seoul,평일,,,03:30,03:30,,
100000027,서대문A01,seoul,평일,25,25,09:20,16:35,,
115000011,서울02출근,seoul,평일,10,10,06:30,08:20,,
115000013,서울02퇴근,seoul,평일,20,20,18:40,19:20,,
111000021,서울04출근,seoul,평일,15,15,06:30,07:15,,
111000025,서울04퇴근,seoul,평일,20,20,18:30,19:10,,
109000002,서울05출근,seoul,평일,15,15,06:30,07:15,,
109000004,서울05퇴근,seoul,평일,20,20,18:40,19:00,,
102000001,서울07출근,seoul,평일,18,18,07:00,07:45,,
106000005,서울07퇴근,seoul,평일,20,20,17:50,18:30,,
111000023,서울08출근,seoul,평일,18,18,07:00,07:30,,
111000026,서울08퇴근,seoul,평일,20,20,18:20,18:40,,
110000007,서울09출근,seoul,평일,18,18,07:00,07:45,,
110000008,서울09퇴근,seoul,평일,20,20,18:55,19:15,,
109000003,서울10출근,seoul,평일,18,18,07:00,07:45,,
109000006,서울10퇴근,seoul,평일,20,20,18:55,19:15,,
100100124,0017,seoul,평일,13,13,05:00,23:15,,
104000012,0411,seoul,평일,14,14,04:20,22:30,,
100100129,1014,seoul,평일,8,8,05:00,23:40,,
100100130,1017,seoul,평일,15,15,04:30,23:20,,
100100131,1020,seoul,평일,9,9,04:30,23:20,,
100100132,1111,seoul,평일,10,10,04:20,23:20,,
107000007,1112,seoul,평일,12,12,04:00,23:00,,
100100133,1113,seoul,평일,15,15,05:10,23:40,,
100100134,1114,seoul,평일,15,15,05:00,23:50,,
100100566,1115,seoul,평일,13,13,05:30,00:00,,
107000001,1116,seoul,평일,18,18,05:00,23:30,,
100100137,1119,seoul,평일,8,8,04:40,23:35,,
100100138,1120,seoul,평일,15,15,04:30,23:00,,
100100425,1122,seoul,평일,9,9,04:00,23:30,,
100100139,1124,seoul,평일,14,14,05:00,00:30,,
100100142,1126,seoul,평일,8,8,04:25,23:50,,
100100143,1127,seoul,평일,14,14,05:00,23:10,,
100100144,1128,seoul,평일,12,12,04:30,22:50,,
100100145,1129,seoul,평일,25,25,05:00,23:30,,
100100146,1130,seoul,평일,9,9,05:00,00:10,,
100100147,1131,seoul,평일,17,17,05:00,23:50,,
100100148,1132,seoul,평일,8,8,04:30,23:50,,
100100149,1133,seoul,평일,12,12,05:00,23:40,,
100100150,1135,seoul,평일,10,10,04:30,23:40,,
100100151,1136,seoul,평일,15,15,05:00,00:00,,
100100152,1137,seoul,평일,11,11,04:30,23:10,,
100100153,1138,seoul,평일,15,15,04:30,23:40,,
100100154,1139,seoul,평일,13,13,04:20,23:30,,
100100155,1140,seoul,평일,21,21,05:00,00:00,,
100100156,1141,seoul,평일,16,16,05:00,23:50,,
100100157,1142,seoul,평일,8,8,05:00,00:00,,
100100158,1143,seoul,평일,13,13,04:30,23:20,,
100100159,1144,seoul,평일,14,14,04:40,23:40,,
100100164,1154,seoul,평일,15,15,04:30,23:20,,
100100170,1162,seoul,평일,10,10,05:00,23:40,,
100100171,1164,seoul,평일,6,6,05:00,23:40,,
100100172,1165,seoul,평일,8,8,04:30,23:30,,
108000002,1167,seoul,평일,10,10,04:45,23:30,,
100100175,1213,seoul,평일,12,12,04:20,23:00,,
100100177,1218,seoul,평일,11,11,04:10,22:50,,
100100178,1221,seoul,평일,20,20,04:30,23:30,,
100100179,1222,seoul,평일,10,10,04:00,23:20,,
100100181,1224,seoul,평일,7,7,04:30,23:20,,
100100183,1226,seoul,평일,36,36,04:30,22:40,,
100100184,1227,seoul,평일,10,10,04:30,23:20,,
100100185,1711,seoul,평일,7,7,04:30,23:00,,
100100186,2012,seoul,평일,11,11,04:00,22:40,,
100100188,2013,seoul,평일,13,13,04:20,22:50,,
100100189,2014,seoul,평일,12,12,04:20,23:30,,
100100190,2015,seoul,평일,8,8,04:30,23:10,,
100100522,2016,seoul,평일,11,11,04:10,22:20,,
100100191,2112,seoul,평일,14,14,04:30,22:40,,
100100192,2113,seoul,평일,10,10,05:30,23:30,,
100100193,2114,seoul,평일,12,12,05:30,23:30,,
100100598,2115,seoul,평일,8,8,04:00,22:50,,
110000009,2155,seoul,평일,10,10,04:10,22:50,,
100100194,2211,seoul,평일,6,6,04:40,23:25,,
100100166,2212,seoul,평일,14,14,04:10,22:40,,
100100198,2221,seoul,평일,11,11,04:30,23:15,,
100100199,2222,seoul,평일,15,15,04:30,23:20,,
100100201,2224,seoul,평일,13,13,04:10,23:15,,
100100202,2227,seoul,평일,11,11,04:20,22:40,,
100100203,2230,seoul,평일,8,8,04:20,23:00,,
100100204,2233,seoul,평일,15,15,04:30,22:40,,
111000019,2236,seoul,평일,13,13,05:00,22:30,,
100100599,2311,seoul,평일,13,13,04:00,22:30,,
100100611,2312B,seoul,평일,16,16,04:30,22:20,,
100100209,2412,seoul,평일,13,13,04:00,22:40,,
100100210,2413,seoul,평일,15,15,04:10,23:10,,
100100211,2415,seoul,평일,16,16,04:30,23:20,,
104000010,2416,seoul,평일,16,16,04:30,22:40,,
100100438,3011,seoul,평일,11,11,04:20,22:50,,
100100212,3212,seoul,평일,14,14,04:30,23:30,,
100100213,3214,seoul,평일,13,13,04:40,23:20,,
100100215,3216,seoul,평일,13,13,04:30,22:40,,
100100216,3217,seoul,평일,9,9,04:30,22:45,,
100100218,3220,seoul,평일,17,17,04:30,22:40,,
100100219,3313,seoul,평일,8,8,04:25,23:25,,
100100220,3314,seoul,평일,10,10,04:40,23:20,,
100100221,3315,seoul,평일,7,7,04:30,23:20,,
100100222,3316,seoul,평일,12,12,04:50,23:30,,
100100478,3317,seoul,평일,10,10,04:30,23:30,,
100100498,3318,seoul,평일,12,12,04:30,23:10,,
100100501,3319,seoul,평일,17,17,04:30,23:30,,
100100578,3321,seoul,평일,14,14,04:30,23:40,,
100100613,3322,seoul,평일,11,11,04:00,23:20,,
124000039,3323,seoul,평일,15,15,04:30,22:40,,
104000013,3324,seoul,평일,13,13,04:20,23:20,,
100100223,3411,seoul,평일,11,11,04:30,23:10,,
100100224,3412,seoul,평일,14,14,04:00,22:30,,
100100225,3413,seoul,평일,9,9,04:20,23:00,,
100100226,3414,seoul,평일,13,13,04:30,22:40,,
100100228,3416,seoul,평일,12,12,04:40,23:30,,
100100229,3417,seoul,평일,7,7,04:30,23:30,,
100100579,3420,seoul,평일,12,12,04:00,22:30,,
100100232,3422,seoul,평일,13,13,04:20,22:30,,
100100612,3426,seoul,평일,10,10,04:20,23:00,,
100100604,4211,seoul,평일,13,13,03:55,23:00,,
100100234,4212,seoul,평일,8,8,04:00,23:00,,
100100500,4312,seoul,평일,10,10,04:30,22:50,,
100100237,4318,seoul,평일,8,8,04:00,22:30,,
100100427,4319,seoul,평일,10,10,04:20,23:00,,
100100609,4425,seoul,평일,16,16,04:00,22:30,,
100100246,4432,seoul,평일,12,12,04:00,23:20,,
100100247,4433,seoul,평일,9,9,05:40,23:30,,
122000001,4435,seoul,평일,15,15,04:10,23:20,,
100100248,5012,seoul,평일,12,12,04:20,22:30,,
100100249,5413,seoul,평일,7,7,04:10,23:00,,
100100250,5511,seoul,평일,7,7,05:20,23:20,,
100100251,5513,seoul,평일,9,9,05:30,23:30,,
100100252,5515,seoul,평일,9,9,05:30,23:30,,
100100253,5516,seoul,평일,9,9,05:00,23:00,,
100100254,5517,seoul,평일,13,13,04:30,22:30,,
100100255,5519,seoul,평일,14,14,06:00,23:25,,
100100257,5522A난곡,seoul,평일,13,13,05:00,23:30,,
100100258,5522B호암,seoul,평일,13,13,05:00,23:30,,
100100259,5523,seoul,평일,14,14,04:30,23:20,,
100100260,5524,seoul,평일,8,8,04:00,22:30,,
100100261,5525,seoul,평일,17,17,04:50,23:20,,
100100263,5528,seoul,평일,12,12,04:30,22:50,,
100100264,5530,seoul,평일,12,12,04:40,22:50,,
100100265,5531,seoul,평일,7,7,04:20,22:30,,
100100267,5535,seoul,평일,8,8,04:20,22:40,,
100100268,5536,seoul,평일,12,12,04:10,22:40,,
100100269,5537,seoul,평일,15,15,04:30,23:30,,
100100295,5611,seoul,평일,17,17,04:20,23:20,,
100100272,5615,seoul,평일,10,10,04:00,23:00,,
100100273,5616,seoul,평일,16,16,04:20,22:20,,
100100274,5617,seoul,평일,10,10,04:50,23:50,,
100100275,5618,seoul,평일,11,11,03:30,22:10,,
100100276,5619,seoul,평일,11,11,04:30,23:30,,
100100277,5620,seoul,평일,8,8,04:30,23:10,,
100100278,5621,seoul,평일,8,8,05:20,23:50,,
100100279,5623,seoul,평일,8,8,04:00,22:20,,
100100281,5625,seoul,평일,11,11,04:00,22:40,,
100100282,5626,seoul,평일,12,12,04:00,22:25,,
100100283,5627,seoul,평일,18,18,04:30,23:30,,
100100284,5630,seoul,평일,14,14,04:15,22:50,,
100100285,5633,seoul,평일,14,14,04:20,22:50,,
100100266,5634,seoul,평일,13,13,04:15,22:50,,
100100286,5712,seoul,평일,9,9,04:30,22:30,,
100100287,5713,seoul,평일,9,9,04:05,22:25,,
100100288,5714,seoul,평일,8,8,04:15,22:10,,
100100289,6211,seoul,평일,11,11,04:20,22:30,,
100100290,6411,seoul,평일,12,12,03:45,22:15,,
100100291,6511,seoul,평일,20,20,04:00,23:00,,
100100292,6512,seoul,평일,10,10,03:50,22:30,,
100100294,6514,seoul,평일,13,13,04:00,22:00,,
100100521,6515,seoul,평일,10,10,04:10,22:10,,
100100576,6516,seoul,평일,17,17,04:00,21:40,,
115000014,6611,seoul,평일,16,16,05:40,22:00,,
100100453,6613,seoul,평일,17,17,04:30,22:50,,
100100297,6614,seoul,평일,15,15,04:30,22:40,,
116000002,6615,seoul,평일,18,18,04:30,23:00,,
100100298,6616,seoul,평일,16,16,04:30,23:10,,
100100299,6617,seoul,평일,12,12,05:00,23:30,,
100100300,6620,seoul,평일,15,15,05:00,23:30,,
100100301,6623,seoul,평일,14,14,04:10,22:50,,
100100302,6624,seoul,평일,9,9,05:00,23:40,,
100100303,6625,seoul,평일,14,14,04:30,23:00,,
100100304,6627,seoul,평일,14,14,04:30,23:00,,
100100305,6628,seoul,평일,7,7,04:10,23:20,,
100100306,6629,seoul,평일,12,12,04:30,22:40,,
100100307,6630,seoul,평일,16,16,04:20,22:50,,
100100308,6631,seoul,평일,9,9,04:20,22:50,,
100100309,6632,seoul,평일,11,11,04:30,23:00,,
115000012,6633,seoul,평일,18,18,04:50,21:30,,
100100312,6637,seoul,평일,8,8,04:30,23:10,,
100100313,6638,seoul,평일,13,13,04:30,23:00,,
100100601,6640A,seoul,평일,14,14,04:30,23:10,,
100100602,6640B,seoul,평일,14,14,04:30,23:10,,
100100316,6642,seoul,평일,12,12,04:40,22:30,,
100100318,6645,seoul,평일,14,14,04:40,22:30,,
100100320,6647,seoul,평일,8,8,05:00,23:00,,
115000005,6648,seoul,평일,13,13,04:30,23:00,,
100100329,6657,seoul,평일,20,20,05:00,23:00,,
100100330,6712,seoul,평일,14,14,04:30,22:40,,
100100293,6713,seoul,평일,11,11,04:30,22:20,,
100100331,6714,seoul,평일,17,17,04:30,23:00,,
100100332,6715,seoul,평일,8,8,04:30,23:20,,
100100451,6716,seoul,평일,11,11,04:30,22:20,,
100100450,7011,seoul,평일,12,12,04:30,23:10,,
100100449,7013A,seoul,평일,22,22,04:30,23:00,,
100100448,7013B,seoul,평일,22,22,04:45,23:10,,
100100447,7016,seoul,평일,9,9,04:30,22:30,,
100100337,7017,seoul,평일,10,10,04:30,23:00,,
100100338,7018,seoul,평일,10,10,04:15,23:00,,
100100339,7019,seoul,평일,11,11,04:30,22:55,,
100100340,7021,seoul,평일,9,9,04:30,23:00,,
100100341,7022,seoul,평일,11,11,04:30,23:10,,
100100342,7024,seoul,평일,16,16,05:30,23:10,,
100100446,7025,seoul,평일,19,19,04:10,23:20,,
100100344,7211,seoul,평일,9,9,04:10,23:00,,
100100499,7212,seoul,평일,12,12,04:00,22:10,,
100100345,7611,seoul,평일,12,12,04:10,22:40,,
100100346,7612,seoul,평일,10,10,04:33,23:40,,
100100347,7613,seoul,평일,15,15,04:30,23:00,,
100100348,7711,seoul,평일,12,12,04:30,00:00,,
100100349,7713,seoul,평일,12,12,05:00,23:30,,
100100462,7715,seoul,평일,10,10,04:30,23:30,,
112000005,7716,seoul,평일,17,17,05:30,22:00,,
124000008,7719,seoul,평일,25,25,04:20,23:00,,
100100352,7720,seoul,평일,12,12,04:30,23:10,,
100100353,7722,seoul,평일,13,13,04:30,23:50,,
100100354,7723,seoul,평일,13,13,04:30,00:00,,
100100357,7726,seoul,평일,21,21,05:00,00:00,,
100100358,7727,seoul,평일,12,12,04:30,22:50,,
100100359,7728,seoul,평일,13,13,04:00,22:10,,
100100360,7730,seoul,평일,10,10,04:30,23:00,,
111000010,7734,seoul,평일,9,9,04:00,23:00,,
100100363,7737,seoul,평일,11,11,05:05,23:10,,
100100364,7738,seoul,평일,8,8,05:00,23:20,,
100100552,7739,seoul,평일,12,12,05:00,23:20,,
107000003,8002,seoul,평일,25,25,10:30,18:00,,
107000004,8003,seoul,평일,40,40,06:00,23:00,,
110000005,8101,seoul,평일,10,10,07:00,08:00,,
107000009,8111,seoul,평일,18,18,06:30,09:05,,
110000006,8112,seoul,평일,15,15,06:30,09:15,,
106000001,8221,seoul,평일,9,9,06:40,08:50,,
124000010,8331,seoul,평일,11,11,07:20,09:20,,
124000040,8332,seoul,평일,22,22,06:10,09:10,,
106000007,8333,seoul,평일,17,17,06:40,08:05,,
103000001,8441,seoul,평일,16,16,06:50,08:50,,
121000002,8442출근,seoul,평일,27,27,06:40,07:45,,
106000006,8442퇴근,seoul,평일,60,60,18:30,19:30,,
100100383,8541,seoul,평일,20,20,04:00,04:40,,
108000001,8551,seoul,평일,9,9,07:00,09:00,,
116000001,8552,seoul,평일,10,10,07:10,09:00,,
116000005,8561,seoul,평일,12,12,06:30,09:15,,
114000002,8641,seoul,평일,5,5,03:45,03:50,,
120000003,8661,seoul,평일,18,18,06:30,08:55,,
114000003,8671,seoul,평일,18,18,06:30,09:05,,
113000003,8762출근,seoul,평일,16,16,06:30,09:20,,
112000006,8762퇴근,seoul,평일,14,14,17:00,19:54,,
111000009,8771,seoul,평일,11,11,07:00,09:00,,
100100525,8772,seoul,평일,,,00:00,00:00,,
112000003,8773출근,seoul,평일,32,32,05:40,06:20,,
112000007,8773퇴근,seoul,평일,32,32,16:55,17:35,,
100100387,8774,seoul,평일,23,23,04:30,23:00,,
113000007,8775출근,seoul,평일,15,15,06:30,10:10,,
111000029,8775퇴근,seoul,평일,20,20,16:40,20:20,,
112000001,8777,seoul,평일,23,23,10:00,20:00,,
100100001,01A,seoul,평일,9,9,06:30,23:00,,
106000004,01B,seoul,평일,14,14,06:30,23:00,,
101000006,상암A21,seoul,평일,60,60,10:00,17:00,,
100000026,청계A01,seoul,평일,30,30,10:00,16:00,,
100100389,9401,seoul,평일,5,5,04:30,23:00,,
113000004,9401-1,seoul,평일,15,15,06:00,23:00,,
100100391,9404,seoul,평일,7,7,04:00,23:30,,
100100392,9408,seoul,평일,15,15,04:00,22:40,,
107000005,9409,seoul,평일,25,25,05:00,23:00,,
100100400,9707,seoul,평일,12,12,05:00,00:00,,
100100607,9711,seoul,평일,12,12,04:50,23:30,,
107000006,서울01출근,seoul,평일,18,18,07:00,07:30,,
107000010,서울01퇴근,seoul,평일,20,20,18:20,18:40,,
111000020,서울03출근,seoul,평일,23,23,06:40,07:20,,
111000024,서울03퇴근,seoul,평일,20,20,18:20,18:40,,
113000005,서울06출근,seoul,평일,18,18,06:35,07:05,,
109000005,서울06퇴근,seoul,평일,20,20,18:30,18:50,,
208000024,1-1안양,seoul,평일,24,24,04:40,22:30,,
207000009,1-1의정부,seoul,평일,20,20,04:10,22:50,,
222000032,1-4남양주,seoul,평일,60,60,05:00,22:00,,
207000101,1-8의정부,seoul,평일,30,30,05:20,23:20,,
207000003,1-9의정부,seoul,평일,20,20,05:00,22:50,,
207000004,10-1의정부,seoul,평일,22,22,05:30,23:30,,
207000085,10-2의정부,seoul,평일,20,20,05:10,23:00,,
207000093,10-3의정부,seoul,평일,630,630,06:27,19:33,,
234000028,10-5광주,seoul,평일,45,45,04:55,22:25,,
234001511,1000-1남양주,seoul,평일,80,80,05:50,22:50,,
219000013,1000고양,seoul,평일,10,10,04:25,23:00,,
221000003,1000구리,seoul,평일,30,30,05:30,23:30,,
222000107,1001남양주,seoul,평일,20,20,05:10,23:00,,
232000006,1002김포,seoul,평일,50,50,04:20,22:00,,
233000140,1002화성,seoul,평일,60,60,04:30,21:10,,
222000169,1003남양주,seoul,평일,30,30,05:30,23:00,,
232000073,1004김포,seoul,평일,40,40,04:30,22:50,,
234000065,1005광주,seoul,평일,75,75,05:00,22:30,,
222000192,1006남양주,seoul,평일,35,35,05:40,23:10,,
233000326,1006화성,seoul,평일,70,70,05:30,22:30,,
233000464,1007(예약)화성,seoul,평일,,,04:40,22:00,,
234000013,1007-1광주,seoul,평일,90,90,05:00,22:10,,
234000015,1007광주,seoul,평일,30,30,04:40,22:00,,
233000125,1008화성,seoul,평일,40,40,05:40,22:40,,
233000465,1009(예약)화성,seoul,평일,,,04:30,21:45,,
234000310,1009광주,seoul,평일,40,40,04:30,21:45,,
234000873,100광주,seoul,평일,35,35,04:55,22:45,,
204000018,100성남,seoul,평일,160,160,05:10,16:40,,
204000083,100출성남,seoul,평일,,,03:10,03:10,,
213000016,101광명,seoul,평일,12,12,05:10,23:20,,
228000179,101용인,seoul,평일,35,35,05:00,22:10,,
213000027,102광명,seoul,평일,40,40,04:55,22:30,,
206000007,102성남,seoul,평일,12,12,05:00,23:10,,
204000060,103성남,seoul,평일,40,40,05:00,21:50,,
222000186,105-1남양주,seoul,평일,45,45,05:20,23:35,,
222000177,105남양주,seoul,평일,45,45,05:00,23:15,,
207000110,106-1의정부,seoul,평일,35,35,04:00,21:00,,
219000006,1082고양,seoul,평일,20,20,05:00,22:30,,
212000003,10부천,seoul,평일,10,10,04:30,23:15,,
213000007,11-1광명,seoul,평일,22,22,05:00,23:30,,
213000011,11-2광명,seoul,평일,25,25,05:00,23:10,,
208000004,11-2안양,seoul,평일,16,16,04:30,23:00,,
208000006,11-3안양,seoul,평일,20,20,04:55,22:30,,
208000005,11-5안양,seoul,평일,16,16,04:30,23:00,,
218000011,1100고양,seoul,평일,180,180,05:50,22:45,,
222000074,1100남양주,seoul,평일,30,30,05:00,23:00,,
235000085,1100양주,seoul,평일,60,60,05:30,23:00,,
228000418,1101N용인,seoul,평일,,,00:00,01:00,,
234000879,1101광주,seoul,평일,35,35,05:00,23:00,,
235000115,1101양주,seoul,평일,60,60,05:00,22:50,,
207000104,1102의정부,seoul,평일,50,50,05:00,22:50,,
200000333,1112(예약)수원,seoul,평일,,,04:40,22:30,,
234000016,1112광주,seoul,평일,25,25,04:40,22:30,,
234001203,1113-10광주,seoul,평일,15,15,06:14,07:25,,
234001204,1113-11광주,seoul,평일,20,20,17:30,18:10,,
234000011,1113-1광주,seoul,평일,15,15,04:25,00:00,,
234001516,1113-2광주,seoul,평일,25,25,05:00,23:00,,
234000042,1113광주,seoul,평일,60,60,05:10,22:30,,
234000031,1115-6광주,seoul,평일,25,25,05:25,23:00,,
234000069,1117광주,seoul,평일,30,30,04:40,22:45,,
222000045,112-1남양주,seoul,평일,45,45,05:10,22:30,,
227000005,112-5하남,seoul,평일,30,30,04:20,22:40,,
234000882,1150광주,seoul,평일,30,30,05:00,22:30,,
204000081,1151성남,seoul,평일,12,12,05:20,23:00,,
222000222,115남양주,seoul,평일,30,30,04:20,22:40,,
235000020,118양주,seoul,평일,35,35,04:20,22:00,,
213000008,11광명,seoul,평일,55,55,05:00,23:10,,
236000050,11포천,seoul,평일,60,60,05:00,23:00,,
210000002,12-1부천,seoul,평일,20,20,04:50,23:30,,
222000137,1200-1남양주,seoul,평일,,,06:30,07:00,,
219000016,1200고양,seoul,평일,18,18,04:40,22:40,,
222000078,1200남양주,seoul,평일,30,30,05:00,22:30,,
207000109,1205의정부,seoul,평일,50,50,05:00,22:00,,
228000451,1241(예약)용인,seoul,평일,,,06:24,06:24,,
228000181,1241용인,seoul,평일,40,40,05:00,22:30,,
210000027,12부천,seoul,평일,120,120,04:30,22:20,,
234000082,13-2광주,seoul,평일,45,45,04:35,21:30,,
235000118,1304양주,seoul,평일,85,85,05:00,22:50,,
235000123,1306양주,seoul,평일,50,50,05:00,22:50,,
241006190,1309고양,seoul,평일,20,20,06:15,22:00,,
234001691,1311B광주,seoul,평일,220,220,06:00,21:40,,
234001251,1311오산,seoul,평일,50,50,05:10,22:40,,
241006200,1312고양,seoul,평일,60,60,06:00,21:00,,
239000110,1330-2가평,seoul,평일,,,05:00,23:30,,
239000135,1330-3가평,seoul,평일,320,320,06:15,17:45,,
239000024,1330-44가평,seoul,평일,,,05:30,23:30,,
239000111,1330-4가평,seoul,평일,,,04:45,00:00,,
241003280,1336고양,seoul,평일,90,90,06:30,22:00,,
207000026,133의정부,seoul,평일,40,40,05:00,22:30,,
236000063,1386포천,seoul,평일,50,50,04:40,21:40,,
234000072,13광주,seoul,평일,45,45,05:00,22:00,,
236000234,1403포천,seoul,평일,40,40,05:00,22:00,,
235000131,1407양주,seoul,평일,60,60,05:00,22:30,,
218000174,1500(예약)고양,seoul,평일,,,07:15,07:15,,
234000313,1500-2광주,seoul,평일,20,20,04:55,22:10,,
218000010,1500고양,seoul,평일,20,20,04:30,22:40,,
229000284,150파주,seoul,평일,38,38,04:50,22:50,,
228000454,1550(예약)용인,seoul,평일,,,07:15,08:04,,
223000151,1550-1(예약)오산,seoul,평일,,,05:00,23:50,,
234000324,1550-1광주,seoul,평일,25,25,05:00,22:40,,
234000136,1550광주,seoul,평일,30,30,05:15,23:00,,
234001290,1551B화성,seoul,평일,70,70,05:30,22:50,,
234001138,1551화성,seoul,평일,70,70,05:10,22:30,,
234001708,1552오산,seoul,평일,180,180,05:50,21:50,,
222000008,155남양주,seoul,평일,20,20,04:15,22:45,,
234000884,1560A용인,seoul,평일,25,25,05:00,11:20,,
228000433,1560B용인,seoul,평일,30,30,11:50,22:30,,
228000455,1570(예약)용인,seoul,평일,,,07:45,07:45,,
234001271,1570광주,seoul,평일,27,27,05:10,23:10,,
234000050,1650구리,seoul,평일,20,20,04:10,22:35,,
222000028,165남양주,seoul,평일,20,20,04:30,22:30,,
222000048,166-1남양주,seoul,평일,30,30,05:20,23:30,,
222000049,1660남양주,seoul,평일,25,25,05:00,00:20,,
222000213,1670-1남양주,seoul,평일,,,06:50,00:00,,
222000046,1670남양주,seoul,평일,25,25,05:07,00:20,,
221000033,1680구리,seoul,평일,25,25,05:50,22:40,,
234000034,16광주,seoul,평일,15,15,04:50,22:30,,
222000073,1700남양주,seoul,평일,25,25,05:00,22:30,,
213000005,17광명,seoul,평일,16,16,05:05,23:10,,
229000013,17파주,seoul,평일,240,240,05:20,22:50,,
241000830,1801고양,seoul,평일,25,25,06:20,22:00,,
235000081,19-1양주,seoul,평일,300,300,11:55,15:30,,
219000027,1900고양,seoul,평일,180,180,04:40,20:00,,
235000080,19양주,seoul,평일,90,90,06:30,21:30,,
213000006,1광명,seoul,평일,20,20,05:00,22:30,,
222000058,1남양주,seoul,평일,40,40,04:25,23:25,,
208000007,1안양,seoul,평일,35,35,04:50,22:40,,
222000122,2000-1남양주,seoul,평일,,,06:22,06:42,,
240000007,2000-1양평,seoul,평일,360,360,10:30,15:40,,
240000008,2000-2양평,seoul,평일,,,06:50,06:50,,
222000075,2000남양주,seoul,평일,25,25,04:55,22:10,,
213000029,200광명,seoul,평일,40,40,05:00,23:00,,
204000029,200성남,seoul,평일,65,65,05:00,22:00,,
222000004,202남양주,seoul,평일,40,40,04:37,23:50,,
208000014,20안양,seoul,평일,30,30,05:00,22:00,,
213000002,21광명,seoul,평일,30,30,05:05,23:25,,
232000095,21김포,seoul,평일,40,40,04:50,23:50,,
229000316,2200-1파주,seoul,평일,50,50,04:40,23:20,,
229000288,2200파주,seoul,평일,40,40,04:30,23:20,,
213000010,22광명,seoul,평일,25,25,05:10,23:15,,
240000219,2301양평,seoul,평일,60,60,06:00,21:00,,
204000139,231성남,seoul,평일,37,37,05:00,22:00,,
222000013,23남양주,seoul,평일,30,30,03:50,22:30,,
210000060,23부천,seoul,평일,22,22,04:40,22:50,,
213000003,27광명,seoul,평일,15,15,05:20,23:30,,
224000060,27시흥,seoul,평일,25,25,05:30,22:50,,
213000017,2광명,seoul,평일,22,22,05:10,22:55,,
232000028,2김포,seoul,평일,25,25,04:10,23:00,,
227000006,30-3하남,seoul,평일,40,40,04:05,23:10,,
227000001,30-5하남,seoul,평일,30,30,04:30,23:10,,
200000283,3000(예약)수원,seoul,평일,,,07:00,07:30,,
232000138,3000-1김포,seoul,평일,20,20,04:20,22:00,,
200000104,3000수원,seoul,평일,17,17,05:00,23:00,,
213000015,3001광명,seoul,평일,35,35,05:30,23:20,,
213000019,3002광명,seoul,평일,45,45,05:20,23:20,,
200000145,3002수원,seoul,평일,45,45,05:25,23:30,,
200000289,3002예약수원,seoul,평일,,,07:20,07:55,,
200000108,3003수원,seoul,평일,15,15,05:30,23:00,,
200000293,3003예약수원,seoul,평일,,,07:20,07:45,,
236000222,3006포천,seoul,평일,30,30,05:00,22:30,,
200000110,3007수원,seoul,평일,25,25,05:20,23:10,,
200000290,3007예약수원,seoul,평일,,,07:20,07:40,,
200000274,3008수원,seoul,평일,165,165,07:00,21:30,,
216000021,301안산,seoul,평일,100,100,04:35,22:30,,
208000027,3030안양,seoul,평일,30,30,05:25,01:00,,
234000003,30광주,seoul,평일,235,235,04:05,22:30,,
229000010,30파주,seoul,평일,40,40,04:30,22:30,,
227000003,30하남,seoul,평일,100,100,04:00,21:40,,
216000096,3100N안산,seoul,평일,,,23:45,00:45,,
229000294,3100N파주,seoul,평일,,,00:10,00:50,,
236000237,3100N포천,seoul,평일,,,23:15,00:00,,
216000026,3100안산,seoul,평일,60,60,05:20,22:50,,
207000070,3100의정부,seoul,평일,23,23,03:35,23:00,,
229000295,3100파주,seoul,평일,20,20,04:30,23:30,,
216000043,3101안산,seoul,평일,60,60,05:40,23:15,,
216000061,3102안산,seoul,평일,40,40,05:30,23:30,,
204000192,311성남,seoul,평일,40,40,05:00,22:40,,
204000073,315성남,seoul,평일,35,35,04:50,22:20,,
229000027,31파주,seoul,평일,55,55,04:40,23:10,,
227000017,31하남,seoul,평일,25,25,05:00,23:00,,
224000019,3200시흥,seoul,평일,40,40,05:30,22:50,,
236000149,3200포천,seoul,평일,30,30,04:40,23:00,,
234001694,3201광주,seoul,평일,45,45,05:00,21:30,,
224000056,3201시흥,seoul,평일,40,40,05:40,23:55,,
217000013,320안산,seoul,평일,35,35,04:00,23:20,,
224000047,3300시흥,seoul,평일,40,40,05:40,23:30,,
224000075,3301(예약)시흥,seoul,평일,,,17:30,18:35,,
224000057,3301시흥,seoul,평일,40,40,05:00,23:40,,
234001736,3302광주,seoul,평일,55,55,05:00,22:30,,
230000220,3303이천,seoul,평일,40,40,05:00,22:00,,
204000084,331성남,seoul,평일,35,35,04:50,22:20,,
227000047,33하남,seoul,평일,30,30,06:00,21:40,,
224000050,3400시흥,seoul,평일,40,40,05:40,23:20,,
218000117,3400파주,seoul,평일,22,22,05:00,22:30,,
224000071,3401시흥,seoul,평일,50,50,05:30,21:30,,
230000184,3401이천,seoul,평일,40,40,05:30,22:30,,
204000067,341성남,seoul,평일,30,30,04:40,22:00,,
224000054,3500시흥,seoul,평일,30,30,05:20,23:55,,
236000176,3500포천,seoul,평일,40,40,04:40,23:10,,
204000007,357성남,seoul,평일,28,28,05:00,22:30,,
227000043,35하남,seoul,평일,20,20,05:20,23:20,,
236000190,3600포천,seoul,평일,40,40,04:30,00:00,,
207000103,360의정부,seoul,평일,50,50,05:05,22:30,,
207000027,36의정부,seoul,평일,60,60,04:00,00:50,,
227000048,36하남,seoul,평일,35,35,05:30,23:20,,
229000312,374파주,seoul,평일,31,31,04:40,23:20,,
234001705,3800광주,seoul,평일,50,50,05:30,21:30,,
232000067,388김포,seoul,평일,30,30,04:00,22:40,,
227000004,38하남,seoul,평일,30,30,05:00,22:00,,
213000009,39광명,seoul,평일,25,25,04:55,22:50,,
238000015,39연천,seoul,평일,420,420,04:35,22:05,,
210000013,3부천,seoul,평일,35,35,04:20,23:20,,
228000413,4101용인,seoul,평일,60,60,05:00,23:20,,
204000172,4103성남,seoul,평일,40,40,05:00,23:00,,
228000441,4104용인,seoul,평일,40,40,05:00,22:30,,
228000465,4105용인,seoul,평일,70,70,05:40,22:40,,
233000270,4108화성,seoul,평일,50,50,05:20,22:40,,
241007077,4300-1수원,seoul,평일,120,120,05:05,20:00,,
241007238,4300-2군포,seoul,평일,100,100,05:00,20:30,,
241007076,4300수원,seoul,평일,120,120,05:00,20:30,,
231000146,4305안성,seoul,평일,50,50,05:00,22:00,,
228000419,4401용인,seoul,평일,40,40,05:00,22:30,,
231000139,4402안성,seoul,평일,50,50,05:00,22:00,,
233000455,4403(예약)화성,seoul,평일,,,05:30,22:50,,
233000265,4403화성,seoul,평일,30,30,05:30,22:50,,
234001609,500-1A광주,seoul,평일,,,23:00,00:00,,
234000079,500-1광주,seoul,평일,40,40,04:35,22:30,,
234001738,500-2N광주,seoul,평일,,,22:50,23:25,,
234000075,500-2광주,seoul,평일,41,41,04:42,22:25,,
228000174,5000용인,seoul,평일,30,30,05:10,07:10,,
228000422,5001(예약)용인,seoul,평일,,,07:10,00:00,,
228000428,5001-1(급행)용인,seoul,평일,,,06:45,07:40,,
228000462,5001-1(급행하행)용인,seoul,평일,,,18:35,19:05,,
228000421,5001-1(예약)용인,seoul,평일,,,07:20,00:00,,
228000430,5001-1A용인,seoul,평일,21,21,05:30,11:45,,
228000177,5001-1B용인,seoul,평일,24,24,12:03,23:00,,
228000429,5001A용인,seoul,평일,20,20,05:25,12:20,,
228000176,5001B용인,seoul,평일,,,13:15,23:00,,
228000445,5002(예약)용인,seoul,평일,,,07:30,07:30,,
228000394,5002A용인,seoul,평일,20,20,05:20,12:44,,
228000183,5002B용인,seoul,평일,20,20,13:00,23:00,,
228000424,5003(예약)용인,seoul,평일,,,07:30,07:30,,
228000431,5003A용인,seoul,평일,23,23,05:10,13:36,,
228000182,5003B용인,seoul,평일,25,25,14:00,23:15,,
228000447,5005(거점)용인,seoul,평일,,,06:40,07:20,,
228000423,5005(예약)용인,seoul,평일,,,07:20,07:31,,
228000175,5005용인,seoul,평일,26,26,05:20,23:00,,
228000453,5006(예약)용인,seoul,평일,48,48,07:32,08:20,,
228000262,5006용인,seoul,평일,30,30,05:10,23:00,,
228000263,5007용인,seoul,평일,50,50,05:10,22:40,,
210000001,50부천,seoul,평일,15,15,04:50,22:45,,
204000012,50성남,seoul,평일,22,22,05:00,22:30,,
241005910,5100성남,seoul,평일,100,100,04:30,20:40,,
200000115,5100수원,seoul,평일,22,22,05:30,23:20,,
200000296,5100예약수원,seoul,평일,35,35,06:30,07:55,,
233000441,5101화성,seoul,평일,50,50,05:00,21:30,,
223000150,5104오산,seoul,평일,60,60,05:00,22:40,,
222000050,51남양주,seoul,평일,40,40,04:50,22:55,,
208000017,51안양,seoul,평일,15,15,04:35,22:30,,
241006771,5200-1성남,seoul,평일,80,80,04:40,20:40,,
200000299,5200수원,seoul,평일,80,80,05:30,22:30,,
224000052,5200시흥,seoul,평일,40,40,05:00,23:10,,
210000009,52부천,seoul,평일,21,21,05:30,23:30,,
200000175,5300수원,seoul,평일,30,30,05:00,23:55,,
224000029,530시흥,seoul,평일,50,50,05:00,22:00,,
214000281,5401(예약)평택,seoul,평일,,,05:00,23:00,,
234001742,5401광주,seoul,평일,60,60,05:00,23:00,,
228000452,5500-2(예약)용인,seoul,평일,40,40,06:20,07:15,,
234000148,5500-2광주,seoul,평일,30,30,05:10,23:00,,
241007069,5500하남,seoul,평일,180,180,04:30,14:00,,
214000276,5503평택,seoul,평일,120,120,05:30,22:00,,
210000049,56-1부천,seoul,평일,25,25,05:00,23:45,,
210000103,56-2부천,seoul,평일,40,40,06:20,20:50,,
228000427,5600(급행)용인,seoul,평일,,,06:40,07:50,,
228000463,5600(급행하행)용인,seoul,평일,,,18:15,19:05,,
228000420,5600(예약)용인,seoul,평일,,,07:40,08:10,,
228000184,5600용인,seoul,평일,26,26,05:40,23:00,,
224000066,5601시흥,seoul,평일,25,25,05:20,22:20,,
216000047,5602안산,seoul,평일,25,25,05:30,22:45,,
216000046,5609안산,seoul,평일,60,60,05:10,23:00,,
229000285,567파주,seoul,평일,40,40,05:00,23:00,,
207000100,56의정부,seoul,평일,40,40,05:00,22:50,,
210000052,57-1부천,seoul,평일,25,25,05:00,23:35,,
207000107,57-1의정부,seoul,평일,45,45,05:50,23:00,,
228000435,5700(예약)용인,seoul,평일,,,06:51,06:51,,
228000395,5700A용인,seoul,평일,35,35,05:20,08:35,,
228000271,5700B용인,seoul,평일,45,45,09:15,22:50,,
210000040,57부천,seoul,평일,18,18,05:00,23:30,,
204000005,57성남,seoul,평일,10,10,05:00,22:30,,
210000069,59-1부천,seoul,평일,25,25,05:05,22:35,,
210000042,59부천,seoul,평일,25,25,05:10,22:40,,
208000016,5안양,seoul,평일,30,30,04:35,22:30,,
210000057,60-1부천,seoul,평일,25,25,05:00,23:10,,
232000025,60-3김포,seoul,평일,45,45,04:10,22:00,,
233000456,6001(예약)화성,seoul,평일,,,05:10,23:00,,
233000131,6001화성,seoul,평일,30,30,05:10,23:00,,
233000457,6002(예약)화성,seoul,평일,45,45,05:00,23:00,,
233000142,6002-1화성,seoul,평일,330,330,06:50,21:30,,
233000136,6002화성,seoul,평일,30,30,05:00,23:00,,
234000314,6004광주,seoul,평일,40,40,05:10,22:50,,
233000321,6008화성,seoul,평일,30,30,05:00,23:00,,
232000017,60김포,seoul,평일,20,20,04:10,00:30,,
204000013,60성남,seoul,평일,37,37,05:00,22:00,,
232000081,6427김포,seoul,평일,240,240,05:00,22:20,,
232000150,6428김포,seoul,평일,70,70,05:00,22:20,,
234001163,6501광주,seoul,평일,27,27,05:20,23:00,,
216000089,6501안산,seoul,평일,50,50,05:20,23:00,,
224000061,6502시흥,seoul,평일,40,40,05:30,22:40,,
218000125,65고양,seoul,평일,30,30,04:40,22:20,,
222000031,65남양주,seoul,평일,25,25,05:00,23:10,,
234001697,6600광주,seoul,평일,50,50,05:30,23:00,,
232000137,6601김포,seoul,평일,60,60,04:50,23:10,,
229000018,66파주,seoul,평일,18,18,04:40,22:20,,
232000139,6701김포,seoul,평일,120,120,04:30,23:00,,
221000040,680구리,seoul,평일,45,45,05:10,22:00,,
234000027,6900광주,seoul,평일,40,40,05:10,22:40,,
220000012,6과천,seoul,평일,40,40,06:00,23:00,,
232000144,70(출근)김포,seoul,평일,10,10,06:35,08:25,,
210000012,70-2부천,seoul,평일,15,15,04:10,23:15,,
210000036,70-3부천,seoul,평일,25,25,04:20,22:50,,
239000139,7000가평,seoul,평일,340,340,06:30,22:10,,
232000151,7000김포,seoul,평일,16,16,04:40,23:20,,
200000112,7000수원,seoul,평일,25,25,05:30,23:30,,
239000140,7001가평,seoul,평일,120,120,05:30,23:50,,
200000119,7001수원,seoul,평일,20,20,05:20,23:50,,
239000141,7002가평,seoul,평일,270,270,05:55,22:00,,
228000393,7007-1용인,seoul,평일,70,70,05:00,22:00,,
222000076,7007남양주,seoul,평일,40,40,05:10,22:30,,
210000039,700부천,seoul,평일,35,35,05:10,01:20,,
222000002,707남양주,seoul,평일,40,40,04:20,23:50,,
232000145,70C김포,seoul,평일,30,30,06:00,22:00,,
232000146,70D김포,seoul,평일,30,30,06:00,22:00,,
232000121,70김포,seoul,평일,25,25,06:00,20:00,,
210000034,70부천,seoul,평일,35,35,04:50,22:50,,
232000152,7100김포,seoul,평일,18,18,04:50,23:00,,
229000273,7101파주,seoul,평일,40,40,05:00,22:40,,
229000314,7111파주,seoul,평일,175,175,06:10,22:00,,
210000037,71부천,seoul,평일,25,25,04:50,23:00,,
207000002,72-1의정부,seoul,평일,50,50,04:45,23:20,,
236000052,72-3포천,seoul,평일,40,40,04:30,22:00,,
229000072,7200파주,seoul,평일,150,150,06:00,22:30,,
236000048,72포천,seoul,평일,30,30,04:30,21:20,,
218000116,730고양,seoul,평일,28,28,05:00,23:00,,
221000034,75-1구리,seoul,평일,30,30,05:40,23:15,,
221000032,75구리,seoul,평일,22,22,05:30,23:05,,
210000038,75부천,seoul,평일,25,25,04:00,22:20,,
218000164,7602고양,seoul,평일,35,35,05:00,23:00,,
222000181,76남양주,seoul,평일,20,20,04:45,22:40,,
200000284,7770(예약)수원,seoul,평일,,,06:20,07:30,,
233000031,7770화성,seoul,평일,9,9,04:30,23:30,,
233000007,777화성,seoul,평일,65,65,04:30,22:30,,
200000285,7780(예약)수원,seoul,평일,30,30,06:20,08:10,,
233000032,7780화성,seoul,평일,15,15,05:00,23:00,,
200000149,7790수원,seoul,평일,30,30,05:00,23:30,,
210000093,77부천,seoul,평일,30,30,05:00,23:00,,
200000286,7800(예약)수원,seoul,평일,,,07:00,08:00,,
200000150,7800수원,seoul,평일,10,10,05:00,23:00,,
207000080,78의정부,seoul,평일,60,60,06:00,21:30,,
229000060,790파주,seoul,평일,30,30,04:20,22:50,,
229000071,799파주,seoul,평일,35,35,03:30,22:20,,
207000021,7의정부,seoul,평일,15,15,04:30,22:50,,
232000007,8000김포,seoul,평일,40,40,04:30,23:10,,
222000088,8001남양주,seoul,평일,150,150,05:00,22:40,,
222000178,8002-1남양주,seoul,평일,14,14,06:33,07:26,,
222000084,8002남양주,seoul,평일,17,17,05:10,22:50,,
239000104,8005가평,seoul,평일,240,240,06:00,22:00,,
222000090,8012남양주,seoul,평일,20,20,05:00,23:00,,
228000449,8100(예약)용인,seoul,평일,20,20,06:40,07:00,,
234000878,8100광주,seoul,평일,20,20,05:00,23:00,,
241000820,8147고양,seoul,평일,30,30,07:00,22:00,,
233000397,8155(예약)화성,seoul,평일,,,08:10,00:00,,
233000139,8155화성,seoul,평일,30,30,05:00,22:00,,
233000258,8156화성,seoul,평일,40,40,05:15,22:50,,
241004890,8165용인,seoul,평일,120,120,05:20,20:30,,
227000002,81하남,seoul,평일,60,60,06:20,22:20,,
219000005,82고양,seoul,평일,80,80,05:00,22:30,,
229000017,830파주,seoul,평일,180,180,04:30,21:30,,
212000002,83부천,seoul,평일,15,15,04:10,00:00,,
233000458,8501(예약)화성,seoul,평일,,,05:10,23:40,,
233000135,8501화성,seoul,평일,50,50,05:20,22:20,,
233000333,8502화성,seoul,평일,50,50,05:00,21:50,,
213000024,8507광명,seoul,평일,20,20,05:00,23:30,,
218000001,85고양,seoul,평일,28,28,05:00,22:20,,
232000047,8600김포,seoul,평일,45,45,04:20,23:00,,
232000072,8601김포,seoul,평일,40,40,04:20,23:00,,
227000036,87하남,seoul,평일,30,30,05:00,22:40,,
200000205,8800수원,seoul,평일,20,20,05:10,23:30,,
200000297,8800예약수원,seoul,평일,,,07:20,07:50,,
241005980,8829이천,seoul,평일,180,180,04:40,19:10,,
241007242,8840화성,seoul,평일,150,150,05:00,16:40,,
241005870,8842광주,seoul,평일,200,200,04:00,19:00,,
241006777,8843남양주,seoul,평일,130,130,04:40,16:40,,
241005890,8844남양주,seoul,평일,165,165,04:30,14:30,,
241005840,8849하남,seoul,평일,160,160,04:30,15:00,,
232000029,88김포,seoul,평일,20,20,04:10,22:30,,
212000001,88부천,seoul,평일,10,10,03:50,23:00,,
227000044,89하남,seoul,평일,60,60,05:30,22:50,,
208000020,9-3안양,seoul,평일,16,16,04:42,23:00,,
204000191,9000(예약)성남,seoul,평일,37,37,06:37,07:14,,
234001574,9000-1광주,seoul,평일,20,20,06:40,07:20,,
234000002,9000광주,seoul,평일,55,55,04:50,00:00,,
204000046,9003성남,seoul,평일,40,40,05:00,23:10,,
204000041,9004성남,seoul,평일,30,30,05:00,23:20,,
204000070,9007성남,seoul,평일,30,30,05:00,22:50,,
200000010,900수원,seoul,평일,20,20,04:10,22:00,,
229000290,9030-1파주,seoul,평일,105,105,05:30,18:59,,
229000289,9030파주,seoul,평일,25,25,04:30,23:20,,
208000026,917안양,seoul,평일,35,35,04:20,22:20,,
204000141,9200성남,seoul,평일,40,40,05:00,22:30,,
227000035,9202하남,seoul,평일,43,43,04:30,22:20,,
219000015,921고양,seoul,평일,45,45,05:00,23:00,,
234000058,92광주,seoul,평일,40,40,04:20,22:00,,
234000886,9300광주,seoul,평일,30,30,05:00,23:00,,
234000309,9301광주,seoul,평일,40,40,04:30,00:45,,
227000053,9302-1하남,seoul,평일,40,40,05:00,23:05,,
227000016,9302하남,seoul,평일,25,25,04:50,23:10,,
227000039,9303-1하남,seoul,평일,60,60,05:00,23:15,,
227000019,9303하남,seoul,평일,30,30,04:30,23:00,,
227000040,9304하남,seoul,평일,35,35,05:00,23:20,,
222000026,93남양주,seoul,평일,60,60,05:00,22:20,,
204000153,9400성남,seoul,평일,70,70,05:30,21:30,,
204000024,9407성남,seoul,평일,30,30,04:50,23:00,,
204000059,9507성남,seoul,평일,52,52,04:40,22:30,,
222000052,95남양주,seoul,평일,20,20,04:25,22:50,,
234001244,9600고양,seoul,평일,40,40,05:00,22:45,,
204000065,9607성남,seoul,평일,60,60,04:50,22:20,,
219000026,9700고양,seoul,평일,50,50,05:00,22:45,,
229000277,9709N파주,seoul,평일,,,22:00,00:50,,
229000263,9709파주,seoul,평일,30,30,04:50,00:25,,
229000247,9710-1파주,seoul,평일,,,06:35,21:10,,
229000023,9710파주,seoul,평일,30,30,05:00,00:00,,
222000027,97남양주,seoul,평일,60,60,04:45,22:10,,
204000156,9800성남,seoul,평일,70,70,05:50,22:00,,
210000075,98부천,seoul,평일,15,15,04:50,22:30,,
210000109,99부천,seoul,평일,45,45,05:10,22:00,,
222000009,9남양주,seoul,평일,30,30,04:30,23:40,,
208000019,9안양,seoul,평일,16,16,04:42,22:50,,
233000328,G1003화성,seoul,평일,40,40,05:30,22:30,,
235000104,G1200양주,seoul,평일,45,45,05:00,23:00,,
235000116,G1300N양주,seoul,평일,,,23:05,23:45,,
235000092,G1300양주,seoul,평일,12,12,04:55,22:45,,
221000035,G1690구리,seoul,평일,30,30,05:40,23:05,,
238000048,G2001연천,seoul,평일,60,60,04:30,22:40,,
230000179,G2100이천,seoul,평일,30,30,05:00,22:30,,
234001695,G3202광주,seoul,평일,40,40,05:00,22:30,,
226000022,G3900의왕,seoul,평일,35,35,05:20,23:00,,
200000262,G5100수원,seoul,평일,74,74,06:40,20:25,,
207000124,G6000(예약)의정부,seoul,평일,,,05:15,07:00,,
207000105,G6000N의정부,seoul,평일,,,23:30,00:00,,
232000090,G6000김포,seoul,평일,40,40,04:20,23:10,,
207000099,G6000의정부,seoul,평일,35,35,05:00,23:00,,
232000094,G6001김포,seoul,평일,40,40,04:30,23:10,,
232000116,G6002김포,seoul,평일,45,45,04:30,23:20,,
232000111,G6003김포,seoul,평일,35,35,04:10,22:40,,
232000117,G6004김포,seoul,평일,35,35,04:20,23:20,,
232000118,G6005김포,seoul,평일,40,40,04:20,23:00,,
233000459,G6009(예약)화성,seoul,평일,,,05:10,22:50,,
233000322,G6009화성,seoul,평일,50,50,05:10,22:50,,
207000123,G6100(예약)의정부,seoul,평일,20,20,06:45,07:20,,
207000106,G6100N의정부,seoul,평일,,,23:30,00:00,,
207000102,G6100의정부,seoul,평일,40,40,05:00,23:00,,
229000111,G7426파주,seoul,평일,40,40,04:30,23:20,,
229000112,G7625파주,seoul,평일,50,50,04:30,23:40,,
204000189,G8110(예약)성남,seoul,평일,52,52,06:40,08:00,,
204000082,G8110성남,seoul,평일,20,20,05:00,23:00,,
233000329,G8157화성,seoul,평일,40,40,05:30,22:30,,
240000174,G9311양평,seoul,평일,180,180,06:00,19:00,,
208000066,G9633안양,seoul,평일,20,20,05:20,23:00,,
222000105,M2316남양주,seoul,평일,40,40,05:00,23:05,,
222000238,M2323(예약)남양주,seoul,평일,,,06:25,07:23,,
234001476,M2323광주,seoul,평일,20,20,05:00,23:20,,
222000236,M2341(예약)남양주,seoul,평일,,,06:10,07:50,,
222000179,M2341남양주,seoul,평일,45,45,05:20,22:50,,
222000235,M2352(예약)남양주,seoul,평일,,,06:20,07:30,,
222000209,M2352남양주,seoul,평일,25,25,05:35,23:00,,
222000237,M2353(예약)남양주,seoul,평일,,,07:05,07:25,,
222000210,M2353남양주,seoul,평일,25,25,05:20,23:15,,
228000450,M4101(예약)용인,seoul,평일,21,21,06:17,07:42,,
234000875,M4101광주,seoul,평일,35,35,05:10,22:50,,
204000190,M4102(예약)성남,seoul,평일,50,50,06:10,08:20,,
234001159,M4102광주,seoul,평일,40,40,04:40,23:00,,
233000466,M4108(예약)화성,seoul,평일,,,05:00,22:50,,
234001245,M4108광주,seoul,평일,35,35,05:00,22:50,,
233000460,M4130(예약)화성,seoul,평일,,,05:00,23:00,,
234001577,M4130광주,seoul,평일,35,35,05:00,23:00,,
233000461,M4137(예약)화성,seoul,평일,,,05:00,23:00,,
234001622,M4137광주,seoul,평일,35,35,05:00,23:00,,
233000467,M4403(예약)화성,seoul,평일,,,05:20,23:15,,
234000995,M4403화성,seoul,평일,30,30,05:20,23:15,,
233000462,M4434(예약)화성,seoul,평일,,,05:20,23:10,,
234001619,M4434광주,seoul,평일,80,80,05:20,23:10,,
233000463,M4448(예약)화성,seoul,평일,,,05:10,22:40,,
233000332,M4448화성,seoul,평일,60,60,05:10,22:40,,
233000354,M4449화성,seoul,평일,160,160,05:10,22:40,,
228000446,M4455(예약)용인,seoul,평일,40,40,06:26,09:00,,
228000412,M4455용인,seoul,평일,40,40,05:30,23:00,,
200000335,M5107(예약)수원,seoul,평일,44,44,05:00,23:00,,
234001243,M5107광주,seoul,평일,14,14,05:00,23:00,,
200000336,M5115(예약)수원,seoul,평일,,,05:10,22:50,,
234001286,M5115광주,seoul,평일,70,70,05:10,22:50,,
234001317,M5121광주,seoul,평일,40,40,05:10,22:40,,
200000343,M5165수원,seoul,평일,50,50,04:50,06:10,,
208000076,M5333(예약)안양,seoul,평일,35,35,07:00,07:35,,
208000063,M5333안양,seoul,평일,40,40,05:00,22:30,,
200000334,M5422(예약)수원,seoul,평일,,,05:00,23:00,,
234001318,M5422광주,seoul,평일,70,70,05:00,23:00,,
234001660,M5438광주,seoul,평일,30,30,05:30,23:05,,
200000326,M5443(예약)수원,seoul,평일,,,06:20,07:50,,
200000325,M5443수원,seoul,평일,70,70,05:40,23:30,,
223000127,M5532수원,seoul,평일,80,80,05:00,22:50,,
208000075,M5556(예약)안양,seoul,평일,40,40,00:00,00:00,,
208000068,M5556안양,seoul,평일,40,40,04:50,23:30,,
232000071,M6117김포,seoul,평일,35,35,04:30,23:10,,
216000044,M6410안산,seoul,평일,40,40,05:50,23:30,,
232000149,M6427(예약)김포,seoul,평일,,,05:50,05:50,,
232000075,M6427김포,seoul,평일,70,70,04:30,22:40,,
229000315,M7111(예약)파주,seoul,평일,,,07:33,08:15,,
229000311,M7111파주,seoul,평일,40,40,05:00,23:50,,
218000175,M7119(예약)고양,seoul,평일,,,05:10,07:40,,
218000155,M7119고양,seoul,평일,20,20,04:30,23:30,,
229000281,M7154파주,seoul,평일,45,45,05:30,23:50,,
218000172,M7412(예약)고양,seoul,평일,,,05:56,06:30,,
218000167,M7412고양,seoul,평일,25,25,04:40,22:50,,
218000158,M7731고양,seoul,평일,14,14,05:00,00:30,,
218000168,N999고양,seoul,평일,,,00:00,00:00,,
239000165,P7001(출근)하행가평,seoul,평일,,,08:00,08:00,,
239000166,P7001(퇴근)상행가평,seoul,평일,,,17:30,17:30,,
239000167,P7001(퇴근)하행가평,seoul,평일,,,18:55,18:55,,
239000161,P7001가평,seoul,평일,,,06:35,17:30,,
234001763,P8001(출근)광주,seoul,평일,30,30,06:30,07:00,,
234001764,P8001(퇴근)광주,seoul,평일,30,30,18:30,19:00,,
233000355,P9110(출근)화성,seoul,평일,,,06:40,07:10,,
233000356,P9110(퇴근)화성,seoul,평일,,,18:10,19:10,,
228000400,P9201(출근)용인,seoul,평일,,,06:20,06:40,,
228000401,P9201(퇴근)용인,seoul,평일,,,18:40,19:20,,
228000404,P9211(출근)용인,seoul,평일,,,06:40,06:50,,
228000405,P9211(퇴근)용인,seoul,평일,,,18:40,19:00,,
234001709,P9243(출근)광주,seoul,평일,,,07:00,07:30,,
234001710,P9243(퇴근)광주,seoul,평일,,,18:15,18:45,,
233000336,P9301(출근)화성,seoul,평일,,,07:20,07:40,,
233000337,P9301(퇴근)화성,seoul,평일,,,17:36,18:25,,
233000338,P9302(출근)화성,seoul,평일,,,07:00,07:20,,
233000339,P9302(퇴근)화성,seoul,평일,,,17:25,17:45,,
234001711,P9401(출근)광주,seoul,평일,30,30,07:00,07:30,,
234001712,P9401(퇴근)광주,seoul,평일,30,30,18:30,19:00,,
234001713,P9402(출근)광주,seoul,평일,30,30,07:00,07:30,,
234001714,P9402(퇴근)광주,seoul,평일,30,30,18:30,19:00,,
234001715,P9404(출근)광주,seoul,평일,30,30,07:00,07:30,,
234001716,P9404(퇴근)광주,seoul,평일,30,30,18:30,19:00,,
233000366,P9541(출근)화성,seoul,평일,,,06:28,06:48,,
233000367,P9541(퇴근)화성,seoul,평일,,,18:30,18:50,,
233000371,P9601(출근)양주,seoul,평일,,,06:30,06:30,,
233000372,P9601(퇴근)양주,seoul,평일,,,18:30,18:30,,
233000373,P9602(출근)양주,seoul,평일,,,06:10,06:10,,
233000374,P9602(퇴근)양주,seoul,평일,,,18:10,18:10,,
235000127,P9603(출근)양주,seoul,평일,,,06:20,06:40,,
235000128,P9603(퇴근)양주,seoul,평일,,,18:10,18:40,,
233000375,P9701(출근)화성,seoul,평일,,,06:40,07:00,,
233000376,P9701(퇴근)동두천,seoul,평일,,,18:30,19:00,,
228000460,Y9211용인,seoul,평일,,,19:30,19:30,,
228000459,Y9243용인,seoul,평일,,,18:45,18:45,,
241312018,고양022B,seoul,평일,30,30,05:50,22:25,,
241312019,고양054,seoul,평일,30,30,05:50,22:30,,
241312020,고양064,seoul,평일,45,45,06:00,22:25,,
241352007,고양075A,seoul,평일,20,20,06:00,23:00,,
241352009,고양075B,seoul,평일,25,25,05:20,23:00,,
241306002,고양077B,seoul,평일,60,60,06:00,21:00,,
241274001,광명01,seoul,평일,11,11,05:40,23:07,,
241274004,광명1-3,seoul,평일,15,15,05:45,23:15,,
241274008,광명1A,seoul,평일,30,30,00:00,00:00,,
241339004,구리2-2,seoul,평일,60,60,06:00,22:35,,
241461002,김포16,seoul,평일,30,30,07:30,22:00,,
241461015,김포16A,seoul,평일,10,10,06:40,07:30,,
241347005,남양주82A,seoul,평일,17,17,05:20,23:30,,
241347006,남양주82B,seoul,평일,15,15,05:20,23:30,,
204000149,반디1,seoul,평일,,,01:40,03:40,,
204000150,반디1-1,seoul,평일,,,23:00,01:00,,
241457013,양주15-1,seoul,평일,,,19:30,00:00,,
229000032,양주37양주,seoul,평일,25,25,04:00,22:30,,
241236007,의정부01,seoul,평일,17,17,05:30,22:30,,
232000105,이음1김포,seoul,평일,,,00:30,00:00,,
232000106,이음2,seoul,평일,,,00:30,00:30,,
227000046,초이-01,seoul,평일,60,60,06:00,21:30,,
241411001,하남01,seoul,평일,16,16,06:00,23:30,,
241408002,하남03,seoul,평일,40,40,05:35,22:15,,
241409005,하남07,seoul,평일,50,50,06:25,22:30,,
241409006,하남08,seoul,평일,55,55,06:30,23:00,,
241409010,하남감북-01,seoul,평일,60,60,06:00,22:30,,
241409009,하남위례-01,seoul,평일,35,35,06:00,23:00,,
113000006,마포순환열차버스,seoul,평일,40,40,10:00,17:20,,
103000003,한강마곡,seoul,평일,15,15,10:30,18:00,,
103000005,한강잠실,seoul,평일,15,15,10:30,18:00,,
100100593,N13,seoul,평일,25,25,23:30,03:40,,
100100610,N15,seoul,평일,20,20,23:30,03:30,,
100100592,N16,seoul,평일,25,25,23:50,03:45,,
100100586,N26,seoul,평일,23,23,00:00,03:25,,
100100591,N30,seoul,평일,40,40,23:10,03:50,,
104000011,N31,seoul,평일,38,38,23:30,03:50,,
100100585,N37,seoul,평일,30,30,23:50,03:10,,
117000002,N51,seoul,평일,37,37,23:40,03:35,,
100100589,N61,seoul,평일,20,20,23:40,04:10,,
100100588,N62,seoul,평일,20,20,23:40,03:10,,
115000010,N64,seoul,평일,33,33,23:40,03:15,,
111000017,N72,seoul,평일,28,28,23:30,03:45,,
123000013,N73,seoul,평일,35,35,23:30,03:45,,
111000016,N75,seoul,평일,28,28,23:00,03:50,,
101000005,심야A21,seoul,평일,140,140,23:00,03:40,,
