station_id,name,line_group,direction,hour,n_trips,n_trips_3h,headway_m
gyeongbu-1002,남영역,1호선,상행,5,5,17,10.6
gyeongbu-1002,남영역,1호선,상행,6,12,30,6.0
gyeongbu-1002,남영역,1호선,상행,7,13,41,4.4
gyeongbu-1002,남영역,1호선,상행,8,16,42,4.3
gyeongbu-1002,남영역,1호선,상행,9,13,40,4.5
gyeongbu-1002,남영역,1호선,상행,10,11,37,4.9
gyeongbu-1002,남영역,1호선,상행,11,13,35,5.1
gyeongbu-1002,남영역,1호선,상행,12,11,36,5.0
gyeongbu-1002,남영역,1호선,상행,13,12,35,5.1
gyeongbu-1002,남영역,1호선,상행,14,12,37,4.9
gyeongbu-1002,남영역,1호선,상행,15,13,40,4.5
gyeongbu-1002,남영역,1호선,상행,16,15,44,4.1
gyeongbu-1002,남영역,1호선,상행,17,16,45,4.0
gyeongbu-1002,남영역,1호선,상행,18,14,45,4.0
gyeongbu-1002,남영역,1호선,상행,19,15,41,4.4
gyeongbu-1002,남영역,1호선,상행,20,12,40,4.5
gyeongbu-1002,남영역,1호선,상행,21,13,35,5.1
gyeongbu-1002,남영역,1호선,상행,22,10,31,5.8
gyeongbu-1002,남영역,1호선,상행,23,8,20,9.0
gyeongbu-1002,남영역,1호선,상행,24,2,10,18.0
gyeongbu-1002,남영역,1호선,하행,5,6,19,9.5
gyeongbu-1002,남영역,1호선,하행,6,13,34,5.3
gyeongbu-1002,남영역,1호선,하행,7,15,45,4.0
gyeongbu-1002,남영역,1호선,하행,8,17,45,4.0
gyeongbu-1002,남영역,1호선,하행,9,13,42,4.3
gyeongbu-1002,남영역,1호선,하행,10,12,36,5.0
gyeongbu-1002,남영역,1호선,하행,11,11,35,5.1
gyeongbu-1002,남영역,1호선,하행,12,12,34,5.3
gyeongbu-1002,남영역,1호선,하행,13,11,36,5.0
gyeongbu-1002,남영역,1호선,하행,14,13,34,5.3
gyeongbu-1002,남영역,1호선,하행,15,10,36,5.0
gyeongbu-1002,남영역,1호선,하행,16,13,37,4.9
gyeongbu-1002,남영역,1호선,하행,17,14,41,4.4
gyeongbu-1002,남영역,1호선,하행,18,14,43,4.2
gyeongbu-1002,남영역,1호선,하행,19,15,42,4.3
gyeongbu-1002,남영역,1호선,하행,20,13,40,4.5
gyeongbu-1002,남영역,1호선,하행,21,12,36,5.0
gyeongbu-1002,남영역,1호선,하행,22,11,32,5.6
gyeongbu-1002,남영역,1호선,하행,23,9,22,8.2
gyeongbu-1002,남영역,1호선,하행,24,2,11,16.4
gyeongbu-1003,용산역,1호선,상행,5,5,17,10.6
gyeongbu-1003,용산역,1호선,상행,6,12,31,5.8
gyeongbu-1003,용산역,1호선,상행,7,14,42,4.3
gyeongbu-1003,용산역,1호선,상행,8,16,43,4.2
gyeongbu-1003,용산역,1호선,상행,9,13,40,4.5
gyeongbu-1003,용산역,1호선,상행,10,11,37,4.9
gyeongbu-1003,용산역,1호선,상행,11,13,35,5.1
gyeongbu-1003,용산역,1호선,상행,12,11,36,5.0
gyeongbu-1003,용산역,1호선,상행,13,12,35,5.1
gyeongbu-1003,용산역,1호선,상행,14,12,37,4.9
gyeongbu-1003,용산역,1호선,상행,15,13,40,4.5
gyeongbu-1003,용산역,1호선,상행,16,15,43,4.2
gyeongbu-1003,용산역,1호선,상행,17,15,45,4.0
gyeongbu-1003,용산역,1호선,상행,18,15,45,4.0
gyeongbu-1003,용산역,1호선,상행,19,15,42,4.3
gyeongbu-1003,용산역,1호선,상행,20,12,39,4.6
gyeongbu-1003,용산역,1호선,상행,21,12,34,5.3
gyeongbu-1003,용산역,1호선,상행,22,10,30,6.0
gyeongbu-1003,용산역,1호선,상행,23,8,20,9.0
gyeongbu-1003,용산역,1호선,상행,24,2,10,18.0
gyeongbu-1003,용산역,1호선,하행,5,7,25,7.2
gyeongbu-1003,용산역,1호선,하행,6,18,47,3.8
gyeongbu-1003,용산역,1호선,하행,7,22,66,2.7
gyeongbu-1003,용산역,1호선,하행,8,26,68,2.6
gyeongbu-1003,용산역,1호선,하행,9,20,62,2.9
gyeongbu-1003,용산역,1호선,하행,10,16,49,3.7
gyeongbu-1003,용산역,1호선,하행,11,13,45,4.0
gyeongbu-1003,용산역,1호선,하행,12,16,42,4.3
gyeongbu-1003,용산역,1호선,하행,13,13,43,4.2
gyeongbu-1003,용산역,1호선,하행,14,14,39,4.6
gyeongbu-1003,용산역,1호선,하행,15,12,42,4.3
gyeongbu-1003,용산역,1호선,하행,16,16,50,3.6
gyeongbu-1003,용산역,1호선,하행,17,22,60,3.0
gyeongbu-1003,용산역,1호선,하행,18,22,68,2.6
gyeongbu-1003,용산역,1호선,하행,19,24,66,2.7
gyeongbu-1003,용산역,1호선,하행,20,20,61,3.0
gyeongbu-1003,용산역,1호선,하행,21,17,52,3.5
gyeongbu-1003,용산역,1호선,하행,22,15,41,4.4
gyeongbu-1003,용산역,1호선,하행,23,9,27,6.7
gyeongbu-1003,용산역,1호선,하행,24,3,12,15.0
gyeongbu-1004,노량진역,1호선,상행,5,7,25,7.2
gyeongbu-1004,노량진역,1호선,상행,6,18,48,3.8
gyeongbu-1004,노량진역,1호선,상행,7,23,67,2.7
gyeongbu-1004,노량진역,1호선,상행,8,26,70,2.6
gyeongbu-1004,노량진역,1호선,상행,9,21,60,3.0
gyeongbu-1004,노량진역,1호선,상행,10,13,50,3.6
gyeongbu-1004,노량진역,1호선,상행,11,16,43,4.2
gyeongbu-1004,노량진역,1호선,상행,12,14,45,4.0
gyeongbu-1004,노량진역,1호선,상행,13,15,42,4.3
gyeongbu-1004,노량진역,1호선,상행,14,13,42,4.3
gyeongbu-1004,노량진역,1호선,상행,15,14,48,3.8
gyeongbu-1004,노량진역,1호선,상행,16,21,57,3.2
gyeongbu-1004,노량진역,1호선,상행,17,22,67,2.7
gyeongbu-1004,노량진역,1호선,상행,18,24,68,2.6
gyeongbu-1004,노량진역,1호선,상행,19,22,65,2.8
gyeongbu-1004,노량진역,1호선,상행,20,19,58,3.1
gyeongbu-1004,노량진역,1호선,상행,21,17,51,3.5
gyeongbu-1004,노량진역,1호선,상행,22,15,39,4.6
gyeongbu-1004,노량진역,1호선,상행,23,7,24,7.5
gyeongbu-1004,노량진역,1호선,상행,24,2,9,20.0
gyeongbu-1004,노량진역,1호선,하행,5,6,23,7.8
gyeongbu-1004,노량진역,1호선,하행,6,17,46,3.9
gyeongbu-1004,노량진역,1호선,하행,7,23,66,2.7
gyeongbu-1004,노량진역,1호선,하행,8,26,70,2.6
gyeongbu-1004,노량진역,1호선,하행,9,21,63,2.9
gyeongbu-1004,노량진역,1호선,하행,10,16,50,3.6
gyeongbu-1004,노량진역,1호선,하행,11,13,44,4.1
gyeongbu-1004,노량진역,1호선,하행,12,15,42,4.3
gyeongbu-1004,노량진역,1호선,하행,13,14,43,4.2
gyeongbu-1004,노량진역,1호선,하행,14,14,39,4.6
gyeongbu-1004,노량진역,1호선,하행,15,11,41,4.4
gyeongbu-1004,노량진역,1호선,하행,16,16,49,3.7
gyeongbu-1004,노량진역,1호선,하행,17,22,59,3.1
gyeongbu-1004,노량진역,1호선,하행,18,21,68,2.6
gyeongbu-1004,노량진역,1호선,하행,19,25,66,2.7
gyeongbu-1004,노량진역,1호선,하행,20,20,62,2.9
gyeongbu-1004,노량진역,1호선,하행,21,17,52,3.5
gyeongbu-1004,노량진역,1호선,하행,22,15,42,4.3
gyeongbu-1004,노량진역,1호선,하행,23,10,28,6.4
gyeongbu-1004,노량진역,1호선,하행,24,3,13,13.8
gyeongbu-1005,대방역,1호선,상행,5,7,27,6.7
gyeongbu-1005,대방역,1호선,상행,6,20,49,3.7
gyeongbu-1005,대방역,1호선,상행,7,22,65,2.8
gyeongbu-1005,대방역,1호선,상행,8,23,65,2.8
gyeongbu-1005,대방역,1호선,상행,9,20,55,3.3
gyeongbu-1005,대방역,1호선,상행,10,12,48,3.8
gyeongbu-1005,대방역,1호선,상행,11,16,41,4.4
gyeongbu-1005,대방역,1호선,상행,12,13,43,4.2
gyeongbu-1005,대방역,1호선,상행,13,14,41,4.4
gyeongbu-1005,대방역,1호선,상행,14,14,43,4.2
gyeongbu-1005,대방역,1호선,상행,15,15,47,3.8
gyeongbu-1005,대방역,1호선,상행,16,18,56,3.2
gyeongbu-1005,대방역,1호선,상행,17,23,65,2.8
gyeongbu-1005,대방역,1호선,상행,18,24,68,2.6
gyeongbu-1005,대방역,1호선,상행,19,21,65,2.8
gyeongbu-1005,대방역,1호선,상행,20,20,57,3.2
gyeongbu-1005,대방역,1호선,상행,21,16,51,3.5
gyeongbu-1005,대방역,1호선,상행,22,15,39,4.6
gyeongbu-1005,대방역,1호선,상행,23,8,24,7.5
gyeongbu-1005,대방역,1호선,상행,24,1,9,20.0
gyeongbu-1005,대방역,1호선,하행,5,5,23,7.8
gyeongbu-1005,대방역,1호선,하행,6,18,46,3.9
gyeongbu-1005,대방역,1호선,하행,7,23,67,2.7
gyeongbu-1005,대방역,1호선,하행,8,26,67,2.7
gyeongbu-1005,대방역,1호선,하행,9,18,60,3.0
gyeongbu-1005,대방역,1호선,하행,10,16,47,3.8
gyeongbu-1005,대방역,1호선,하행,11,13,42,4.3
gyeongbu-1005,대방역,1호선,하행,12,13,40,4.5
gyeongbu-1005,대방역,1호선,하행,13,14,41,4.4
gyeongbu-1005,대방역,1호선,하행,14,14,41,4.4
gyeongbu-1005,대방역,1호선,하행,15,13,42,4.3
gyeongbu-1005,대방역,1호선,하행,16,15,48,3.8
gyeongbu-1005,대방역,1호선,하행,17,20,57,3.2
gyeongbu-1005,대방역,1호선,하행,18,22,63,2.9
gyeongbu-1005,대방역,1호선,하행,19,21,62,2.9
gyeongbu-1005,대방역,1호선,하행,20,19,58,3.1
gyeongbu-1005,대방역,1호선,하행,21,18,53,3.4
gyeongbu-1005,대방역,1호선,하행,22,16,44,4.1
gyeongbu-1005,대방역,1호선,하행,23,10,29,6.2
gyeongbu-1005,대방역,1호선,하행,24,3,13,13.8
gyeongbu-1006,영등포역,1호선,상행,5,8,28,6.4
gyeongbu-1006,영등포역,1호선,상행,6,20,53,3.4
gyeongbu-1006,영등포역,1호선,상행,7,25,70,2.6
gyeongbu-1006,영등포역,1호선,상행,8,25,70,2.6
gyeongbu-1006,영등포역,1호선,상행,9,20,59,3.1
gyeongbu-1006,영등포역,1호선,상행,10,14,50,3.6
gyeongbu-1006,영등포역,1호선,상행,11,16,43,4.2
gyeongbu-1006,영등포역,1호선,상행,12,13,44,4.1
gyeongbu-1006,영등포역,1호선,상행,13,15,42,4.3
gyeongbu-1006,영등포역,1호선,상행,14,14,44,4.1
gyeongbu-1006,영등포역,1호선,상행,15,15,48,3.8
gyeongbu-1006,영등포역,1호선,상행,16,19,58,3.1
gyeongbu-1006,영등포역,1호선,상행,17,24,67,2.7
gyeongbu-1006,영등포역,1호선,상행,18,24,69,2.6
gyeongbu-1006,영등포역,1호선,상행,19,21,64,2.8
gyeongbu-1006,영등포역,1호선,상행,20,19,57,3.2
gyeongbu-1006,영등포역,1호선,상행,21,17,50,3.6
gyeongbu-1006,영등포역,1호선,상행,22,14,38,4.7
gyeongbu-1006,영등포역,1호선,상행,23,7,22,8.2
gyeongbu-1006,영등포역,1호선,상행,24,1,8,22.5
gyeongbu-1006,영등포역,1호선,하행,5,8,25,7.2
gyeongbu-1006,영등포역,1호선,하행,6,17,49,3.7
gyeongbu-1006,영등포역,1호선,하행,7,24,67,2.7
gyeongbu-1006,영등포역,1호선,하행,8,26,71,2.5
gyeongbu-1006,영등포역,1호선,하행,9,21,66,2.7
gyeongbu-1006,영등포역,1호선,하행,10,19,56,3.2
gyeongbu-1006,영등포역,1호선,하행,11,16,49,3.7
gyeongbu-1006,영등포역,1호선,하행,12,14,45,4.0
gyeongbu-1006,영등포역,1호선,하행,13,15,44,4.1
gyeongbu-1006,영등포역,1호선,하행,14,15,44,4.1
gyeongbu-1006,영등포역,1호선,하행,15,14,46,3.9
gyeongbu-1006,영등포역,1호선,하행,16,17,52,3.5
gyeongbu-1006,영등포역,1호선,하행,17,21,62,2.9
gyeongbu-1006,영등포역,1호선,하행,18,24,69,2.6
gyeongbu-1006,영등포역,1호선,하행,19,24,70,2.6
gyeongbu-1006,영등포역,1호선,하행,20,22,65,2.8
gyeongbu-1006,영등포역,1호선,하행,21,19,57,3.2
gyeongbu-1006,영등포역,1호선,하행,22,16,47,3.8
gyeongbu-1006,영등포역,1호선,하행,23,12,31,5.8
gyeongbu-1006,영등포역,1호선,하행,24,3,15,12.0
gyeongbu-1007,신도림역,1호선,상행,5,8,30,6.0
gyeongbu-1007,신도림역,1호선,상행,6,22,53,3.4
gyeongbu-1007,신도림역,1호선,상행,7,23,71,2.5
gyeongbu-1007,신도림역,1호선,상행,8,26,70,2.6
gyeongbu-1007,신도림역,1호선,상행,9,21,62,2.9
gyeongbu-1007,신도림역,1호선,상행,10,15,55,3.3
gyeongbu-1007,신도림역,1호선,상행,11,19,47,3.8
gyeongbu-1007,신도림역,1호선,상행,12,13,48,3.8
gyeongbu-1007,신도림역,1호선,상행,13,16,45,4.0
gyeongbu-1007,신도림역,1호선,상행,14,16,48,3.8
gyeongbu-1007,신도림역,1호선,상행,15,16,53,3.4
gyeongbu-1007,신도림역,1호선,상행,16,21,61,3.0
gyeongbu-1007,신도림역,1호선,상행,17,24,69,2.6
gyeongbu-1007,신도림역,1호선,상행,18,24,71,2.5
gyeongbu-1007,신도림역,1호선,상행,19,23,66,2.7
gyeongbu-1007,신도림역,1호선,상행,20,19,61,3.0
gyeongbu-1007,신도림역,1호선,상행,21,19,52,3.5
gyeongbu-1007,신도림역,1호선,상행,22,14,42,4.3
gyeongbu-1007,신도림역,1호선,상행,23,9,24,7.5
gyeongbu-1007,신도림역,1호선,상행,24,1,10,18.0
gyeongbu-1007,신도림역,1호선,하행,5,7,24,7.5
gyeongbu-1007,신도림역,1호선,하행,6,17,48,3.8
gyeongbu-1007,신도림역,1호선,하행,7,24,68,2.6
gyeongbu-1007,신도림역,1호선,하행,8,27,72,2.5
gyeongbu-1007,신도림역,1호선,하행,9,21,66,2.7
gyeongbu-1007,신도림역,1호선,하행,10,18,55,3.3
gyeongbu-1007,신도림역,1호선,하행,11,16,49,3.7
gyeongbu-1007,신도림역,1호선,하행,12,15,46,3.9
gyeongbu-1007,신도림역,1호선,하행,13,15,45,4.0
gyeongbu-1007,신도림역,1호선,하행,14,15,44,4.1
gyeongbu-1007,신도림역,1호선,하행,15,14,45,4.0
gyeongbu-1007,신도림역,1호선,하행,16,16,52,3.5
gyeongbu-1007,신도림역,1호선,하행,17,22,60,3.0
gyeongbu-1007,신도림역,1호선,하행,18,22,70,2.6
gyeongbu-1007,신도림역,1호선,하행,19,26,69,2.6
gyeongbu-1007,신도림역,1호선,하행,20,21,66,2.7
gyeongbu-1007,신도림역,1호선,하행,21,19,57,3.2
gyeongbu-1007,신도림역,1호선,하행,22,17,47,3.8
gyeongbu-1007,신도림역,1호선,하행,23,11,32,5.6
gyeongbu-1007,신도림역,1호선,하행,24,4,15,12.0
gyeongbu-1032,신길역,1호선,상행,5,8,27,6.7
gyeongbu-1032,신길역,1호선,상행,6,19,49,3.7
gyeongbu-1032,신길역,1호선,상행,7,22,64,2.8
gyeongbu-1032,신길역,1호선,상행,8,23,65,2.8
gyeongbu-1032,신길역,1호선,상행,9,20,55,3.3
gyeongbu-1032,신길역,1호선,상행,10,12,48,3.8
gyeongbu-1032,신길역,1호선,상행,11,16,41,4.4
gyeongbu-1032,신길역,1호선,상행,12,13,43,4.2
gyeongbu-1032,신길역,1호선,상행,13,14,41,4.4
gyeongbu-1032,신길역,1호선,상행,14,14,44,4.1
gyeongbu-1032,신길역,1호선,상행,15,16,48,3.8
gyeongbu-1032,신길역,1호선,상행,16,18,56,3.2
gyeongbu-1032,신길역,1호선,상행,17,22,64,2.8
gyeongbu-1032,신길역,1호선,상행,18,24,68,2.6
gyeongbu-1032,신길역,1호선,상행,19,22,65,2.8
gyeongbu-1032,신길역,1호선,상행,20,19,58,3.1
gyeongbu-1032,신길역,1호선,상행,21,17,50,3.6
gyeongbu-1032,신길역,1호선,상행,22,14,39,4.6
gyeongbu-1032,신길역,1호선,상행,23,8,23,7.8
gyeongbu-1032,신길역,1호선,상행,24,1,9,20.0
gyeongbu-1032,신길역,1호선,하행,5,5,22,8.2
gyeongbu-1032,신길역,1호선,하행,6,17,45,4.0
gyeongbu-1032,신길역,1호선,하행,7,23,65,2.8
gyeongbu-1032,신길역,1호선,하행,8,25,68,2.6
gyeongbu-1032,신길역,1호선,하행,9,20,61,3.0
gyeongbu-1032,신길역,1호선,하행,10,16,48,3.8
gyeongbu-1032,신길역,1호선,하행,11,12,42,4.3
gyeongbu-1032,신길역,1호선,하행,12,14,40,4.5
gyeongbu-1032,신길역,1호선,하행,13,14,42,4.3
gyeongbu-1032,신길역,1호선,하행,14,14,41,4.4
gyeongbu-1032,신길역,1호선,하행,15,13,41,4.4
gyeongbu-1032,신길역,1호선,하행,16,14,48,3.8
gyeongbu-1032,신길역,1호선,하행,17,21,56,3.2
gyeongbu-1032,신길역,1호선,하행,18,21,64,2.8
gyeongbu-1032,신길역,1호선,하행,19,22,62,2.9
gyeongbu-1032,신길역,1호선,하행,20,19,59,3.1
gyeongbu-1032,신길역,1호선,하행,21,18,52,3.5
gyeongbu-1032,신길역,1호선,하행,22,15,44,4.1
gyeongbu-1032,신길역,1호선,하행,23,11,29,6.2
gyeongbu-1032,신길역,1호선,하행,24,3,14,12.9
gyeongbu-1701,구로역,1호선,상행,5,9,31,5.8
gyeongbu-1701,구로역,1호선,상행,6,22,55,3.3
gyeongbu-1701,구로역,1호선,상행,7,24,72,2.5
gyeongbu-1701,구로역,1호선,상행,8,26,69,2.6
gyeongbu-1701,구로역,1호선,상행,9,19,61,3.0
gyeongbu-1701,구로역,1호선,상행,10,16,53,3.4
gyeongbu-1701,구로역,1호선,상행,11,18,47,3.8
gyeongbu-1701,구로역,1호선,상행,12,13,49,3.7
gyeongbu-1701,구로역,1호선,상행,13,18,45,4.0
gyeongbu-1701,구로역,1호선,상행,14,14,49,3.7
gyeongbu-1701,구로역,1호선,상행,15,17,52,3.5
gyeongbu-1701,구로역,1호선,상행,16,21,61,3.0
gyeongbu-1701,구로역,1호선,상행,17,23,69,2.6
gyeongbu-1701,구로역,1호선,상행,18,25,72,2.5
gyeongbu-1701,구로역,1호선,상행,19,24,67,2.7
gyeongbu-1701,구로역,1호선,상행,20,18,60,3.0
gyeongbu-1701,구로역,1호선,상행,21,18,51,3.5
gyeongbu-1701,구로역,1호선,상행,22,15,41,4.4
gyeongbu-1701,구로역,1호선,상행,23,8,24,7.5
gyeongbu-1701,구로역,1호선,상행,24,1,9,20.0
gyeongbu-1701,구로역,1호선,하행,5,17,43,4.2
gyeongbu-1701,구로역,1호선,하행,6,26,69,2.6
gyeongbu-1701,구로역,1호선,하행,7,26,76,2.4
gyeongbu-1701,구로역,1호선,하행,8,24,71,2.5
gyeongbu-1701,구로역,1호선,하행,9,21,61,3.0
gyeongbu-1701,구로역,1호선,하행,10,16,54,3.3
gyeongbu-1701,구로역,1호선,하행,11,17,49,3.7
gyeongbu-1701,구로역,1호선,하행,12,16,48,3.8
gyeongbu-1701,구로역,1호선,하행,13,15,48,3.8
gyeongbu-1701,구로역,1호선,하행,14,17,50,3.6
gyeongbu-1701,구로역,1호선,하행,15,18,54,3.3
gyeongbu-1701,구로역,1호선,하행,16,19,60,3.0
gyeongbu-1701,구로역,1호선,하행,17,23,66,2.7
gyeongbu-1701,구로역,1호선,하행,18,24,71,2.5
gyeongbu-1701,구로역,1호선,하행,19,24,70,2.6
gyeongbu-1701,구로역,1호선,하행,20,22,65,2.8
gyeongbu-1701,구로역,1호선,하행,21,19,57,3.2
gyeongbu-1701,구로역,1호선,하행,22,16,44,4.1
gyeongbu-1701,구로역,1호선,하행,23,9,25,7.2
gyeongbu-1702,가산디지털단지역,1호선,상행,5,2,9,20.0
gyeongbu-1702,가산디지털단지역,1호선,상행,6,7,17,10.6
gyeongbu-1702,가산디지털단지역,1호선,상행,7,8,25,7.2
gyeongbu-1702,가산디지털단지역,1호선,상행,8,10,26,6.9
gyeongbu-1702,가산디지털단지역,1호선,상행,9,8,26,6.9
gyeongbu-1702,가산디지털단지역,1호선,상행,10,8,25,7.2
gyeongbu-1702,가산디지털단지역,1호선,상행,11,9,25,7.2
gyeongbu-1702,가산디지털단지역,1호선,상행,12,8,25,7.2
gyeongbu-1702,가산디지털단지역,1호선,상행,13,8,24,7.5
gyeongbu-1702,가산디지털단지역,1호선,상행,14,8,24,7.5
gyeongbu-1702,가산디지털단지역,1호선,상행,15,8,25,7.2
gyeongbu-1702,가산디지털단지역,1호선,상행,16,9,26,6.9
gyeongbu-1702,가산디지털단지역,1호선,상행,17,9,26,6.9
gyeongbu-1702,가산디지털단지역,1호선,상행,18,8,26,6.9
gyeongbu-1702,가산디지털단지역,1호선,상행,19,9,26,6.9
gyeongbu-1702,가산디지털단지역,1호선,상행,20,9,26,6.9
gyeongbu-1702,가산디지털단지역,1호선,상행,21,8,24,7.5
gyeongbu-1702,가산디지털단지역,1호선,상행,22,7,22,8.2
gyeongbu-1702,가산디지털단지역,1호선,상행,23,7,17,10.6
gyeongbu-1702,가산디지털단지역,1호선,상행,24,3,10,18.0
gyeongbu-1702,가산디지털단지역,1호선,하행,5,6,15,12.0
gyeongbu-1702,가산디지털단지역,1호선,하행,6,9,26,6.9
gyeongbu-1702,가산디지털단지역,1호선,하행,7,11,29,6.2
gyeongbu-1702,가산디지털단지역,1호선,하행,8,9,28,6.4
gyeongbu-1702,가산디지털단지역,1호선,하행,9,8,25,7.2
gyeongbu-1702,가산디지털단지역,1호선,하행,10,8,25,7.2
gyeongbu-1702,가산디지털단지역,1호선,하행,11,9,27,6.7
gyeongbu-1702,가산디지털단지역,1호선,하행,12,10,27,6.7
gyeongbu-1702,가산디지털단지역,1호선,하행,13,8,26,6.9
gyeongbu-1702,가산디지털단지역,1호선,하행,14,8,24,7.5
gyeongbu-1702,가산디지털단지역,1호선,하행,15,8,23,7.8
gyeongbu-1702,가산디지털단지역,1호선,하행,16,7,24,7.5
gyeongbu-1702,가산디지털단지역,1호선,하행,17,9,25,7.2
gyeongbu-1702,가산디지털단지역,1호선,하행,18,9,27,6.7
gyeongbu-1702,가산디지털단지역,1호선,하행,19,9,26,6.9
gyeongbu-1702,가산디지털단지역,1호선,하행,20,8,25,7.2
gyeongbu-1702,가산디지털단지역,1호선,하행,21,8,23,7.8
gyeongbu-1702,가산디지털단지역,1호선,하행,22,7,18,10.0
gyeongbu-1702,가산디지털단지역,1호선,하행,23,3,10,18.0
gyeongbu-1703,금천구청역,1호선,상행,5,2,10,18.0
gyeongbu-1703,금천구청역,1호선,상행,6,8,20,9.0
gyeongbu-1703,금천구청역,1호선,상행,7,10,28,6.4
gyeongbu-1703,금천구청역,1호선,상행,8,10,28,6.4
gyeongbu-1703,금천구청역,1호선,상행,9,8,24,7.5
gyeongbu-1703,금천구청역,1호선,상행,10,6,21,8.6
gyeongbu-1703,금천구청역,1호선,상행,11,7,19,9.5
gyeongbu-1703,금천구청역,1호선,상행,12,6,19,9.5
gyeongbu-1703,금천구청역,1호선,상행,13,6,18,10.0
gyeongbu-1703,금천구청역,1호선,상행,14,6,19,9.5
gyeongbu-1703,금천구청역,1호선,상행,15,7,20,9.0
gyeongbu-1703,금천구청역,1호선,상행,16,7,21,8.6
gyeongbu-1703,금천구청역,1호선,상행,17,7,22,8.2
gyeongbu-1703,금천구청역,1호선,상행,18,8,24,7.5
gyeongbu-1703,금천구청역,1호선,상행,19,9,25,7.2
gyeongbu-1703,금천구청역,1호선,상행,20,8,24,7.5
gyeongbu-1703,금천구청역,1호선,상행,21,7,22,8.2
gyeongbu-1703,금천구청역,1호선,상행,22,7,21,8.6
gyeongbu-1703,금천구청역,1호선,상행,23,7,16,11.2
gyeongbu-1703,금천구청역,1호선,상행,24,2,9,20.0
gyeongbu-1703,금천구청역,1호선,하행,5,6,14,12.9
gyeongbu-1703,금천구청역,1호선,하행,6,8,24,7.5
gyeongbu-1703,금천구청역,1호선,하행,7,10,27,6.7
gyeongbu-1703,금천구청역,1호선,하행,8,9,25,7.2
gyeongbu-1703,금천구청역,1호선,하행,9,6,23,7.8
gyeongbu-1703,금천구청역,1호선,하행,10,8,20,9.0
gyeongbu-1703,금천구청역,1호선,하행,11,6,22,8.2
gyeongbu-1703,금천구청역,1호선,하행,12,8,20,9.0
gyeongbu-1703,금천구청역,1호선,하행,13,6,20,9.0
gyeongbu-1703,금천구청역,1호선,하행,14,6,19,9.5
gyeongbu-1703,금천구청역,1호선,하행,15,7,19,9.5
gyeongbu-1703,금천구청역,1호선,하행,16,6,22,8.2
gyeongbu-1703,금천구청역,1호선,하행,17,9,24,7.5
gyeongbu-1703,금천구청역,1호선,하행,18,9,27,6.7
gyeongbu-1703,금천구청역,1호선,하행,19,9,24,7.5
gyeongbu-1703,금천구청역,1호선,하행,20,6,23,7.8
gyeongbu-1703,금천구청역,1호선,하행,21,8,21,8.6
gyeongbu-1703,금천구청역,1호선,하행,22,7,19,9.5
gyeongbu-1703,금천구청역,1호선,하행,23,4,11,16.4
gyeongbu-1704,석수역,1호선,상행,5,3,9,20.0
gyeongbu-1704,석수역,1호선,상행,6,6,16,11.2
gyeongbu-1704,석수역,1호선,상행,7,7,21,8.6
gyeongbu-1704,석수역,1호선,상행,8,8,21,8.6
gyeongbu-1704,석수역,1호선,상행,9,6,20,9.0
gyeongbu-1704,석수역,1호선,상행,10,6,17,10.6
gyeongbu-1704,석수역,1호선,상행,11,5,16,11.2
gyeongbu-1704,석수역,1호선,상행,12,5,14,12.9
gyeongbu-1704,석수역,1호선,상행,13,4,15,12.0
gyeongbu-1704,석수역,1호선,상행,14,6,15,12.0
gyeongbu-1704,석수역,1호선,상행,15,5,17,10.6
gyeongbu-1704,석수역,1호선,상행,16,6,17,10.6
gyeongbu-1704,석수역,1호선,상행,17,6,18,10.0
gyeongbu-1704,석수역,1호선,상행,18,6,19,9.5
gyeongbu-1704,석수역,1호선,상행,19,7,19,9.5
gyeongbu-1704,석수역,1호선,상행,20,6,19,9.5
gyeongbu-1704,석수역,1호선,상행,21,6,18,10.0
gyeongbu-1704,석수역,1호선,상행,22,6,17,10.6
gyeongbu-1704,석수역,1호선,상행,23,5,13,13.8
gyeongbu-1704,석수역,1호선,상행,24,2,7,25.7
gyeongbu-1704,석수역,1호선,하행,5,5,11,16.4
gyeongbu-1704,석수역,1호선,하행,6,6,18,10.0
gyeongbu-1704,석수역,1호선,하행,7,7,20,9.0
gyeongbu-1704,석수역,1호선,하행,8,7,20,9.0
gyeongbu-1704,석수역,1호선,하행,9,6,19,9.5
gyeongbu-1704,석수역,1호선,하행,10,6,18,10.0
gyeongbu-1704,석수역,1호선,하행,11,6,18,10.0
gyeongbu-1704,석수역,1호선,하행,12,6,17,10.6
gyeongbu-1704,석수역,1호선,하행,13,5,16,11.2
gyeongbu-1704,석수역,1호선,하행,14,5,15,12.0
gyeongbu-1704,석수역,1호선,하행,15,5,15,12.0
gyeongbu-1704,석수역,1호선,하행,16,5,15,12.0
gyeongbu-1704,석수역,1호선,하행,17,5,17,10.6
gyeongbu-1704,석수역,1호선,하행,18,7,19,9.5
gyeongbu-1704,석수역,1호선,하행,19,7,19,9.5
gyeongbu-1704,석수역,1호선,하행,20,5,19,9.5
gyeongbu-1704,석수역,1호선,하행,21,7,17,10.6
gyeongbu-1704,석수역,1호선,하행,22,5,16,11.2
gyeongbu-1704,석수역,1호선,하행,23,4,9,20.0
gyeongbu-1705,관악역,1호선,상행,5,3,9,20.0
gyeongbu-1705,관악역,1호선,상행,6,6,17,10.6
gyeongbu-1705,관악역,1호선,상행,7,8,22,8.2
gyeongbu-1705,관악역,1호선,상행,8,8,22,8.2
gyeongbu-1705,관악역,1호선,상행,9,6,19,9.5
gyeongbu-1705,관악역,1호선,상행,10,5,16,11.2
gyeongbu-1705,관악역,1호선,상행,11,5,15,12.0
gyeongbu-1705,관악역,1호선,상행,12,5,15,12.0
gyeongbu-1705,관악역,1호선,상행,13,5,15,12.0
gyeongbu-1705,관악역,1호선,상행,14,5,16,11.2
gyeongbu-1705,관악역,1호선,상행,15,6,17,10.6
gyeongbu-1705,관악역,1호선,상행,16,6,17,10.6
gyeongbu-1705,관악역,1호선,상행,17,5,18,10.0
gyeongbu-1705,관악역,1호선,상행,18,7,19,9.5
gyeongbu-1705,관악역,1호선,상행,19,7,19,9.5
gyeongbu-1705,관악역,1호선,상행,20,5,18,10.0
gyeongbu-1705,관악역,1호선,상행,21,6,17,10.6
gyeongbu-1705,관악역,1호선,상행,22,6,17,10.6
gyeongbu-1705,관악역,1호선,상행,23,5,13,13.8
gyeongbu-1705,관악역,1호선,상행,24,2,7,25.7
gyeongbu-1705,관악역,1호선,하행,5,4,11,16.4
gyeongbu-1705,관악역,1호선,하행,6,7,18,10.0
gyeongbu-1705,관악역,1호선,하행,7,7,21,8.6
gyeongbu-1705,관악역,1호선,하행,8,7,20,9.0
gyeongbu-1705,관악역,1호선,하행,9,6,19,9.5
gyeongbu-1705,관악역,1호선,하행,10,6,18,10.0
gyeongbu-1705,관악역,1호선,하행,11,6,18,10.0
gyeongbu-1705,관악역,1호선,하행,12,6,17,10.6
gyeongbu-1705,관악역,1호선,하행,13,5,16,11.2
gyeongbu-1705,관악역,1호선,하행,14,5,15,12.0
gyeongbu-1705,관악역,1호선,하행,15,5,15,12.0
gyeongbu-1705,관악역,1호선,하행,16,5,15,12.0
gyeongbu-1705,관악역,1호선,하행,17,5,16,11.2
gyeongbu-1705,관악역,1호선,하행,18,6,18,10.0
gyeongbu-1705,관악역,1호선,하행,19,7,19,9.5
gyeongbu-1705,관악역,1호선,하행,20,6,19,9.5
gyeongbu-1705,관악역,1호선,하행,21,6,18,10.0
gyeongbu-1705,관악역,1호선,하행,22,6,16,11.2
gyeongbu-1705,관악역,1호선,하행,23,4,10,18.0
gyeongbu-1706,안양역,1호선,상행,5,3,10,18.0
gyeongbu-1706,안양역,1호선,상행,6,7,19,9.5
gyeongbu-1706,안양역,1호선,상행,7,9,25,7.2
gyeongbu-1706,안양역,1호선,상행,8,9,25,7.2
gyeongbu-1706,안양역,1호선,상행,9,7,23,7.8
gyeongbu-1706,안양역,1호선,상행,10,7,21,8.6
gyeongbu-1706,안양역,1호선,상행,11,7,21,8.6
gyeongbu-1706,안양역,1호선,상행,12,7,20,9.0
gyeongbu-1706,안양역,1호선,상행,13,6,20,9.0
gyeongbu-1706,안양역,1호선,상행,14,7,21,8.6
gyeongbu-1706,안양역,1호선,상행,15,8,23,7.8
gyeongbu-1706,안양역,1호선,상행,16,8,23,7.8
gyeongbu-1706,안양역,1호선,상행,17,7,23,7.8
gyeongbu-1706,안양역,1호선,상행,18,8,23,7.8
gyeongbu-1706,안양역,1호선,상행,19,8,23,7.8
gyeongbu-1706,안양역,1호선,상행,20,7,22,8.2
gyeongbu-1706,안양역,1호선,상행,21,7,20,9.0
gyeongbu-1706,안양역,1호선,상행,22,6,19,9.5
gyeongbu-1706,안양역,1호선,상행,23,6,13,13.8
gyeongbu-1706,안양역,1호선,상행,24,1,7,25.7
gyeongbu-1706,안양역,1호선,하행,5,4,11,16.4
gyeongbu-1706,안양역,1호선,하행,6,7,20,9.0
gyeongbu-1706,안양역,1호선,하행,7,9,26,6.9
gyeongbu-1706,안양역,1호선,하행,8,10,25,7.2
gyeongbu-1706,안양역,1호선,하행,9,6,23,7.8
gyeongbu-1706,안양역,1호선,하행,10,7,21,8.6
gyeongbu-1706,안양역,1호선,하행,11,8,23,7.8
gyeongbu-1706,안양역,1호선,하행,12,8,23,7.8
gyeongbu-1706,안양역,1호선,하행,13,7,23,7.8
gyeongbu-1706,안양역,1호선,하행,14,8,21,8.6
gyeongbu-1706,안양역,1호선,하행,15,6,21,8.6
gyeongbu-1706,안양역,1호선,하행,16,7,21,8.6
gyeongbu-1706,안양역,1호선,하행,17,8,23,7.8
gyeongbu-1706,안양역,1호선,하행,18,8,24,7.5
gyeongbu-1706,안양역,1호선,하행,19,8,24,7.5
gyeongbu-1706,안양역,1호선,하행,20,8,22,8.2
gyeongbu-1706,안양역,1호선,하행,21,6,20,9.0
gyeongbu-1706,안양역,1호선,하행,22,6,16,11.2
gyeongbu-1706,안양역,1호선,하행,23,4,10,18.0
gyeongbu-1707,명학역,1호선,상행,5,3,10,18.0
gyeongbu-1707,명학역,1호선,상행,6,7,17,10.6
gyeongbu-1707,명학역,1호선,상행,7,7,22,8.2
gyeongbu-1707,명학역,1호선,상행,8,8,21,8.6
gyeongbu-1707,명학역,1호선,상행,9,6,20,9.0
gyeongbu-1707,명학역,1호선,상행,10,6,16,11.2
gyeongbu-1707,명학역,1호선,상행,11,4,15,12.0
gyeongbu-1707,명학역,1호선,상행,12,5,14,12.9
gyeongbu-1707,명학역,1호선,상행,13,5,16,11.2
gyeongbu-1707,명학역,1호선,상행,14,6,16,11.2
gyeongbu-1707,명학역,1호선,상행,15,5,17,10.6
gyeongbu-1707,명학역,1호선,상행,16,6,16,11.2
gyeongbu-1707,명학역,1호선,상행,17,5,19,9.5
gyeongbu-1707,명학역,1호선,상행,18,8,19,9.5
gyeongbu-1707,명학역,1호선,상행,19,6,20,9.0
gyeongbu-1707,명학역,1호선,상행,20,6,17,10.6
gyeongbu-1707,명학역,1호선,상행,21,5,17,10.6
gyeongbu-1707,명학역,1호선,상행,22,6,17,10.6
gyeongbu-1707,명학역,1호선,상행,23,6,13,13.8
gyeongbu-1707,명학역,1호선,상행,24,1,7,25.7
gyeongbu-1707,명학역,1호선,하행,5,3,10,18.0
gyeongbu-1707,명학역,1호선,하행,6,7,18,10.0
gyeongbu-1707,명학역,1호선,하행,7,8,22,8.2
gyeongbu-1707,명학역,1호선,하행,8,7,20,9.0
gyeongbu-1707,명학역,1호선,하행,9,5,18,10.0
gyeongbu-1707,명학역,1호선,하행,10,6,17,10.6
gyeongbu-1707,명학역,1호선,하행,11,6,18,10.0
gyeongbu-1707,명학역,1호선,하행,12,6,17,10.6
gyeongbu-1707,명학역,1호선,하행,13,5,17,10.6
gyeongbu-1707,명학역,1호선,하행,14,6,15,12.0
gyeongbu-1707,명학역,1호선,하행,15,4,15,12.0
gyeongbu-1707,명학역,1호선,하행,16,5,14,12.9
gyeongbu-1707,명학역,1호선,하행,17,5,17,10.6
gyeongbu-1707,명학역,1호선,하행,18,7,18,10.0
gyeongbu-1707,명학역,1호선,하행,19,6,20,9.0
gyeongbu-1707,명학역,1호선,하행,20,7,19,9.5
gyeongbu-1707,명학역,1호선,하행,21,6,18,10.0
gyeongbu-1707,명학역,1호선,하행,22,5,16,11.2
gyeongbu-1707,명학역,1호선,하행,23,5,10,18.0
gyeongbu-1708,금정역,1호선,상행,5,3,10,18.0
gyeongbu-1708,금정역,1호선,상행,6,7,18,10.0
gyeongbu-1708,금정역,1호선,상행,7,8,23,7.8
gyeongbu-1708,금정역,1호선,상행,8,8,23,7.8
gyeongbu-1708,금정역,1호선,상행,9,7,23,7.8
gyeongbu-1708,금정역,1호선,상행,10,8,22,8.2
gyeongbu-1708,금정역,1호선,상행,11,7,22,8.2
gyeongbu-1708,금정역,1호선,상행,12,7,19,9.5
gyeongbu-1708,금정역,1호선,상행,13,5,20,9.0
gyeongbu-1708,금정역,1호선,상행,14,8,20,9.0
gyeongbu-1708,금정역,1호선,상행,15,7,23,7.8
gyeongbu-1708,금정역,1호선,상행,16,8,23,7.8
gyeongbu-1708,금정역,1호선,상행,17,8,24,7.5
gyeongbu-1708,금정역,1호선,상행,18,8,24,7.5
gyeongbu-1708,금정역,1호선,상행,19,8,22,8.2
gyeongbu-1708,금정역,1호선,상행,20,6,22,8.2
gyeongbu-1708,금정역,1호선,상행,21,8,20,9.0
gyeongbu-1708,금정역,1호선,상행,22,6,19,9.5
gyeongbu-1708,금정역,1호선,상행,23,5,12,15.0
gyeongbu-1708,금정역,1호선,상행,24,1,6,30.0
gyeongbu-1708,금정역,1호선,하행,5,3,11,16.4
gyeongbu-1708,금정역,1호선,하행,6,8,19,9.5
gyeongbu-1708,금정역,1호선,하행,7,8,25,7.2
gyeongbu-1708,금정역,1호선,하행,8,9,25,7.2
gyeongbu-1708,금정역,1호선,하행,9,8,24,7.5
gyeongbu-1708,금정역,1호선,하행,10,7,23,7.8
gyeongbu-1708,금정역,1호선,하행,11,8,23,7.8
gyeongbu-1708,금정역,1호선,하행,12,8,23,7.8
gyeongbu-1708,금정역,1호선,하행,13,7,22,8.2
gyeongbu-1708,금정역,1호선,하행,14,7,21,8.6
gyeongbu-1708,금정역,1호선,하행,15,7,21,8.6
gyeongbu-1708,금정역,1호선,하행,16,7,21,8.6
gyeongbu-1708,금정역,1호선,하행,17,7,21,8.6
gyeongbu-1708,금정역,1호선,하행,18,7,22,8.2
gyeongbu-1708,금정역,1호선,하행,19,8,23,7.8
gyeongbu-1708,금정역,1호선,하행,20,8,22,8.2
gyeongbu-1708,금정역,1호선,하행,21,6,20,9.0
gyeongbu-1708,금정역,1호선,하행,22,6,16,11.2
gyeongbu-1708,금정역,1호선,하행,23,4,11,16.4
gyeongbu-1708,금정역,1호선,하행,24,1,5,36.0
gyeongbu-1709,군포역,1호선,상행,5,3,11,16.4
gyeongbu-1709,군포역,1호선,상행,6,8,20,9.0
gyeongbu-1709,군포역,1호선,상행,7,9,25,7.2
gyeongbu-1709,군포역,1호선,상행,8,8,23,7.8
gyeongbu-1709,군포역,1호선,상행,9,6,19,9.5
gyeongbu-1709,군포역,1호선,상행,10,5,16,11.2
gyeongbu-1709,군포역,1호선,상행,11,5,15,12.0
gyeongbu-1709,군포역,1호선,상행,12,5,14,12.9
gyeongbu-1709,군포역,1호선,상행,13,4,15,12.0
gyeongbu-1709,군포역,1호선,상행,14,6,15,12.0
gyeongbu-1709,군포역,1호선,상행,15,5,17,10.6
gyeongbu-1709,군포역,1호선,상행,16,6,17,10.6
gyeongbu-1709,군포역,1호선,상행,17,6,20,9.0
gyeongbu-1709,군포역,1호선,상행,18,8,20,9.0
gyeongbu-1709,군포역,1호선,상행,19,6,20,9.0
gyeongbu-1709,군포역,1호선,상행,20,6,17,10.6
gyeongbu-1709,군포역,1호선,상행,21,5,17,10.6
gyeongbu-1709,군포역,1호선,상행,22,6,16,11.2
gyeongbu-1709,군포역,1호선,상행,23,5,12,15.0
gyeongbu-1709,군포역,1호선,상행,24,1,6,30.0
gyeongbu-1709,군포역,1호선,하행,5,3,9,20.0
gyeongbu-1709,군포역,1호선,하행,6,6,17,10.6
gyeongbu-1709,군포역,1호선,하행,7,8,21,8.6
gyeongbu-1709,군포역,1호선,하행,8,7,21,8.6
gyeongbu-1709,군포역,1호선,하행,9,6,18,10.0
gyeongbu-1709,군포역,1호선,하행,10,5,17,10.6
gyeongbu-1709,군포역,1호선,하행,11,6,18,10.0
gyeongbu-1709,군포역,1호선,하행,12,7,17,10.6
gyeongbu-1709,군포역,1호선,하행,13,4,17,10.6
gyeongbu-1709,군포역,1호선,하행,14,6,14,12.9
gyeongbu-1709,군포역,1호선,하행,15,4,15,12.0
gyeongbu-1709,군포역,1호선,하행,16,5,14,12.9
gyeongbu-1709,군포역,1호선,하행,17,5,18,10.0
gyeongbu-1709,군포역,1호선,하행,18,8,20,9.0
gyeongbu-1709,군포역,1호선,하행,19,7,21,8.6
gyeongbu-1709,군포역,1호선,하행,20,6,19,9.5
gyeongbu-1709,군포역,1호선,하행,21,6,18,10.0
gyeongbu-1709,군포역,1호선,하행,22,6,16,11.2
gyeongbu-1709,군포역,1호선,하행,23,4,11,16.4
gyeongbu-1709,군포역,1호선,하행,24,1,5,36.0
gyeongbu-1710,의왕역,1호선,상행,5,4,12,15.0
gyeongbu-1710,의왕역,1호선,상행,6,8,21,8.6
gyeongbu-1710,의왕역,1호선,상행,7,9,25,7.2
gyeongbu-1710,의왕역,1호선,상행,8,8,24,7.5
gyeongbu-1710,의왕역,1호선,상행,9,7,20,9.0
gyeongbu-1710,의왕역,1호선,상행,10,5,17,10.6
gyeongbu-1710,의왕역,1호선,상행,11,5,15,12.0
gyeongbu-1710,의왕역,1호선,상행,12,5,15,12.0
gyeongbu-1710,의왕역,1호선,상행,13,5,15,12.0
gyeongbu-1710,의왕역,1호선,상행,14,5,16,11.2
gyeongbu-1710,의왕역,1호선,상행,15,6,17,10.6
gyeongbu-1710,의왕역,1호선,상행,16,6,19,9.5
gyeongbu-1710,의왕역,1호선,상행,17,7,20,9.0
gyeongbu-1710,의왕역,1호선,상행,18,7,22,8.2
gyeongbu-1710,의왕역,1호선,상행,19,8,21,8.6
gyeongbu-1710,의왕역,1호선,상행,20,6,20,9.0
gyeongbu-1710,의왕역,1호선,상행,21,6,17,10.6
gyeongbu-1710,의왕역,1호선,상행,22,5,17,10.6
gyeongbu-1710,의왕역,1호선,상행,23,6,11,16.4
gyeongbu-1710,의왕역,1호선,하행,5,2,9,20.0
gyeongbu-1710,의왕역,1호선,하행,6,7,18,10.0
gyeongbu-1710,의왕역,1호선,하행,7,9,25,7.2
gyeongbu-1710,의왕역,1호선,하행,8,9,23,7.8
gyeongbu-1710,의왕역,1호선,하행,9,5,20,9.0
gyeongbu-1710,의왕역,1호선,하행,10,6,17,10.6
gyeongbu-1710,의왕역,1호선,하행,11,6,18,10.0
gyeongbu-1710,의왕역,1호선,하행,12,6,17,10.6
gyeongbu-1710,의왕역,1호선,하행,13,5,17,10.6
gyeongbu-1710,의왕역,1호선,하행,14,6,15,12.0
gyeongbu-1710,의왕역,1호선,하행,15,4,15,12.0
gyeongbu-1710,의왕역,1호선,하행,16,5,16,11.2
gyeongbu-1710,의왕역,1호선,하행,17,7,21,8.6
gyeongbu-1710,의왕역,1호선,하행,18,9,24,7.5
gyeongbu-1710,의왕역,1호선,하행,19,8,24,7.5
gyeongbu-1710,의왕역,1호선,하행,20,7,20,9.0
gyeongbu-1710,의왕역,1호선,하행,21,5,18,10.0
gyeongbu-1710,의왕역,1호선,하행,22,6,16,11.2
gyeongbu-1710,의왕역,1호선,하행,23,5,12,15.0
gyeongbu-1710,의왕역,1호선,하행,24,1,6,30.0
gyeongbu-1711,성균관대역,1호선,상행,5,4,12,15.0
gyeongbu-1711,성균관대역,1호선,상행,6,8,21,8.6
gyeongbu-1711,성균관대역,1호선,상행,7,9,26,6.9
gyeongbu-1711,성균관대역,1호선,상행,8,9,24,7.5
gyeongbu-1711,성균관대역,1호선,상행,9,6,23,7.8
gyeongbu-1711,성균관대역,1호선,상행,10,8,21,8.6
gyeongbu-1711,성균관대역,1호선,상행,11,7,22,8.2
gyeongbu-1711,성균관대역,1호선,상행,12,7,20,9.0
gyeongbu-1711,성균관대역,1호선,상행,13,6,21,8.6
gyeongbu-1711,성균관대역,1호선,상행,14,8,21,8.6
gyeongbu-1711,성균관대역,1호선,상행,15,7,23,7.8
gyeongbu-1711,성균관대역,1호선,상행,16,8,23,7.8
gyeongbu-1711,성균관대역,1호선,상행,17,8,23,7.8
gyeongbu-1711,성균관대역,1호선,상행,18,7,23,7.8
gyeongbu-1711,성균관대역,1호선,상행,19,8,22,8.2
gyeongbu-1711,성균관대역,1호선,상행,20,7,22,8.2
gyeongbu-1711,성균관대역,1호선,상행,21,7,20,9.0
gyeongbu-1711,성균관대역,1호선,상행,22,6,18,10.0
gyeongbu-1711,성균관대역,1호선,상행,23,5,11,16.4
gyeongbu-1711,성균관대역,1호선,하행,5,2,9,20.0
gyeongbu-1711,성균관대역,1호선,하행,6,7,18,10.0
gyeongbu-1711,성균관대역,1호선,하행,7,9,25,7.2
gyeongbu-1711,성균관대역,1호선,하행,8,9,26,6.9
gyeongbu-1711,성균관대역,1호선,하행,9,8,23,7.8
gyeongbu-1711,성균관대역,1호선,하행,10,6,22,8.2
gyeongbu-1711,성균관대역,1호선,하행,11,8,23,7.8
gyeongbu-1711,성균관대역,1호선,하행,12,9,23,7.8
gyeongbu-1711,성균관대역,1호선,하행,13,6,23,7.8
gyeongbu-1711,성균관대역,1호선,하행,14,8,20,9.0
gyeongbu-1711,성균관대역,1호선,하행,15,6,21,8.6
gyeongbu-1711,성균관대역,1호선,하행,16,7,20,9.0
gyeongbu-1711,성균관대역,1호선,하행,17,7,22,8.2
gyeongbu-1711,성균관대역,1호선,하행,18,8,23,7.8
gyeongbu-1711,성균관대역,1호선,하행,19,8,24,7.5
gyeongbu-1711,성균관대역,1호선,하행,20,8,23,7.8
gyeongbu-1711,성균관대역,1호선,하행,21,7,21,8.6
gyeongbu-1711,성균관대역,1호선,하행,22,6,18,10.0
gyeongbu-1711,성균관대역,1호선,하행,23,5,12,15.0
gyeongbu-1711,성균관대역,1호선,하행,24,1,6,30.0
gyeongbu-1712,화서역,1호선,상행,5,4,11,16.4
gyeongbu-1712,화서역,1호선,상행,6,7,19,9.5
gyeongbu-1712,화서역,1호선,상행,7,8,23,7.8
gyeongbu-1712,화서역,1호선,상행,8,8,22,8.2
gyeongbu-1712,화서역,1호선,상행,9,6,19,9.5
gyeongbu-1712,화서역,1호선,상행,10,5,16,11.2
gyeongbu-1712,화서역,1호선,상행,11,5,15,12.0
gyeongbu-1712,화서역,1호선,상행,12,5,15,12.0
gyeongbu-1712,화서역,1호선,상행,13,5,15,12.0
gyeongbu-1712,화서역,1호선,상행,14,5,16,11.2
gyeongbu-1712,화서역,1호선,상행,15,6,17,10.6
gyeongbu-1712,화서역,1호선,상행,16,6,17,10.6
gyeongbu-1712,화서역,1호선,상행,17,5,19,9.5
gyeongbu-1712,화서역,1호선,상행,18,8,19,9.5
gyeongbu-1712,화서역,1호선,상행,19,6,20,9.0
gyeongbu-1712,화서역,1호선,상행,20,6,17,10.6
gyeongbu-1712,화서역,1호선,상행,21,5,17,10.6
gyeongbu-1712,화서역,1호선,상행,22,6,16,11.2
gyeongbu-1712,화서역,1호선,상행,23,5,11,16.4
gyeongbu-1712,화서역,1호선,하행,5,2,8,22.5
gyeongbu-1712,화서역,1호선,하행,6,6,16,11.2
gyeongbu-1712,화서역,1호선,하행,7,8,21,8.6
gyeongbu-1712,화서역,1호선,하행,8,7,20,9.0
gyeongbu-1712,화서역,1호선,하행,9,5,18,10.0
gyeongbu-1712,화서역,1호선,하행,10,6,18,10.0
gyeongbu-1712,화서역,1호선,하행,11,7,18,10.0
gyeongbu-1712,화서역,1호선,하행,12,5,18,10.0
gyeongbu-1712,화서역,1호선,하행,13,6,16,11.2
gyeongbu-1712,화서역,1호선,하행,14,5,16,11.2
gyeongbu-1712,화서역,1호선,하행,15,5,15,12.0
gyeongbu-1712,화서역,1호선,하행,16,5,15,12.0
gyeongbu-1712,화서역,1호선,하행,17,5,16,11.2
gyeongbu-1712,화서역,1호선,하행,18,6,17,10.6
gyeongbu-1712,화서역,1호선,하행,19,6,19,9.5
gyeongbu-1712,화서역,1호선,하행,20,7,19,9.5
gyeongbu-1712,화서역,1호선,하행,21,6,19,9.5
gyeongbu-1712,화서역,1호선,하행,22,6,17,10.6
gyeongbu-1712,화서역,1호선,하행,23,5,12,15.0
gyeongbu-1712,화서역,1호선,하행,24,1,6,30.0
gyeongbu-1713,수원역,1호선,상행,5,5,13,13.8
gyeongbu-1713,수원역,1호선,상행,6,8,22,8.2
gyeongbu-1713,수원역,1호선,상행,7,9,25,7.2
gyeongbu-1713,수원역,1호선,상행,8,8,24,7.5
gyeongbu-1713,수원역,1호선,상행,9,7,23,7.8
gyeongbu-1713,수원역,1호선,상행,10,8,22,8.2
gyeongbu-1713,수원역,1호선,상행,11,7,22,8.2
gyeongbu-1713,수원역,1호선,상행,12,7,20,9.0
gyeongbu-1713,수원역,1호선,상행,13,6,20,9.0
gyeongbu-1713,수원역,1호선,상행,14,7,21,8.6
gyeongbu-1713,수원역,1호선,상행,15,8,23,7.8
gyeongbu-1713,수원역,1호선,상행,16,8,23,7.8
gyeongbu-1713,수원역,1호선,상행,17,7,23,7.8
gyeongbu-1713,수원역,1호선,상행,18,8,23,7.8
gyeongbu-1713,수원역,1호선,상행,19,8,23,7.8
gyeongbu-1713,수원역,1호선,상행,20,7,22,8.2
gyeongbu-1713,수원역,1호선,상행,21,7,19,9.5
gyeongbu-1713,수원역,1호선,상행,22,5,17,10.6
gyeongbu-1713,수원역,1호선,상행,23,5,10,18.0
gyeongbu-1713,수원역,1호선,하행,5,2,8,22.5
gyeongbu-1713,수원역,1호선,하행,6,6,17,10.6
gyeongbu-1713,수원역,1호선,하행,7,9,24,7.5
gyeongbu-1713,수원역,1호선,하행,8,9,26,6.9
gyeongbu-1713,수원역,1호선,하행,9,8,23,7.8
gyeongbu-1713,수원역,1호선,하행,10,6,22,8.2
gyeongbu-1713,수원역,1호선,하행,11,8,22,8.2
gyeongbu-1713,수원역,1호선,하행,12,8,24,7.5
gyeongbu-1713,수원역,1호선,하행,13,8,23,7.8
gyeongbu-1713,수원역,1호선,하행,14,7,22,8.2
gyeongbu-1713,수원역,1호선,하행,15,7,20,9.0
gyeongbu-1713,수원역,1호선,하행,16,6,20,9.0
gyeongbu-1713,수원역,1호선,하행,17,7,22,8.2
gyeongbu-1713,수원역,1호선,하행,18,9,23,7.8
gyeongbu-1713,수원역,1호선,하행,19,7,25,7.2
gyeongbu-1713,수원역,1호선,하행,20,9,22,8.2
gyeongbu-1713,수원역,1호선,하행,21,6,21,8.6
gyeongbu-1713,수원역,1호선,하행,22,6,18,10.0
gyeongbu-1713,수원역,1호선,하행,23,6,13,13.8
gyeongbu-1713,수원역,1호선,하행,24,1,7,25.7
gyeongbu-1714,독산역,1호선,상행,5,2,9,20.0
gyeongbu-1714,독산역,1호선,상행,6,7,17,10.6
gyeongbu-1714,독산역,1호선,상행,7,8,24,7.5
gyeongbu-1714,독산역,1호선,상행,8,9,25,7.2
gyeongbu-1714,독산역,1호선,상행,9,8,23,7.8
gyeongbu-1714,독산역,1호선,상행,10,6,21,8.6
gyeongbu-1714,독산역,1호선,상행,11,7,18,10.0
gyeongbu-1714,독산역,1호선,상행,12,5,19,9.5
gyeongbu-1714,독산역,1호선,상행,13,7,18,10.0
gyeongbu-1714,독산역,1호선,상행,14,6,19,9.5
gyeongbu-1714,독산역,1호선,상행,15,6,20,9.0
gyeongbu-1714,독산역,1호선,상행,16,8,20,9.0
gyeongbu-1714,독산역,1호선,상행,17,6,22,8.2
gyeongbu-1714,독산역,1호선,상행,18,8,22,8.2
gyeongbu-1714,독산역,1호선,상행,19,8,23,7.8
gyeongbu-1714,독산역,1호선,상행,20,7,21,8.6
gyeongbu-1714,독산역,1호선,상행,21,6,21,8.6
gyeongbu-1714,독산역,1호선,상행,22,8,21,8.6
gyeongbu-1714,독산역,1호선,상행,23,7,17,10.6
gyeongbu-1714,독산역,1호선,상행,24,2,9,20.0
gyeongbu-1714,독산역,1호선,하행,5,6,14,12.9
gyeongbu-1714,독산역,1호선,하행,6,8,22,8.2
gyeongbu-1714,독산역,1호선,하행,7,8,24,7.5
gyeongbu-1714,독산역,1호선,하행,8,8,22,8.2
gyeongbu-1714,독산역,1호선,하행,9,6,22,8.2
gyeongbu-1714,독산역,1호선,하행,10,8,21,8.6
gyeongbu-1714,독산역,1호선,하행,11,7,23,7.8
gyeongbu-1714,독산역,1호선,하행,12,8,21,8.6
gyeongbu-1714,독산역,1호선,하행,13,6,20,9.0
gyeongbu-1714,독산역,1호선,하행,14,6,18,10.0
gyeongbu-1714,독산역,1호선,하행,15,6,17,10.6
gyeongbu-1714,독산역,1호선,하행,16,5,18,10.0
gyeongbu-1714,독산역,1호선,하행,17,7,19,9.5
gyeongbu-1714,독산역,1호선,하행,18,7,22,8.2
gyeongbu-1714,독산역,1호선,하행,19,8,22,8.2
gyeongbu-1714,독산역,1호선,하행,20,7,22,8.2
gyeongbu-1714,독산역,1호선,하행,21,7,22,8.2
gyeongbu-1714,독산역,1호선,하행,22,8,18,10.0
gyeongbu-1714,독산역,1호선,하행,23,3,11,16.4
gyeongbu-1715,세류역,1호선,상행,5,5,12,15.0
gyeongbu-1715,세류역,1호선,상행,6,7,21,8.6
gyeongbu-1715,세류역,1호선,상행,7,9,23,7.8
gyeongbu-1715,세류역,1호선,상행,8,7,21,8.6
gyeongbu-1715,세류역,1호선,상행,9,5,18,10.0
gyeongbu-1715,세류역,1호선,상행,10,6,16,11.2
gyeongbu-1715,세류역,1호선,상행,11,5,15,12.0
gyeongbu-1715,세류역,1호선,상행,12,4,14,12.9
gyeongbu-1715,세류역,1호선,상행,13,5,15,12.0
gyeongbu-1715,세류역,1호선,상행,14,6,17,10.6
gyeongbu-1715,세류역,1호선,상행,15,6,17,10.6
gyeongbu-1715,세류역,1호선,상행,16,5,17,10.6
gyeongbu-1715,세류역,1호선,상행,17,6,19,9.5
gyeongbu-1715,세류역,1호선,상행,18,8,20,9.0
gyeongbu-1715,세류역,1호선,상행,19,6,19,9.5
gyeongbu-1715,세류역,1호선,상행,20,5,17,10.6
gyeongbu-1715,세류역,1호선,상행,21,6,16,11.2
gyeongbu-1715,세류역,1호선,상행,22,5,16,11.2
gyeongbu-1715,세류역,1호선,상행,23,5,10,18.0
gyeongbu-1715,세류역,1호선,하행,5,1,8,22.5
gyeongbu-1715,세류역,1호선,하행,6,7,15,12.0
gyeongbu-1715,세류역,1호선,하행,7,7,21,8.6
gyeongbu-1715,세류역,1호선,하행,8,7,20,9.0
gyeongbu-1715,세류역,1호선,하행,9,6,18,10.0
gyeongbu-1715,세류역,1호선,하행,10,5,18,10.0
gyeongbu-1715,세류역,1호선,하행,11,7,18,10.0
gyeongbu-1715,세류역,1호선,하행,12,6,18,10.0
gyeongbu-1715,세류역,1호선,하행,13,5,17,10.6
gyeongbu-1715,세류역,1호선,하행,14,6,15,12.0
gyeongbu-1715,세류역,1호선,하행,15,4,15,12.0
gyeongbu-1715,세류역,1호선,하행,16,5,14,12.9
gyeongbu-1715,세류역,1호선,하행,17,5,16,11.2
gyeongbu-1715,세류역,1호선,하행,18,6,18,10.0
gyeongbu-1715,세류역,1호선,하행,19,7,19,9.5
gyeongbu-1715,세류역,1호선,하행,20,6,19,9.5
gyeongbu-1715,세류역,1호선,하행,21,6,18,10.0
gyeongbu-1715,세류역,1호선,하행,22,6,17,10.6
gyeongbu-1715,세류역,1호선,하행,23,5,13,13.8
gyeongbu-1715,세류역,1호선,하행,24,2,7,25.7
gyeongbu-1716,병점역,1호선,상행,5,5,14,12.9
gyeongbu-1716,병점역,1호선,상행,6,9,23,7.8
gyeongbu-1716,병점역,1호선,상행,7,9,27,6.7
gyeongbu-1716,병점역,1호선,상행,8,9,24,7.5
gyeongbu-1716,병점역,1호선,상행,9,6,23,7.8
gyeongbu-1716,병점역,1호선,상행,10,8,21,8.6
gyeongbu-1716,병점역,1호선,상행,11,7,22,8.2
gyeongbu-1716,병점역,1호선,상행,12,7,20,9.0
gyeongbu-1716,병점역,1호선,상행,13,6,20,9.0
gyeongbu-1716,병점역,1호선,상행,14,7,21,8.6
gyeongbu-1716,병점역,1호선,상행,15,8,23,7.8
gyeongbu-1716,병점역,1호선,상행,16,8,23,7.8
gyeongbu-1716,병점역,1호선,상행,17,7,23,7.8
gyeongbu-1716,병점역,1호선,상행,18,8,22,8.2
gyeongbu-1716,병점역,1호선,상행,19,7,22,8.2
gyeongbu-1716,병점역,1호선,상행,20,7,22,8.2
gyeongbu-1716,병점역,1호선,상행,21,8,19,9.5
gyeongbu-1716,병점역,1호선,상행,22,4,17,10.6
gyeongbu-1716,병점역,1호선,상행,23,5,9,20.0
gyeongbu-1716,병점역,1호선,하행,5,4,11,16.4
gyeongbu-1716,병점역,1호선,하행,6,7,21,8.6
gyeongbu-1716,병점역,1호선,하행,7,10,24,7.5
gyeongbu-1716,병점역,1호선,하행,8,7,25,7.2
gyeongbu-1716,병점역,1호선,하행,9,8,21,8.6
gyeongbu-1716,병점역,1호선,하행,10,6,22,8.2
gyeongbu-1716,병점역,1호선,하행,11,8,21,8.6
gyeongbu-1716,병점역,1호선,하행,12,7,22,8.2
gyeongbu-1716,병점역,1호선,하행,13,7,22,8.2
gyeongbu-1716,병점역,1호선,하행,14,8,23,7.8
gyeongbu-1716,병점역,1호선,하행,15,8,23,7.8
gyeongbu-1716,병점역,1호선,하행,16,7,21,8.6
gyeongbu-1716,병점역,1호선,하행,17,6,22,8.2
gyeongbu-1716,병점역,1호선,하행,18,9,23,7.8
gyeongbu-1716,병점역,1호선,하행,19,8,26,6.9
gyeongbu-1716,병점역,1호선,하행,20,9,23,7.8
gyeongbu-1716,병점역,1호선,하행,21,6,21,8.6
gyeongbu-1716,병점역,1호선,하행,22,6,16,11.2
gyeongbu-1716,병점역,1호선,하행,23,4,12,15.0
gyeongbu-1716,병점역,1호선,하행,24,2,6,30.0
gyeongbu-1717,세마역,1호선,상행,5,1,4,45.0
gyeongbu-1717,세마역,1호선,상행,6,3,7,25.7
gyeongbu-1717,세마역,1호선,상행,7,3,10,18.0
gyeongbu-1717,세마역,1호선,상행,8,4,11,16.4
gyeongbu-1717,세마역,1호선,상행,9,4,11,16.4
gyeongbu-1717,세마역,1호선,상행,10,3,10,18.0
gyeongbu-1717,세마역,1호선,상행,11,3,8,22.5
gyeongbu-1717,세마역,1호선,상행,12,2,8,22.5
gyeongbu-1717,세마역,1호선,상행,13,3,9,20.0
gyeongbu-1717,세마역,1호선,상행,14,4,11,16.4
gyeongbu-1717,세마역,1호선,상행,15,4,10,18.0
gyeongbu-1717,세마역,1호선,상행,16,2,10,18.0
gyeongbu-1717,세마역,1호선,상행,17,4,10,18.0
gyeongbu-1717,세마역,1호선,상행,18,4,12,15.0
gyeongbu-1717,세마역,1호선,상행,19,4,11,16.4
gyeongbu-1717,세마역,1호선,상행,20,3,10,18.0
gyeongbu-1717,세마역,1호선,상행,21,3,10,18.0
gyeongbu-1717,세마역,1호선,상행,22,4,10,18.0
gyeongbu-1717,세마역,1호선,상행,23,3,9,20.0
gyeongbu-1717,세마역,1호선,상행,24,2,5,36.0
gyeongbu-1717,세마역,1호선,하행,5,4,8,22.5
gyeongbu-1717,세마역,1호선,하행,6,4,11,16.4
gyeongbu-1717,세마역,1호선,하행,7,3,11,16.4
gyeongbu-1717,세마역,1호선,하행,8,4,10,18.0
gyeongbu-1717,세마역,1호선,하행,9,3,10,18.0
gyeongbu-1717,세마역,1호선,하행,10,3,10,18.0
gyeongbu-1717,세마역,1호선,하행,11,4,10,18.0
gyeongbu-1717,세마역,1호선,하행,12,3,10,18.0
gyeongbu-1717,세마역,1호선,하행,13,3,9,20.0
gyeongbu-1717,세마역,1호선,하행,14,3,9,20.0
gyeongbu-1717,세마역,1호선,하행,15,3,9,20.0
gyeongbu-1717,세마역,1호선,하행,16,3,9,20.0
gyeongbu-1717,세마역,1호선,하행,17,3,9,20.0
gyeongbu-1717,세마역,1호선,하행,18,3,10,18.0
gyeongbu-1717,세마역,1호선,하행,19,4,11,16.4
gyeongbu-1717,세마역,1호선,하행,20,4,10,18.0
gyeongbu-1717,세마역,1호선,하행,21,2,9,20.0
gyeongbu-1717,세마역,1호선,하행,22,3,7,25.7
gyeongbu-1717,세마역,1호선,하행,23,2,5,36.0
gyeongbu-1718,오산대역,1호선,상행,5,1,4,45.0
gyeongbu-1718,오산대역,1호선,상행,6,3,7,25.7
gyeongbu-1718,오산대역,1호선,상행,7,3,10,18.0
gyeongbu-1718,오산대역,1호선,상행,8,4,11,16.4
gyeongbu-1718,오산대역,1호선,상행,9,4,11,16.4
gyeongbu-1718,오산대역,1호선,상행,10,3,10,18.0
gyeongbu-1718,오산대역,1호선,상행,11,3,8,22.5
gyeongbu-1718,오산대역,1호선,상행,12,2,8,22.5
gyeongbu-1718,오산대역,1호선,상행,13,3,9,20.0
gyeongbu-1718,오산대역,1호선,상행,14,4,11,16.4
gyeongbu-1718,오산대역,1호선,상행,15,4,10,18.0
gyeongbu-1718,오산대역,1호선,상행,16,2,10,18.0
gyeongbu-1718,오산대역,1호선,상행,17,4,11,16.4
gyeongbu-1718,오산대역,1호선,상행,18,5,12,15.0
gyeongbu-1718,오산대역,1호선,상행,19,3,11,16.4
gyeongbu-1718,오산대역,1호선,상행,20,3,9,20.0
gyeongbu-1718,오산대역,1호선,상행,21,3,10,18.0
gyeongbu-1718,오산대역,1호선,상행,22,4,10,18.0
gyeongbu-1718,오산대역,1호선,상행,23,3,9,20.0
gyeongbu-1718,오산대역,1호선,상행,24,2,5,36.0
gyeongbu-1718,오산대역,1호선,하행,5,4,8,22.5
gyeongbu-1718,오산대역,1호선,하행,6,4,11,16.4
gyeongbu-1718,오산대역,1호선,하행,7,3,11,16.4
gyeongbu-1718,오산대역,1호선,하행,8,4,9,20.0
gyeongbu-1718,오산대역,1호선,하행,9,2,10,18.0
gyeongbu-1718,오산대역,1호선,하행,10,4,10,18.0
gyeongbu-1718,오산대역,1호선,하행,11,4,11,16.4
gyeongbu-1718,오산대역,1호선,하행,12,3,10,18.0
gyeongbu-1718,오산대역,1호선,하행,13,3,9,20.0
gyeongbu-1718,오산대역,1호선,하행,14,3,9,20.0
gyeongbu-1718,오산대역,1호선,하행,15,3,9,20.0
gyeongbu-1718,오산대역,1호선,하행,16,3,9,20.0
gyeongbu-1718,오산대역,1호선,하행,17,3,9,20.0
gyeongbu-1718,오산대역,1호선,하행,18,3,10,18.0
gyeongbu-1718,오산대역,1호선,하행,19,4,10,18.0
gyeongbu-1718,오산대역,1호선,하행,20,3,10,18.0
gyeongbu-1718,오산대역,1호선,하행,21,3,9,20.0
gyeongbu-1718,오산대역,1호선,하행,22,3,8,22.5
gyeongbu-1718,오산대역,1호선,하행,23,2,5,36.0
gyeongbu-1719,오산역,1호선,상행,5,1,6,30.0
gyeongbu-1719,오산역,1호선,상행,6,5,10,18.0
gyeongbu-1719,오산역,1호선,상행,7,4,15,12.0
gyeongbu-1719,오산역,1호선,상행,8,6,14,12.9
gyeongbu-1719,오산역,1호선,상행,9,4,15,12.0
gyeongbu-1719,오산역,1호선,상행,10,5,14,12.9
gyeongbu-1719,오산역,1호선,상행,11,5,14,12.9
gyeongbu-1719,오산역,1호선,상행,12,4,14,12.9
gyeongbu-1719,오산역,1호선,상행,13,5,14,12.9
gyeongbu-1719,오산역,1호선,상행,14,5,16,11.2
gyeongbu-1719,오산역,1호선,상행,15,6,16,11.2
gyeongbu-1719,오산역,1호선,상행,16,5,17,10.6
gyeongbu-1719,오산역,1호선,상행,17,6,15,12.0
gyeongbu-1719,오산역,1호선,상행,18,4,15,12.0
gyeongbu-1719,오산역,1호선,상행,19,5,14,12.9
gyeongbu-1719,오산역,1호선,상행,20,5,14,12.9
gyeongbu-1719,오산역,1호선,상행,21,4,12,15.0
gyeongbu-1719,오산역,1호선,상행,22,3,10,18.0
gyeongbu-1719,오산역,1호선,상행,23,3,8,22.5
gyeongbu-1719,오산역,1호선,상행,24,2,5,36.0
gyeongbu-1719,오산역,1호선,하행,5,4,7,25.7
gyeongbu-1719,오산역,1호선,하행,6,3,13,13.8
gyeongbu-1719,오산역,1호선,하행,7,6,14,12.9
gyeongbu-1719,오산역,1호선,하행,8,5,16,11.2
gyeongbu-1719,오산역,1호선,하행,9,5,15,12.0
gyeongbu-1719,오산역,1호선,하행,10,5,15,12.0
gyeongbu-1719,오산역,1호선,하행,11,5,15,12.0
gyeongbu-1719,오산역,1호선,하행,12,5,15,12.0
gyeongbu-1719,오산역,1호선,하행,13,5,15,12.0
gyeongbu-1719,오산역,1호선,하행,14,5,15,12.0
gyeongbu-1719,오산역,1호선,하행,15,5,15,12.0
gyeongbu-1719,오산역,1호선,하행,16,5,14,12.9
gyeongbu-1719,오산역,1호선,하행,17,4,15,12.0
gyeongbu-1719,오산역,1호선,하행,18,6,14,12.9
gyeongbu-1719,오산역,1호선,하행,19,4,16,11.2
gyeongbu-1719,오산역,1호선,하행,20,6,14,12.9
gyeongbu-1719,오산역,1호선,하행,21,4,13,13.8
gyeongbu-1719,오산역,1호선,하행,22,3,9,20.0
gyeongbu-1719,오산역,1호선,하행,23,2,5,36.0
gyeongbu-1720,진위역,1호선,상행,5,1,5,36.0
gyeongbu-1720,진위역,1호선,상행,6,4,8,22.5
gyeongbu-1720,진위역,1호선,상행,7,3,11,16.4
gyeongbu-1720,진위역,1호선,상행,8,4,10,18.0
gyeongbu-1720,진위역,1호선,상행,9,3,10,18.0
gyeongbu-1720,진위역,1호선,상행,10,3,9,20.0
gyeongbu-1720,진위역,1호선,상행,11,3,8,22.5
gyeongbu-1720,진위역,1호선,상행,12,2,9,20.0
gyeongbu-1720,진위역,1호선,상행,13,4,10,18.0
gyeongbu-1720,진위역,1호선,상행,14,4,11,16.4
gyeongbu-1720,진위역,1호선,상행,15,3,10,18.0
gyeongbu-1720,진위역,1호선,상행,16,3,10,18.0
gyeongbu-1720,진위역,1호선,상행,17,4,11,16.4
gyeongbu-1720,진위역,1호선,상행,18,4,12,15.0
gyeongbu-1720,진위역,1호선,상행,19,4,11,16.4
gyeongbu-1720,진위역,1호선,상행,20,3,10,18.0
gyeongbu-1720,진위역,1호선,상행,21,3,9,20.0
gyeongbu-1720,진위역,1호선,상행,22,3,10,18.0
gyeongbu-1720,진위역,1호선,상행,23,4,8,22.5
gyeongbu-1720,진위역,1호선,상행,24,1,5,36.0
gyeongbu-1720,진위역,1호선,하행,5,3,7,25.7
gyeongbu-1720,진위역,1호선,하행,6,4,11,16.4
gyeongbu-1720,진위역,1호선,하행,7,4,12,15.0
gyeongbu-1720,진위역,1호선,하행,8,4,10,18.0
gyeongbu-1720,진위역,1호선,하행,9,2,10,18.0
gyeongbu-1720,진위역,1호선,하행,10,4,10,18.0
gyeongbu-1720,진위역,1호선,하행,11,4,11,16.4
gyeongbu-1720,진위역,1호선,하행,12,3,9,20.0
gyeongbu-1720,진위역,1호선,하행,13,2,9,20.0
gyeongbu-1720,진위역,1호선,하행,14,4,9,20.0
gyeongbu-1720,진위역,1호선,하행,15,3,10,18.0
gyeongbu-1720,진위역,1호선,하행,16,3,8,22.5
gyeongbu-1720,진위역,1호선,하행,17,2,9,20.0
gyeongbu-1720,진위역,1호선,하행,18,4,9,20.0
gyeongbu-1720,진위역,1호선,하행,19,3,11,16.4
gyeongbu-1720,진위역,1호선,하행,20,4,10,18.0
gyeongbu-1720,진위역,1호선,하행,21,3,9,20.0
gyeongbu-1720,진위역,1호선,하행,22,2,8,22.5
gyeongbu-1720,진위역,1호선,하행,23,3,5,36.0
gyeongbu-1721,송탄역,1호선,상행,5,2,5,36.0
gyeongbu-1721,송탄역,1호선,상행,6,3,8,22.5
gyeongbu-1721,송탄역,1호선,상행,7,3,10,18.0
gyeongbu-1721,송탄역,1호선,상행,8,4,11,16.4
gyeongbu-1721,송탄역,1호선,상행,9,4,11,16.4
gyeongbu-1721,송탄역,1호선,상행,10,3,10,18.0
gyeongbu-1721,송탄역,1호선,상행,11,3,8,22.5
gyeongbu-1721,송탄역,1호선,상행,12,2,9,20.0
gyeongbu-1721,송탄역,1호선,상행,13,4,9,20.0
gyeongbu-1721,송탄역,1호선,상행,14,3,11,16.4
gyeongbu-1721,송탄역,1호선,상행,15,4,9,20.0
gyeongbu-1721,송탄역,1호선,상행,16,2,11,16.4
gyeongbu-1721,송탄역,1호선,상행,17,5,10,18.0
gyeongbu-1721,송탄역,1호선,상행,18,3,12,15.0
gyeongbu-1721,송탄역,1호선,상행,19,4,10,18.0
gyeongbu-1721,송탄역,1호선,상행,20,3,10,18.0
gyeongbu-1721,송탄역,1호선,상행,21,3,10,18.0
gyeongbu-1721,송탄역,1호선,상행,22,4,10,18.0
gyeongbu-1721,송탄역,1호선,상행,23,3,8,22.5
gyeongbu-1721,송탄역,1호선,상행,24,1,4,45.0
gyeongbu-1721,송탄역,1호선,하행,5,3,7,25.7
gyeongbu-1721,송탄역,1호선,하행,6,4,11,16.4
gyeongbu-1721,송탄역,1호선,하행,7,4,11,16.4
gyeongbu-1721,송탄역,1호선,하행,8,3,10,18.0
gyeongbu-1721,송탄역,1호선,하행,9,3,10,18.0
gyeongbu-1721,송탄역,1호선,하행,10,4,11,16.4
gyeongbu-1721,송탄역,1호선,하행,11,4,11,16.4
gyeongbu-1721,송탄역,1호선,하행,12,3,9,20.0
gyeongbu-1721,송탄역,1호선,하행,13,2,8,22.5
gyeongbu-1721,송탄역,1호선,하행,14,3,9,20.0
gyeongbu-1721,송탄역,1호선,하행,15,4,9,20.0
gyeongbu-1721,송탄역,1호선,하행,16,2,9,20.0
gyeongbu-1721,송탄역,1호선,하행,17,3,8,22.5
gyeongbu-1721,송탄역,1호선,하행,18,3,10,18.0
gyeongbu-1721,송탄역,1호선,하행,19,4,11,16.4
gyeongbu-1721,송탄역,1호선,하행,20,4,11,16.4
gyeongbu-1721,송탄역,1호선,하행,21,3,9,20.0
gyeongbu-1721,송탄역,1호선,하행,22,2,8,22.5
gyeongbu-1721,송탄역,1호선,하행,23,3,5,36.0
gyeongbu-1722,서정리역,1호선,상행,5,2,7,25.7
gyeongbu-1722,서정리역,1호선,상행,6,5,11,16.4
gyeongbu-1722,서정리역,1호선,상행,7,4,14,12.9
gyeongbu-1722,서정리역,1호선,상행,8,5,14,12.9
gyeongbu-1722,서정리역,1호선,상행,9,5,15,12.0
gyeongbu-1722,서정리역,1호선,상행,10,5,15,12.0
gyeongbu-1722,서정리역,1호선,상행,11,5,14,12.9
gyeongbu-1722,서정리역,1호선,상행,12,4,14,12.9
gyeongbu-1722,서정리역,1호선,상행,13,5,14,12.9
gyeongbu-1722,서정리역,1호선,상행,14,5,16,11.2
gyeongbu-1722,서정리역,1호선,상행,15,6,16,11.2
gyeongbu-1722,서정리역,1호선,상행,16,5,17,10.6
gyeongbu-1722,서정리역,1호선,상행,17,6,14,12.9
gyeongbu-1722,서정리역,1호선,상행,18,3,14,12.9
gyeongbu-1722,서정리역,1호선,상행,19,5,13,13.8
gyeongbu-1722,서정리역,1호선,상행,20,5,15,12.0
gyeongbu-1722,서정리역,1호선,상행,21,5,13,13.8
gyeongbu-1722,서정리역,1호선,상행,22,3,11,16.4
gyeongbu-1722,서정리역,1호선,상행,23,3,7,25.7
gyeongbu-1722,서정리역,1호선,상행,24,1,4,45.0
gyeongbu-1722,서정리역,1호선,하행,5,3,7,25.7
gyeongbu-1722,서정리역,1호선,하행,6,4,12,15.0
gyeongbu-1722,서정리역,1호선,하행,7,5,14,12.9
gyeongbu-1722,서정리역,1호선,하행,8,5,15,12.0
gyeongbu-1722,서정리역,1호선,하행,9,5,16,11.2
gyeongbu-1722,서정리역,1호선,하행,10,6,15,12.0
gyeongbu-1722,서정리역,1호선,하행,11,4,14,12.9
gyeongbu-1722,서정리역,1호선,하행,12,4,14,12.9
gyeongbu-1722,서정리역,1호선,하행,13,6,15,12.0
gyeongbu-1722,서정리역,1호선,하행,14,5,16,11.2
gyeongbu-1722,서정리역,1호선,하행,15,5,15,12.0
gyeongbu-1722,서정리역,1호선,하행,16,5,15,12.0
gyeongbu-1722,서정리역,1호선,하행,17,5,15,12.0
gyeongbu-1722,서정리역,1호선,하행,18,5,15,12.0
gyeongbu-1722,서정리역,1호선,하행,19,5,16,11.2
gyeongbu-1722,서정리역,1호선,하행,20,6,14,12.9
gyeongbu-1722,서정리역,1호선,하행,21,3,12,15.0
gyeongbu-1722,서정리역,1호선,하행,22,3,9,20.0
gyeongbu-1722,서정리역,1호선,하행,23,3,6,30.0
gyeongbu-1723,평택지제역,1호선,상행,5,2,5,36.0
gyeongbu-1723,평택지제역,1호선,상행,6,3,9,20.0
gyeongbu-1723,평택지제역,1호선,상행,7,4,10,18.0
gyeongbu-1723,평택지제역,1호선,상행,8,3,11,16.4
gyeongbu-1723,평택지제역,1호선,상행,9,4,10,18.0
gyeongbu-1723,평택지제역,1호선,상행,10,3,10,18.0
gyeongbu-1723,평택지제역,1호선,상행,11,3,9,20.0
gyeongbu-1723,평택지제역,1호선,상행,12,3,9,20.0
gyeongbu-1723,평택지제역,1호선,상행,13,3,9,20.0
gyeongbu-1723,평택지제역,1호선,상행,14,3,10,18.0
gyeongbu-1723,평택지제역,1호선,상행,15,4,9,20.0
gyeongbu-1723,평택지제역,1호선,상행,16,2,11,16.4
gyeongbu-1723,평택지제역,1호선,상행,17,5,11,16.4
gyeongbu-1723,평택지제역,1호선,상행,18,4,12,15.0
gyeongbu-1723,평택지제역,1호선,상행,19,3,10,18.0
gyeongbu-1723,평택지제역,1호선,상행,20,3,10,18.0
gyeongbu-1723,평택지제역,1호선,상행,21,4,10,18.0
gyeongbu-1723,평택지제역,1호선,상행,22,3,10,18.0
gyeongbu-1723,평택지제역,1호선,상행,23,3,7,25.7
gyeongbu-1723,평택지제역,1호선,상행,24,1,4,45.0
gyeongbu-1723,평택지제역,1호선,하행,5,3,6,30.0
gyeongbu-1723,평택지제역,1호선,하행,6,3,11,16.4
gyeongbu-1723,평택지제역,1호선,하행,7,5,11,16.4
gyeongbu-1723,평택지제역,1호선,하행,8,3,11,16.4
gyeongbu-1723,평택지제역,1호선,하행,9,3,9,20.0
gyeongbu-1723,평택지제역,1호선,하행,10,3,10,18.0
gyeongbu-1723,평택지제역,1호선,하행,11,4,10,18.0
gyeongbu-1723,평택지제역,1호선,하행,12,3,10,18.0
gyeongbu-1723,평택지제역,1호선,하행,13,3,9,20.0
gyeongbu-1723,평택지제역,1호선,하행,14,3,9,20.0
gyeongbu-1723,평택지제역,1호선,하행,15,3,9,20.0
gyeongbu-1723,평택지제역,1호선,하행,16,3,9,20.0
gyeongbu-1723,평택지제역,1호선,하행,17,3,9,20.0
gyeongbu-1723,평택지제역,1호선,하행,18,3,10,18.0
gyeongbu-1723,평택지제역,1호선,하행,19,4,11,16.4
gyeongbu-1723,평택지제역,1호선,하행,20,4,10,18.0
gyeongbu-1723,평택지제역,1호선,하행,21,2,9,20.0
gyeongbu-1723,평택지제역,1호선,하행,22,3,8,22.5
gyeongbu-1723,평택지제역,1호선,하행,23,3,6,30.0
gyeongbu-1724,평택역,1호선,상행,5,3,7,25.7
gyeongbu-1724,평택역,1호선,상행,6,4,12,15.0
gyeongbu-1724,평택역,1호선,상행,7,5,14,12.9
gyeongbu-1724,평택역,1호선,상행,8,5,15,12.0
gyeongbu-1724,평택역,1호선,상행,9,5,15,12.0
gyeongbu-1724,평택역,1호선,상행,10,5,15,12.0
gyeongbu-1724,평택역,1호선,상행,11,5,14,12.9
gyeongbu-1724,평택역,1호선,상행,12,4,14,12.9
gyeongbu-1724,평택역,1호선,상행,13,5,14,12.9
gyeongbu-1724,평택역,1호선,상행,14,5,16,11.2
gyeongbu-1724,평택역,1호선,상행,15,6,16,11.2
gyeongbu-1724,평택역,1호선,상행,16,5,16,11.2
gyeongbu-1724,평택역,1호선,상행,17,5,15,12.0
gyeongbu-1724,평택역,1호선,상행,18,5,14,12.9
gyeongbu-1724,평택역,1호선,상행,19,4,14,12.9
gyeongbu-1724,평택역,1호선,상행,20,5,13,13.8
gyeongbu-1724,평택역,1호선,상행,21,4,13,13.8
gyeongbu-1724,평택역,1호선,상행,22,4,10,18.0
gyeongbu-1724,평택역,1호선,상행,23,2,7,25.7
gyeongbu-1724,평택역,1호선,상행,24,1,3,60.0
gyeongbu-1724,평택역,1호선,하행,5,2,6,30.0
gyeongbu-1724,평택역,1호선,하행,6,4,11,16.4
gyeongbu-1724,평택역,1호선,하행,7,5,14,12.9
gyeongbu-1724,평택역,1호선,하행,8,5,16,11.2
gyeongbu-1724,평택역,1호선,하행,9,6,15,12.0
gyeongbu-1724,평택역,1호선,하행,10,4,15,12.0
gyeongbu-1724,평택역,1호선,하행,11,5,14,12.9
gyeongbu-1724,평택역,1호선,하행,12,5,15,12.0
gyeongbu-1724,평택역,1호선,하행,13,5,15,12.0
gyeongbu-1724,평택역,1호선,하행,14,5,15,12.0
gyeongbu-1724,평택역,1호선,하행,15,5,15,12.0
gyeongbu-1724,평택역,1호선,하행,16,5,15,12.0
gyeongbu-1724,평택역,1호선,하행,17,5,15,12.0
gyeongbu-1724,평택역,1호선,하행,18,5,15,12.0
gyeongbu-1724,평택역,1호선,하행,19,5,16,11.2
gyeongbu-1724,평택역,1호선,하행,20,6,15,12.0
gyeongbu-1724,평택역,1호선,하행,21,4,13,13.8
gyeongbu-1724,평택역,1호선,하행,22,3,10,18.0
gyeongbu-1724,평택역,1호선,하행,23,3,6,30.0
gyeongbu-1729,당정역,1호선,상행,5,3,10,18.0
gyeongbu-1729,당정역,1호선,상행,6,7,18,10.0
gyeongbu-1729,당정역,1호선,상행,7,8,23,7.8
gyeongbu-1729,당정역,1호선,상행,8,8,22,8.2
gyeongbu-1729,당정역,1호선,상행,9,6,19,9.5
gyeongbu-1729,당정역,1호선,상행,10,5,16,11.2
gyeongbu-1729,당정역,1호선,상행,11,5,15,12.0
gyeongbu-1729,당정역,1호선,상행,12,5,15,12.0
gyeongbu-1729,당정역,1호선,상행,13,5,15,12.0
gyeongbu-1729,당정역,1호선,상행,14,5,16,11.2
gyeongbu-1729,당정역,1호선,상행,15,6,17,10.6
gyeongbu-1729,당정역,1호선,상행,16,6,17,10.6
gyeongbu-1729,당정역,1호선,상행,17,5,19,9.5
gyeongbu-1729,당정역,1호선,상행,18,8,19,9.5
gyeongbu-1729,당정역,1호선,상행,19,6,20,9.0
gyeongbu-1729,당정역,1호선,상행,20,6,17,10.6
gyeongbu-1729,당정역,1호선,상행,21,5,17,10.6
gyeongbu-1729,당정역,1호선,상행,22,6,16,11.2
gyeongbu-1729,당정역,1호선,상행,23,5,12,15.0
gyeongbu-1729,당정역,1호선,상행,24,1,6,30.0
gyeongbu-1729,당정역,1호선,하행,5,2,9,20.0
gyeongbu-1729,당정역,1호선,하행,6,7,17,10.6
gyeongbu-1729,당정역,1호선,하행,7,8,22,8.2
gyeongbu-1729,당정역,1호선,하행,8,7,20,9.0
gyeongbu-1729,당정역,1호선,하행,9,5,18,10.0
gyeongbu-1729,당정역,1호선,하행,10,6,17,10.6
gyeongbu-1729,당정역,1호선,하행,11,6,18,10.0
gyeongbu-1729,당정역,1호선,하행,12,6,17,10.6
gyeongbu-1729,당정역,1호선,하행,13,5,17,10.6
gyeongbu-1729,당정역,1호선,하행,14,6,15,12.0
gyeongbu-1729,당정역,1호선,하행,15,4,15,12.0
gyeongbu-1729,당정역,1호선,하행,16,5,14,12.9
gyeongbu-1729,당정역,1호선,하행,17,5,17,10.6
gyeongbu-1729,당정역,1호선,하행,18,7,18,10.0
gyeongbu-1729,당정역,1호선,하행,19,6,20,9.0
gyeongbu-1729,당정역,1호선,하행,20,7,18,10.0
gyeongbu-1729,당정역,1호선,하행,21,5,19,9.5
gyeongbu-1729,당정역,1호선,하행,22,7,16,11.2
gyeongbu-1729,당정역,1호선,하행,23,4,12,15.0
gyeongbu-1729,당정역,1호선,하행,24,1,5,36.0
gyeongbu-1749,서동탄역,1호선,상행,5,2,5,36.0
gyeongbu-1749,서동탄역,1호선,상행,6,3,9,20.0
gyeongbu-1749,서동탄역,1호선,상행,7,4,9,20.0
gyeongbu-1749,서동탄역,1호선,상행,8,2,9,20.0
gyeongbu-1749,서동탄역,1호선,상행,9,3,8,22.5
gyeongbu-1749,서동탄역,1호선,상행,10,3,8,22.5
gyeongbu-1749,서동탄역,1호선,상행,11,2,8,22.5
gyeongbu-1749,서동탄역,1호선,상행,12,3,7,25.7
gyeongbu-1749,서동탄역,1호선,상행,13,2,7,25.7
gyeongbu-1749,서동탄역,1호선,상행,14,2,6,30.0
gyeongbu-1749,서동탄역,1호선,상행,15,2,7,25.7
gyeongbu-1749,서동탄역,1호선,상행,16,3,7,25.7
gyeongbu-1749,서동탄역,1호선,상행,17,2,8,22.5
gyeongbu-1749,서동탄역,1호선,상행,18,3,8,22.5
gyeongbu-1749,서동탄역,1호선,상행,19,3,9,20.0
gyeongbu-1749,서동탄역,1호선,상행,20,3,9,20.0
gyeongbu-1749,서동탄역,1호선,상행,21,3,9,20.0
gyeongbu-1749,서동탄역,1호선,상행,22,3,8,22.5
gyeongbu-1749,서동탄역,1호선,상행,23,2,5,36.0
gyeongbu-1750,광명역,1호선,상행,6,1,2,90.0
gyeongbu-1750,광명역,1호선,상행,7,1,3,60.0
gyeongbu-1750,광명역,1호선,상행,8,1,3,60.0
gyeongbu-1750,광명역,1호선,상행,9,1,3,60.0
gyeongbu-1750,광명역,1호선,상행,10,1,4,45.0
gyeongbu-1750,광명역,1호선,상행,11,2,3,60.0
gyeongbu-1750,광명역,1호선,상행,13,2,3,60.0
gyeongbu-1750,광명역,1호선,상행,14,1,4,45.0
gyeongbu-1750,광명역,1호선,상행,15,1,3,60.0
gyeongbu-1750,광명역,1호선,상행,16,1,3,60.0
gyeongbu-1750,광명역,1호선,상행,17,1,3,60.0
gyeongbu-1750,광명역,1호선,상행,18,1,3,60.0
gyeongbu-1750,광명역,1호선,상행,19,1,3,60.0
gyeongbu-1750,광명역,1호선,상행,20,1,4,45.0
gyeongbu-1750,광명역,1호선,상행,21,2,4,45.0
gyeongbu-1750,광명역,1호선,상행,22,1,4,45.0
gyeongbu-1750,광명역,1호선,상행,23,1,2,90.0
gyeongin-1801,개봉역,1호선,상행,5,5,16,11.2
gyeongin-1801,개봉역,1호선,상행,6,11,33,5.5
gyeongin-1801,개봉역,1호선,상행,7,17,42,4.3
gyeongin-1801,개봉역,1호선,상행,8,14,44,4.1
gyeongin-1801,개봉역,1호선,상행,9,13,38,4.7
gyeongin-1801,개봉역,1호선,상행,10,11,33,5.5
gyeongin-1801,개봉역,1호선,상행,11,9,28,6.4
gyeongin-1801,개봉역,1호선,상행,12,8,24,7.5
gyeongin-1801,개봉역,1호선,상행,13,7,21,8.6
gyeongin-1801,개봉역,1호선,상행,14,6,22,8.2
gyeongin-1801,개봉역,1호선,상행,15,9,24,7.5
gyeongin-1801,개봉역,1호선,상행,16,9,30,6.0
gyeongin-1801,개봉역,1호선,상행,17,12,36,5.0
gyeongin-1801,개봉역,1호선,상행,18,15,41,4.4
gyeongin-1801,개봉역,1호선,상행,19,14,46,3.9
gyeongin-1801,개봉역,1호선,상행,20,17,43,4.2
gyeongin-1801,개봉역,1호선,상행,21,12,41,4.4
gyeongin-1801,개봉역,1호선,상행,22,12,30,6.0
gyeongin-1801,개봉역,1호선,상행,23,6,20,9.0
gyeongin-1801,개봉역,1호선,상행,24,2,8,22.5
gyeongin-1801,개봉역,1호선,하행,5,9,25,7.2
gyeongin-1801,개봉역,1호선,하행,6,16,42,4.3
gyeongin-1801,개봉역,1호선,하행,7,17,46,3.9
gyeongin-1801,개봉역,1호선,하행,8,13,44,4.1
gyeongin-1801,개봉역,1호선,하행,9,14,34,5.3
gyeongin-1801,개봉역,1호선,하행,10,7,28,6.4
gyeongin-1801,개봉역,1호선,하행,11,7,20,9.0
gyeongin-1801,개봉역,1호선,하행,12,6,21,8.6
gyeongin-1801,개봉역,1호선,하행,13,8,22,8.2
gyeongin-1801,개봉역,1호선,하행,14,8,26,6.9
gyeongin-1801,개봉역,1호선,하행,15,10,29,6.2
gyeongin-1801,개봉역,1호선,하행,16,11,35,5.1
gyeongin-1801,개봉역,1호선,하행,17,14,38,4.7
gyeongin-1801,개봉역,1호선,하행,18,13,40,4.5
gyeongin-1801,개봉역,1호선,하행,19,13,39,4.6
gyeongin-1801,개봉역,1호선,하행,20,13,38,4.7
gyeongin-1801,개봉역,1호선,하행,21,12,34,5.3
gyeongin-1801,개봉역,1호선,하행,22,9,28,6.4
gyeongin-1801,개봉역,1호선,하행,23,7,16,11.2
gyeongin-1802,오류동역,1호선,상행,5,3,9,20.0
gyeongin-1802,오류동역,1호선,상행,6,6,17,10.6
gyeongin-1802,오류동역,1호선,상행,7,8,21,8.6
gyeongin-1802,오류동역,1호선,상행,8,7,21,8.6
gyeongin-1802,오류동역,1호선,상행,9,6,20,9.0
gyeongin-1802,오류동역,1호선,상행,10,7,20,9.0
gyeongin-1802,오류동역,1호선,상행,11,7,18,10.0
gyeongin-1802,오류동역,1호선,상행,12,4,16,11.2
gyeongin-1802,오류동역,1호선,상행,13,5,14,12.9
gyeongin-1802,오류동역,1호선,상행,14,5,17,10.6
gyeongin-1802,오류동역,1호선,상행,15,7,18,10.0
gyeongin-1802,오류동역,1호선,상행,16,6,20,9.0
gyeongin-1802,오류동역,1호선,상행,17,7,21,8.6
gyeongin-1802,오류동역,1호선,상행,18,8,21,8.6
gyeongin-1802,오류동역,1호선,상행,19,6,21,8.6
gyeongin-1802,오류동역,1호선,상행,20,7,20,9.0
gyeongin-1802,오류동역,1호선,상행,21,7,19,9.5
gyeongin-1802,오류동역,1호선,상행,22,5,17,10.6
gyeongin-1802,오류동역,1호선,상행,23,5,12,15.0
gyeongin-1802,오류동역,1호선,상행,24,2,7,25.7
gyeongin-1802,오류동역,1호선,하행,5,6,12,15.0
gyeongin-1802,오류동역,1호선,하행,6,6,20,9.0
gyeongin-1802,오류동역,1호선,하행,7,8,20,9.0
gyeongin-1802,오류동역,1호선,하행,8,6,23,7.8
gyeongin-1802,오류동역,1호선,하행,9,9,19,9.5
gyeongin-1802,오류동역,1호선,하행,10,4,18,10.0
gyeongin-1802,오류동역,1호선,하행,11,5,14,12.9
gyeongin-1802,오류동역,1호선,하행,12,5,16,11.2
gyeongin-1802,오류동역,1호선,하행,13,6,17,10.6
gyeongin-1802,오류동역,1호선,하행,14,6,18,10.0
gyeongin-1802,오류동역,1호선,하행,15,6,19,9.5
gyeongin-1802,오류동역,1호선,하행,16,7,19,9.5
gyeongin-1802,오류동역,1호선,하행,17,6,20,9.0
gyeongin-1802,오류동역,1호선,하행,18,7,20,9.0
gyeongin-1802,오류동역,1호선,하행,19,7,20,9.0
gyeongin-1802,오류동역,1호선,하행,20,6,20,9.0
gyeongin-1802,오류동역,1호선,하행,21,7,18,10.0
gyeongin-1802,오류동역,1호선,하행,22,5,16,11.2
gyeongin-1802,오류동역,1호선,하행,23,4,10,18.0
gyeongin-1802,오류동역,1호선,하행,24,1,5,36.0
gyeongin-1803,역곡역,1호선,상행,5,6,18,10.0
gyeongin-1803,역곡역,1호선,상행,6,12,35,5.1
gyeongin-1803,역곡역,1호선,상행,7,17,45,4.0
gyeongin-1803,역곡역,1호선,상행,8,16,47,3.8
gyeongin-1803,역곡역,1호선,상행,9,14,42,4.3
gyeongin-1803,역곡역,1호선,상행,10,12,36,5.0
gyeongin-1803,역곡역,1호선,상행,11,10,29,6.2
gyeongin-1803,역곡역,1호선,상행,12,7,25,7.2
gyeongin-1803,역곡역,1호선,상행,13,8,20,9.0
gyeongin-1803,역곡역,1호선,상행,14,5,23,7.8
gyeongin-1803,역곡역,1호선,상행,15,10,25,7.2
gyeongin-1803,역곡역,1호선,상행,16,10,32,5.6
gyeongin-1803,역곡역,1호선,상행,17,12,37,4.9
gyeongin-1803,역곡역,1호선,상행,18,15,42,4.3
gyeongin-1803,역곡역,1호선,상행,19,15,46,3.9
gyeongin-1803,역곡역,1호선,상행,20,16,44,4.1
gyeongin-1803,역곡역,1호선,상행,21,13,39,4.6
gyeongin-1803,역곡역,1호선,상행,22,10,29,6.2
gyeongin-1803,역곡역,1호선,상행,23,6,18,10.0
gyeongin-1803,역곡역,1호선,상행,24,2,8,22.5
gyeongin-1803,역곡역,1호선,하행,5,8,23,7.8
gyeongin-1803,역곡역,1호선,하행,6,15,40,4.5
gyeongin-1803,역곡역,1호선,하행,7,17,47,3.8
gyeongin-1803,역곡역,1호선,하행,8,15,45,4.0
gyeongin-1803,역곡역,1호선,하행,9,13,37,4.9
gyeongin-1803,역곡역,1호선,하행,10,9,29,6.2
gyeongin-1803,역곡역,1호선,하행,11,7,24,7.5
gyeongin-1803,역곡역,1호선,하행,12,8,22,8.2
gyeongin-1803,역곡역,1호선,하행,13,7,22,8.2
gyeongin-1803,역곡역,1호선,하행,14,7,25,7.2
gyeongin-1803,역곡역,1호선,하행,15,11,28,6.4
gyeongin-1803,역곡역,1호선,하행,16,10,36,5.0
gyeongin-1803,역곡역,1호선,하행,17,15,39,4.6
gyeongin-1803,역곡역,1호선,하행,18,14,45,4.0
gyeongin-1803,역곡역,1호선,하행,19,16,45,4.0
gyeongin-1803,역곡역,1호선,하행,20,15,42,4.3
gyeongin-1803,역곡역,1호선,하행,21,11,36,5.0
gyeongin-1803,역곡역,1호선,하행,22,10,27,6.7
gyeongin-1803,역곡역,1호선,하행,23,6,17,10.6
gyeongin-1803,역곡역,1호선,하행,24,1,7,25.7
gyeongin-1804,부천역,1호선,상행,5,7,18,10.0
gyeongin-1804,부천역,1호선,상행,6,11,36,5.0
gyeongin-1804,부천역,1호선,상행,7,18,46,3.9
gyeongin-1804,부천역,1호선,상행,8,17,47,3.8
gyeongin-1804,부천역,1호선,상행,9,12,42,4.3
gyeongin-1804,부천역,1호선,상행,10,13,35,5.1
gyeongin-1804,부천역,1호선,상행,11,10,29,6.2
gyeongin-1804,부천역,1호선,상행,12,6,24,7.5
gyeongin-1804,부천역,1호선,상행,13,8,20,9.0
gyeongin-1804,부천역,1호선,상행,14,6,23,7.8
gyeongin-1804,부천역,1호선,상행,15,9,25,7.2
gyeongin-1804,부천역,1호선,상행,16,10,32,5.6
gyeongin-1804,부천역,1호선,상행,17,13,38,4.7
gyeongin-1804,부천역,1호선,상행,18,15,43,4.2
gyeongin-1804,부천역,1호선,상행,19,15,46,3.9
gyeongin-1804,부천역,1호선,상행,20,16,45,4.0
gyeongin-1804,부천역,1호선,상행,21,14,39,4.6
gyeongin-1804,부천역,1호선,상행,22,9,28,6.4
gyeongin-1804,부천역,1호선,상행,23,5,16,11.2
gyeongin-1804,부천역,1호선,상행,24,2,7,25.7
gyeongin-1804,부천역,1호선,하행,5,7,21,8.6
gyeongin-1804,부천역,1호선,하행,6,14,40,4.5
gyeongin-1804,부천역,1호선,하행,7,19,46,3.9
gyeongin-1804,부천역,1호선,하행,8,13,47,3.8
gyeongin-1804,부천역,1호선,하행,9,15,37,4.9
gyeongin-1804,부천역,1호선,하행,10,9,31,5.8
gyeongin-1804,부천역,1호선,하행,11,7,23,7.8
gyeongin-1804,부천역,1호선,하행,12,7,21,8.6
gyeongin-1804,부천역,1호선,하행,13,7,22,8.2
gyeongin-1804,부천역,1호선,하행,14,8,25,7.2
gyeongin-1804,부천역,1호선,하행,15,10,29,6.2
gyeongin-1804,부천역,1호선,하행,16,11,35,5.1
gyeongin-1804,부천역,1호선,하행,17,14,40,4.5
gyeongin-1804,부천역,1호선,하행,18,15,44,4.1
gyeongin-1804,부천역,1호선,하행,19,15,44,4.1
gyeongin-1804,부천역,1호선,하행,20,14,41,4.4
gyeongin-1804,부천역,1호선,하행,21,12,35,5.1
gyeongin-1804,부천역,1호선,하행,22,9,28,6.4
gyeongin-1804,부천역,1호선,하행,23,7,18,10.0
gyeongin-1804,부천역,1호선,하행,24,2,9,20.0
gyeongin-1805,송내역,1호선,상행,5,7,19,9.5
gyeongin-1805,송내역,1호선,상행,6,12,36,5.0
gyeongin-1805,송내역,1호선,상행,7,17,46,3.9
gyeongin-1805,송내역,1호선,상행,8,17,47,3.8
gyeongin-1805,송내역,1호선,상행,9,13,41,4.4
gyeongin-1805,송내역,1호선,상행,10,11,34,5.3
gyeongin-1805,송내역,1호선,상행,11,10,28,6.4
gyeongin-1805,송내역,1호선,상행,12,7,24,7.5
gyeongin-1805,송내역,1호선,상행,13,7,20,9.0
gyeongin-1805,송내역,1호선,상행,14,6,23,7.8
gyeongin-1805,송내역,1호선,상행,15,10,27,6.7
gyeongin-1805,송내역,1호선,상행,16,11,33,5.5
gyeongin-1805,송내역,1호선,상행,17,12,38,4.7
gyeongin-1805,송내역,1호선,상행,18,15,42,4.3
gyeongin-1805,송내역,1호선,상행,19,15,46,3.9
gyeongin-1805,송내역,1호선,상행,20,16,44,4.1
gyeongin-1805,송내역,1호선,상행,21,13,38,4.7
gyeongin-1805,송내역,1호선,상행,22,9,29,6.2
gyeongin-1805,송내역,1호선,상행,23,7,17,10.6
gyeongin-1805,송내역,1호선,상행,24,1,8,22.5
gyeongin-1805,송내역,1호선,하행,5,6,21,8.6
gyeongin-1805,송내역,1호선,하행,6,15,38,4.7
gyeongin-1805,송내역,1호선,하행,7,17,46,3.9
gyeongin-1805,송내역,1호선,하행,8,14,46,3.9
gyeongin-1805,송내역,1호선,하행,9,15,38,4.7
gyeongin-1805,송내역,1호선,하행,10,9,31,5.8
gyeongin-1805,송내역,1호선,하행,11,7,24,7.5
gyeongin-1805,송내역,1호선,하행,12,8,22,8.2
gyeongin-1805,송내역,1호선,하행,13,7,23,7.8
gyeongin-1805,송내역,1호선,하행,14,8,24,7.5
gyeongin-1805,송내역,1호선,하행,15,9,28,6.4
gyeongin-1805,송내역,1호선,하행,16,11,34,5.3
gyeongin-1805,송내역,1호선,하행,17,14,39,4.6
gyeongin-1805,송내역,1호선,하행,18,14,44,4.1
gyeongin-1805,송내역,1호선,하행,19,16,45,4.0
gyeongin-1805,송내역,1호선,하행,20,15,43,4.2
gyeongin-1805,송내역,1호선,하행,21,12,36,5.0
gyeongin-1805,송내역,1호선,하행,22,9,28,6.4
gyeongin-1805,송내역,1호선,하행,23,7,18,10.0
gyeongin-1805,송내역,1호선,하행,24,2,9,20.0
gyeongin-1813,구일역,1호선,상행,5,3,9,20.0
gyeongin-1813,구일역,1호선,상행,6,6,16,11.2
gyeongin-1813,구일역,1호선,상행,7,7,20,9.0
gyeongin-1813,구일역,1호선,상행,8,7,21,8.6
gyeongin-1813,구일역,1호선,상행,9,7,21,8.6
gyeongin-1813,구일역,1호선,상행,10,7,20,9.0
gyeongin-1813,구일역,1호선,상행,11,6,17,10.6
gyeongin-1813,구일역,1호선,상행,12,4,16,11.2
gyeongin-1813,구일역,1호선,상행,13,6,14,12.9
gyeongin-1813,구일역,1호선,상행,14,4,17,10.6
gyeongin-1813,구일역,1호선,상행,15,7,18,10.0
gyeongin-1813,구일역,1호선,상행,16,7,21,8.6
gyeongin-1813,구일역,1호선,상행,17,7,22,8.2
gyeongin-1813,구일역,1호선,상행,18,8,20,9.0
gyeongin-1813,구일역,1호선,상행,19,5,21,8.6
gyeongin-1813,구일역,1호선,상행,20,8,19,9.5
gyeongin-1813,구일역,1호선,상행,21,6,20,9.0
gyeongin-1813,구일역,1호선,상행,22,6,17,10.6
gyeongin-1813,구일역,1호선,상행,23,5,13,13.8
gyeongin-1813,구일역,1호선,상행,24,2,7,25.7
gyeongin-1813,구일역,1호선,하행,5,6,13,13.8
gyeongin-1813,구일역,1호선,하행,6,7,20,9.0
gyeongin-1813,구일역,1호선,하행,7,7,21,8.6
gyeongin-1813,구일역,1호선,하행,8,7,22,8.2
gyeongin-1813,구일역,1호선,하행,9,8,20,9.0
gyeongin-1813,구일역,1호선,하행,10,5,18,10.0
gyeongin-1813,구일역,1호선,하행,11,5,15,12.0
gyeongin-1813,구일역,1호선,하행,12,5,16,11.2
gyeongin-1813,구일역,1호선,하행,13,6,17,10.6
gyeongin-1813,구일역,1호선,하행,14,6,18,10.0
gyeongin-1813,구일역,1호선,하행,15,6,18,10.0
gyeongin-1813,구일역,1호선,하행,16,6,19,9.5
gyeongin-1813,구일역,1호선,하행,17,7,19,9.5
gyeongin-1813,구일역,1호선,하행,18,6,20,9.0
gyeongin-1813,구일역,1호선,하행,19,7,20,9.0
gyeongin-1813,구일역,1호선,하행,20,7,20,9.0
gyeongin-1813,구일역,1호선,하행,21,6,18,10.0
gyeongin-1813,구일역,1호선,하행,22,5,16,11.2
gyeongin-1813,구일역,1호선,하행,23,5,10,18.0
gyeongin-1821,온수역,1호선,상행,5,4,10,18.0
gyeongin-1821,온수역,1호선,상행,6,6,17,10.6
gyeongin-1821,온수역,1호선,상행,7,7,20,9.0
gyeongin-1821,온수역,1호선,상행,8,7,21,8.6
gyeongin-1821,온수역,1호선,상행,9,7,20,9.0
gyeongin-1821,온수역,1호선,상행,10,6,20,9.0
gyeongin-1821,온수역,1호선,상행,11,7,17,10.6
gyeongin-1821,온수역,1호선,상행,12,4,17,10.6
gyeongin-1821,온수역,1호선,상행,13,6,14,12.9
gyeongin-1821,온수역,1호선,상행,14,4,17,10.6
gyeongin-1821,온수역,1호선,상행,15,7,18,10.0
gyeongin-1821,온수역,1호선,상행,16,7,20,9.0
gyeongin-1821,온수역,1호선,상행,17,6,22,8.2
gyeongin-1821,온수역,1호선,상행,18,9,20,9.0
gyeongin-1821,온수역,1호선,상행,19,5,22,8.2
gyeongin-1821,온수역,1호선,상행,20,8,19,9.5
gyeongin-1821,온수역,1호선,상행,21,6,19,9.5
gyeongin-1821,온수역,1호선,상행,22,5,16,11.2
gyeongin-1821,온수역,1호선,상행,23,5,12,15.0
gyeongin-1821,온수역,1호선,상행,24,2,7,25.7
gyeongin-1821,온수역,1호선,하행,5,5,12,15.0
gyeongin-1821,온수역,1호선,하행,6,7,19,9.5
gyeongin-1821,온수역,1호선,하행,7,7,21,8.6
gyeongin-1821,온수역,1호선,하행,8,7,22,8.2
gyeongin-1821,온수역,1호선,하행,9,8,20,9.0
gyeongin-1821,온수역,1호선,하행,10,5,18,10.0
gyeongin-1821,온수역,1호선,하행,11,5,15,12.0
gyeongin-1821,온수역,1호선,하행,12,5,16,11.2
gyeongin-1821,온수역,1호선,하행,13,6,17,10.6
gyeongin-1821,온수역,1호선,하행,14,6,18,10.0
gyeongin-1821,온수역,1호선,하행,15,6,18,10.0
gyeongin-1821,온수역,1호선,하행,16,6,19,9.5
gyeongin-1821,온수역,1호선,하행,17,7,20,9.0
gyeongin-1821,온수역,1호선,하행,18,7,20,9.0
gyeongin-1821,온수역,1호선,하행,19,6,20,9.0
gyeongin-1821,온수역,1호선,하행,20,7,19,9.5
gyeongin-1821,온수역,1호선,하행,21,6,19,9.5
gyeongin-1821,온수역,1호선,하행,22,6,16,11.2
gyeongin-1821,온수역,1호선,하행,23,4,11,16.4
gyeongin-1821,온수역,1호선,하행,24,1,5,36.0
gyeongin-1822,중동역,1호선,상행,5,4,11,16.4
gyeongin-1822,중동역,1호선,상행,6,7,18,10.0
gyeongin-1822,중동역,1호선,상행,7,7,21,8.6
gyeongin-1822,중동역,1호선,상행,8,7,20,9.0
gyeongin-1822,중동역,1호선,상행,9,6,20,9.0
gyeongin-1822,중동역,1호선,상행,10,7,20,9.0
gyeongin-1822,중동역,1호선,상행,11,7,17,10.6
gyeongin-1822,중동역,1호선,상행,12,3,16,11.2
gyeongin-1822,중동역,1호선,상행,13,6,14,12.9
gyeongin-1822,중동역,1호선,상행,14,5,18,10.0
gyeongin-1822,중동역,1호선,상행,15,7,19,9.5
gyeongin-1822,중동역,1호선,상행,16,7,20,9.0
gyeongin-1822,중동역,1호선,상행,17,6,22,8.2
gyeongin-1822,중동역,1호선,상행,18,9,21,8.6
gyeongin-1822,중동역,1호선,상행,19,6,21,8.6
gyeongin-1822,중동역,1호선,상행,20,6,19,9.5
gyeongin-1822,중동역,1호선,상행,21,7,18,10.0
gyeongin-1822,중동역,1호선,상행,22,5,17,10.6
gyeongin-1822,중동역,1호선,상행,23,5,11,16.4
gyeongin-1822,중동역,1호선,상행,24,1,6,30.0
gyeongin-1822,중동역,1호선,하행,5,4,11,16.4
gyeongin-1822,중동역,1호선,하행,6,7,19,9.5
gyeongin-1822,중동역,1호선,하행,7,8,21,8.6
gyeongin-1822,중동역,1호선,하행,8,6,22,8.2
gyeongin-1822,중동역,1호선,하행,9,8,20,9.0
gyeongin-1822,중동역,1호선,하행,10,6,18,10.0
gyeongin-1822,중동역,1호선,하행,11,4,15,12.0
gyeongin-1822,중동역,1호선,하행,12,5,15,12.0
gyeongin-1822,중동역,1호선,하행,13,6,17,10.6
gyeongin-1822,중동역,1호선,하행,14,6,18,10.0
gyeongin-1822,중동역,1호선,하행,15,6,18,10.0
gyeongin-1822,중동역,1호선,하행,16,6,19,9.5
gyeongin-1822,중동역,1호선,하행,17,7,20,9.0
gyeongin-1822,중동역,1호선,하행,18,7,20,9.0
gyeongin-1822,중동역,1호선,하행,19,6,20,9.0
gyeongin-1822,중동역,1호선,하행,20,7,19,9.5
gyeongin-1822,중동역,1호선,하행,21,6,19,9.5
gyeongin-1822,중동역,1호선,하행,22,6,16,11.2
gyeongin-1822,중동역,1호선,하행,23,4,12,15.0
gyeongin-1822,중동역,1호선,하행,24,2,6,30.0
gyeongin-4804,소사역,1호선,상행,5,4,10,18.0
gyeongin-4804,소사역,1호선,상행,6,6,18,10.0
gyeongin-4804,소사역,1호선,상행,7,8,21,8.6
gyeongin-4804,소사역,1호선,상행,8,7,21,8.6
gyeongin-4804,소사역,1호선,상행,9,6,20,9.0
gyeongin-4804,소사역,1호선,상행,10,7,19,9.5
gyeongin-4804,소사역,1호선,상행,11,6,17,10.6
gyeongin-4804,소사역,1호선,상행,12,4,16,11.2
gyeongin-4804,소사역,1호선,상행,13,6,14,12.9
gyeongin-4804,소사역,1호선,상행,14,4,17,10.6
gyeongin-4804,소사역,1호선,상행,15,7,18,10.0
gyeongin-4804,소사역,1호선,상행,16,7,21,8.6
gyeongin-4804,소사역,1호선,상행,17,7,22,8.2
gyeongin-4804,소사역,1호선,상행,18,8,21,8.6
gyeongin-4804,소사역,1호선,상행,19,6,21,8.6
gyeongin-4804,소사역,1호선,상행,20,7,19,9.5
gyeongin-4804,소사역,1호선,상행,21,6,19,9.5
gyeongin-4804,소사역,1호선,상행,22,6,16,11.2
gyeongin-4804,소사역,1호선,상행,23,4,12,15.0
gyeongin-4804,소사역,1호선,상행,24,2,6,30.0
gyeongin-4804,소사역,1호선,하행,5,5,12,15.0
gyeongin-4804,소사역,1호선,하행,6,7,19,9.5
gyeongin-4804,소사역,1호선,하행,7,7,20,9.0
gyeongin-4804,소사역,1호선,하행,8,6,22,8.2
gyeongin-4804,소사역,1호선,하행,9,9,20,9.0
gyeongin-4804,소사역,1호선,하행,10,5,18,10.0
gyeongin-4804,소사역,1호선,하행,11,4,14,12.9
gyeongin-4804,소사역,1호선,하행,12,5,15,12.0
gyeongin-4804,소사역,1호선,하행,13,6,17,10.6
gyeongin-4804,소사역,1호선,하행,14,6,18,10.0
gyeongin-4804,소사역,1호선,하행,15,6,18,10.0
gyeongin-4804,소사역,1호선,하행,16,6,20,9.0
gyeongin-4804,소사역,1호선,하행,17,8,20,9.0
gyeongin-4804,소사역,1호선,하행,18,6,21,8.6
gyeongin-4804,소사역,1호선,하행,19,7,19,9.5
gyeongin-4804,소사역,1호선,하행,20,6,20,9.0
gyeongin-4804,소사역,1호선,하행,21,7,19,9.5
gyeongin-4804,소사역,1호선,하행,22,6,17,10.6
gyeongin-4804,소사역,1호선,하행,23,4,11,16.4
gyeongin-4804,소사역,1호선,하행,24,1,5,36.0
gyeongwon-1015,회기역,1호선,상행,5,3,13,13.8
gyeongwon-1015,회기역,1호선,상행,6,10,23,7.8
gyeongwon-1015,회기역,1호선,상행,7,10,33,5.5
gyeongwon-1015,회기역,1호선,상행,8,13,32,5.6
gyeongwon-1015,회기역,1호선,상행,9,9,30,6.0
gyeongwon-1015,회기역,1호선,상행,10,8,27,6.7
gyeongwon-1015,회기역,1호선,상행,11,10,29,6.2
gyeongwon-1015,회기역,1호선,상행,12,11,28,6.4
gyeongwon-1015,회기역,1호선,상행,13,7,28,6.4
gyeongwon-1015,회기역,1호선,상행,14,10,27,6.7
gyeongwon-1015,회기역,1호선,상행,15,10,30,6.0
gyeongwon-1015,회기역,1호선,상행,16,10,31,5.8
gyeongwon-1015,회기역,1호선,상행,17,11,33,5.5
gyeongwon-1015,회기역,1호선,상행,18,12,34,5.3
gyeongwon-1015,회기역,1호선,상행,19,11,35,5.1
gyeongwon-1015,회기역,1호선,상행,20,12,33,5.5
gyeongwon-1015,회기역,1호선,상행,21,10,32,5.6
gyeongwon-1015,회기역,1호선,상행,22,10,28,6.4
gyeongwon-1015,회기역,1호선,상행,23,8,20,9.0
gyeongwon-1015,회기역,1호선,상행,24,2,10,18.0
gyeongwon-1015,회기역,1호선,하행,5,7,15,12.0
gyeongwon-1015,회기역,1호선,하행,6,8,27,6.7
gyeongwon-1015,회기역,1호선,하행,7,12,33,5.5
gyeongwon-1015,회기역,1호선,하행,8,13,34,5.3
gyeongwon-1015,회기역,1호선,하행,9,9,32,5.6
gyeongwon-1015,회기역,1호선,하행,10,10,27,6.7
gyeongwon-1015,회기역,1호선,하행,11,8,28,6.4
gyeongwon-1015,회기역,1호선,하행,12,10,28,6.4
gyeongwon-1015,회기역,1호선,하행,13,10,29,6.2
gyeongwon-1015,회기역,1호선,하행,14,9,26,6.9
gyeongwon-1015,회기역,1호선,하행,15,7,26,6.9
gyeongwon-1015,회기역,1호선,하행,16,10,28,6.4
gyeongwon-1015,회기역,1호선,하행,17,11,33,5.5
gyeongwon-1015,회기역,1호선,하행,18,12,35,5.1
gyeongwon-1015,회기역,1호선,하행,19,12,35,5.1
gyeongwon-1015,회기역,1호선,하행,20,11,33,5.5
gyeongwon-1015,회기역,1호선,하행,21,10,31,5.8
gyeongwon-1015,회기역,1호선,하행,22,10,26,6.9
gyeongwon-1015,회기역,1호선,하행,23,6,17,10.6
gyeongwon-1015,회기역,1호선,하행,24,1,7,25.7
gyeongwon-1016,외대앞역,1호선,상행,5,3,13,13.8
gyeongwon-1016,외대앞역,1호선,상행,6,10,23,7.8
gyeongwon-1016,외대앞역,1호선,상행,7,10,33,5.5
gyeongwon-1016,외대앞역,1호선,상행,8,13,32,5.6
gyeongwon-1016,외대앞역,1호선,상행,9,9,30,6.0
gyeongwon-1016,외대앞역,1호선,상행,10,8,27,6.7
gyeongwon-1016,외대앞역,1호선,상행,11,10,28,6.4
gyeongwon-1016,외대앞역,1호선,상행,12,10,28,6.4
gyeongwon-1016,외대앞역,1호선,상행,13,8,28,6.4
gyeongwon-1016,외대앞역,1호선,상행,14,10,27,6.7
gyeongwon-1016,외대앞역,1호선,상행,15,9,30,6.0
gyeongwon-1016,외대앞역,1호선,상행,16,11,31,5.8
gyeongwon-1016,외대앞역,1호선,상행,17,11,34,5.3
gyeongwon-1016,외대앞역,1호선,상행,18,12,34,5.3
gyeongwon-1016,외대앞역,1호선,상행,19,11,35,5.1
gyeongwon-1016,외대앞역,1호선,상행,20,12,32,5.6
gyeongwon-1016,외대앞역,1호선,상행,21,9,31,5.8
gyeongwon-1016,외대앞역,1호선,상행,22,10,28,6.4
gyeongwon-1016,외대앞역,1호선,상행,23,9,21,8.6
gyeongwon-1016,외대앞역,1호선,상행,24,2,11,16.4
gyeongwon-1016,외대앞역,1호선,하행,5,7,15,12.0
gyeongwon-1016,외대앞역,1호선,하행,6,8,27,6.7
gyeongwon-1016,외대앞역,1호선,하행,7,12,34,5.3
gyeongwon-1016,외대앞역,1호선,하행,8,14,34,5.3
gyeongwon-1016,외대앞역,1호선,하행,9,8,32,5.6
gyeongwon-1016,외대앞역,1호선,하행,10,10,26,6.9
gyeongwon-1016,외대앞역,1호선,하행,11,8,28,6.4
gyeongwon-1016,외대앞역,1호선,하행,12,10,28,6.4
gyeongwon-1016,외대앞역,1호선,하행,13,10,29,6.2
gyeongwon-1016,외대앞역,1호선,하행,14,9,27,6.7
gyeongwon-1016,외대앞역,1호선,하행,15,8,26,6.9
gyeongwon-1016,외대앞역,1호선,하행,16,9,28,6.4
gyeongwon-1016,외대앞역,1호선,하행,17,11,33,5.5
gyeongwon-1016,외대앞역,1호선,하행,18,13,35,5.1
gyeongwon-1016,외대앞역,1호선,하행,19,11,36,5.0
gyeongwon-1016,외대앞역,1호선,하행,20,12,32,5.6
gyeongwon-1016,외대앞역,1호선,하행,21,9,31,5.8
gyeongwon-1016,외대앞역,1호선,하행,22,10,25,7.2
gyeongwon-1016,외대앞역,1호선,하행,23,6,17,10.6
gyeongwon-1016,외대앞역,1호선,하행,24,1,7,25.7
gyeongwon-1017,신이문역,1호선,상행,5,2,13,13.8
gyeongwon-1017,신이문역,1호선,상행,6,11,23,7.8
gyeongwon-1017,신이문역,1호선,상행,7,10,34,5.3
gyeongwon-1017,신이문역,1호선,상행,8,13,32,5.6
gyeongwon-1017,신이문역,1호선,상행,9,9,30,6.0
gyeongwon-1017,신이문역,1호선,상행,10,8,26,6.9
gyeongwon-1017,신이문역,1호선,상행,11,9,28,6.4
gyeongwon-1017,신이문역,1호선,상행,12,11,28,6.4
gyeongwon-1017,신이문역,1호선,상행,13,8,28,6.4
gyeongwon-1017,신이문역,1호선,상행,14,9,27,6.7
gyeongwon-1017,신이문역,1호선,상행,15,10,30,6.0
gyeongwon-1017,신이문역,1호선,상행,16,11,32,5.6
gyeongwon-1017,신이문역,1호선,상행,17,11,34,5.3
gyeongwon-1017,신이문역,1호선,상행,18,12,34,5.3
gyeongwon-1017,신이문역,1호선,상행,19,11,34,5.3
gyeongwon-1017,신이문역,1호선,상행,20,11,32,5.6
gyeongwon-1017,신이문역,1호선,상행,21,10,31,5.8
gyeongwon-1017,신이문역,1호선,상행,22,10,29,6.2
gyeongwon-1017,신이문역,1호선,상행,23,9,21,8.6
gyeongwon-1017,신이문역,1호선,상행,24,2,11,16.4
gyeongwon-1017,신이문역,1호선,하행,5,7,15,12.0
gyeongwon-1017,신이문역,1호선,하행,6,8,28,6.4
gyeongwon-1017,신이문역,1호선,하행,7,13,34,5.3
gyeongwon-1017,신이문역,1호선,하행,8,13,35,5.1
gyeongwon-1017,신이문역,1호선,하행,9,9,31,5.8
gyeongwon-1017,신이문역,1호선,하행,10,9,27,6.7
gyeongwon-1017,신이문역,1호선,하행,11,9,27,6.7
gyeongwon-1017,신이문역,1호선,하행,12,9,28,6.4
gyeongwon-1017,신이문역,1호선,하행,13,10,28,6.4
gyeongwon-1017,신이문역,1호선,하행,14,9,27,6.7
gyeongwon-1017,신이문역,1호선,하행,15,8,27,6.7
gyeongwon-1017,신이문역,1호선,하행,16,10,29,6.2
gyeongwon-1017,신이문역,1호선,하행,17,11,33,5.5
gyeongwon-1017,신이문역,1호선,하행,18,12,35,5.1
gyeongwon-1017,신이문역,1호선,하행,19,12,35,5.1
gyeongwon-1017,신이문역,1호선,하행,20,11,33,5.5
gyeongwon-1017,신이문역,1호선,하행,21,10,31,5.8
gyeongwon-1017,신이문역,1호선,하행,22,10,25,7.2
gyeongwon-1017,신이문역,1호선,하행,23,5,16,11.2
gyeongwon-1017,신이문역,1호선,하행,24,1,6,30.0
gyeongwon-1018,석계역,1호선,상행,5,2,12,15.0
gyeongwon-1018,석계역,1호선,상행,6,10,23,7.8
gyeongwon-1018,석계역,1호선,상행,7,11,34,5.3
gyeongwon-1018,석계역,1호선,상행,8,13,33,5.5
gyeongwon-1018,석계역,1호선,상행,9,9,30,6.0
gyeongwon-1018,석계역,1호선,상행,10,8,26,6.9
gyeongwon-1018,석계역,1호선,상행,11,9,28,6.4
gyeongwon-1018,석계역,1호선,상행,12,11,28,6.4
gyeongwon-1018,석계역,1호선,상행,13,8,28,6.4
gyeongwon-1018,석계역,1호선,상행,14,9,27,6.7
gyeongwon-1018,석계역,1호선,상행,15,10,29,6.2
gyeongwon-1018,석계역,1호선,상행,16,10,31,5.8
gyeongwon-1018,석계역,1호선,상행,17,11,33,5.5
gyeongwon-1018,석계역,1호선,상행,18,12,34,5.3
gyeongwon-1018,석계역,1호선,상행,19,11,35,5.1
gyeongwon-1018,석계역,1호선,상행,20,12,33,5.5
gyeongwon-1018,석계역,1호선,상행,21,10,32,5.6
gyeongwon-1018,석계역,1호선,상행,22,10,28,6.4
gyeongwon-1018,석계역,1호선,상행,23,8,21,8.6
gyeongwon-1018,석계역,1호선,상행,24,3,11,16.4
gyeongwon-1018,석계역,1호선,하행,5,8,16,11.2
gyeongwon-1018,석계역,1호선,하행,6,8,28,6.4
gyeongwon-1018,석계역,1호선,하행,7,12,33,5.5
gyeongwon-1018,석계역,1호선,하행,8,13,34,5.3
gyeongwon-1018,석계역,1호선,하행,9,9,31,5.8
gyeongwon-1018,석계역,1호선,하행,10,9,27,6.7
gyeongwon-1018,석계역,1호선,하행,11,9,28,6.4
gyeongwon-1018,석계역,1호선,하행,12,10,29,6.2
gyeongwon-1018,석계역,1호선,하행,13,10,29,6.2
gyeongwon-1018,석계역,1호선,하행,14,9,27,6.7
gyeongwon-1018,석계역,1호선,하행,15,8,26,6.9
gyeongwon-1018,석계역,1호선,하행,16,9,28,6.4
gyeongwon-1018,석계역,1호선,하행,17,11,33,5.5
gyeongwon-1018,석계역,1호선,하행,18,13,35,5.1
gyeongwon-1018,석계역,1호선,하행,19,11,35,5.1
gyeongwon-1018,석계역,1호선,하행,20,11,32,5.6
gyeongwon-1018,석계역,1호선,하행,21,10,31,5.8
gyeongwon-1018,석계역,1호선,하행,22,10,25,7.2
gyeongwon-1018,석계역,1호선,하행,23,5,16,11.2
gyeongwon-1018,석계역,1호선,하행,24,1,6,30.0
gyeongwon-1019,광운대역,1호선,상행,5,7,18,10.0
gyeongwon-1019,광운대역,1호선,상행,6,11,26,6.9
gyeongwon-1019,광운대역,1호선,상행,7,8,26,6.9
gyeongwon-1019,광운대역,1호선,상행,8,7,21,8.6
gyeongwon-1019,광운대역,1호선,상행,9,6,19,9.5
gyeongwon-1019,광운대역,1호선,상행,10,6,19,9.5
gyeongwon-1019,광운대역,1호선,상행,11,7,20,9.0
gyeongwon-1019,광운대역,1호선,상행,12,7,19,9.5
gyeongwon-1019,광운대역,1호선,상행,13,5,19,9.5
gyeongwon-1019,광운대역,1호선,상행,14,7,19,9.5
gyeongwon-1019,광운대역,1호선,상행,15,7,20,9.0
gyeongwon-1019,광운대역,1호선,상행,16,6,19,9.5
gyeongwon-1019,광운대역,1호선,상행,17,6,20,9.0
gyeongwon-1019,광운대역,1호선,상행,18,8,20,9.0
gyeongwon-1019,광운대역,1호선,상행,19,6,20,9.0
gyeongwon-1019,광운대역,1호선,상행,20,6,18,10.0
gyeongwon-1019,광운대역,1호선,상행,21,6,19,9.5
gyeongwon-1019,광운대역,1호선,상행,22,7,17,10.6
gyeongwon-1019,광운대역,1호선,상행,23,4,12,15.0
gyeongwon-1019,광운대역,1호선,상행,24,1,5,36.0
gyeongwon-1019,광운대역,1호선,하행,5,8,16,11.2
gyeongwon-1019,광운대역,1호선,하행,6,8,29,6.2
gyeongwon-1019,광운대역,1호선,하행,7,13,34,5.3
gyeongwon-1019,광운대역,1호선,하행,8,13,35,5.1
gyeongwon-1019,광운대역,1호선,하행,9,9,31,5.8
gyeongwon-1019,광운대역,1호선,하행,10,9,26,6.9
gyeongwon-1019,광운대역,1호선,하행,11,8,28,6.4
gyeongwon-1019,광운대역,1호선,하행,12,11,28,6.4
gyeongwon-1019,광운대역,1호선,하행,13,9,29,6.2
gyeongwon-1019,광운대역,1호선,하행,14,9,26,6.9
gyeongwon-1019,광운대역,1호선,하행,15,8,27,6.7
gyeongwon-1019,광운대역,1호선,하행,16,10,29,6.2
gyeongwon-1019,광운대역,1호선,하행,17,11,34,5.3
gyeongwon-1019,광운대역,1호선,하행,18,13,35,5.1
gyeongwon-1019,광운대역,1호선,하행,19,11,34,5.3
gyeongwon-1019,광운대역,1호선,하행,20,10,32,5.6
gyeongwon-1019,광운대역,1호선,하행,21,11,30,6.0
gyeongwon-1019,광운대역,1호선,하행,22,9,25,7.2
gyeongwon-1019,광운대역,1호선,하행,23,5,15,12.0
gyeongwon-1019,광운대역,1호선,하행,24,1,6,30.0
gyeongwon-1020,월계역,1호선,상행,5,7,16,11.2
gyeongwon-1020,월계역,1호선,상행,6,9,24,7.5
gyeongwon-1020,월계역,1호선,상행,7,8,24,7.5
gyeongwon-1020,월계역,1호선,상행,8,7,21,8.6
gyeongwon-1020,월계역,1호선,상행,9,6,17,10.6
gyeongwon-1020,월계역,1호선,상행,10,4,17,10.6
gyeongwon-1020,월계역,1호선,상행,11,7,16,11.2
gyeongwon-1020,월계역,1호선,상행,12,5,17,10.6
gyeongwon-1020,월계역,1호선,상행,13,5,16,11.2
gyeongwon-1020,월계역,1호선,상행,14,6,18,10.0
gyeongwon-1020,월계역,1호선,상행,15,7,19,9.5
gyeongwon-1020,월계역,1호선,상행,16,6,19,9.5
gyeongwon-1020,월계역,1호선,상행,17,6,20,9.0
gyeongwon-1020,월계역,1호선,상행,18,8,20,9.0
gyeongwon-1020,월계역,1호선,상행,19,6,20,9.0
gyeongwon-1020,월계역,1호선,상행,20,6,18,10.0
gyeongwon-1020,월계역,1호선,상행,21,6,19,9.5
gyeongwon-1020,월계역,1호선,상행,22,7,17,10.6
gyeongwon-1020,월계역,1호선,상행,23,4,12,15.0
gyeongwon-1020,월계역,1호선,상행,24,1,5,36.0
gyeongwon-1020,월계역,1호선,하행,5,4,9,20.0
gyeongwon-1020,월계역,1호선,하행,6,5,17,10.6
gyeongwon-1020,월계역,1호선,하행,7,8,21,8.6
gyeongwon-1020,월계역,1호선,하행,8,8,25,7.2
gyeongwon-1020,월계역,1호선,하행,9,9,24,7.5
gyeongwon-1020,월계역,1호선,하행,10,7,21,8.6
gyeongwon-1020,월계역,1호선,하행,11,5,18,10.0
gyeongwon-1020,월계역,1호선,하행,12,6,17,10.6
gyeongwon-1020,월계역,1호선,하행,13,6,16,11.2
gyeongwon-1020,월계역,1호선,하행,14,4,16,11.2
gyeongwon-1020,월계역,1호선,하행,15,6,16,11.2
gyeongwon-1020,월계역,1호선,하행,16,6,18,10.0
gyeongwon-1020,월계역,1호선,하행,17,6,19,9.5
gyeongwon-1020,월계역,1호선,하행,18,7,19,9.5
gyeongwon-1020,월계역,1호선,하행,19,6,20,9.0
gyeongwon-1020,월계역,1호선,하행,20,7,20,9.0
gyeongwon-1020,월계역,1호선,하행,21,7,20,9.0
gyeongwon-1020,월계역,1호선,하행,22,6,20,9.0
gyeongwon-1020,월계역,1호선,하행,23,7,16,11.2
gyeongwon-1020,월계역,1호선,하행,24,3,10,18.0
gyeongwon-1021,녹천역,1호선,상행,5,7,15,12.0
gyeongwon-1021,녹천역,1호선,상행,6,8,24,7.5
gyeongwon-1021,녹천역,1호선,상행,7,9,24,7.5
gyeongwon-1021,녹천역,1호선,상행,8,7,21,8.6
gyeongwon-1021,녹천역,1호선,상행,9,5,17,10.6
gyeongwon-1021,녹천역,1호선,상행,10,5,17,10.6
gyeongwon-1021,녹천역,1호선,상행,11,7,17,10.6
gyeongwon-1021,녹천역,1호선,상행,12,5,16,11.2
gyeongwon-1021,녹천역,1호선,상행,13,4,15,12.0
gyeongwon-1021,녹천역,1호선,상행,14,6,17,10.6
gyeongwon-1021,녹천역,1호선,상행,15,7,20,9.0
gyeongwon-1021,녹천역,1호선,상행,16,7,20,9.0
gyeongwon-1021,녹천역,1호선,상행,17,6,21,8.6
gyeongwon-1021,녹천역,1호선,상행,18,8,20,9.0
gyeongwon-1021,녹천역,1호선,상행,19,6,20,9.0
gyeongwon-1021,녹천역,1호선,상행,20,6,18,10.0
gyeongwon-1021,녹천역,1호선,상행,21,6,18,10.0
gyeongwon-1021,녹천역,1호선,상행,22,6,17,10.6
gyeongwon-1021,녹천역,1호선,상행,23,5,12,15.0
gyeongwon-1021,녹천역,1호선,상행,24,1,6,30.0
gyeongwon-1021,녹천역,1호선,하행,5,4,9,20.0
gyeongwon-1021,녹천역,1호선,하행,6,5,17,10.6
gyeongwon-1021,녹천역,1호선,하행,7,8,21,8.6
gyeongwon-1021,녹천역,1호선,하행,8,8,25,7.2
gyeongwon-1021,녹천역,1호선,하행,9,9,24,7.5
gyeongwon-1021,녹천역,1호선,하행,10,7,21,8.6
gyeongwon-1021,녹천역,1호선,하행,11,5,18,10.0
gyeongwon-1021,녹천역,1호선,하행,12,6,17,10.6
gyeongwon-1021,녹천역,1호선,하행,13,6,17,10.6
gyeongwon-1021,녹천역,1호선,하행,14,5,16,11.2
gyeongwon-1021,녹천역,1호선,하행,15,5,16,11.2
gyeongwon-1021,녹천역,1호선,하행,16,6,17,10.6
gyeongwon-1021,녹천역,1호선,하행,17,6,19,9.5
gyeongwon-1021,녹천역,1호선,하행,18,7,20,9.0
gyeongwon-1021,녹천역,1호선,하행,19,7,20,9.0
gyeongwon-1021,녹천역,1호선,하행,20,6,20,9.0
gyeongwon-1021,녹천역,1호선,하행,21,7,19,9.5
gyeongwon-1021,녹천역,1호선,하행,22,6,20,9.0
gyeongwon-1021,녹천역,1호선,하행,23,7,16,11.2
gyeongwon-1021,녹천역,1호선,하행,24,3,10,18.0
gyeongwon-1022,창동역,1호선,상행,5,6,17,10.6
gyeongwon-1022,창동역,1호선,상행,6,11,26,6.9
gyeongwon-1022,창동역,1호선,상행,7,9,28,6.4
gyeongwon-1022,창동역,1호선,상행,8,8,22,8.2
gyeongwon-1022,창동역,1호선,상행,9,5,20,9.0
gyeongwon-1022,창동역,1호선,상행,10,7,18,10.0
gyeongwon-1022,창동역,1호선,상행,11,6,20,9.0
gyeongwon-1022,창동역,1호선,상행,12,7,18,10.0
gyeongwon-1022,창동역,1호선,상행,13,5,19,9.5
gyeongwon-1022,창동역,1호선,상행,14,7,19,9.5
gyeongwon-1022,창동역,1호선,상행,15,7,20,9.0
gyeongwon-1022,창동역,1호선,상행,16,6,19,9.5
gyeongwon-1022,창동역,1호선,상행,17,6,20,9.0
gyeongwon-1022,창동역,1호선,상행,18,8,21,8.6
gyeongwon-1022,창동역,1호선,상행,19,7,20,9.0
gyeongwon-1022,창동역,1호선,상행,20,5,19,9.5
gyeongwon-1022,창동역,1호선,상행,21,7,18,10.0
gyeongwon-1022,창동역,1호선,상행,22,6,18,10.0
gyeongwon-1022,창동역,1호선,상행,23,5,12,15.0
gyeongwon-1022,창동역,1호선,상행,24,1,6,30.0
gyeongwon-1022,창동역,1호선,하행,5,4,9,20.0
gyeongwon-1022,창동역,1호선,하행,6,5,19,9.5
gyeongwon-1022,창동역,1호선,하행,7,10,24,7.5
gyeongwon-1022,창동역,1호선,하행,8,9,27,6.7
gyeongwon-1022,창동역,1호선,하행,9,8,25,7.2
gyeongwon-1022,창동역,1호선,하행,10,8,22,8.2
gyeongwon-1022,창동역,1호선,하행,11,6,21,8.6
gyeongwon-1022,창동역,1호선,하행,12,7,19,9.5
gyeongwon-1022,창동역,1호선,하행,13,6,19,9.5
gyeongwon-1022,창동역,1호선,하행,14,6,18,10.0
gyeongwon-1022,창동역,1호선,하행,15,6,19,9.5
gyeongwon-1022,창동역,1호선,하행,16,7,19,9.5
gyeongwon-1022,창동역,1호선,하행,17,6,20,9.0
gyeongwon-1022,창동역,1호선,하행,18,7,20,9.0
gyeongwon-1022,창동역,1호선,하행,19,7,20,9.0
gyeongwon-1022,창동역,1호선,하행,20,6,21,8.6
gyeongwon-1022,창동역,1호선,하행,21,8,19,9.5
gyeongwon-1022,창동역,1호선,하행,22,5,20,9.0
gyeongwon-1022,창동역,1호선,하행,23,7,15,12.0
gyeongwon-1022,창동역,1호선,하행,24,3,10,18.0
gyeongwon-1901,방학역,1호선,상행,5,5,16,11.2
gyeongwon-1901,방학역,1호선,상행,6,11,25,7.2
gyeongwon-1901,방학역,1호선,상행,7,9,27,6.7
gyeongwon-1901,방학역,1호선,상행,8,7,21,8.6
gyeongwon-1901,방학역,1호선,상행,9,5,17,10.6
gyeongwon-1901,방학역,1호선,상행,10,5,16,11.2
gyeongwon-1901,방학역,1호선,상행,11,6,17,10.6
gyeongwon-1901,방학역,1호선,상행,12,6,16,11.2
gyeongwon-1901,방학역,1호선,상행,13,4,15,12.0
gyeongwon-1901,방학역,1호선,상행,14,5,17,10.6
gyeongwon-1901,방학역,1호선,상행,15,8,19,9.5
gyeongwon-1901,방학역,1호선,상행,16,6,20,9.0
gyeongwon-1901,방학역,1호선,상행,17,6,20,9.0
gyeongwon-1901,방학역,1호선,상행,18,8,21,8.6
gyeongwon-1901,방학역,1호선,상행,19,7,20,9.0
gyeongwon-1901,방학역,1호선,상행,20,5,18,10.0
gyeongwon-1901,방학역,1호선,상행,21,6,18,10.0
gyeongwon-1901,방학역,1호선,상행,22,7,17,10.6
gyeongwon-1901,방학역,1호선,상행,23,4,13,13.8
gyeongwon-1901,방학역,1호선,상행,24,2,6,30.0
gyeongwon-1901,방학역,1호선,하행,5,4,9,20.0
gyeongwon-1901,방학역,1호선,하행,6,5,17,10.6
gyeongwon-1901,방학역,1호선,하행,7,8,21,8.6
gyeongwon-1901,방학역,1호선,하행,8,8,24,7.5
gyeongwon-1901,방학역,1호선,하행,9,8,23,7.8
gyeongwon-1901,방학역,1호선,하행,10,7,20,9.0
gyeongwon-1901,방학역,1호선,하행,11,5,19,9.5
gyeongwon-1901,방학역,1호선,하행,12,7,17,10.6
gyeongwon-1901,방학역,1호선,하행,13,5,17,10.6
gyeongwon-1901,방학역,1호선,하행,14,5,15,12.0
gyeongwon-1901,방학역,1호선,하행,15,5,16,11.2
gyeongwon-1901,방학역,1호선,하행,16,6,18,10.0
gyeongwon-1901,방학역,1호선,하행,17,7,19,9.5
gyeongwon-1901,방학역,1호선,하행,18,6,20,9.0
gyeongwon-1901,방학역,1호선,하행,19,7,19,9.5
gyeongwon-1901,방학역,1호선,하행,20,6,21,8.6
gyeongwon-1901,방학역,1호선,하행,21,8,19,9.5
gyeongwon-1901,방학역,1호선,하행,22,5,20,9.0
gyeongwon-1901,방학역,1호선,하행,23,7,15,12.0
gyeongwon-1901,방학역,1호선,하행,24,3,10,18.0
gyeongwon-1902,도봉역,1호선,상행,5,5,16,11.2
gyeongwon-1902,도봉역,1호선,상행,6,11,25,7.2
gyeongwon-1902,도봉역,1호선,상행,7,9,27,6.7
gyeongwon-1902,도봉역,1호선,상행,8,7,21,8.6
gyeongwon-1902,도봉역,1호선,상행,9,5,17,10.6
gyeongwon-1902,도봉역,1호선,상행,10,5,16,11.2
gyeongwon-1902,도봉역,1호선,상행,11,6,17,10.6
gyeongwon-1902,도봉역,1호선,상행,12,6,16,11.2
gyeongwon-1902,도봉역,1호선,상행,13,4,15,12.0
gyeongwon-1902,도봉역,1호선,상행,14,5,16,11.2
gyeongwon-1902,도봉역,1호선,상행,15,7,19,9.5
gyeongwon-1902,도봉역,1호선,상행,16,7,20,9.0
gyeongwon-1902,도봉역,1호선,상행,17,6,21,8.6
gyeongwon-1902,도봉역,1호선,상행,18,8,21,8.6
gyeongwon-1902,도봉역,1호선,상행,19,7,20,9.0
gyeongwon-1902,도봉역,1호선,상행,20,5,18,10.0
gyeongwon-1902,도봉역,1호선,상행,21,6,18,10.0
gyeongwon-1902,도봉역,1호선,상행,22,7,17,10.6
gyeongwon-1902,도봉역,1호선,상행,23,4,13,13.8
gyeongwon-1902,도봉역,1호선,상행,24,2,6,30.0
gyeongwon-1902,도봉역,1호선,하행,5,4,9,20.0
gyeongwon-1902,도봉역,1호선,하행,6,5,18,10.0
gyeongwon-1902,도봉역,1호선,하행,7,9,21,8.6
gyeongwon-1902,도봉역,1호선,하행,8,7,24,7.5
gyeongwon-1902,도봉역,1호선,하행,9,8,22,8.2
gyeongwon-1902,도봉역,1호선,하행,10,7,20,9.0
gyeongwon-1902,도봉역,1호선,하행,11,5,19,9.5
gyeongwon-1902,도봉역,1호선,하행,12,7,17,10.6
gyeongwon-1902,도봉역,1호선,하행,13,5,17,10.6
gyeongwon-1902,도봉역,1호선,하행,14,5,15,12.0
gyeongwon-1902,도봉역,1호선,하행,15,5,16,11.2
gyeongwon-1902,도봉역,1호선,하행,16,6,18,10.0
gyeongwon-1902,도봉역,1호선,하행,17,7,20,9.0
gyeongwon-1902,도봉역,1호선,하행,18,7,20,9.0
gyeongwon-1902,도봉역,1호선,하행,19,6,20,9.0
gyeongwon-1902,도봉역,1호선,하행,20,7,20,9.0
gyeongwon-1902,도봉역,1호선,하행,21,7,19,9.5
gyeongwon-1902,도봉역,1호선,하행,22,5,20,9.0
gyeongwon-1902,도봉역,1호선,하행,23,8,15,12.0
gyeongwon-1902,도봉역,1호선,하행,24,2,10,18.0
gyeongwon-1903,도봉산역,1호선,상행,5,5,16,11.2
gyeongwon-1903,도봉산역,1호선,상행,6,11,26,6.9
gyeongwon-1903,도봉산역,1호선,상행,7,10,27,6.7
gyeongwon-1903,도봉산역,1호선,상행,8,6,23,7.8
gyeongwon-1903,도봉산역,1호선,상행,9,7,19,9.5
gyeongwon-1903,도봉산역,1호선,상행,10,6,20,9.0
gyeongwon-1903,도봉산역,1호선,상행,11,7,19,9.5
gyeongwon-1903,도봉산역,1호선,상행,12,6,19,9.5
gyeongwon-1903,도봉산역,1호선,상행,13,6,18,10.0
gyeongwon-1903,도봉산역,1호선,상행,14,6,19,9.5
gyeongwon-1903,도봉산역,1호선,상행,15,7,19,9.5
gyeongwon-1903,도봉산역,1호선,상행,16,6,20,9.0
gyeongwon-1903,도봉산역,1호선,상행,17,7,20,9.0
gyeongwon-1903,도봉산역,1호선,상행,18,7,22,8.2
gyeongwon-1903,도봉산역,1호선,상행,19,8,20,9.0
gyeongwon-1903,도봉산역,1호선,상행,20,5,19,9.5
gyeongwon-1903,도봉산역,1호선,상행,21,6,17,10.6
gyeongwon-1903,도봉산역,1호선,상행,22,6,17,10.6
gyeongwon-1903,도봉산역,1호선,상행,23,5,13,13.8
gyeongwon-1903,도봉산역,1호선,상행,24,2,7,25.7
gyeongwon-1903,도봉산역,1호선,하행,5,4,10,18.0
gyeongwon-1903,도봉산역,1호선,하행,6,6,19,9.5
gyeongwon-1903,도봉산역,1호선,하행,7,9,23,7.8
gyeongwon-1903,도봉산역,1호선,하행,8,8,26,6.9
gyeongwon-1903,도봉산역,1호선,하행,9,9,25,7.2
gyeongwon-1903,도봉산역,1호선,하행,10,8,22,8.2
gyeongwon-1903,도봉산역,1호선,하행,11,5,21,8.6
gyeongwon-1903,도봉산역,1호선,하행,12,8,19,9.5
gyeongwon-1903,도봉산역,1호선,하행,13,6,19,9.5
gyeongwon-1903,도봉산역,1호선,하행,14,5,18,10.0
gyeongwon-1903,도봉산역,1호선,하행,15,7,18,10.0
gyeongwon-1903,도봉산역,1호선,하행,16,6,20,9.0
gyeongwon-1903,도봉산역,1호선,하행,17,7,20,9.0
gyeongwon-1903,도봉산역,1호선,하행,18,7,21,8.6
gyeongwon-1903,도봉산역,1호선,하행,19,7,20,9.0
gyeongwon-1903,도봉산역,1호선,하행,20,6,20,9.0
gyeongwon-1903,도봉산역,1호선,하행,21,7,19,9.5
gyeongwon-1903,도봉산역,1호선,하행,22,6,20,9.0
gyeongwon-1903,도봉산역,1호선,하행,23,7,15,12.0
gyeongwon-1903,도봉산역,1호선,하행,24,2,9,20.0
gyeongwon-1904,망월사역,1호선,상행,5,4,15,12.0
gyeongwon-1904,망월사역,1호선,상행,6,11,24,7.5
gyeongwon-1904,망월사역,1호선,상행,7,9,27,6.7
gyeongwon-1904,망월사역,1호선,상행,8,7,22,8.2
gyeongwon-1904,망월사역,1호선,상행,9,6,17,10.6
gyeongwon-1904,망월사역,1호선,상행,10,4,16,11.2
gyeongwon-1904,망월사역,1호선,상행,11,6,16,11.2
gyeongwon-1904,망월사역,1호선,상행,12,6,17,10.6
gyeongwon-1904,망월사역,1호선,상행,13,5,15,12.0
gyeongwon-1904,망월사역,1호선,상행,14,4,16,11.2
gyeongwon-1904,망월사역,1호선,상행,15,7,18,10.0
gyeongwon-1904,망월사역,1호선,상행,16,7,21,8.6
gyeongwon-1904,망월사역,1호선,상행,17,7,21,8.6
gyeongwon-1904,망월사역,1호선,상행,18,7,21,8.6
gyeongwon-1904,망월사역,1호선,상행,19,7,20,9.0
gyeongwon-1904,망월사역,1호선,상행,20,6,19,9.5
gyeongwon-1904,망월사역,1호선,상행,21,6,18,10.0
gyeongwon-1904,망월사역,1호선,상행,22,6,16,11.2
gyeongwon-1904,망월사역,1호선,상행,23,4,13,13.8
gyeongwon-1904,망월사역,1호선,상행,24,3,7,25.7
gyeongwon-1904,망월사역,1호선,하행,5,4,10,18.0
gyeongwon-1904,망월사역,1호선,하행,6,6,18,10.0
gyeongwon-1904,망월사역,1호선,하행,7,8,22,8.2
gyeongwon-1904,망월사역,1호선,하행,8,8,25,7.2
gyeongwon-1904,망월사역,1호선,하행,9,9,23,7.8
gyeongwon-1904,망월사역,1호선,하행,10,6,20,9.0
gyeongwon-1904,망월사역,1호선,하행,11,5,17,10.6
gyeongwon-1904,망월사역,1호선,하행,12,6,16,11.2
gyeongwon-1904,망월사역,1호선,하행,13,5,16,11.2
gyeongwon-1904,망월사역,1호선,하행,14,5,15,12.0
gyeongwon-1904,망월사역,1호선,하행,15,5,17,10.6
gyeongwon-1904,망월사역,1호선,하행,16,7,18,10.0
gyeongwon-1904,망월사역,1호선,하행,17,6,20,9.0
gyeongwon-1904,망월사역,1호선,하행,18,7,20,9.0
gyeongwon-1904,망월사역,1호선,하행,19,7,20,9.0
gyeongwon-1904,망월사역,1호선,하행,20,6,20,9.0
gyeongwon-1904,망월사역,1호선,하행,21,7,19,9.5
gyeongwon-1904,망월사역,1호선,하행,22,6,20,9.0
gyeongwon-1904,망월사역,1호선,하행,23,7,15,12.0
gyeongwon-1904,망월사역,1호선,하행,24,2,9,20.0
gyeongwon-1905,회룡역,1호선,상행,5,4,15,12.0
gyeongwon-1905,회룡역,1호선,상행,6,11,25,7.2
gyeongwon-1905,회룡역,1호선,상행,7,10,28,6.4
gyeongwon-1905,회룡역,1호선,상행,8,7,24,7.5
gyeongwon-1905,회룡역,1호선,상행,9,7,19,9.5
gyeongwon-1905,회룡역,1호선,상행,10,5,19,9.5
gyeongwon-1905,회룡역,1호선,상행,11,7,19,9.5
gyeongwon-1905,회룡역,1호선,상행,12,7,20,9.0
gyeongwon-1905,회룡역,1호선,상행,13,6,18,10.0
gyeongwon-1905,회룡역,1호선,상행,14,5,18,10.0
gyeongwon-1905,회룡역,1호선,상행,15,7,19,9.5
gyeongwon-1905,회룡역,1호선,상행,16,7,21,8.6
gyeongwon-1905,회룡역,1호선,상행,17,7,21,8.6
gyeongwon-1905,회룡역,1호선,상행,18,7,21,8.6
gyeongwon-1905,회룡역,1호선,상행,19,7,19,9.5
gyeongwon-1905,회룡역,1호선,상행,20,5,19,9.5
gyeongwon-1905,회룡역,1호선,상행,21,7,18,10.0
gyeongwon-1905,회룡역,1호선,상행,22,6,17,10.6
gyeongwon-1905,회룡역,1호선,상행,23,4,13,13.8
gyeongwon-1905,회룡역,1호선,상행,24,3,7,25.7
gyeongwon-1905,회룡역,1호선,하행,5,4,10,18.0
gyeongwon-1905,회룡역,1호선,하행,6,6,20,9.0
gyeongwon-1905,회룡역,1호선,하행,7,10,25,7.2
gyeongwon-1905,회룡역,1호선,하행,8,9,27,6.7
gyeongwon-1905,회룡역,1호선,하행,9,8,24,7.5
gyeongwon-1905,회룡역,1호선,하행,10,7,21,8.6
gyeongwon-1905,회룡역,1호선,하행,11,6,21,8.6
gyeongwon-1905,회룡역,1호선,하행,12,8,19,9.5
gyeongwon-1905,회룡역,1호선,하행,13,5,19,9.5
gyeongwon-1905,회룡역,1호선,하행,14,6,18,10.0
gyeongwon-1905,회룡역,1호선,하행,15,7,19,9.5
gyeongwon-1905,회룡역,1호선,하행,16,6,20,9.0
gyeongwon-1905,회룡역,1호선,하행,17,7,19,9.5
gyeongwon-1905,회룡역,1호선,하행,18,6,20,9.0
gyeongwon-1905,회룡역,1호선,하행,19,7,19,9.5
gyeongwon-1905,회룡역,1호선,하행,20,6,20,9.0
gyeongwon-1905,회룡역,1호선,하행,21,7,20,9.0
gyeongwon-1905,회룡역,1호선,하행,22,7,20,9.0
gyeongwon-1905,회룡역,1호선,하행,23,6,15,12.0
gyeongwon-1905,회룡역,1호선,하행,24,2,8,22.5
gyeongwon-1906,의정부역,1호선,상행,5,4,11,16.4
gyeongwon-1906,의정부역,1호선,상행,6,7,22,8.2
gyeongwon-1906,의정부역,1호선,상행,7,11,23,7.8
gyeongwon-1906,의정부역,1호선,상행,8,5,22,8.2
gyeongwon-1906,의정부역,1호선,상행,9,6,15,12.0
gyeongwon-1906,의정부역,1호선,상행,10,4,16,11.2
gyeongwon-1906,의정부역,1호선,상행,11,6,14,12.9
gyeongwon-1906,의정부역,1호선,상행,12,4,15,12.0
gyeongwon-1906,의정부역,1호선,상행,13,5,14,12.9
gyeongwon-1906,의정부역,1호선,상행,14,5,15,12.0
gyeongwon-1906,의정부역,1호선,상행,15,5,14,12.9
gyeongwon-1906,의정부역,1호선,상행,16,4,14,12.9
gyeongwon-1906,의정부역,1호선,상행,17,5,15,12.0
gyeongwon-1906,의정부역,1호선,상행,18,6,18,10.0
gyeongwon-1906,의정부역,1호선,상행,19,7,17,10.6
gyeongwon-1906,의정부역,1호선,상행,20,4,17,10.6
gyeongwon-1906,의정부역,1호선,상행,21,6,14,12.9
gyeongwon-1906,의정부역,1호선,상행,22,4,13,13.8
gyeongwon-1906,의정부역,1호선,상행,23,3,9,20.0
gyeongwon-1906,의정부역,1호선,상행,24,2,5,36.0
gyeongwon-1906,의정부역,1호선,하행,5,4,11,16.4
gyeongwon-1906,의정부역,1호선,하행,6,7,20,9.0
gyeongwon-1906,의정부역,1호선,하행,7,9,25,7.2
gyeongwon-1906,의정부역,1호선,하행,8,9,26,6.9
gyeongwon-1906,의정부역,1호선,하행,9,8,24,7.5
gyeongwon-1906,의정부역,1호선,하행,10,7,21,8.6
gyeongwon-1906,의정부역,1호선,하행,11,6,21,8.6
gyeongwon-1906,의정부역,1호선,하행,12,8,20,9.0
gyeongwon-1906,의정부역,1호선,하행,13,6,20,9.0
gyeongwon-1906,의정부역,1호선,하행,14,6,18,10.0
gyeongwon-1906,의정부역,1호선,하행,15,6,18,10.0
gyeongwon-1906,의정부역,1호선,하행,16,6,19,9.5
gyeongwon-1906,의정부역,1호선,하행,17,7,20,9.0
gyeongwon-1906,의정부역,1호선,하행,18,7,20,9.0
gyeongwon-1906,의정부역,1호선,하행,19,6,20,9.0
gyeongwon-1906,의정부역,1호선,하행,20,7,20,9.0
gyeongwon-1906,의정부역,1호선,하행,21,7,20,9.0
gyeongwon-1906,의정부역,1호선,하행,22,6,19,9.5
gyeongwon-1906,의정부역,1호선,하행,23,6,14,12.9
gyeongwon-1906,의정부역,1호선,하행,24,2,8,22.5
gyeongwon-1907,가능역,1호선,상행,5,4,11,16.4
gyeongwon-1907,가능역,1호선,상행,6,7,20,9.0
gyeongwon-1907,가능역,1호선,상행,7,9,22,8.2
gyeongwon-1907,가능역,1호선,상행,8,6,19,9.5
gyeongwon-1907,가능역,1호선,상행,9,4,14,12.9
gyeongwon-1907,가능역,1호선,상행,10,4,12,15.0
gyeongwon-1907,가능역,1호선,상행,11,4,12,15.0
gyeongwon-1907,가능역,1호선,상행,12,4,12,15.0
gyeongwon-1907,가능역,1호선,상행,13,4,12,15.0
gyeongwon-1907,가능역,1호선,상행,14,4,13,13.8
gyeongwon-1907,가능역,1호선,상행,15,5,13,13.8
gyeongwon-1907,가능역,1호선,상행,16,4,14,12.9
gyeongwon-1907,가능역,1호선,상행,17,5,15,12.0
gyeongwon-1907,가능역,1호선,상행,18,6,17,10.6
gyeongwon-1907,가능역,1호선,상행,19,6,17,10.6
gyeongwon-1907,가능역,1호선,상행,20,5,16,11.2
gyeongwon-1907,가능역,1호선,상행,21,5,15,12.0
gyeongwon-1907,가능역,1호선,상행,22,5,13,13.8
gyeongwon-1907,가능역,1호선,상행,23,3,10,18.0
gyeongwon-1907,가능역,1호선,상행,24,2,5,36.0
gyeongwon-1907,가능역,1호선,하행,5,3,8,22.5
gyeongwon-1907,가능역,1호선,하행,6,5,15,12.0
gyeongwon-1907,가능역,1호선,하행,7,7,19,9.5
gyeongwon-1907,가능역,1호선,하행,8,7,21,8.6
gyeongwon-1907,가능역,1호선,하행,9,7,19,9.5
gyeongwon-1907,가능역,1호선,하행,10,5,16,11.2
gyeongwon-1907,가능역,1호선,하행,11,4,13,13.8
gyeongwon-1907,가능역,1호선,하행,12,4,12,15.0
gyeongwon-1907,가능역,1호선,하행,13,4,12,15.0
gyeongwon-1907,가능역,1호선,하행,14,4,11,16.4
gyeongwon-1907,가능역,1호선,하행,15,3,12,15.0
gyeongwon-1907,가능역,1호선,하행,16,5,12,15.0
gyeongwon-1907,가능역,1호선,하행,17,4,15,12.0
gyeongwon-1907,가능역,1호선,하행,18,6,16,11.2
gyeongwon-1907,가능역,1호선,하행,19,6,19,9.5
gyeongwon-1907,가능역,1호선,하행,20,7,17,10.6
gyeongwon-1907,가능역,1호선,하행,21,4,16,11.2
gyeongwon-1907,가능역,1호선,하행,22,5,14,12.9
gyeongwon-1907,가능역,1호선,하행,23,5,11,16.4
gyeongwon-1907,가능역,1호선,하행,24,1,6,30.0
gyeongwon-1908,녹양역,1호선,상행,5,4,11,16.4
gyeongwon-1908,녹양역,1호선,상행,6,7,20,9.0
gyeongwon-1908,녹양역,1호선,상행,7,9,21,8.6
gyeongwon-1908,녹양역,1호선,상행,8,5,19,9.5
gyeongwon-1908,녹양역,1호선,상행,9,5,13,13.8
gyeongwon-1908,녹양역,1호선,상행,10,3,13,13.8
gyeongwon-1908,녹양역,1호선,상행,11,5,12,15.0
gyeongwon-1908,녹양역,1호선,상행,12,4,13,13.8
gyeongwon-1908,녹양역,1호선,상행,13,4,11,16.4
gyeongwon-1908,녹양역,1호선,상행,14,3,12,15.0
gyeongwon-1908,녹양역,1호선,상행,15,5,13,13.8
gyeongwon-1908,녹양역,1호선,상행,16,5,15,12.0
gyeongwon-1908,녹양역,1호선,상행,17,5,16,11.2
gyeongwon-1908,녹양역,1호선,상행,18,6,17,10.6
gyeongwon-1908,녹양역,1호선,상행,19,6,17,10.6
gyeongwon-1908,녹양역,1호선,상행,20,5,16,11.2
gyeongwon-1908,녹양역,1호선,상행,21,5,15,12.0
gyeongwon-1908,녹양역,1호선,상행,22,5,13,13.8
gyeongwon-1908,녹양역,1호선,상행,23,3,10,18.0
gyeongwon-1908,녹양역,1호선,상행,24,2,5,36.0
gyeongwon-1908,녹양역,1호선,하행,5,4,8,22.5
gyeongwon-1908,녹양역,1호선,하행,6,4,16,11.2
gyeongwon-1908,녹양역,1호선,하행,7,8,19,9.5
gyeongwon-1908,녹양역,1호선,하행,8,7,21,8.6
gyeongwon-1908,녹양역,1호선,하행,9,6,18,10.0
gyeongwon-1908,녹양역,1호선,하행,10,5,15,12.0
gyeongwon-1908,녹양역,1호선,하행,11,4,13,13.8
gyeongwon-1908,녹양역,1호선,하행,12,4,12,15.0
gyeongwon-1908,녹양역,1호선,하행,13,4,12,15.0
gyeongwon-1908,녹양역,1호선,하행,14,4,12,15.0
gyeongwon-1908,녹양역,1호선,하행,15,4,12,15.0
gyeongwon-1908,녹양역,1호선,하행,16,4,13,13.8
gyeongwon-1908,녹양역,1호선,하행,17,5,14,12.9
gyeongwon-1908,녹양역,1호선,하행,18,5,16,11.2
gyeongwon-1908,녹양역,1호선,하행,19,6,18,10.0
gyeongwon-1908,녹양역,1호선,하행,20,7,17,10.6
gyeongwon-1908,녹양역,1호선,하행,21,4,17,10.6
gyeongwon-1908,녹양역,1호선,하행,22,6,14,12.9
gyeongwon-1908,녹양역,1호선,하행,23,4,11,16.4
gyeongwon-1908,녹양역,1호선,하행,24,1,5,36.0
gyeongwon-1909,양주역,1호선,상행,5,2,8,22.5
gyeongwon-1909,양주역,1호선,상행,6,6,16,11.2
gyeongwon-1909,양주역,1호선,상행,7,8,19,9.5
gyeongwon-1909,양주역,1호선,상행,8,5,16,11.2
gyeongwon-1909,양주역,1호선,상행,9,3,11,16.4
gyeongwon-1909,양주역,1호선,상행,10,3,10,18.0
gyeongwon-1909,양주역,1호선,상행,11,4,10,18.0
gyeongwon-1909,양주역,1호선,상행,12,3,9,20.0
gyeongwon-1909,양주역,1호선,상행,13,2,8,22.5
gyeongwon-1909,양주역,1호선,상행,14,3,8,22.5
gyeongwon-1909,양주역,1호선,상행,15,3,10,18.0
gyeongwon-1909,양주역,1호선,상행,16,4,9,20.0
gyeongwon-1909,양주역,1호선,상행,17,2,10,18.0
gyeongwon-1909,양주역,1호선,상행,18,4,10,18.0
gyeongwon-1909,양주역,1호선,상행,19,4,11,16.4
gyeongwon-1909,양주역,1호선,상행,20,3,10,18.0
gyeongwon-1909,양주역,1호선,상행,21,3,9,20.0
gyeongwon-1909,양주역,1호선,상행,22,3,8,22.5
gyeongwon-1909,양주역,1호선,상행,23,2,6,30.0
gyeongwon-1909,양주역,1호선,상행,24,1,3,60.0
gyeongwon-1909,양주역,1호선,하행,5,4,8,22.5
gyeongwon-1909,양주역,1호선,하행,6,4,17,10.6
gyeongwon-1909,양주역,1호선,하행,7,9,21,8.6
gyeongwon-1909,양주역,1호선,하행,8,8,24,7.5
gyeongwon-1909,양주역,1호선,하행,9,7,20,9.0
gyeongwon-1909,양주역,1호선,하행,10,5,17,10.6
gyeongwon-1909,양주역,1호선,하행,11,5,16,11.2
gyeongwon-1909,양주역,1호선,하행,12,6,15,12.0
gyeongwon-1909,양주역,1호선,하행,13,4,15,12.0
gyeongwon-1909,양주역,1호선,하행,14,5,14,12.9
gyeongwon-1909,양주역,1호선,하행,15,5,14,12.9
gyeongwon-1909,양주역,1호선,하행,16,4,14,12.9
gyeongwon-1909,양주역,1호선,하행,17,5,15,12.0
gyeongwon-1909,양주역,1호선,하행,18,6,16,11.2
gyeongwon-1909,양주역,1호선,하행,19,5,18,10.0
gyeongwon-1909,양주역,1호선,하행,20,7,16,11.2
gyeongwon-1909,양주역,1호선,하행,21,4,17,10.6
gyeongwon-1909,양주역,1호선,하행,22,6,14,12.9
gyeongwon-1909,양주역,1호선,하행,23,4,11,16.4
gyeongwon-1909,양주역,1호선,하행,24,1,5,36.0
gyeongwon-1910,덕계역,1호선,상행,5,2,8,22.5
gyeongwon-1910,덕계역,1호선,상행,6,6,14,12.9
gyeongwon-1910,덕계역,1호선,상행,7,6,17,10.6
gyeongwon-1910,덕계역,1호선,상행,8,5,14,12.9
gyeongwon-1910,덕계역,1호선,상행,9,3,10,18.0
gyeongwon-1910,덕계역,1호선,상행,10,2,7,25.7
gyeongwon-1910,덕계역,1호선,상행,11,2,6,30.0
gyeongwon-1910,덕계역,1호선,상행,12,2,6,30.0
gyeongwon-1910,덕계역,1호선,상행,13,2,6,30.0
gyeongwon-1910,덕계역,1호선,상행,14,2,7,25.7
gyeongwon-1910,덕계역,1호선,상행,15,3,8,22.5
gyeongwon-1910,덕계역,1호선,상행,16,3,9,20.0
gyeongwon-1910,덕계역,1호선,상행,17,3,10,18.0
gyeongwon-1910,덕계역,1호선,상행,18,4,11,16.4
gyeongwon-1910,덕계역,1호선,상행,19,4,11,16.4
gyeongwon-1910,덕계역,1호선,상행,20,3,10,18.0
gyeongwon-1910,덕계역,1호선,상행,21,3,8,22.5
gyeongwon-1910,덕계역,1호선,상행,22,2,8,22.5
gyeongwon-1910,덕계역,1호선,상행,23,3,6,30.0
gyeongwon-1910,덕계역,1호선,상행,24,1,4,45.0
gyeongwon-1910,덕계역,1호선,하행,5,1,4,45.0
gyeongwon-1910,덕계역,1호선,하행,6,3,10,18.0
gyeongwon-1910,덕계역,1호선,하행,7,6,16,11.2
gyeongwon-1910,덕계역,1호선,하행,8,7,17,10.6
gyeongwon-1910,덕계역,1호선,하행,9,4,14,12.9
gyeongwon-1910,덕계역,1호선,하행,10,3,9,20.0
gyeongwon-1910,덕계역,1호선,하행,11,2,7,25.7
gyeongwon-1910,덕계역,1호선,하행,12,2,6,30.0
gyeongwon-1910,덕계역,1호선,하행,13,2,5,36.0
gyeongwon-1910,덕계역,1호선,하행,14,1,6,30.0
gyeongwon-1910,덕계역,1호선,하행,15,3,7,25.7
gyeongwon-1910,덕계역,1호선,하행,16,3,9,20.0
gyeongwon-1910,덕계역,1호선,하행,17,3,9,20.0
gyeongwon-1910,덕계역,1호선,하행,18,3,9,20.0
gyeongwon-1910,덕계역,1호선,하행,19,3,10,18.0
gyeongwon-1910,덕계역,1호선,하행,20,4,10,18.0
gyeongwon-1910,덕계역,1호선,하행,21,3,11,16.4
gyeongwon-1910,덕계역,1호선,하행,22,4,9,20.0
gyeongwon-1910,덕계역,1호선,하행,23,2,7,25.7
gyeongwon-1910,덕계역,1호선,하행,24,1,3,60.0
gyeongwon-1911,덕정역,1호선,상행,5,1,8,22.5
gyeongwon-1911,덕정역,1호선,상행,6,7,15,12.0
gyeongwon-1911,덕정역,1호선,상행,7,7,19,9.5
gyeongwon-1911,덕정역,1호선,상행,8,5,16,11.2
gyeongwon-1911,덕정역,1호선,상행,9,4,12,15.0
gyeongwon-1911,덕정역,1호선,상행,10,3,10,18.0
gyeongwon-1911,덕정역,1호선,상행,11,3,9,20.0
gyeongwon-1911,덕정역,1호선,상행,12,3,9,20.0
gyeongwon-1911,덕정역,1호선,상행,13,3,9,20.0
gyeongwon-1911,덕정역,1호선,상행,14,3,9,20.0
gyeongwon-1911,덕정역,1호선,상행,15,3,9,20.0
gyeongwon-1911,덕정역,1호선,상행,16,3,9,20.0
gyeongwon-1911,덕정역,1호선,상행,17,3,10,18.0
gyeongwon-1911,덕정역,1호선,상행,18,4,11,16.4
gyeongwon-1911,덕정역,1호선,상행,19,4,11,16.4
gyeongwon-1911,덕정역,1호선,상행,20,3,10,18.0
gyeongwon-1911,덕정역,1호선,상행,21,3,8,22.5
gyeongwon-1911,덕정역,1호선,상행,22,2,8,22.5
gyeongwon-1911,덕정역,1호선,상행,23,3,6,30.0
gyeongwon-1911,덕정역,1호선,상행,24,1,4,45.0
gyeongwon-1911,덕정역,1호선,하행,5,1,5,36.0
gyeongwon-1911,덕정역,1호선,하행,6,4,12,15.0
gyeongwon-1911,덕정역,1호선,하행,7,7,18,10.0
gyeongwon-1911,덕정역,1호선,하행,8,7,18,10.0
gyeongwon-1911,덕정역,1호선,하행,9,4,15,12.0
gyeongwon-1911,덕정역,1호선,하행,10,4,11,16.4
gyeongwon-1911,덕정역,1호선,하행,11,3,10,18.0
gyeongwon-1911,덕정역,1호선,하행,12,3,9,20.0
gyeongwon-1911,덕정역,1호선,하행,13,3,9,20.0
gyeongwon-1911,덕정역,1호선,하행,14,3,9,20.0
gyeongwon-1911,덕정역,1호선,하행,15,3,9,20.0
gyeongwon-1911,덕정역,1호선,하행,16,3,9,20.0
gyeongwon-1911,덕정역,1호선,하행,17,3,9,20.0
gyeongwon-1911,덕정역,1호선,하행,18,3,9,20.0
gyeongwon-1911,덕정역,1호선,하행,19,3,10,18.0
gyeongwon-1911,덕정역,1호선,하행,20,4,10,18.0
gyeongwon-1911,덕정역,1호선,하행,21,3,11,16.4
gyeongwon-1911,덕정역,1호선,하행,22,4,9,20.0
gyeongwon-1911,덕정역,1호선,하행,23,2,7,25.7
gyeongwon-1911,덕정역,1호선,하행,24,1,3,60.0
gyeongwon-1912,지행역,1호선,상행,5,1,7,25.7
gyeongwon-1912,지행역,1호선,상행,6,6,14,12.9
gyeongwon-1912,지행역,1호선,상행,7,7,19,9.5
gyeongwon-1912,지행역,1호선,상행,8,6,17,10.6
gyeongwon-1912,지행역,1호선,상행,9,4,13,13.8
gyeongwon-1912,지행역,1호선,상행,10,3,10,18.0
gyeongwon-1912,지행역,1호선,상행,11,3,9,20.0
gyeongwon-1912,지행역,1호선,상행,12,3,8,22.5
gyeongwon-1912,지행역,1호선,상행,13,2,9,20.0
gyeongwon-1912,지행역,1호선,상행,14,4,9,20.0
gyeongwon-1912,지행역,1호선,상행,15,3,10,18.0
gyeongwon-1912,지행역,1호선,상행,16,3,9,20.0
gyeongwon-1912,지행역,1호선,상행,17,3,10,18.0
gyeongwon-1912,지행역,1호선,상행,18,4,10,18.0
gyeongwon-1912,지행역,1호선,상행,19,3,10,18.0
gyeongwon-1912,지행역,1호선,상행,20,3,10,18.0
gyeongwon-1912,지행역,1호선,상행,21,4,9,20.0
gyeongwon-1912,지행역,1호선,상행,22,2,8,22.5
gyeongwon-1912,지행역,1호선,상행,23,2,6,30.0
gyeongwon-1912,지행역,1호선,상행,24,2,4,45.0
gyeongwon-1912,지행역,1호선,하행,5,2,6,30.0
gyeongwon-1912,지행역,1호선,하행,6,4,12,15.0
gyeongwon-1912,지행역,1호선,하행,7,6,17,10.6
gyeongwon-1912,지행역,1호선,하행,8,7,17,10.6
gyeongwon-1912,지행역,1호선,하행,9,4,15,12.0
gyeongwon-1912,지행역,1호선,하행,10,4,11,16.4
gyeongwon-1912,지행역,1호선,하행,11,3,10,18.0
gyeongwon-1912,지행역,1호선,하행,12,3,9,20.0
gyeongwon-1912,지행역,1호선,하행,13,3,9,20.0
gyeongwon-1912,지행역,1호선,하행,14,3,9,20.0
gyeongwon-1912,지행역,1호선,하행,15,3,9,20.0
gyeongwon-1912,지행역,1호선,하행,16,3,9,20.0
gyeongwon-1912,지행역,1호선,하행,17,3,9,20.0
gyeongwon-1912,지행역,1호선,하행,18,3,9,20.0
gyeongwon-1912,지행역,1호선,하행,19,3,10,18.0
gyeongwon-1912,지행역,1호선,하행,20,4,11,16.4
gyeongwon-1912,지행역,1호선,하행,21,4,11,16.4
gyeongwon-1912,지행역,1호선,하행,22,3,10,18.0
gyeongwon-1912,지행역,1호선,하행,23,3,6,30.0
gyeongwon-1913,동두천중앙역,1호선,상행,5,1,7,25.7
gyeongwon-1913,동두천중앙역,1호선,상행,6,6,14,12.9
gyeongwon-1913,동두천중앙역,1호선,상행,7,7,19,9.5
gyeongwon-1913,동두천중앙역,1호선,상행,8,6,17,10.6
gyeongwon-1913,동두천중앙역,1호선,상행,9,4,13,13.8
gyeongwon-1913,동두천중앙역,1호선,상행,10,3,10,18.0
gyeongwon-1913,동두천중앙역,1호선,상행,11,3,9,20.0
gyeongwon-1913,동두천중앙역,1호선,상행,12,3,8,22.5
gyeongwon-1913,동두천중앙역,1호선,상행,13,2,8,22.5
gyeongwon-1913,동두천중앙역,1호선,상행,14,3,9,20.0
gyeongwon-1913,동두천중앙역,1호선,상행,15,4,10,18.0
gyeongwon-1913,동두천중앙역,1호선,상행,16,3,10,18.0
gyeongwon-1913,동두천중앙역,1호선,상행,17,3,9,20.0
gyeongwon-1913,동두천중앙역,1호선,상행,18,3,10,18.0
gyeongwon-1913,동두천중앙역,1호선,상행,19,4,10,18.0
gyeongwon-1913,동두천중앙역,1호선,상행,20,3,10,18.0
gyeongwon-1913,동두천중앙역,1호선,상행,21,3,9,20.0
gyeongwon-1913,동두천중앙역,1호선,상행,22,3,8,22.5
gyeongwon-1913,동두천중앙역,1호선,상행,23,2,7,25.7
gyeongwon-1913,동두천중앙역,1호선,상행,24,2,4,45.0
gyeongwon-1913,동두천중앙역,1호선,하행,5,2,6,30.0
gyeongwon-1913,동두천중앙역,1호선,하행,6,4,12,15.0
gyeongwon-1913,동두천중앙역,1호선,하행,7,6,17,10.6
gyeongwon-1913,동두천중앙역,1호선,하행,8,7,17,10.6
gyeongwon-1913,동두천중앙역,1호선,하행,9,4,16,11.2
gyeongwon-1913,동두천중앙역,1호선,하행,10,5,11,16.4
gyeongwon-1913,동두천중앙역,1호선,하행,11,2,10,18.0
gyeongwon-1913,동두천중앙역,1호선,하행,12,3,8,22.5
gyeongwon-1913,동두천중앙역,1호선,하행,13,3,9,20.0
gyeongwon-1913,동두천중앙역,1호선,하행,14,3,9,20.0
gyeongwon-1913,동두천중앙역,1호선,하행,15,3,9,20.0
gyeongwon-1913,동두천중앙역,1호선,하행,16,3,10,18.0
gyeongwon-1913,동두천중앙역,1호선,하행,17,4,9,20.0
gyeongwon-1913,동두천중앙역,1호선,하행,18,2,10,18.0
gyeongwon-1913,동두천중앙역,1호선,하행,19,4,10,18.0
gyeongwon-1913,동두천중앙역,1호선,하행,20,4,11,16.4
gyeongwon-1913,동두천중앙역,1호선,하행,21,3,10,18.0
gyeongwon-1913,동두천중앙역,1호선,하행,22,3,9,20.0
gyeongwon-1913,동두천중앙역,1호선,하행,23,3,6,30.0
gyeongwon-1914,보산역,1호선,상행,5,1,7,25.7
gyeongwon-1914,보산역,1호선,상행,6,6,13,13.8
gyeongwon-1914,보산역,1호선,상행,7,6,18,10.0
gyeongwon-1914,보산역,1호선,상행,8,6,15,12.0
gyeongwon-1914,보산역,1호선,상행,9,3,11,16.4
gyeongwon-1914,보산역,1호선,상행,10,2,7,25.7
gyeongwon-1914,보산역,1호선,상행,11,2,5,36.0
gyeongwon-1914,보산역,1호선,상행,12,1,5,36.0
gyeongwon-1914,보산역,1호선,상행,13,2,5,36.0
gyeongwon-1914,보산역,1호선,상행,14,2,8,22.5
gyeongwon-1914,보산역,1호선,상행,15,4,9,20.0
gyeongwon-1914,보산역,1호선,상행,16,3,10,18.0
gyeongwon-1914,보산역,1호선,상행,17,3,9,20.0
gyeongwon-1914,보산역,1호선,상행,18,3,10,18.0
gyeongwon-1914,보산역,1호선,상행,19,4,10,18.0
gyeongwon-1914,보산역,1호선,상행,20,3,10,18.0
gyeongwon-1914,보산역,1호선,상행,21,3,9,20.0
gyeongwon-1914,보산역,1호선,상행,22,3,8,22.5
gyeongwon-1914,보산역,1호선,상행,23,2,7,25.7
gyeongwon-1914,보산역,1호선,상행,24,2,4,45.0
gyeongwon-1914,보산역,1호선,하행,5,2,5,36.0
gyeongwon-1914,보산역,1호선,하행,6,3,12,15.0
gyeongwon-1914,보산역,1호선,하행,7,7,15,12.0
gyeongwon-1914,보산역,1호선,하행,8,5,17,10.6
gyeongwon-1914,보산역,1호선,하행,9,5,13,13.8
gyeongwon-1914,보산역,1호선,하행,10,3,9,20.0
gyeongwon-1914,보산역,1호선,하행,11,1,6,30.0
gyeongwon-1914,보산역,1호선,하행,12,2,5,36.0
gyeongwon-1914,보산역,1호선,하행,13,2,6,30.0
gyeongwon-1914,보산역,1호선,하행,14,2,6,30.0
gyeongwon-1914,보산역,1호선,하행,15,2,7,25.7
gyeongwon-1914,보산역,1호선,하행,16,3,9,20.0
gyeongwon-1914,보산역,1호선,하행,17,4,10,18.0
gyeongwon-1914,보산역,1호선,하행,18,3,10,18.0
gyeongwon-1914,보산역,1호선,하행,19,3,10,18.0
gyeongwon-1914,보산역,1호선,하행,20,4,10,18.0
gyeongwon-1914,보산역,1호선,하행,21,3,10,18.0
gyeongwon-1914,보산역,1호선,하행,22,3,9,20.0
gyeongwon-1914,보산역,1호선,하행,23,3,6,30.0
gyeongwon-1915,동두천역,1호선,상행,5,1,3,60.0
gyeongwon-1915,동두천역,1호선,상행,6,2,4,45.0
gyeongwon-1915,동두천역,1호선,상행,7,1,5,36.0
gyeongwon-1915,동두천역,1호선,상행,8,2,5,36.0
gyeongwon-1915,동두천역,1호선,상행,9,2,6,30.0
gyeongwon-1915,동두천역,1호선,상행,10,2,6,30.0
gyeongwon-1915,동두천역,1호선,상행,11,2,6,30.0
gyeongwon-1915,동두천역,1호선,상행,12,2,6,30.0
gyeongwon-1915,동두천역,1호선,상행,13,2,6,30.0
gyeongwon-1915,동두천역,1호선,상행,14,2,6,30.0
gyeongwon-1915,동두천역,1호선,상행,15,2,7,25.7
gyeongwon-1915,동두천역,1호선,상행,16,3,7,25.7
gyeongwon-1915,동두천역,1호선,상행,17,2,7,25.7
gyeongwon-1915,동두천역,1호선,상행,18,2,5,36.0
gyeongwon-1915,동두천역,1호선,상행,19,1,5,36.0
gyeongwon-1915,동두천역,1호선,상행,20,2,5,36.0
gyeongwon-1915,동두천역,1호선,상행,21,2,6,30.0
gyeongwon-1915,동두천역,1호선,상행,22,2,6,30.0
gyeongwon-1915,동두천역,1호선,상행,23,2,6,30.0
gyeongwon-1915,동두천역,1호선,상행,24,2,4,45.0
gyeongwon-1915,동두천역,1호선,하행,5,2,6,30.0
gyeongwon-1915,동두천역,1호선,하행,6,4,13,13.8
gyeongwon-1915,동두천역,1호선,하행,7,7,17,10.6
gyeongwon-1915,동두천역,1호선,하행,8,6,18,10.0
gyeongwon-1915,동두천역,1호선,하행,9,5,15,12.0
gyeongwon-1915,동두천역,1호선,하행,10,4,12,15.0
gyeongwon-1915,동두천역,1호선,하행,11,3,10,18.0
gyeongwon-1915,동두천역,1호선,하행,12,3,8,22.5
gyeongwon-1915,동두천역,1호선,하행,13,2,8,22.5
gyeongwon-1915,동두천역,1호선,하행,14,3,8,22.5
gyeongwon-1915,동두천역,1호선,하행,15,3,10,18.0
gyeongwon-1915,동두천역,1호선,하행,16,4,10,18.0
gyeongwon-1915,동두천역,1호선,하행,17,3,10,18.0
gyeongwon-1915,동두천역,1호선,하행,18,3,9,20.0
gyeongwon-1915,동두천역,1호선,하행,19,3,10,18.0
gyeongwon-1915,동두천역,1호선,하행,20,4,10,18.0
gyeongwon-1915,동두천역,1호선,하행,21,3,10,18.0
gyeongwon-1915,동두천역,1호선,하행,22,3,9,20.0
gyeongwon-1915,동두천역,1호선,하행,23,3,6,30.0
gyeongwon-1916,소요산역,1호선,상행,5,1,3,60.0
gyeongwon-1916,소요산역,1호선,상행,6,2,3,60.0
gyeongwon-1916,소요산역,1호선,상행,8,1,2,90.0
gyeongwon-1916,소요산역,1호선,상행,9,1,3,60.0
gyeongwon-1916,소요산역,1호선,상행,10,1,3,60.0
gyeongwon-1916,소요산역,1호선,상행,11,1,3,60.0
gyeongwon-1916,소요산역,1호선,상행,12,1,3,60.0
gyeongwon-1916,소요산역,1호선,상행,13,1,3,60.0
gyeongwon-1916,소요산역,1호선,상행,14,1,3,60.0
gyeongwon-1916,소요산역,1호선,상행,15,1,3,60.0
gyeongwon-1916,소요산역,1호선,상행,16,1,3,60.0
gyeongwon-1916,소요산역,1호선,상행,17,1,3,60.0
gyeongwon-1916,소요산역,1호선,상행,18,1,4,45.0
gyeongwon-1916,소요산역,1호선,상행,19,2,4,45.0
gyeongwon-1916,소요산역,1호선,상행,20,1,4,45.0
gyeongwon-1916,소요산역,1호선,상행,21,1,3,60.0
gyeongwon-1916,소요산역,1호선,상행,22,1,3,60.0
gyeongwon-1916,소요산역,1호선,상행,23,1,3,60.0
gyeongwon-1916,소요산역,1호선,상행,24,1,2,90.0
gyeongwon-1916,소요산역,1호선,하행,5,2,3,60.0
gyeongwon-1916,소요산역,1호선,하행,6,1,6,30.0
gyeongwon-1916,소요산역,1호선,하행,7,3,6,30.0
gyeongwon-1916,소요산역,1호선,하행,8,2,7,25.7
gyeongwon-1916,소요산역,1호선,하행,9,2,6,30.0
gyeongwon-1916,소요산역,1호선,하행,10,2,6,30.0
gyeongwon-1916,소요산역,1호선,하행,11,2,6,30.0
gyeongwon-1916,소요산역,1호선,하행,12,2,5,36.0
gyeongwon-1916,소요산역,1호선,하행,13,1,5,36.0
gyeongwon-1916,소요산역,1호선,하행,14,2,5,36.0
gyeongwon-1916,소요산역,1호선,하행,15,2,7,25.7
gyeongwon-1916,소요산역,1호선,하행,16,3,7,25.7
gyeongwon-1916,소요산역,1호선,하행,17,2,7,25.7
gyeongwon-1916,소요산역,1호선,하행,18,2,5,36.0
gyeongwon-1916,소요산역,1호선,하행,19,1,5,36.0
gyeongwon-1916,소요산역,1호선,하행,20,2,5,36.0
gyeongwon-1916,소요산역,1호선,하행,21,2,7,25.7
gyeongwon-1916,소요산역,1호선,하행,22,3,7,25.7
gyeongwon-1916,소요산역,1호선,하행,23,2,5,36.0
gyeongwon-1918,전곡역,1호선,상행,6,2,3,60.0
gyeongwon-1918,전곡역,1호선,상행,7,1,4,45.0
gyeongwon-1918,전곡역,1호선,상행,8,1,3,60.0
gyeongwon-1918,전곡역,1호선,상행,9,1,3,60.0
gyeongwon-1918,전곡역,1호선,상행,10,1,3,60.0
gyeongwon-1918,전곡역,1호선,상행,11,1,3,60.0
gyeongwon-1918,전곡역,1호선,상행,12,1,3,60.0
gyeongwon-1918,전곡역,1호선,상행,13,1,3,60.0
gyeongwon-1918,전곡역,1호선,상행,14,1,3,60.0
gyeongwon-1918,전곡역,1호선,상행,15,1,3,60.0
gyeongwon-1918,전곡역,1호선,상행,16,1,3,60.0
gyeongwon-1918,전곡역,1호선,상행,17,1,3,60.0
gyeongwon-1918,전곡역,1호선,상행,18,1,4,45.0
gyeongwon-1918,전곡역,1호선,상행,19,2,4,45.0
gyeongwon-1918,전곡역,1호선,상행,20,1,4,45.0
gyeongwon-1918,전곡역,1호선,상행,21,1,3,60.0
gyeongwon-1918,전곡역,1호선,상행,22,1,3,60.0
gyeongwon-1918,전곡역,1호선,상행,23,1,3,60.0
gyeongwon-1918,전곡역,1호선,상행,24,1,2,90.0
gyeongwon-1918,전곡역,1호선,하행,5,1,2,90.0
gyeongwon-1918,전곡역,1호선,하행,6,1,4,45.0
gyeongwon-1918,전곡역,1호선,하행,7,2,4,45.0
gyeongwon-1918,전곡역,1호선,하행,8,1,4,45.0
gyeongwon-1918,전곡역,1호선,하행,9,1,3,60.0
gyeongwon-1918,전곡역,1호선,하행,10,1,3,60.0
gyeongwon-1918,전곡역,1호선,하행,11,1,3,60.0
gyeongwon-1918,전곡역,1호선,하행,12,1,3,60.0
gyeongwon-1918,전곡역,1호선,하행,13,1,3,60.0
gyeongwon-1918,전곡역,1호선,하행,14,1,3,60.0
gyeongwon-1918,전곡역,1호선,하행,15,1,3,60.0
gyeongwon-1918,전곡역,1호선,하행,16,1,3,60.0
gyeongwon-1918,전곡역,1호선,하행,17,1,3,60.0
gyeongwon-1918,전곡역,1호선,하행,18,1,3,60.0
gyeongwon-1918,전곡역,1호선,하행,19,1,4,45.0
gyeongwon-1918,전곡역,1호선,하행,20,2,4,45.0
gyeongwon-1918,전곡역,1호선,하행,21,1,4,45.0
gyeongwon-1918,전곡역,1호선,하행,22,1,3,60.0
gyeongwon-1918,전곡역,1호선,하행,23,1,2,90.0
gyeongwon-1919,연천역,1호선,하행,5,1,3,60.0
gyeongwon-1919,연천역,1호선,하행,6,2,4,45.0
gyeongwon-1919,연천역,1호선,하행,7,1,4,45.0
gyeongwon-1919,연천역,1호선,하행,8,1,3,60.0
gyeongwon-1919,연천역,1호선,하행,9,1,3,60.0
gyeongwon-1919,연천역,1호선,하행,10,1,3,60.0
gyeongwon-1919,연천역,1호선,하행,11,1,3,60.0
gyeongwon-1919,연천역,1호선,하행,12,1,3,60.0
gyeongwon-1919,연천역,1호선,하행,13,1,3,60.0
gyeongwon-1919,연천역,1호선,하행,14,1,3,60.0
gyeongwon-1919,연천역,1호선,하행,15,1,3,60.0
gyeongwon-1919,연천역,1호선,하행,16,1,3,60.0
gyeongwon-1919,연천역,1호선,하행,17,1,3,60.0
gyeongwon-1919,연천역,1호선,하행,18,1,3,60.0
gyeongwon-1919,연천역,1호선,하행,19,1,4,45.0
gyeongwon-1919,연천역,1호선,하행,20,2,4,45.0
gyeongwon-1919,연천역,1호선,하행,21,1,4,45.0
gyeongwon-1919,연천역,1호선,하행,22,1,3,60.0
gyeongwon-1919,연천역,1호선,하행,23,1,2,90.0
seoul1-0124,청량리(서울시립대입구),1호선,상행,5,4,13,13.8
seoul1-0124,청량리(서울시립대입구),1호선,상행,6,9,24,7.5
seoul1-0124,청량리(서울시립대입구),1호선,상행,7,11,33,5.5
seoul1-0124,청량리(서울시립대입구),1호선,상행,8,13,32,5.6
seoul1-0124,청량리(서울시립대입구),1호선,상행,9,8,30,6.0
seoul1-0124,청량리(서울시립대입구),1호선,상행,10,9,27,6.7
seoul1-0124,청량리(서울시립대입구),1호선,상행,11,10,29,6.2
seoul1-0124,청량리(서울시립대입구),1호선,상행,12,10,28,6.4
seoul1-0124,청량리(서울시립대입구),1호선,상행,13,8,28,6.4
seoul1-0124,청량리(서울시립대입구),1호선,상행,14,10,27,6.7
seoul1-0124,청량리(서울시립대입구),1호선,상행,15,9,30,6.0
seoul1-0124,청량리(서울시립대입구),1호선,상행,16,11,31,5.8
seoul1-0124,청량리(서울시립대입구),1호선,상행,17,11,34,5.3
seoul1-0124,청량리(서울시립대입구),1호선,상행,18,12,34,5.3
seoul1-0124,청량리(서울시립대입구),1호선,상행,19,11,35,5.1
seoul1-0124,청량리(서울시립대입구),1호선,상행,20,12,33,5.5
seoul1-0124,청량리(서울시립대입구),1호선,상행,21,10,31,5.8
seoul1-0124,청량리(서울시립대입구),1호선,상행,22,9,27,6.7
seoul1-0124,청량리(서울시립대입구),1호선,상행,23,8,19,9.5
seoul1-0124,청량리(서울시립대입구),1호선,상행,24,2,10,18.0
seoul1-0124,청량리(서울시립대입구),1호선,하행,5,7,17,10.6
seoul1-0124,청량리(서울시립대입구),1호선,하행,6,10,33,5.5
seoul1-0124,청량리(서울시립대입구),1호선,하행,7,16,42,4.3
seoul1-0124,청량리(서울시립대입구),1호선,하행,8,16,44,4.1
seoul1-0124,청량리(서울시립대입구),1호선,하행,9,12,40,4.5
seoul1-0124,청량리(서울시립대입구),1호선,하행,10,12,36,5.0
seoul1-0124,청량리(서울시립대입구),1호선,하행,11,12,36,5.0
seoul1-0124,청량리(서울시립대입구),1호선,하행,12,12,35,5.1
seoul1-0124,청량리(서울시립대입구),1호선,하행,13,11,36,5.0
seoul1-0124,청량리(서울시립대입구),1호선,하행,14,13,35,5.1
seoul1-0124,청량리(서울시립대입구),1호선,하행,15,11,35,5.1
seoul1-0124,청량리(서울시립대입구),1호선,하행,16,11,36,5.0
seoul1-0124,청량리(서울시립대입구),1호선,하행,17,14,40,4.5
seoul1-0124,청량리(서울시립대입구),1호선,하행,18,15,43,4.2
seoul1-0124,청량리(서울시립대입구),1호선,하행,19,14,42,4.3
seoul1-0124,청량리(서울시립대입구),1호선,하행,20,13,38,4.7
seoul1-0124,청량리(서울시립대입구),1호선,하행,21,11,36,5.0
seoul1-0124,청량리(서울시립대입구),1호선,하행,22,12,30,6.0
seoul1-0124,청량리(서울시립대입구),1호선,하행,23,7,21,8.6
seoul1-0124,청량리(서울시립대입구),1호선,하행,24,2,9,20.0
seoul1-0125,제기동,1호선,상행,5,5,18,10.0
seoul1-0125,제기동,1호선,상행,6,13,32,5.6
seoul1-0125,제기동,1호선,상행,7,14,41,4.4
seoul1-0125,제기동,1호선,상행,8,14,40,4.5
seoul1-0125,제기동,1호선,상행,9,12,37,4.9
seoul1-0125,제기동,1호선,상행,10,11,36,5.0
seoul1-0125,제기동,1호선,상행,11,13,36,5.0
seoul1-0125,제기동,1호선,상행,12,12,35,5.1
seoul1-0125,제기동,1호선,상행,13,10,35,5.1
seoul1-0125,제기동,1호선,상행,14,13,36,5.0
seoul1-0125,제기동,1호선,상행,15,13,39,4.6
seoul1-0125,제기동,1호선,상행,16,13,40,4.5
seoul1-0125,제기동,1호선,상행,17,14,41,4.4
seoul1-0125,제기동,1호선,상행,18,14,42,4.3
seoul1-0125,제기동,1호선,상행,19,14,41,4.4
seoul1-0125,제기동,1호선,상행,20,13,38,4.7
seoul1-0125,제기동,1호선,상행,21,11,35,5.1
seoul1-0125,제기동,1호선,상행,22,11,30,6.0
seoul1-0125,제기동,1호선,상행,23,8,22,8.2
seoul1-0125,제기동,1호선,상행,24,3,11,16.4
seoul1-0125,제기동,1호선,하행,5,7,17,10.6
seoul1-0125,제기동,1호선,하행,6,10,32,5.6
seoul1-0125,제기동,1호선,하행,7,15,42,4.3
seoul1-0125,제기동,1호선,하행,8,17,44,4.1
seoul1-0125,제기동,1호선,하행,9,12,41,4.4
seoul1-0125,제기동,1호선,하행,10,12,36,5.0
seoul1-0125,제기동,1호선,하행,11,12,35,5.1
seoul1-0125,제기동,1호선,하행,12,11,35,5.1
seoul1-0125,제기동,1호선,하행,13,12,35,5.1
seoul1-0125,제기동,1호선,하행,14,12,35,5.1
seoul1-0125,제기동,1호선,하행,15,11,35,5.1
seoul1-0125,제기동,1호선,하행,16,12,37,4.9
seoul1-0125,제기동,1호선,하행,17,14,40,4.5
seoul1-0125,제기동,1호선,하행,18,14,42,4.3
seoul1-0125,제기동,1호선,하행,19,14,41,4.4
seoul1-0125,제기동,1호선,하행,20,13,39,4.6
seoul1-0125,제기동,1호선,하행,21,12,36,5.0
seoul1-0125,제기동,1호선,하행,22,11,31,5.8
seoul1-0125,제기동,1호선,하행,23,8,21,8.6
seoul1-0125,제기동,1호선,하행,24,2,10,18.0
seoul1-0126,신설동,1호선,상행,5,6,18,10.0
seoul1-0126,신설동,1호선,상행,6,12,32,5.6
seoul1-0126,신설동,1호선,상행,7,14,41,4.4
seoul1-0126,신설동,1호선,상행,8,15,40,4.5
seoul1-0126,신설동,1호선,상행,9,11,37,4.9
seoul1-0126,신설동,1호선,상행,10,11,36,5.0
seoul1-0126,신설동,1호선,상행,11,14,36,5.0
seoul1-0126,신설동,1호선,상행,12,11,36,5.0
seoul1-0126,신설동,1호선,상행,13,11,35,5.1
seoul1-0126,신설동,1호선,상행,14,13,36,5.0
seoul1-0126,신설동,1호선,상행,15,12,38,4.7
seoul1-0126,신설동,1호선,상행,16,13,39,4.6
seoul1-0126,신설동,1호선,상행,17,14,42,4.3
seoul1-0126,신설동,1호선,상행,18,15,42,4.3
seoul1-0126,신설동,1호선,상행,19,13,41,4.4
seoul1-0126,신설동,1호선,상행,20,13,37,4.9
seoul1-0126,신설동,1호선,상행,21,11,36,5.0
seoul1-0126,신설동,1호선,상행,22,12,30,6.0
seoul1-0126,신설동,1호선,상행,23,7,22,8.2
seoul1-0126,신설동,1호선,상행,24,3,10,18.0
seoul1-0126,신설동,1호선,하행,5,7,16,11.2
seoul1-0126,신설동,1호선,하행,6,9,32,5.6
seoul1-0126,신설동,1호선,하행,7,16,41,4.4
seoul1-0126,신설동,1호선,하행,8,16,44,4.1
seoul1-0126,신설동,1호선,하행,9,12,40,4.5
seoul1-0126,신설동,1호선,하행,10,12,37,4.9
seoul1-0126,신설동,1호선,하행,11,13,36,5.0
seoul1-0126,신설동,1호선,하행,12,11,36,5.0
seoul1-0126,신설동,1호선,하행,13,12,35,5.1
seoul1-0126,신설동,1호선,하행,14,12,35,5.1
seoul1-0126,신설동,1호선,하행,15,11,34,5.3
seoul1-0126,신설동,1호선,하행,16,11,36,5.0
seoul1-0126,신설동,1호선,하행,17,14,40,4.5
seoul1-0126,신설동,1호선,하행,18,15,43,4.2
seoul1-0126,신설동,1호선,하행,19,14,42,4.3
seoul1-0126,신설동,1호선,하행,20,13,39,4.6
seoul1-0126,신설동,1호선,하행,21,12,36,5.0
seoul1-0126,신설동,1호선,하행,22,11,31,5.8
seoul1-0126,신설동,1호선,하행,23,8,21,8.6
seoul1-0126,신설동,1호선,하행,24,2,10,18.0
seoul1-0127,동묘앞,1호선,상행,5,6,19,9.5
seoul1-0127,동묘앞,1호선,상행,6,13,32,5.6
seoul1-0127,동묘앞,1호선,상행,7,13,41,4.4
seoul1-0127,동묘앞,1호선,상행,8,15,40,4.5
seoul1-0127,동묘앞,1호선,상행,9,12,38,4.7
seoul1-0127,동묘앞,1호선,상행,10,11,36,5.0
seoul1-0127,동묘앞,1호선,상행,11,13,35,5.1
seoul1-0127,동묘앞,1호선,상행,12,11,36,5.0
seoul1-0127,동묘앞,1호선,상행,13,12,35,5.1
seoul1-0127,동묘앞,1호선,상행,14,12,36,5.0
seoul1-0127,동묘앞,1호선,상행,15,12,38,4.7
seoul1-0127,동묘앞,1호선,상행,16,14,40,4.5
seoul1-0127,동묘앞,1호선,상행,17,14,42,4.3
seoul1-0127,동묘앞,1호선,상행,18,14,41,4.4
seoul1-0127,동묘앞,1호선,상행,19,13,41,4.4
seoul1-0127,동묘앞,1호선,상행,20,14,38,4.7
seoul1-0127,동묘앞,1호선,상행,21,11,36,5.0
seoul1-0127,동묘앞,1호선,상행,22,11,29,6.2
seoul1-0127,동묘앞,1호선,상행,23,7,21,8.6
seoul1-0127,동묘앞,1호선,상행,24,3,10,18.0
seoul1-0127,동묘앞,1호선,하행,5,8,22,8.2
seoul1-0127,동묘앞,1호선,하행,6,14,37,4.9
seoul1-0127,동묘앞,1호선,하행,7,15,46,3.9
seoul1-0127,동묘앞,1호선,하행,8,17,44,4.1
seoul1-0127,동묘앞,1호선,하행,9,12,41,4.4
seoul1-0127,동묘앞,1호선,하행,10,12,36,5.0
seoul1-0127,동묘앞,1호선,하행,11,12,35,5.1
seoul1-0127,동묘앞,1호선,하행,12,11,35,5.1
seoul1-0127,동묘앞,1호선,하행,13,12,36,5.0
seoul1-0127,동묘앞,1호선,하행,14,13,35,5.1
seoul1-0127,동묘앞,1호선,하행,15,10,37,4.9
seoul1-0127,동묘앞,1호선,하행,16,14,38,4.7
seoul1-0127,동묘앞,1호선,하행,17,14,42,4.3
seoul1-0127,동묘앞,1호선,하행,18,14,42,4.3
seoul1-0127,동묘앞,1호선,하행,19,14,41,4.4
seoul1-0127,동묘앞,1호선,하행,20,13,39,4.6
seoul1-0127,동묘앞,1호선,하행,21,12,37,4.9
seoul1-0127,동묘앞,1호선,하행,22,12,32,5.6
seoul1-0127,동묘앞,1호선,하행,23,8,22,8.2
seoul1-0127,동묘앞,1호선,하행,24,2,10,18.0
seoul1-0128,동대문,1호선,상행,5,7,20,9.0
seoul1-0128,동대문,1호선,상행,6,13,33,5.5
seoul1-0128,동대문,1호선,상행,7,13,42,4.3
seoul1-0128,동대문,1호선,상행,8,16,42,4.3
seoul1-0128,동대문,1호선,상행,9,13,40,4.5
seoul1-0128,동대문,1호선,상행,10,11,38,4.7
seoul1-0128,동대문,1호선,상행,11,14,36,5.0
seoul1-0128,동대문,1호선,상행,12,11,36,5.0
seoul1-0128,동대문,1호선,상행,13,11,35,5.1
seoul1-0128,동대문,1호선,상행,14,13,36,5.0
seoul1-0128,동대문,1호선,상행,15,12,39,4.6
seoul1-0128,동대문,1호선,상행,16,14,43,4.2
seoul1-0128,동대문,1호선,상행,17,17,45,4.0
seoul1-0128,동대문,1호선,상행,18,14,46,3.9
seoul1-0128,동대문,1호선,상행,19,15,42,4.3
seoul1-0128,동대문,1호선,상행,20,13,40,4.5
seoul1-0128,동대문,1호선,상행,21,12,36,5.0
seoul1-0128,동대문,1호선,상행,22,11,31,5.8
seoul1-0128,동대문,1호선,상행,23,8,24,7.5
seoul1-0128,동대문,1호선,상행,24,5,13,13.8
seoul1-0128,동대문,1호선,하행,5,8,21,8.6
seoul1-0128,동대문,1호선,하행,6,13,37,4.9
seoul1-0128,동대문,1호선,하행,7,16,45,4.0
seoul1-0128,동대문,1호선,하행,8,16,45,4.0
seoul1-0128,동대문,1호선,하행,9,13,41,4.4
seoul1-0128,동대문,1호선,하행,10,12,37,4.9
seoul1-0128,동대문,1호선,하행,11,12,35,5.1
seoul1-0128,동대문,1호선,하행,12,11,35,5.1
seoul1-0128,동대문,1호선,하행,13,12,35,5.1
seoul1-0128,동대문,1호선,하행,14,12,35,5.1
seoul1-0128,동대문,1호선,하행,15,11,36,5.0
seoul1-0128,동대문,1호선,하행,16,13,38,4.7
seoul1-0128,동대문,1호선,하행,17,14,42,4.3
seoul1-0128,동대문,1호선,하행,18,15,43,4.2
seoul1-0128,동대문,1호선,하행,19,14,42,4.3
seoul1-0128,동대문,1호선,하행,20,13,39,4.6
seoul1-0128,동대문,1호선,하행,21,12,36,5.0
seoul1-0128,동대문,1호선,하행,22,11,31,5.8
seoul1-0128,동대문,1호선,하행,23,8,22,8.2
seoul1-0128,동대문,1호선,하행,24,3,11,16.4
seoul1-0129,종로5가,1호선,상행,5,7,20,9.0
seoul1-0129,종로5가,1호선,상행,6,13,33,5.5
seoul1-0129,종로5가,1호선,상행,7,13,42,4.3
seoul1-0129,종로5가,1호선,상행,8,16,43,4.2
seoul1-0129,종로5가,1호선,상행,9,14,40,4.5
seoul1-0129,종로5가,1호선,상행,10,10,38,4.7
seoul1-0129,종로5가,1호선,상행,11,14,35,5.1
seoul1-0129,종로5가,1호선,상행,12,11,37,4.9
seoul1-0129,종로5가,1호선,상행,13,12,35,5.1
seoul1-0129,종로5가,1호선,상행,14,12,36,5.0
seoul1-0129,종로5가,1호선,상행,15,12,39,4.6
seoul1-0129,종로5가,1호선,상행,16,15,43,4.2
seoul1-0129,종로5가,1호선,상행,17,16,45,4.0
seoul1-0129,종로5가,1호선,상행,18,14,45,4.0
seoul1-0129,종로5가,1호선,상행,19,15,42,4.3
seoul1-0129,종로5가,1호선,상행,20,13,40,4.5
seoul1-0129,종로5가,1호선,상행,21,12,37,4.9
seoul1-0129,종로5가,1호선,상행,22,12,31,5.8
seoul1-0129,종로5가,1호선,상행,23,7,24,7.5
seoul1-0129,종로5가,1호선,상행,24,5,12,15.0
seoul1-0129,종로5가,1호선,하행,5,7,21,8.6
seoul1-0129,종로5가,1호선,하행,6,14,36,5.0
seoul1-0129,종로5가,1호선,하행,7,15,46,3.9
seoul1-0129,종로5가,1호선,하행,8,17,44,4.1
seoul1-0129,종로5가,1호선,하행,9,12,41,4.4
seoul1-0129,종로5가,1호선,하행,10,12,37,4.9
seoul1-0129,종로5가,1호선,하행,11,13,36,5.0
seoul1-0129,종로5가,1호선,하행,12,11,35,5.1
seoul1-0129,종로5가,1호선,하행,13,11,35,5.1
seoul1-0129,종로5가,1호선,하행,14,13,34,5.3
seoul1-0129,종로5가,1호선,하행,15,10,37,4.9
seoul1-0129,종로5가,1호선,하행,16,14,38,4.7
seoul1-0129,종로5가,1호선,하행,17,14,42,4.3
seoul1-0129,종로5가,1호선,하행,18,14,42,4.3
seoul1-0129,종로5가,1호선,하행,19,14,41,4.4
seoul1-0129,종로5가,1호선,하행,20,13,40,4.5
seoul1-0129,종로5가,1호선,하행,21,13,37,4.9
seoul1-0129,종로5가,1호선,하행,22,11,32,5.6
seoul1-0129,종로5가,1호선,하행,23,8,22,8.2
seoul1-0129,종로5가,1호선,하행,24,3,11,16.4
seoul1-0130,종로3가,1호선,상행,5,7,21,8.6
seoul1-0130,종로3가,1호선,상행,6,14,34,5.3
seoul1-0130,종로3가,1호선,상행,7,13,43,4.2
seoul1-0130,종로3가,1호선,상행,8,16,42,4.3
seoul1-0130,종로3가,1호선,상행,9,13,40,4.5
seoul1-0130,종로3가,1호선,상행,10,11,38,4.7
seoul1-0130,종로3가,1호선,상행,11,14,35,5.1
seoul1-0130,종로3가,1호선,상행,12,10,36,5.0
seoul1-0130,종로3가,1호선,상행,13,12,35,5.1
seoul1-0130,종로3가,1호선,상행,14,13,37,4.9
seoul1-0130,종로3가,1호선,상행,15,12,39,4.6
seoul1-0130,종로3가,1호선,상행,16,14,43,4.2
seoul1-0130,종로3가,1호선,상행,17,17,45,4.0
seoul1-0130,종로3가,1호선,상행,18,14,46,3.9
seoul1-0130,종로3가,1호선,상행,19,15,41,4.4
seoul1-0130,종로3가,1호선,상행,20,12,40,4.5
seoul1-0130,종로3가,1호선,상행,21,13,36,5.0
seoul1-0130,종로3가,1호선,상행,22,11,32,5.6
seoul1-0130,종로3가,1호선,상행,23,8,23,7.8
seoul1-0130,종로3가,1호선,상행,24,4,12,15.0
seoul1-0130,종로3가,1호선,하행,5,7,20,9.0
seoul1-0130,종로3가,1호선,하행,6,13,35,5.1
seoul1-0130,종로3가,1호선,하행,7,15,45,4.0
seoul1-0130,종로3가,1호선,하행,8,17,45,4.0
seoul1-0130,종로3가,1호선,하행,9,13,42,4.3
seoul1-0130,종로3가,1호선,하행,10,12,37,4.9
seoul1-0130,종로3가,1호선,하행,11,12,36,5.0
seoul1-0130,종로3가,1호선,하행,12,12,35,5.1
seoul1-0130,종로3가,1호선,하행,13,11,35,5.1
seoul1-0130,종로3가,1호선,하행,14,12,34,5.3
seoul1-0130,종로3가,1호선,하행,15,11,36,5.0
seoul1-0130,종로3가,1호선,하행,16,13,39,4.6
seoul1-0130,종로3가,1호선,하행,17,15,41,4.4
seoul1-0130,종로3가,1호선,하행,18,13,43,4.2
seoul1-0130,종로3가,1호선,하행,19,15,41,4.4
seoul1-0130,종로3가,1호선,하행,20,13,40,4.5
seoul1-0130,종로3가,1호선,하행,21,12,36,5.0
seoul1-0130,종로3가,1호선,하행,22,11,32,5.6
seoul1-0130,종로3가,1호선,하행,23,9,23,7.8
seoul1-0130,종로3가,1호선,하행,24,3,12,15.0
seoul1-0131,종각,1호선,상행,5,7,21,8.6
seoul1-0131,종각,1호선,상행,6,14,34,5.3
seoul1-0131,종각,1호선,상행,7,13,43,4.2
seoul1-0131,종각,1호선,상행,8,16,43,4.2
seoul1-0131,종각,1호선,상행,9,14,41,4.4
seoul1-0131,종각,1호선,상행,10,11,38,4.7
seoul1-0131,종각,1호선,상행,11,13,35,5.1
seoul1-0131,종각,1호선,상행,12,11,36,5.0
seoul1-0131,종각,1호선,상행,13,12,35,5.1
seoul1-0131,종각,1호선,상행,14,12,37,4.9
seoul1-0131,종각,1호선,상행,15,13,39,4.6
seoul1-0131,종각,1호선,상행,16,14,43,4.2
seoul1-0131,종각,1호선,상행,17,16,44,4.1
seoul1-0131,종각,1호선,상행,18,14,45,4.0
seoul1-0131,종각,1호선,상행,19,15,42,4.3
seoul1-0131,종각,1호선,상행,20,13,40,4.5
seoul1-0131,종각,1호선,상행,21,12,36,5.0
seoul1-0131,종각,1호선,상행,22,11,31,5.8
seoul1-0131,종각,1호선,상행,23,8,23,7.8
seoul1-0131,종각,1호선,상행,24,4,12,15.0
seoul1-0131,종각,1호선,하행,5,6,20,9.0
seoul1-0131,종각,1호선,하행,6,14,35,5.1
seoul1-0131,종각,1호선,하행,7,15,46,3.9
seoul1-0131,종각,1호선,하행,8,17,44,4.1
seoul1-0131,종각,1호선,하행,9,12,42,4.3
seoul1-0131,종각,1호선,하행,10,13,37,4.9
seoul1-0131,종각,1호선,하행,11,12,37,4.9
seoul1-0131,종각,1호선,하행,12,12,35,5.1
seoul1-0131,종각,1호선,하행,13,11,35,5.1
seoul1-0131,종각,1호선,하행,14,12,33,5.5
seoul1-0131,종각,1호선,하행,15,10,36,5.0
seoul1-0131,종각,1호선,하행,16,14,38,4.7
seoul1-0131,종각,1호선,하행,17,14,42,4.3
seoul1-0131,종각,1호선,하행,18,14,42,4.3
seoul1-0131,종각,1호선,하행,19,14,42,4.3
seoul1-0131,종각,1호선,하행,20,14,40,4.5
seoul1-0131,종각,1호선,하행,21,12,37,4.9
seoul1-0131,종각,1호선,하행,22,11,32,5.6
seoul1-0131,종각,1호선,하행,23,9,23,7.8
seoul1-0131,종각,1호선,하행,24,3,12,15.0
seoul1-0132,시청,1호선,상행,5,8,22,8.2
seoul1-0132,시청,1호선,상행,6,14,35,5.1
seoul1-0132,시청,1호선,상행,7,13,43,4.2
seoul1-0132,시청,1호선,상행,8,16,42,4.3
seoul1-0132,시청,1호선,상행,9,13,40,4.5
seoul1-0132,시청,1호선,상행,10,11,37,4.9
seoul1-0132,시청,1호선,상행,11,13,35,5.1
seoul1-0132,시청,1호선,상행,12,11,36,5.0
seoul1-0132,시청,1호선,상행,13,12,35,5.1
seoul1-0132,시청,1호선,상행,14,12,37,4.9
seoul1-0132,시청,1호선,상행,15,13,39,4.6
seoul1-0132,시청,1호선,상행,16,14,44,4.1
seoul1-0132,시청,1호선,상행,17,17,45,4.0
seoul1-0132,시청,1호선,상행,18,14,46,3.9
seoul1-0132,시청,1호선,상행,19,15,41,4.4
seoul1-0132,시청,1호선,상행,20,12,40,4.5
seoul1-0132,시청,1호선,상행,21,13,35,5.1
seoul1-0132,시청,1호선,상행,22,10,31,5.8
seoul1-0132,시청,1호선,상행,23,8,22,8.2
seoul1-0132,시청,1호선,상행,24,4,12,15.0
seoul1-0132,시청,1호선,하행,5,6,19,9.5
seoul1-0132,시청,1호선,하행,6,13,34,5.3
seoul1-0132,시청,1호선,하행,7,15,45,4.0
seoul1-0132,시청,1호선,하행,8,17,45,4.0
seoul1-0132,시청,1호선,하행,9,13,42,4.3
seoul1-0132,시청,1호선,하행,10,12,37,4.9
seoul1-0132,시청,1호선,하행,11,12,36,5.0
seoul1-0132,시청,1호선,하행,12,12,36,5.0
seoul1-0132,시청,1호선,하행,13,12,36,5.0
seoul1-0132,시청,1호선,하행,14,12,34,5.3
seoul1-0132,시청,1호선,하행,15,10,35,5.1
seoul1-0132,시청,1호선,하행,16,13,37,4.9
seoul1-0132,시청,1호선,하행,17,14,41,4.4
seoul1-0132,시청,1호선,하행,18,14,43,4.2
seoul1-0132,시청,1호선,하행,19,15,42,4.3
seoul1-0132,시청,1호선,하행,20,13,40,4.5
seoul1-0132,시청,1호선,하행,21,12,36,5.0
seoul1-0132,시청,1호선,하행,22,11,32,5.6
seoul1-0132,시청,1호선,하행,23,9,24,7.5
seoul1-0132,시청,1호선,하행,24,4,13,13.8
seoul1-0133,서울역,1호선,상행,5,9,22,8.2
seoul1-0133,서울역,1호선,상행,6,13,36,5.0
seoul1-0133,서울역,1호선,상행,7,14,42,4.3
seoul1-0133,서울역,1호선,상행,8,15,42,4.3
seoul1-0133,서울역,1호선,상행,9,13,40,4.5
seoul1-0133,서울역,1호선,상행,10,12,37,4.9
seoul1-0133,서울역,1호선,상행,11,12,35,5.1
seoul1-0133,서울역,1호선,상행,12,11,36,5.0
seoul1-0133,서울역,1호선,상행,13,13,36,5.0
seoul1-0133,서울역,1호선,상행,14,12,38,4.7
seoul1-0133,서울역,1호선,상행,15,13,39,4.6
seoul1-0133,서울역,1호선,상행,16,14,43,4.2
seoul1-0133,서울역,1호선,상행,17,16,45,4.0
seoul1-0133,서울역,1호선,상행,18,15,45,4.0
seoul1-0133,서울역,1호선,상행,19,14,41,4.4
seoul1-0133,서울역,1호선,상행,20,12,39,4.6
seoul1-0133,서울역,1호선,상행,21,13,36,5.0
seoul1-0133,서울역,1호선,상행,22,11,31,5.8
seoul1-0133,서울역,1호선,상행,23,7,22,8.2
seoul1-0133,서울역,1호선,상행,24,4,11,16.4
seoul1-0133,서울역,1호선,하행,5,7,19,9.5
seoul1-0133,서울역,1호선,하행,6,12,34,5.3
seoul1-0133,서울역,1호선,하행,7,15,44,4.1
seoul1-0133,서울역,1호선,하행,8,17,45,4.0
seoul1-0133,서울역,1호선,하행,9,13,42,4.3
seoul1-0133,서울역,1호선,하행,10,12,37,4.9
seoul1-0133,서울역,1호선,하행,11,12,36,5.0
seoul1-0133,서울역,1호선,하행,12,12,35,5.1
seoul1-0133,서울역,1호선,하행,13,11,35,5.1
seoul1-0133,서울역,1호선,하행,14,12,33,5.5
seoul1-0133,서울역,1호선,하행,15,10,35,5.1
seoul1-0133,서울역,1호선,하행,16,13,38,4.7
seoul1-0133,서울역,1호선,하행,17,15,42,4.3
seoul1-0133,서울역,1호선,하행,18,14,44,4.1
seoul1-0133,서울역,1호선,하행,18,1,1,180.0
seoul1-0133,서울역,1호선,하행,19,15,42,4.3
seoul1-0133,서울역,1호선,하행,20,13,40,4.5
seoul1-0133,서울역,1호선,하행,21,12,36,5.0
seoul1-0133,서울역,1호선,하행,22,11,31,5.8
seoul1-0133,서울역,1호선,하행,23,8,21,8.6
seoul1-0133,서울역,1호선,하행,24,2,10,18.0
seoul2-0201,시청,2호선,내선,5,3,13,13.8
seoul2-0201,시청,2호선,내선,6,10,28,6.4
seoul2-0201,시청,2호선,내선,7,15,42,4.3
seoul2-0201,시청,2호선,내선,8,17,48,3.8
seoul2-0201,시청,2호선,내선,9,16,47,3.8
seoul2-0201,시청,2호선,내선,10,14,41,4.4
seoul2-0201,시청,2호선,내선,11,11,35,5.1
seoul2-0201,시청,2호선,내선,12,10,31,5.8
seoul2-0201,시청,2호선,내선,13,10,30,6.0
seoul2-0201,시청,2호선,내선,14,10,30,6.0
seoul2-0201,시청,2호선,내선,15,10,31,5.8
seoul2-0201,시청,2호선,내선,16,11,35,5.1
seoul2-0201,시청,2호선,내선,17,14,43,4.2
seoul2-0201,시청,2호선,내선,18,18,50,3.6
seoul2-0201,시청,2호선,내선,19,18,53,3.4
seoul2-0201,시청,2호선,내선,20,17,46,3.9
seoul2-0201,시청,2호선,내선,21,11,38,4.7
seoul2-0201,시청,2호선,내선,22,10,29,6.2
seoul2-0201,시청,2호선,내선,23,8,24,7.5
seoul2-0201,시청,2호선,내선,24,6,14,12.9
seoul2-0201,시청,2호선,외선,5,3,12,15.0
seoul2-0201,시청,2호선,외선,6,9,24,7.5
seoul2-0201,시청,2호선,외선,7,12,41,4.4
seoul2-0201,시청,2호선,외선,8,20,53,3.4
seoul2-0201,시청,2호선,외선,9,21,56,3.2
seoul2-0201,시청,2호선,외선,10,15,46,3.9
seoul2-0201,시청,2호선,외선,11,10,37,4.9
seoul2-0201,시청,2호선,외선,12,12,33,5.5
seoul2-0201,시청,2호선,외선,13,11,34,5.3
seoul2-0201,시청,2호선,외선,14,11,34,5.3
seoul2-0201,시청,2호선,외선,15,12,36,5.0
seoul2-0201,시청,2호선,외선,16,13,41,4.4
seoul2-0201,시청,2호선,외선,17,16,44,4.1
seoul2-0201,시청,2호선,외선,18,15,47,3.8
seoul2-0201,시청,2호선,외선,19,16,42,4.3
seoul2-0201,시청,2호선,외선,20,11,38,4.7
seoul2-0201,시청,2호선,외선,21,11,30,6.0
seoul2-0201,시청,2호선,외선,22,8,28,6.4
seoul2-0201,시청,2호선,외선,23,9,22,8.2
seoul2-0201,시청,2호선,외선,24,5,14,12.9
seoul2-0202,을지로입구,2호선,내선,5,3,13,13.8
seoul2-0202,을지로입구,2호선,내선,6,10,28,6.4
seoul2-0202,을지로입구,2호선,내선,7,15,42,4.3
seoul2-0202,을지로입구,2호선,내선,8,17,49,3.7
seoul2-0202,을지로입구,2호선,내선,9,17,48,3.8
seoul2-0202,을지로입구,2호선,내선,10,14,41,4.4
seoul2-0202,을지로입구,2호선,내선,11,10,34,5.3
seoul2-0202,을지로입구,2호선,내선,12,10,30,6.0
seoul2-0202,을지로입구,2호선,내선,13,10,30,6.0
seoul2-0202,을지로입구,2호선,내선,14,10,30,6.0
seoul2-0202,을지로입구,2호선,내선,15,10,31,5.8
seoul2-0202,을지로입구,2호선,내선,16,11,35,5.1
seoul2-0202,을지로입구,2호선,내선,17,14,43,4.2
seoul2-0202,을지로입구,2호선,내선,18,18,51,3.5
seoul2-0202,을지로입구,2호선,내선,19,19,54,3.3
seoul2-0202,을지로입구,2호선,내선,20,17,47,3.8
seoul2-0202,을지로입구,2호선,내선,21,11,38,4.7
seoul2-0202,을지로입구,2호선,내선,22,10,28,6.4
seoul2-0202,을지로입구,2호선,내선,23,7,23,7.8
seoul2-0202,을지로입구,2호선,내선,24,6,13,13.8
seoul2-0202,을지로입구,2호선,외선,5,3,12,15.0
seoul2-0202,을지로입구,2호선,외선,6,9,25,7.2
seoul2-0202,을지로입구,2호선,외선,7,13,42,4.3
seoul2-0202,을지로입구,2호선,외선,8,20,53,3.4
seoul2-0202,을지로입구,2호선,외선,9,20,55,3.3
seoul2-0202,을지로입구,2호선,외선,10,15,46,3.9
seoul2-0202,을지로입구,2호선,외선,11,11,37,4.9
seoul2-0202,을지로입구,2호선,외선,12,11,34,5.3
seoul2-0202,을지로입구,2호선,외선,13,12,34,5.3
seoul2-0202,을지로입구,2호선,외선,14,11,34,5.3
seoul2-0202,을지로입구,2호선,외선,15,11,36,5.0
seoul2-0202,을지로입구,2호선,외선,16,14,40,4.5
seoul2-0202,을지로입구,2호선,외선,17,15,45,4.0
seoul2-0202,을지로입구,2호선,외선,18,16,47,3.8
seoul2-0202,을지로입구,2호선,외선,19,16,42,4.3
seoul2-0202,을지로입구,2호선,외선,20,10,37,4.9
seoul2-0202,을지로입구,2호선,외선,21,11,29,6.2
seoul2-0202,을지로입구,2호선,외선,22,8,28,6.4
seoul2-0202,을지로입구,2호선,외선,23,9,22,8.2
seoul2-0202,을지로입구,2호선,외선,24,5,14,12.9
seoul2-0203,을지로3가,2호선,내선,5,3,13,13.8
seoul2-0203,을지로3가,2호선,내선,6,10,27,6.7
seoul2-0203,을지로3가,2호선,내선,7,14,42,4.3
seoul2-0203,을지로3가,2호선,내선,8,18,48,3.8
seoul2-0203,을지로3가,2호선,내선,9,16,49,3.7
seoul2-0203,을지로3가,2호선,내선,10,15,41,4.4
seoul2-0203,을지로3가,2호선,내선,11,10,35,5.1
seoul2-0203,을지로3가,2호선,내선,12,10,30,6.0
seoul2-0203,을지로3가,2호선,내선,13,10,30,6.0
seoul2-0203,을지로3가,2호선,내선,14,10,30,6.0
seoul2-0203,을지로3가,2호선,내선,15,10,31,5.8
seoul2-0203,을지로3가,2호선,내선,16,11,34,5.3
seoul2-0203,을지로3가,2호선,내선,17,13,43,4.2
seoul2-0203,을지로3가,2호선,내선,18,19,50,3.6
seoul2-0203,을지로3가,2호선,내선,19,18,54,3.3
seoul2-0203,을지로3가,2호선,내선,20,17,46,3.9
seoul2-0203,을지로3가,2호선,내선,21,11,39,4.6
seoul2-0203,을지로3가,2호선,내선,22,11,29,6.2
seoul2-0203,을지로3가,2호선,내선,23,7,24,7.5
seoul2-0203,을지로3가,2호선,내선,24,6,13,13.8
seoul2-0203,을지로3가,2호선,외선,5,2,12,15.0
seoul2-0203,을지로3가,2호선,외선,6,10,24,7.5
seoul2-0203,을지로3가,2호선,외선,7,12,42,4.3
seoul2-0203,을지로3가,2호선,외선,8,20,53,3.4
seoul2-0203,을지로3가,2호선,외선,9,21,55,3.3
seoul2-0203,을지로3가,2호선,외선,10,14,46,3.9
seoul2-0203,을지로3가,2호선,외선,11,11,37,4.9
seoul2-0203,을지로3가,2호선,외선,12,12,34,5.3
seoul2-0203,을지로3가,2호선,외선,13,11,34,5.3
seoul2-0203,을지로3가,2호선,외선,14,11,34,5.3
seoul2-0203,을지로3가,2호선,외선,15,12,36,5.0
seoul2-0203,을지로3가,2호선,외선,16,13,41,4.4
seoul2-0203,을지로3가,2호선,외선,17,16,44,4.1
seoul2-0203,을지로3가,2호선,외선,18,15,47,3.8
seoul2-0203,을지로3가,2호선,외선,19,16,42,4.3
seoul2-0203,을지로3가,2호선,외선,20,11,38,4.7
seoul2-0203,을지로3가,2호선,외선,21,11,30,6.0
seoul2-0203,을지로3가,2호선,외선,22,8,27,6.7
seoul2-0203,을지로3가,2호선,외선,23,8,22,8.2
seoul2-0203,을지로3가,2호선,외선,24,6,14,12.9
seoul2-0204,을지로4가,2호선,내선,5,3,13,13.8
seoul2-0204,을지로4가,2호선,내선,6,10,27,6.7
seoul2-0204,을지로4가,2호선,내선,7,14,41,4.4
seoul2-0204,을지로4가,2호선,내선,8,17,48,3.8
seoul2-0204,을지로4가,2호선,내선,9,17,49,3.7
seoul2-0204,을지로4가,2호선,내선,10,15,42,4.3
seoul2-0204,을지로4가,2호선,내선,11,10,35,5.1
seoul2-0204,을지로4가,2호선,내선,12,10,30,6.0
seoul2-0204,을지로4가,2호선,내선,13,10,30,6.0
seoul2-0204,을지로4가,2호선,내선,14,10,30,6.0
seoul2-0204,을지로4가,2호선,내선,15,10,31,5.8
seoul2-0204,을지로4가,2호선,내선,16,11,34,5.3
seoul2-0204,을지로4가,2호선,내선,17,13,42,4.3
seoul2-0204,을지로4가,2호선,내선,18,18,50,3.6
seoul2-0204,을지로4가,2호선,내선,19,19,54,3.3
seoul2-0204,을지로4가,2호선,내선,20,17,47,3.8
seoul2-0204,을지로4가,2호선,내선,21,11,38,4.7
seoul2-0204,을지로4가,2호선,내선,22,10,29,6.2
seoul2-0204,을지로4가,2호선,내선,23,8,24,7.5
seoul2-0204,을지로4가,2호선,내선,24,6,14,12.9
seoul2-0204,을지로4가,2호선,외선,5,2,12,15.0
seoul2-0204,을지로4가,2호선,외선,6,10,25,7.2
seoul2-0204,을지로4가,2호선,외선,7,13,43,4.2
seoul2-0204,을지로4가,2호선,외선,8,20,53,3.4
seoul2-0204,을지로4가,2호선,외선,9,20,55,3.3
seoul2-0204,을지로4가,2호선,외선,10,15,45,4.0
seoul2-0204,을지로4가,2호선,외선,11,10,37,4.9
seoul2-0204,을지로4가,2호선,외선,12,12,33,5.5
seoul2-0204,을지로4가,2호선,외선,13,11,34,5.3
seoul2-0204,을지로4가,2호선,외선,14,11,34,5.3
seoul2-0204,을지로4가,2호선,외선,15,12,37,4.9
seoul2-0204,을지로4가,2호선,외선,16,14,41,4.4
seoul2-0204,을지로4가,2호선,외선,17,15,45,4.0
seoul2-0204,을지로4가,2호선,외선,18,16,47,3.8
seoul2-0204,을지로4가,2호선,외선,19,16,42,4.3
seoul2-0204,을지로4가,2호선,외선,20,10,37,4.9
seoul2-0204,을지로4가,2호선,외선,21,11,29,6.2
seoul2-0204,을지로4가,2호선,외선,22,8,27,6.7
seoul2-0204,을지로4가,2호선,외선,23,8,22,8.2
seoul2-0204,을지로4가,2호선,외선,24,6,14,12.9
seoul2-0205,동대문역사문화공원(DDP),2호선,내선,5,3,13,13.8
seoul2-0205,동대문역사문화공원(DDP),2호선,내선,6,10,26,6.9
seoul2-0205,동대문역사문화공원(DDP),2호선,내선,7,13,40,4.5
seoul2-0205,동대문역사문화공원(DDP),2호선,내선,8,17,47,3.8
seoul2-0205,동대문역사문화공원(DDP),2호선,내선,9,17,49,3.7
seoul2-0205,동대문역사문화공원(DDP),2호선,내선,10,15,42,4.3
seoul2-0205,동대문역사문화공원(DDP),2호선,내선,11,10,36,5.0
seoul2-0205,동대문역사문화공원(DDP),2호선,내선,12,11,30,6.0
seoul2-0205,동대문역사문화공원(DDP),2호선,내선,13,9,30,6.0
seoul2-0205,동대문역사문화공원(DDP),2호선,내선,14,10,30,6.0
seoul2-0205,동대문역사문화공원(DDP),2호선,내선,15,11,31,5.8
seoul2-0205,동대문역사문화공원(DDP),2호선,내선,16,10,34,5.3
seoul2-0205,동대문역사문화공원(DDP),2호선,내선,17,13,41,4.4
seoul2-0205,동대문역사문화공원(DDP),2호선,내선,18,18,50,3.6
seoul2-0205,동대문역사문화공원(DDP),2호선,내선,19,19,54,3.3
seoul2-0205,동대문역사문화공원(DDP),2호선,내선,20,17,47,3.8
seoul2-0205,동대문역사문화공원(DDP),2호선,내선,21,11,39,4.6
seoul2-0205,동대문역사문화공원(DDP),2호선,내선,22,11,30,6.0
seoul2-0205,동대문역사문화공원(DDP),2호선,내선,23,8,25,7.2
seoul2-0205,동대문역사문화공원(DDP),2호선,내선,24,6,14,12.9
seoul2-0205,동대문역사문화공원(DDP),2호선,외선,5,2,13,13.8
seoul2-0205,동대문역사문화공원(DDP),2호선,외선,6,11,25,7.2
seoul2-0205,동대문역사문화공원(DDP),2호선,외선,7,12,44,4.1
seoul2-0205,동대문역사문화공원(DDP),2호선,외선,8,21,52,3.5
seoul2-0205,동대문역사문화공원(DDP),2호선,외선,9,19,55,3.3
seoul2-0205,동대문역사문화공원(DDP),2호선,외선,10,15,45,4.0
seoul2-0205,동대문역사문화공원(DDP),2호선,외선,11,11,37,4.9
seoul2-0205,동대문역사문화공원(DDP),2호선,외선,12,11,34,5.3
seoul2-0205,동대문역사문화공원(DDP),2호선,외선,13,12,34,5.3
seoul2-0205,동대문역사문화공원(DDP),2호선,외선,14,11,34,5.3
seoul2-0205,동대문역사문화공원(DDP),2호선,외선,15,11,36,5.0
seoul2-0205,동대문역사문화공원(DDP),2호선,외선,16,14,41,4.4
seoul2-0205,동대문역사문화공원(DDP),2호선,외선,17,16,45,4.0
seoul2-0205,동대문역사문화공원(DDP),2호선,외선,18,15,47,3.8
seoul2-0205,동대문역사문화공원(DDP),2호선,외선,19,16,41,4.4
seoul2-0205,동대문역사문화공원(DDP),2호선,외선,20,10,37,4.9
seoul2-0205,동대문역사문화공원(DDP),2호선,외선,21,11,29,6.2
seoul2-0205,동대문역사문화공원(DDP),2호선,외선,22,8,28,6.4
seoul2-0205,동대문역사문화공원(DDP),2호선,외선,23,9,22,8.2
seoul2-0205,동대문역사문화공원(DDP),2호선,외선,24,5,14,12.9
seoul2-0206,신당,2호선,내선,5,2,12,15.0
seoul2-0206,신당,2호선,내선,6,10,26,6.9
seoul2-0206,신당,2호선,내선,7,14,41,4.4
seoul2-0206,신당,2호선,내선,8,17,48,3.8
seoul2-0206,신당,2호선,내선,9,17,49,3.7
seoul2-0206,신당,2호선,내선,10,15,42,4.3
seoul2-0206,신당,2호선,내선,11,10,35,5.1
seoul2-0206,신당,2호선,내선,12,10,30,6.0
seoul2-0206,신당,2호선,내선,13,10,30,6.0
seoul2-0206,신당,2호선,내선,14,10,30,6.0
seoul2-0206,신당,2호선,내선,15,10,31,5.8
seoul2-0206,신당,2호선,내선,16,11,33,5.5
seoul2-0206,신당,2호선,내선,17,12,42,4.3
seoul2-0206,신당,2호선,내선,18,19,49,3.7
seoul2-0206,신당,2호선,내선,19,18,54,3.3
seoul2-0206,신당,2호선,내선,20,17,47,3.8
seoul2-0206,신당,2호선,내선,21,12,39,4.6
seoul2-0206,신당,2호선,내선,22,10,30,6.0
seoul2-0206,신당,2호선,내선,23,8,25,7.2
seoul2-0206,신당,2호선,내선,24,7,15,12.0
seoul2-0206,신당,2호선,외선,5,3,13,13.8
seoul2-0206,신당,2호선,외선,6,10,26,6.9
seoul2-0206,신당,2호선,외선,7,13,44,4.1
seoul2-0206,신당,2호선,외선,8,21,53,3.4
seoul2-0206,신당,2호선,외선,9,19,55,3.3
seoul2-0206,신당,2호선,외선,10,15,44,4.1
seoul2-0206,신당,2호선,외선,11,10,37,4.9
seoul2-0206,신당,2호선,외선,12,12,33,5.5
seoul2-0206,신당,2호선,외선,13,11,34,5.3
seoul2-0206,신당,2호선,외선,14,11,34,5.3
seoul2-0206,신당,2호선,외선,15,12,36,5.0
seoul2-0206,신당,2호선,외선,16,13,41,4.4
seoul2-0206,신당,2호선,외선,17,16,45,4.0
seoul2-0206,신당,2호선,외선,18,16,48,3.8
seoul2-0206,신당,2호선,외선,19,16,41,4.4
seoul2-0206,신당,2호선,외선,20,9,36,5.0
seoul2-0206,신당,2호선,외선,21,11,28,6.4
seoul2-0206,신당,2호선,외선,22,8,28,6.4
seoul2-0206,신당,2호선,외선,23,9,22,8.2
seoul2-0206,신당,2호선,외선,24,5,14,12.9
seoul2-0207,상왕십리,2호선,내선,5,2,12,15.0
seoul2-0207,상왕십리,2호선,내선,6,10,25,7.2
seoul2-0207,상왕십리,2호선,내선,7,13,40,4.5
seoul2-0207,상왕십리,2호선,내선,8,17,48,3.8
seoul2-0207,상왕십리,2호선,내선,9,18,50,3.6
seoul2-0207,상왕십리,2호선,내선,10,15,43,4.2
seoul2-0207,상왕십리,2호선,내선,11,10,35,5.1
seoul2-0207,상왕십리,2호선,내선,12,10,30,6.0
seoul2-0207,상왕십리,2호선,내선,13,10,30,6.0
seoul2-0207,상왕십리,2호선,내선,14,10,30,6.0
seoul2-0207,상왕십리,2호선,내선,15,10,31,5.8
seoul2-0207,상왕십리,2호선,내선,16,11,33,5.5
seoul2-0207,상왕십리,2호선,내선,17,12,41,4.4
seoul2-0207,상왕십리,2호선,내선,18,18,49,3.7
seoul2-0207,상왕십리,2호선,내선,19,19,54,3.3
seoul2-0207,상왕십리,2호선,내선,20,17,48,3.8
seoul2-0207,상왕십리,2호선,내선,21,12,39,4.6
seoul2-0207,상왕십리,2호선,내선,22,10,30,6.0
seoul2-0207,상왕십리,2호선,내선,23,8,25,7.2
seoul2-0207,상왕십리,2호선,내선,24,7,15,12.0
seoul2-0207,상왕십리,2호선,외선,5,3,14,12.9
seoul2-0207,상왕십리,2호선,외선,6,11,27,6.7
seoul2-0207,상왕십리,2호선,외선,7,13,44,4.1
seoul2-0207,상왕십리,2호선,외선,8,20,52,3.5
seoul2-0207,상왕십리,2호선,외선,9,19,54,3.3
seoul2-0207,상왕십리,2호선,외선,10,15,45,4.0
seoul2-0207,상왕십리,2호선,외선,11,11,37,4.9
seoul2-0207,상왕십리,2호선,외선,12,11,34,5.3
seoul2-0207,상왕십리,2호선,외선,13,12,34,5.3
seoul2-0207,상왕십리,2호선,외선,14,11,34,5.3
seoul2-0207,상왕십리,2호선,외선,15,11,35,5.1
seoul2-0207,상왕십리,2호선,외선,16,13,41,4.4
seoul2-0207,상왕십리,2호선,외선,17,17,45,4.0
seoul2-0207,상왕십리,2호선,외선,18,15,48,3.8
seoul2-0207,상왕십리,2호선,외선,19,16,41,4.4
seoul2-0207,상왕십리,2호선,외선,20,10,36,5.0
seoul2-0207,상왕십리,2호선,외선,21,10,29,6.2
seoul2-0207,상왕십리,2호선,외선,22,9,27,6.7
seoul2-0207,상왕십리,2호선,외선,23,8,22,8.2
seoul2-0207,상왕십리,2호선,외선,24,5,13,13.8
seoul2-0208,왕십리(성동구청),2호선,내선,5,2,11,16.4
seoul2-0208,왕십리(성동구청),2호선,내선,6,9,25,7.2
seoul2-0208,왕십리(성동구청),2호선,내선,7,14,40,4.5
seoul2-0208,왕십리(성동구청),2호선,내선,8,17,48,3.8
seoul2-0208,왕십리(성동구청),2호선,내선,9,17,49,3.7
seoul2-0208,왕십리(성동구청),2호선,내선,10,15,42,4.3
seoul2-0208,왕십리(성동구청),2호선,내선,11,10,36,5.0
seoul2-0208,왕십리(성동구청),2호선,내선,12,11,30,6.0
seoul2-0208,왕십리(성동구청),2호선,내선,13,9,30,6.0
seoul2-0208,왕십리(성동구청),2호선,내선,14,10,30,6.0
seoul2-0208,왕십리(성동구청),2호선,내선,15,11,31,5.8
seoul2-0208,왕십리(성동구청),2호선,내선,16,10,33,5.5
seoul2-0208,왕십리(성동구청),2호선,내선,17,12,41,4.4
seoul2-0208,왕십리(성동구청),2호선,내선,18,19,49,3.7
seoul2-0208,왕십리(성동구청),2호선,내선,19,18,55,3.3
seoul2-0208,왕십리(성동구청),2호선,내선,20,18,47,3.8
seoul2-0208,왕십리(성동구청),2호선,내선,21,11,40,4.5
seoul2-0208,왕십리(성동구청),2호선,내선,22,11,30,6.0
seoul2-0208,왕십리(성동구청),2호선,내선,23,8,26,6.9
seoul2-0208,왕십리(성동구청),2호선,내선,24,7,15,12.0
seoul2-0208,왕십리(성동구청),2호선,외선,5,3,14,12.9
seoul2-0208,왕십리(성동구청),2호선,외선,6,11,27,6.7
seoul2-0208,왕십리(성동구청),2호선,외선,7,13,45,4.0
seoul2-0208,왕십리(성동구청),2호선,외선,8,21,53,3.4
seoul2-0208,왕십리(성동구청),2호선,외선,9,19,54,3.3
seoul2-0208,왕십리(성동구청),2호선,외선,10,14,44,4.1
seoul2-0208,왕십리(성동구청),2호선,외선,11,11,36,5.0
seoul2-0208,왕십리(성동구청),2호선,외선,12,11,34,5.3
seoul2-0208,왕십리(성동구청),2호선,외선,13,12,34,5.3
seoul2-0208,왕십리(성동구청),2호선,외선,14,11,34,5.3
seoul2-0208,왕십리(성동구청),2호선,외선,15,11,36,5.0
seoul2-0208,왕십리(성동구청),2호선,외선,16,14,41,4.4
seoul2-0208,왕십리(성동구청),2호선,외선,17,16,46,3.9
seoul2-0208,왕십리(성동구청),2호선,외선,18,16,47,3.8
seoul2-0208,왕십리(성동구청),2호선,외선,19,15,41,4.4
seoul2-0208,왕십리(성동구청),2호선,외선,20,10,36,5.0
seoul2-0208,왕십리(성동구청),2호선,외선,21,11,29,6.2
seoul2-0208,왕십리(성동구청),2호선,외선,22,8,27,6.7
seoul2-0208,왕십리(성동구청),2호선,외선,23,8,21,8.6
seoul2-0208,왕십리(성동구청),2호선,외선,24,5,13,13.8
seoul2-0209,한양대,2호선,내선,5,2,11,16.4
seoul2-0209,한양대,2호선,내선,6,9,24,7.5
seoul2-0209,한양대,2호선,내선,7,13,39,4.6
seoul2-0209,한양대,2호선,내선,8,17,47,3.8
seoul2-0209,한양대,2호선,내선,9,17,50,3.6
seoul2-0209,한양대,2호선,내선,10,16,43,4.2
seoul2-0209,한양대,2호선,내선,11,10,36,5.0
seoul2-0209,한양대,2호선,내선,12,10,30,6.0
seoul2-0209,한양대,2호선,내선,13,10,30,6.0
seoul2-0209,한양대,2호선,내선,14,10,30,6.0
seoul2-0209,한양대,2호선,내선,15,10,31,5.8
seoul2-0209,한양대,2호선,내선,16,11,33,5.5
seoul2-0209,한양대,2호선,내선,17,12,41,4.4
seoul2-0209,한양대,2호선,내선,18,18,49,3.7
seoul2-0209,한양대,2호선,내선,19,19,54,3.3
seoul2-0209,한양대,2호선,내선,20,17,48,3.8
seoul2-0209,한양대,2호선,내선,21,12,40,4.5
seoul2-0209,한양대,2호선,내선,22,11,31,5.8
seoul2-0209,한양대,2호선,내선,23,8,26,6.9
seoul2-0209,한양대,2호선,내선,24,7,15,12.0
seoul2-0209,한양대,2호선,외선,5,3,14,12.9
seoul2-0209,한양대,2호선,외선,6,11,28,6.4
seoul2-0209,한양대,2호선,외선,7,14,46,3.9
seoul2-0209,한양대,2호선,외선,8,21,53,3.4
seoul2-0209,한양대,2호선,외선,9,18,53,3.4
seoul2-0209,한양대,2호선,외선,10,14,43,4.2
seoul2-0209,한양대,2호선,외선,11,11,36,5.0
seoul2-0209,한양대,2호선,외선,12,11,34,5.3
seoul2-0209,한양대,2호선,외선,13,12,34,5.3
seoul2-0209,한양대,2호선,외선,14,11,34,5.3
seoul2-0209,한양대,2호선,외선,15,11,36,5.0
seoul2-0209,한양대,2호선,외선,16,14,41,4.4
seoul2-0209,한양대,2호선,외선,17,16,46,3.9
seoul2-0209,한양대,2호선,외선,18,16,48,3.8
seoul2-0209,한양대,2호선,외선,19,16,41,4.4
seoul2-0209,한양대,2호선,외선,20,9,36,5.0
seoul2-0209,한양대,2호선,외선,21,11,28,6.4
seoul2-0209,한양대,2호선,외선,22,8,27,6.7
seoul2-0209,한양대,2호선,외선,23,8,21,8.6
seoul2-0209,한양대,2호선,외선,24,5,13,13.8
seoul2-0210,뚝섬,2호선,내선,5,2,11,16.4
seoul2-0210,뚝섬,2호선,내선,6,9,24,7.5
seoul2-0210,뚝섬,2호선,내선,7,13,38,4.7
seoul2-0210,뚝섬,2호선,내선,8,16,47,3.8
seoul2-0210,뚝섬,2호선,내선,9,18,50,3.6
seoul2-0210,뚝섬,2호선,내선,10,16,44,4.1
seoul2-0210,뚝섬,2호선,내선,11,10,36,5.0
seoul2-0210,뚝섬,2호선,내선,12,10,30,6.0
seoul2-0210,뚝섬,2호선,내선,13,10,30,6.0
seoul2-0210,뚝섬,2호선,내선,14,10,30,6.0
seoul2-0210,뚝섬,2호선,내선,15,10,31,5.8
seoul2-0210,뚝섬,2호선,내선,16,11,33,5.5
seoul2-0210,뚝섬,2호선,내선,17,12,40,4.5
seoul2-0210,뚝섬,2호선,내선,18,17,48,3.8
seoul2-0210,뚝섬,2호선,내선,19,19,54,3.3
seoul2-0210,뚝섬,2호선,내선,20,18,49,3.7
seoul2-0210,뚝섬,2호선,내선,21,12,40,4.5
seoul2-0210,뚝섬,2호선,내선,22,10,31,5.8
seoul2-0210,뚝섬,2호선,내선,23,9,26,6.9
seoul2-0210,뚝섬,2호선,내선,24,7,16,11.2
seoul2-0210,뚝섬,2호선,외선,5,4,14,12.9
seoul2-0210,뚝섬,2호선,외선,6,10,28,6.4
seoul2-0210,뚝섬,2호선,외선,7,14,46,3.9
seoul2-0210,뚝섬,2호선,외선,8,22,54,3.3
seoul2-0210,뚝섬,2호선,외선,9,18,53,3.4
seoul2-0210,뚝섬,2호선,외선,10,13,43,4.2
seoul2-0210,뚝섬,2호선,외선,11,12,36,5.0
seoul2-0210,뚝섬,2호선,외선,12,11,35,5.1
seoul2-0210,뚝섬,2호선,외선,13,12,34,5.3
seoul2-0210,뚝섬,2호선,외선,14,11,34,5.3
seoul2-0210,뚝섬,2호선,외선,15,11,36,5.0
seoul2-0210,뚝섬,2호선,외선,16,14,41,4.4
seoul2-0210,뚝섬,2호선,외선,17,16,46,3.9
seoul2-0210,뚝섬,2호선,외선,18,16,47,3.8
seoul2-0210,뚝섬,2호선,외선,19,15,41,4.4
seoul2-0210,뚝섬,2호선,외선,20,10,35,5.1
seoul2-0210,뚝섬,2호선,외선,21,10,29,6.2
seoul2-0210,뚝섬,2호선,외선,22,9,27,6.7
seoul2-0210,뚝섬,2호선,외선,23,8,21,8.6
seoul2-0210,뚝섬,2호선,외선,24,4,12,15.0
seoul2-0211,성수,2호선,내선,5,5,17,10.6
seoul2-0211,성수,2호선,내선,6,12,35,5.1
seoul2-0211,성수,2호선,내선,7,18,47,3.8
seoul2-0211,성수,2호선,내선,8,17,50,3.6
seoul2-0211,성수,2호선,내선,9,15,45,4.0
seoul2-0211,성수,2호선,내선,10,13,38,4.7
seoul2-0211,성수,2호선,내선,11,10,33,5.5
seoul2-0211,성수,2호선,내선,12,10,30,6.0
seoul2-0211,성수,2호선,내선,13,10,30,6.0
seoul2-0211,성수,2호선,내선,14,10,30,6.0
seoul2-0211,성수,2호선,내선,15,10,32,5.6
seoul2-0211,성수,2호선,내선,16,12,38,4.7
seoul2-0211,성수,2호선,내선,17,16,46,3.9
seoul2-0211,성수,2호선,내선,18,18,52,3.5
seoul2-0211,성수,2호선,내선,19,18,50,3.6
seoul2-0211,성수,2호선,내선,20,14,41,4.4
seoul2-0211,성수,2호선,내선,21,9,33,5.5
seoul2-0211,성수,2호선,내선,22,10,28,6.4
seoul2-0211,성수,2호선,내선,23,9,22,8.2
seoul2-0211,성수,2호선,내선,24,3,12,15.0
seoul2-0211,성수,2호선,외선,5,7,22,8.2
seoul2-0211,성수,2호선,외선,6,15,43,4.2
seoul2-0211,성수,2호선,외선,7,21,64,2.8
seoul2-0211,성수,2호선,외선,8,28,73,2.5
seoul2-0211,성수,2호선,외선,9,24,72,2.5
seoul2-0211,성수,2호선,외선,10,20,60,3.0
seoul2-0211,성수,2호선,외선,11,16,53,3.4
seoul2-0211,성수,2호선,외선,12,17,51,3.5
seoul2-0211,성수,2호선,외선,13,18,52,3.5
seoul2-0211,성수,2호선,외선,14,17,52,3.5
seoul2-0211,성수,2호선,외선,15,17,53,3.4
seoul2-0211,성수,2호선,외선,16,19,58,3.1
seoul2-0211,성수,2호선,외선,17,22,64,2.8
seoul2-0211,성수,2호선,외선,18,23,67,2.7
seoul2-0211,성수,2호선,외선,19,22,61,3.0
seoul2-0211,성수,2호선,외선,20,16,53,3.4
seoul2-0211,성수,2호선,외선,21,15,46,3.9
seoul2-0211,성수,2호선,외선,22,15,43,4.2
seoul2-0211,성수,2호선,외선,23,13,36,5.0
seoul2-0211,성수,2호선,외선,24,8,21,8.6
seoul2-0212,건대입구,2호선,내선,5,4,17,10.6
seoul2-0212,건대입구,2호선,내선,6,13,34,5.3
seoul2-0212,건대입구,2호선,내선,7,17,47,3.8
seoul2-0212,건대입구,2호선,내선,8,17,50,3.6
seoul2-0212,건대입구,2호선,내선,9,16,46,3.9
seoul2-0212,건대입구,2호선,내선,10,13,39,4.6
seoul2-0212,건대입구,2호선,내선,11,10,33,5.5
seoul2-0212,건대입구,2호선,내선,12,10,30,6.0
seoul2-0212,건대입구,2호선,내선,13,10,30,6.0
seoul2-0212,건대입구,2호선,내선,14,10,30,6.0
seoul2-0212,건대입구,2호선,내선,15,10,32,5.6
seoul2-0212,건대입구,2호선,내선,16,12,37,4.9
seoul2-0212,건대입구,2호선,내선,17,15,46,3.9
seoul2-0212,건대입구,2호선,내선,18,19,52,3.5
seoul2-0212,건대입구,2호선,내선,19,18,50,3.6
seoul2-0212,건대입구,2호선,내선,20,13,41,4.4
seoul2-0212,건대입구,2호선,내선,21,10,33,5.5
seoul2-0212,건대입구,2호선,내선,22,10,28,6.4
seoul2-0212,건대입구,2호선,내선,23,8,22,8.2
seoul2-0212,건대입구,2호선,내선,24,4,12,15.0
seoul2-0212,건대입구,2호선,외선,5,1,9,20.0
seoul2-0212,건대입구,2호선,외선,6,8,22,8.2
seoul2-0212,건대입구,2호선,외선,7,13,42,4.3
seoul2-0212,건대입구,2호선,외선,8,21,55,3.3
seoul2-0212,건대입구,2호선,외선,9,21,60,3.0
seoul2-0212,건대입구,2호선,외선,10,18,51,3.5
seoul2-0212,건대입구,2호선,외선,11,12,41,4.4
seoul2-0212,건대입구,2호선,외선,12,11,34,5.3
seoul2-0212,건대입구,2호선,외선,13,11,34,5.3
seoul2-0212,건대입구,2호선,외선,14,12,34,5.3
seoul2-0212,건대입구,2호선,외선,15,11,34,5.3
seoul2-0212,건대입구,2호선,외선,16,11,36,5.0
seoul2-0212,건대입구,2호선,외선,17,14,41,4.4
seoul2-0212,건대입구,2호선,외선,18,16,46,3.9
seoul2-0212,건대입구,2호선,외선,19,16,44,4.1
seoul2-0212,건대입구,2호선,외선,20,12,38,4.7
seoul2-0212,건대입구,2호선,외선,21,10,31,5.8
seoul2-0212,건대입구,2호선,외선,22,9,26,6.9
seoul2-0212,건대입구,2호선,외선,23,7,22,8.2
seoul2-0212,건대입구,2호선,외선,24,6,13,13.8
seoul2-0213,구의(광진구청),2호선,내선,5,4,16,11.2
seoul2-0213,구의(광진구청),2호선,내선,6,12,33,5.5
seoul2-0213,구의(광진구청),2호선,내선,7,17,47,3.8
seoul2-0213,구의(광진구청),2호선,내선,8,18,50,3.6
seoul2-0213,구의(광진구청),2호선,내선,9,15,47,3.8
seoul2-0213,구의(광진구청),2호선,내선,10,14,38,4.7
seoul2-0213,구의(광진구청),2호선,내선,11,9,34,5.3
seoul2-0213,구의(광진구청),2호선,내선,12,11,30,6.0
seoul2-0213,구의(광진구청),2호선,내선,13,10,31,5.8
seoul2-0213,구의(광진구청),2호선,내선,14,10,30,6.0
seoul2-0213,구의(광진구청),2호선,내선,15,10,32,5.6
seoul2-0213,구의(광진구청),2호선,내선,16,12,37,4.9
seoul2-0213,구의(광진구청),2호선,내선,17,15,45,4.0
seoul2-0213,구의(광진구청),2호선,내선,18,18,51,3.5
seoul2-0213,구의(광진구청),2호선,내선,19,18,50,3.6
seoul2-0213,구의(광진구청),2호선,내선,20,14,42,4.3
seoul2-0213,구의(광진구청),2호선,내선,21,10,34,5.3
seoul2-0213,구의(광진구청),2호선,내선,22,10,28,6.4
seoul2-0213,구의(광진구청),2호선,내선,23,8,22,8.2
seoul2-0213,구의(광진구청),2호선,내선,24,4,12,15.0
seoul2-0213,구의(광진구청),2호선,외선,5,1,10,18.0
seoul2-0213,구의(광진구청),2호선,외선,6,9,23,7.8
seoul2-0213,구의(광진구청),2호선,외선,7,13,43,4.2
seoul2-0213,구의(광진구청),2호선,외선,8,21,55,3.3
seoul2-0213,구의(광진구청),2호선,외선,9,21,60,3.0
seoul2-0213,구의(광진구청),2호선,외선,10,18,50,3.6
seoul2-0213,구의(광진구청),2호선,외선,11,11,40,4.5
seoul2-0213,구의(광진구청),2호선,외선,12,11,34,5.3
seoul2-0213,구의(광진구청),2호선,외선,13,12,34,5.3
seoul2-0213,구의(광진구청),2호선,외선,14,11,34,5.3
seoul2-0213,구의(광진구청),2호선,외선,15,11,34,5.3
seoul2-0213,구의(광진구청),2호선,외선,16,12,37,4.9
seoul2-0213,구의(광진구청),2호선,외선,17,14,42,4.3
seoul2-0213,구의(광진구청),2호선,외선,18,16,45,4.0
seoul2-0213,구의(광진구청),2호선,외선,19,15,44,4.1
seoul2-0213,구의(광진구청),2호선,외선,20,13,37,4.9
seoul2-0213,구의(광진구청),2호선,외선,21,9,31,5.8
seoul2-0213,구의(광진구청),2호선,외선,22,9,25,7.2
seoul2-0213,구의(광진구청),2호선,외선,23,7,22,8.2
seoul2-0213,구의(광진구청),2호선,외선,24,6,13,13.8
seoul2-0214,강변(동서울터미널),2호선,내선,5,3,16,11.2
seoul2-0214,강변(동서울터미널),2호선,내선,6,13,33,5.5
seoul2-0214,강변(동서울터미널),2호선,내선,7,17,47,3.8
seoul2-0214,강변(동서울터미널),2호선,내선,8,17,50,3.6
seoul2-0214,강변(동서울터미널),2호선,내선,9,16,46,3.9
seoul2-0214,강변(동서울터미널),2호선,내선,10,13,39,4.6
seoul2-0214,강변(동서울터미널),2호선,내선,11,10,33,5.5
seoul2-0214,강변(동서울터미널),2호선,내선,12,10,30,6.0
seoul2-0214,강변(동서울터미널),2호선,내선,13,10,30,6.0
seoul2-0214,강변(동서울터미널),2호선,내선,14,10,30,6.0
seoul2-0214,강변(동서울터미널),2호선,내선,15,10,32,5.6
seoul2-0214,강변(동서울터미널),2호선,내선,16,12,37,4.9
seoul2-0214,강변(동서울터미널),2호선,내선,17,15,45,4.0
seoul2-0214,강변(동서울터미널),2호선,내선,18,18,52,3.5
seoul2-0214,강변(동서울터미널),2호선,내선,19,19,50,3.6
seoul2-0214,강변(동서울터미널),2호선,내선,20,13,42,4.3
seoul2-0214,강변(동서울터미널),2호선,내선,21,10,33,5.5
seoul2-0214,강변(동서울터미널),2호선,내선,22,10,29,6.2
seoul2-0214,강변(동서울터미널),2호선,내선,23,9,23,7.8
seoul2-0214,강변(동서울터미널),2호선,내선,24,4,13,13.8
seoul2-0214,강변(동서울터미널),2호선,외선,5,1,10,18.0
seoul2-0214,강변(동서울터미널),2호선,외선,6,9,23,7.8
seoul2-0214,강변(동서울터미널),2호선,외선,7,13,44,4.1
seoul2-0214,강변(동서울터미널),2호선,외선,8,22,55,3.3
seoul2-0214,강변(동서울터미널),2호선,외선,9,20,60,3.0
seoul2-0214,강변(동서울터미널),2호선,외선,10,18,49,3.7
seoul2-0214,강변(동서울터미널),2호선,외선,11,11,40,4.5
seoul2-0214,강변(동서울터미널),2호선,외선,12,11,34,5.3
seoul2-0214,강변(동서울터미널),2호선,외선,13,12,34,5.3
seoul2-0214,강변(동서울터미널),2호선,외선,14,11,34,5.3
seoul2-0214,강변(동서울터미널),2호선,외선,15,11,34,5.3
seoul2-0214,강변(동서울터미널),2호선,외선,16,12,37,4.9
seoul2-0214,강변(동서울터미널),2호선,외선,17,14,42,4.3
seoul2-0214,강변(동서울터미널),2호선,외선,18,16,46,3.9
seoul2-0214,강변(동서울터미널),2호선,외선,19,16,44,4.1
seoul2-0214,강변(동서울터미널),2호선,외선,20,12,37,4.9
seoul2-0214,강변(동서울터미널),2호선,외선,21,9,30,6.0
seoul2-0214,강변(동서울터미널),2호선,외선,22,9,25,7.2
seoul2-0214,강변(동서울터미널),2호선,외선,23,7,22,8.2
seoul2-0214,강변(동서울터미널),2호선,외선,24,6,13,13.8
seoul2-0215,잠실나루,2호선,내선,5,3,15,12.0
seoul2-0215,잠실나루,2호선,내선,6,12,32,5.6
seoul2-0215,잠실나루,2호선,내선,7,17,46,3.9
seoul2-0215,잠실나루,2호선,내선,8,17,51,3.5
seoul2-0215,잠실나루,2호선,내선,9,17,47,3.8
seoul2-0215,잠실나루,2호선,내선,10,13,40,4.5
seoul2-0215,잠실나루,2호선,내선,11,10,33,5.5
seoul2-0215,잠실나루,2호선,내선,12,10,30,6.0
seoul2-0215,잠실나루,2호선,내선,13,10,30,6.0
seoul2-0215,잠실나루,2호선,내선,14,10,30,6.0
seoul2-0215,잠실나루,2호선,내선,15,10,32,5.6
seoul2-0215,잠실나루,2호선,내선,16,12,37,4.9
seoul2-0215,잠실나루,2호선,내선,17,15,45,4.0
seoul2-0215,잠실나루,2호선,내선,18,18,51,3.5
seoul2-0215,잠실나루,2호선,내선,19,18,50,3.6
seoul2-0215,잠실나루,2호선,내선,20,14,42,4.3
seoul2-0215,잠실나루,2호선,내선,21,10,34,5.3
seoul2-0215,잠실나루,2호선,내선,22,10,29,6.2
seoul2-0215,잠실나루,2호선,내선,23,9,23,7.8
seoul2-0215,잠실나루,2호선,내선,24,4,13,13.8
seoul2-0215,잠실나루,2호선,외선,5,2,10,18.0
seoul2-0215,잠실나루,2호선,외선,6,8,24,7.5
seoul2-0215,잠실나루,2호선,외선,7,14,44,4.1
seoul2-0215,잠실나루,2호선,외선,8,22,56,3.2
seoul2-0215,잠실나루,2호선,외선,9,20,59,3.1
seoul2-0215,잠실나루,2호선,외선,10,17,49,3.7
seoul2-0215,잠실나루,2호선,외선,11,12,40,4.5
seoul2-0215,잠실나루,2호선,외선,12,11,34,5.3
seoul2-0215,잠실나루,2호선,외선,13,11,34,5.3
seoul2-0215,잠실나루,2호선,외선,14,12,34,5.3
seoul2-0215,잠실나루,2호선,외선,15,11,34,5.3
seoul2-0215,잠실나루,2호선,외선,16,11,37,4.9
seoul2-0215,잠실나루,2호선,외선,17,15,42,4.3
seoul2-0215,잠실나루,2호선,외선,18,16,46,3.9
seoul2-0215,잠실나루,2호선,외선,19,15,43,4.2
seoul2-0215,잠실나루,2호선,외선,20,12,37,4.9
seoul2-0215,잠실나루,2호선,외선,21,10,31,5.8
seoul2-0215,잠실나루,2호선,외선,22,9,26,6.9
seoul2-0215,잠실나루,2호선,외선,23,7,21,8.6
seoul2-0215,잠실나루,2호선,외선,24,5,12,15.0
seoul2-0216,잠실(송파구청),2호선,내선,5,3,14,12.9
seoul2-0216,잠실(송파구청),2호선,내선,6,11,32,5.6
seoul2-0216,잠실(송파구청),2호선,내선,7,18,46,3.9
seoul2-0216,잠실(송파구청),2호선,내선,8,17,51,3.5
seoul2-0216,잠실(송파구청),2호선,내선,9,16,46,3.9
seoul2-0216,잠실(송파구청),2호선,내선,10,13,40,4.5
seoul2-0216,잠실(송파구청),2호선,내선,11,11,34,5.3
seoul2-0216,잠실(송파구청),2호선,내선,12,10,31,5.8
seoul2-0216,잠실(송파구청),2호선,내선,13,10,30,6.0
seoul2-0216,잠실(송파구청),2호선,내선,14,10,30,6.0
seoul2-0216,잠실(송파구청),2호선,내선,15,10,32,5.6
seoul2-0216,잠실(송파구청),2호선,내선,16,12,36,5.0
seoul2-0216,잠실(송파구청),2호선,내선,17,14,45,4.0
seoul2-0216,잠실(송파구청),2호선,내선,18,19,51,3.5
seoul2-0216,잠실(송파구청),2호선,내선,19,18,50,3.6
seoul2-0216,잠실(송파구청),2호선,내선,20,13,41,4.4
seoul2-0216,잠실(송파구청),2호선,내선,21,10,34,5.3
seoul2-0216,잠실(송파구청),2호선,내선,22,11,30,6.0
seoul2-0216,잠실(송파구청),2호선,내선,23,9,24,7.5
seoul2-0216,잠실(송파구청),2호선,내선,24,4,13,13.8
seoul2-0216,잠실(송파구청),2호선,외선,5,2,11,16.4
seoul2-0216,잠실(송파구청),2호선,외선,6,9,25,7.2
seoul2-0216,잠실(송파구청),2호선,외선,7,14,45,4.0
seoul2-0216,잠실(송파구청),2호선,외선,8,22,55,3.3
seoul2-0216,잠실(송파구청),2호선,외선,9,19,59,3.1
seoul2-0216,잠실(송파구청),2호선,외선,10,18,48,3.8
seoul2-0216,잠실(송파구청),2호선,외선,11,11,40,4.5
seoul2-0216,잠실(송파구청),2호선,외선,12,11,34,5.3
seoul2-0216,잠실(송파구청),2호선,외선,13,12,34,5.3
seoul2-0216,잠실(송파구청),2호선,외선,14,11,34,5.3
seoul2-0216,잠실(송파구청),2호선,외선,15,11,34,5.3
seoul2-0216,잠실(송파구청),2호선,외선,16,12,37,4.9
seoul2-0216,잠실(송파구청),2호선,외선,17,14,42,4.3
seoul2-0216,잠실(송파구청),2호선,외선,18,16,46,3.9
seoul2-0216,잠실(송파구청),2호선,외선,19,16,44,4.1
seoul2-0216,잠실(송파구청),2호선,외선,20,12,37,4.9
seoul2-0216,잠실(송파구청),2호선,외선,21,9,30,6.0
seoul2-0216,잠실(송파구청),2호선,외선,22,9,25,7.2
seoul2-0216,잠실(송파구청),2호선,외선,23,7,21,8.6
seoul2-0216,잠실(송파구청),2호선,외선,24,5,12,15.0
seoul2-0217,잠실새내,2호선,내선,5,3,14,12.9
seoul2-0217,잠실새내,2호선,내선,6,11,31,5.8
seoul2-0217,잠실새내,2호선,내선,7,17,45,4.0
seoul2-0217,잠실새내,2호선,내선,8,17,51,3.5
seoul2-0217,잠실새내,2호선,내선,9,17,46,3.9
seoul2-0217,잠실새내,2호선,내선,10,12,41,4.4
seoul2-0217,잠실새내,2호선,내선,11,12,33,5.5
seoul2-0217,잠실새내,2호선,내선,12,9,31,5.8
seoul2-0217,잠실새내,2호선,내선,13,10,30,6.0
seoul2-0217,잠실새내,2호선,내선,14,11,30,6.0
seoul2-0217,잠실새내,2호선,내선,15,9,32,5.6
seoul2-0217,잠실새내,2호선,내선,16,12,36,5.0
seoul2-0217,잠실새내,2호선,내선,17,15,45,4.0
seoul2-0217,잠실새내,2호선,내선,18,18,51,3.5
seoul2-0217,잠실새내,2호선,내선,19,18,50,3.6
seoul2-0217,잠실새내,2호선,내선,20,14,42,4.3
seoul2-0217,잠실새내,2호선,내선,21,10,35,5.1
seoul2-0217,잠실새내,2호선,내선,22,11,30,6.0
seoul2-0217,잠실새내,2호선,내선,23,9,24,7.5
seoul2-0217,잠실새내,2호선,내선,24,4,13,13.8
seoul2-0217,잠실새내,2호선,외선,5,2,11,16.4
seoul2-0217,잠실새내,2호선,외선,6,9,26,6.9
seoul2-0217,잠실새내,2호선,외선,7,15,46,3.9
seoul2-0217,잠실새내,2호선,외선,8,22,56,3.2
seoul2-0217,잠실새내,2호선,외선,9,19,58,3.1
seoul2-0217,잠실새내,2호선,외선,10,17,48,3.8
seoul2-0217,잠실새내,2호선,외선,11,12,39,4.6
seoul2-0217,잠실새내,2호선,외선,12,10,34,5.3
seoul2-0217,잠실새내,2호선,외선,13,12,34,5.3
seoul2-0217,잠실새내,2호선,외선,14,12,35,5.1
seoul2-0217,잠실새내,2호선,외선,15,11,34,5.3
seoul2-0217,잠실새내,2호선,외선,16,11,37,4.9
seoul2-0217,잠실새내,2호선,외선,17,15,42,4.3
seoul2-0217,잠실새내,2호선,외선,18,16,47,3.8
seoul2-0217,잠실새내,2호선,외선,19,16,43,4.2
seoul2-0217,잠실새내,2호선,외선,20,11,36,5.0
seoul2-0217,잠실새내,2호선,외선,21,9,29,6.2
seoul2-0217,잠실새내,2호선,외선,22,9,25,7.2
seoul2-0217,잠실새내,2호선,외선,23,7,21,8.6
seoul2-0217,잠실새내,2호선,외선,24,5,12,15.0
seoul2-0218,종합운동장,2호선,내선,5,2,14,12.9
seoul2-0218,종합운동장,2호선,내선,6,12,30,6.0
seoul2-0218,종합운동장,2호선,내선,7,16,46,3.9
seoul2-0218,종합운동장,2호선,내선,8,18,51,3.5
seoul2-0218,종합운동장,2호선,내선,9,17,47,3.8
seoul2-0218,종합운동장,2호선,내선,10,12,40,4.5
seoul2-0218,종합운동장,2호선,내선,11,11,33,5.5
seoul2-0218,종합운동장,2호선,내선,12,10,31,5.8
seoul2-0218,종합운동장,2호선,내선,13,10,30,6.0
seoul2-0218,종합운동장,2호선,내선,14,10,30,6.0
seoul2-0218,종합운동장,2호선,내선,15,10,32,5.6
seoul2-0218,종합운동장,2호선,내선,16,12,36,5.0
seoul2-0218,종합운동장,2호선,내선,17,14,45,4.0
seoul2-0218,종합운동장,2호선,내선,18,19,51,3.5
seoul2-0218,종합운동장,2호선,내선,19,18,50,3.6
seoul2-0218,종합운동장,2호선,내선,20,13,42,4.3
seoul2-0218,종합운동장,2호선,내선,21,11,34,5.3
seoul2-0218,종합운동장,2호선,내선,22,10,30,6.0
seoul2-0218,종합운동장,2호선,내선,23,9,24,7.5
seoul2-0218,종합운동장,2호선,내선,24,5,14,12.9
seoul2-0218,종합운동장,2호선,외선,5,2,12,15.0
seoul2-0218,종합운동장,2호선,외선,6,10,26,6.9
seoul2-0218,종합운동장,2호선,외선,7,14,47,3.8
seoul2-0218,종합운동장,2호선,외선,8,23,56,3.2
seoul2-0218,종합운동장,2호선,외선,9,19,59,3.1
seoul2-0218,종합운동장,2호선,외선,10,17,47,3.8
seoul2-0218,종합운동장,2호선,외선,11,11,39,4.6
seoul2-0218,종합운동장,2호선,외선,12,11,33,5.5
seoul2-0218,종합운동장,2호선,외선,13,11,34,5.3
seoul2-0218,종합운동장,2호선,외선,14,12,34,5.3
seoul2-0218,종합운동장,2호선,외선,15,11,34,5.3
seoul2-0218,종합운동장,2호선,외선,16,11,37,4.9
seoul2-0218,종합운동장,2호선,외선,17,15,43,4.2
seoul2-0218,종합운동장,2호선,외선,18,17,47,3.8
seoul2-0218,종합운동장,2호선,외선,19,15,43,4.2
seoul2-0218,종합운동장,2호선,외선,20,11,35,5.1
seoul2-0218,종합운동장,2호선,외선,21,9,30,6.0
seoul2-0218,종합운동장,2호선,외선,22,10,25,7.2
seoul2-0218,종합운동장,2호선,외선,23,6,21,8.6
seoul2-0218,종합운동장,2호선,외선,24,5,11,16.4
seoul2-0219,삼성(무역센터),2호선,내선,5,3,14,12.9
seoul2-0219,삼성(무역센터),2호선,내선,6,11,31,5.8
seoul2-0219,삼성(무역센터),2호선,내선,7,17,45,4.0
seoul2-0219,삼성(무역센터),2호선,내선,8,17,51,3.5
seoul2-0219,삼성(무역센터),2호선,내선,9,17,47,3.8
seoul2-0219,삼성(무역센터),2호선,내선,10,13,41,4.4
seoul2-0219,삼성(무역센터),2호선,내선,11,11,34,5.3
seoul2-0219,삼성(무역센터),2호선,내선,12,10,31,5.8
seoul2-0219,삼성(무역센터),2호선,내선,13,10,30,6.0
seoul2-0219,삼성(무역센터),2호선,내선,14,10,30,6.0
seoul2-0219,삼성(무역센터),2호선,내선,15,10,31,5.8
seoul2-0219,삼성(무역센터),2호선,내선,16,11,35,5.1
seoul2-0219,삼성(무역센터),2호선,내선,17,14,44,4.1
seoul2-0219,삼성(무역센터),2호선,내선,18,19,51,3.5
seoul2-0219,삼성(무역센터),2호선,내선,19,18,51,3.5
seoul2-0219,삼성(무역센터),2호선,내선,20,14,42,4.3
seoul2-0219,삼성(무역센터),2호선,내선,21,10,35,5.1
seoul2-0219,삼성(무역센터),2호선,내선,22,11,30,6.0
seoul2-0219,삼성(무역센터),2호선,내선,23,9,24,7.5
seoul2-0219,삼성(무역센터),2호선,내선,24,4,13,13.8
seoul2-0219,삼성(무역센터),2호선,외선,5,2,12,15.0
seoul2-0219,삼성(무역센터),2호선,외선,6,10,27,6.7
seoul2-0219,삼성(무역센터),2호선,외선,7,15,47,3.8
seoul2-0219,삼성(무역센터),2호선,외선,8,22,57,3.2
seoul2-0219,삼성(무역센터),2호선,외선,9,20,58,3.1
seoul2-0219,삼성(무역센터),2호선,외선,10,16,48,3.8
seoul2-0219,삼성(무역센터),2호선,외선,11,12,38,4.7
seoul2-0219,삼성(무역센터),2호선,외선,12,10,34,5.3
seoul2-0219,삼성(무역센터),2호선,외선,13,12,33,5.5
seoul2-0219,삼성(무역센터),2호선,외선,14,11,34,5.3
seoul2-0219,삼성(무역센터),2호선,외선,15,11,34,5.3
seoul2-0219,삼성(무역센터),2호선,외선,16,12,38,4.7
seoul2-0219,삼성(무역센터),2호선,외선,17,15,43,4.2
seoul2-0219,삼성(무역센터),2호선,외선,18,16,46,3.9
seoul2-0219,삼성(무역센터),2호선,외선,19,15,43,4.2
seoul2-0219,삼성(무역센터),2호선,외선,20,12,36,5.0
seoul2-0219,삼성(무역센터),2호선,외선,21,9,30,6.0
seoul2-0219,삼성(무역센터),2호선,외선,22,9,25,7.2
seoul2-0219,삼성(무역센터),2호선,외선,23,7,20,9.0
seoul2-0219,삼성(무역센터),2호선,외선,24,4,11,16.4
seoul2-0220,선릉,2호선,내선,5,3,14,12.9
seoul2-0220,선릉,2호선,내선,6,11,30,6.0
seoul2-0220,선릉,2호선,내선,7,16,44,4.1
seoul2-0220,선릉,2호선,내선,8,17,51,3.5
seoul2-0220,선릉,2호선,내선,9,18,47,3.8
seoul2-0220,선릉,2호선,내선,10,12,41,4.4
seoul2-0220,선릉,2호선,내선,11,11,33,5.5
seoul2-0220,선릉,2호선,내선,12,10,31,5.8
seoul2-0220,선릉,2호선,내선,13,10,31,5.8
seoul2-0220,선릉,2호선,내선,14,11,30,6.0
seoul2-0220,선릉,2호선,내선,15,9,31,5.8
seoul2-0220,선릉,2호선,내선,16,11,34,5.3
seoul2-0220,선릉,2호선,내선,17,14,44,4.1
seoul2-0220,선릉,2호선,내선,18,19,51,3.5
seoul2-0220,선릉,2호선,내선,19,18,51,3.5
seoul2-0220,선릉,2호선,내선,20,14,43,4.2
seoul2-0220,선릉,2호선,내선,21,11,36,5.0
seoul2-0220,선릉,2호선,내선,22,11,31,5.8
seoul2-0220,선릉,2호선,내선,23,9,24,7.5
seoul2-0220,선릉,2호선,내선,24,4,13,13.8
seoul2-0220,선릉,2호선,외선,5,1,11,16.4
seoul2-0220,선릉,2호선,외선,6,10,27,6.7
seoul2-0220,선릉,2호선,외선,7,16,48,3.8
seoul2-0220,선릉,2호선,외선,8,22,58,3.1
seoul2-0220,선릉,2호선,외선,9,20,57,3.2
seoul2-0220,선릉,2호선,외선,10,15,47,3.8
seoul2-0220,선릉,2호선,외선,11,12,38,4.7
seoul2-0220,선릉,2호선,외선,12,11,34,5.3
seoul2-0220,선릉,2호선,외선,13,11,34,5.3
seoul2-0220,선릉,2호선,외선,14,12,34,5.3
seoul2-0220,선릉,2호선,외선,15,11,34,5.3
seoul2-0220,선릉,2호선,외선,16,11,37,4.9
seoul2-0220,선릉,2호선,외선,17,15,43,4.2
seoul2-0220,선릉,2호선,외선,18,17,46,3.9
seoul2-0220,선릉,2호선,외선,19,14,43,4.2
seoul2-0220,선릉,2호선,외선,20,12,35,5.1
seoul2-0220,선릉,2호선,외선,21,9,30,6.0
seoul2-0220,선릉,2호선,외선,22,9,25,7.2
seoul2-0220,선릉,2호선,외선,23,7,21,8.6
seoul2-0220,선릉,2호선,외선,24,5,12,15.0
seoul2-0221,역삼,2호선,내선,5,2,13,13.8
seoul2-0221,역삼,2호선,내선,6,11,29,6.2
seoul2-0221,역삼,2호선,내선,7,16,45,4.0
seoul2-0221,역삼,2호선,내선,8,18,51,3.5
seoul2-0221,역삼,2호선,내선,9,17,47,3.8
seoul2-0221,역삼,2호선,내선,10,12,41,4.4
seoul2-0221,역삼,2호선,내선,11,12,34,5.3
seoul2-0221,역삼,2호선,내선,12,10,32,5.6
seoul2-0221,역삼,2호선,내선,13,10,30,6.0
seoul2-0221,역삼,2호선,내선,14,10,30,6.0
seoul2-0221,역삼,2호선,내선,15,10,31,5.8
seoul2-0221,역삼,2호선,내선,16,11,35,5.1
seoul2-0221,역삼,2호선,내선,17,14,43,4.2
seoul2-0221,역삼,2호선,내선,18,18,50,3.6
seoul2-0221,역삼,2호선,내선,19,18,51,3.5
seoul2-0221,역삼,2호선,내선,20,15,43,4.2
seoul2-0221,역삼,2호선,내선,21,10,36,5.0
seoul2-0221,역삼,2호선,내선,22,11,31,5.8
seoul2-0221,역삼,2호선,내선,23,10,25,7.2
seoul2-0221,역삼,2호선,내선,24,4,14,12.9
seoul2-0221,역삼,2호선,외선,5,2,12,15.0
seoul2-0221,역삼,2호선,외선,6,10,27,6.7
seoul2-0221,역삼,2호선,외선,7,15,48,3.8
seoul2-0221,역삼,2호선,외선,8,23,58,3.1
seoul2-0221,역삼,2호선,외선,9,20,58,3.1
seoul2-0221,역삼,2호선,외선,10,15,46,3.9
seoul2-0221,역삼,2호선,외선,11,11,37,4.9
seoul2-0221,역삼,2호선,외선,12,11,34,5.3
seoul2-0221,역삼,2호선,외선,13,12,34,5.3
seoul2-0221,역삼,2호선,외선,14,11,34,5.3
seoul2-0221,역삼,2호선,외선,15,11,34,5.3
seoul2-0221,역삼,2호선,외선,16,12,38,4.7
seoul2-0221,역삼,2호선,외선,17,15,43,4.2
seoul2-0221,역삼,2호선,외선,18,16,46,3.9
seoul2-0221,역삼,2호선,외선,19,15,43,4.2
seoul2-0221,역삼,2호선,외선,20,12,35,5.1
seoul2-0221,역삼,2호선,외선,21,8,29,6.2
seoul2-0221,역삼,2호선,외선,22,9,24,7.5
seoul2-0221,역삼,2호선,외선,23,7,21,8.6
seoul2-0221,역삼,2호선,외선,24,5,12,15.0
seoul2-0222,강남,2호선,내선,5,2,13,13.8
seoul2-0222,강남,2호선,내선,6,11,29,6.2
seoul2-0222,강남,2호선,내선,7,16,45,4.0
seoul2-0222,강남,2호선,내선,8,18,51,3.5
seoul2-0222,강남,2호선,내선,9,17,47,3.8
seoul2-0222,강남,2호선,내선,10,12,41,4.4
seoul2-0222,강남,2호선,내선,11,12,34,5.3
seoul2-0222,강남,2호선,내선,12,10,32,5.6
seoul2-0222,강남,2호선,내선,13,10,30,6.0
seoul2-0222,강남,2호선,내선,14,10,30,6.0
seoul2-0222,강남,2호선,내선,15,10,31,5.8
seoul2-0222,강남,2호선,내선,16,11,34,5.3
seoul2-0222,강남,2호선,내선,17,13,43,4.2
seoul2-0222,강남,2호선,내선,18,19,50,3.6
seoul2-0222,강남,2호선,내선,19,18,52,3.5
seoul2-0222,강남,2호선,내선,20,15,43,4.2
seoul2-0222,강남,2호선,내선,21,10,36,5.0
seoul2-0222,강남,2호선,내선,22,11,30,6.0
seoul2-0222,강남,2호선,내선,23,9,25,7.2
seoul2-0222,강남,2호선,내선,24,5,14,12.9
seoul2-0222,강남,2호선,외선,5,2,12,15.0
seoul2-0222,강남,2호선,외선,6,10,28,6.4
seoul2-0222,강남,2호선,외선,7,16,48,3.8
seoul2-0222,강남,2호선,외선,8,22,58,3.1
seoul2-0222,강남,2호선,외선,9,20,57,3.2
seoul2-0222,강남,2호선,외선,10,15,47,3.8
seoul2-0222,강남,2호선,외선,11,12,38,4.7
seoul2-0222,강남,2호선,외선,12,11,34,5.3
seoul2-0222,강남,2호선,외선,13,11,34,5.3
seoul2-0222,강남,2호선,외선,14,12,34,5.3
seoul2-0222,강남,2호선,외선,15,11,34,5.3
seoul2-0222,강남,2호선,외선,16,11,37,4.9
seoul2-0222,강남,2호선,외선,17,15,43,4.2
seoul2-0222,강남,2호선,외선,18,17,46,3.9
seoul2-0222,강남,2호선,외선,19,14,43,4.2
seoul2-0222,강남,2호선,외선,20,12,35,5.1
seoul2-0222,강남,2호선,외선,21,9,29,6.2
seoul2-0222,강남,2호선,외선,22,8,25,7.2
seoul2-0222,강남,2호선,외선,23,8,20,9.0
seoul2-0222,강남,2호선,외선,24,4,12,15.0
seoul2-0223,교대(법원·검찰청),2호선,내선,5,2,12,15.0
seoul2-0223,교대(법원·검찰청),2호선,내선,6,10,28,6.4
seoul2-0223,교대(법원·검찰청),2호선,내선,7,16,44,4.1
seoul2-0223,교대(법원·검찰청),2호선,내선,8,18,51,3.5
seoul2-0223,교대(법원·검찰청),2호선,내선,9,17,47,3.8
seoul2-0223,교대(법원·검찰청),2호선,내선,10,12,41,4.4
seoul2-0223,교대(법원·검찰청),2호선,내선,11,12,34,5.3
seoul2-0223,교대(법원·검찰청),2호선,내선,12,10,32,5.6
seoul2-0223,교대(법원·검찰청),2호선,내선,13,10,30,6.0
seoul2-0223,교대(법원·검찰청),2호선,내선,14,10,30,6.0
seoul2-0223,교대(법원·검찰청),2호선,내선,15,10,31,5.8
seoul2-0223,교대(법원·검찰청),2호선,내선,16,11,34,5.3
seoul2-0223,교대(법원·검찰청),2호선,내선,17,13,43,4.2
seoul2-0223,교대(법원·검찰청),2호선,내선,18,19,50,3.6
seoul2-0223,교대(법원·검찰청),2호선,내선,19,18,52,3.5
seoul2-0223,교대(법원·검찰청),2호선,내선,20,15,44,4.1
seoul2-0223,교대(법원·검찰청),2호선,내선,21,11,36,5.0
seoul2-0223,교대(법원·검찰청),2호선,내선,22,10,31,5.8
seoul2-0223,교대(법원·검찰청),2호선,내선,23,10,25,7.2
seoul2-0223,교대(법원·검찰청),2호선,내선,24,5,15,12.0
seoul2-0223,교대(법원·검찰청),2호선,외선,5,2,13,13.8
seoul2-0223,교대(법원·검찰청),2호선,외선,6,11,29,6.2
seoul2-0223,교대(법원·검찰청),2호선,외선,7,16,49,3.7
seoul2-0223,교대(법원·검찰청),2호선,외선,8,22,58,3.1
seoul2-0223,교대(법원·검찰청),2호선,외선,9,20,56,3.2
seoul2-0223,교대(법원·검찰청),2호선,외선,10,14,46,3.9
seoul2-0223,교대(법원·검찰청),2호선,외선,11,12,37,4.9
seoul2-0223,교대(법원·검찰청),2호선,외선,12,11,34,5.3
seoul2-0223,교대(법원·검찰청),2호선,외선,13,11,34,5.3
seoul2-0223,교대(법원·검찰청),2호선,외선,14,12,34,5.3
seoul2-0223,교대(법원·검찰청),2호선,외선,15,11,35,5.1
seoul2-0223,교대(법원·검찰청),2호선,외선,16,12,38,4.7
seoul2-0223,교대(법원·검찰청),2호선,외선,17,15,43,4.2
seoul2-0223,교대(법원·검찰청),2호선,외선,18,16,46,3.9
seoul2-0223,교대(법원·검찰청),2호선,외선,19,15,42,4.3
seoul2-0223,교대(법원·검찰청),2호선,외선,20,11,35,5.1
seoul2-0223,교대(법원·검찰청),2호선,외선,21,9,29,6.2
seoul2-0223,교대(법원·검찰청),2호선,외선,22,9,25,7.2
seoul2-0223,교대(법원·검찰청),2호선,외선,23,7,20,9.0
seoul2-0223,교대(법원·검찰청),2호선,외선,24,4,11,16.4
seoul2-0224,서초,2호선,내선,5,2,12,15.0
seoul2-0224,서초,2호선,내선,6,10,27,6.7
seoul2-0224,서초,2호선,내선,7,15,43,4.2
seoul2-0224,서초,2호선,내선,8,18,51,3.5
seoul2-0224,서초,2호선,내선,9,18,48,3.8
seoul2-0224,서초,2호선,내선,10,12,42,4.3
seoul2-0224,서초,2호선,내선,11,12,34,5.3
seoul2-0224,서초,2호선,내선,12,10,32,5.6
seoul2-0224,서초,2호선,내선,13,10,30,6.0
seoul2-0224,서초,2호선,내선,14,10,30,6.0
seoul2-0224,서초,2호선,내선,15,10,31,5.8
seoul2-0224,서초,2호선,내선,16,11,34,5.3
seoul2-0224,서초,2호선,내선,17,13,43,4.2
seoul2-0224,서초,2호선,내선,18,19,50,3.6
seoul2-0224,서초,2호선,내선,19,18,52,3.5
seoul2-0224,서초,2호선,내선,20,15,44,4.1
seoul2-0224,서초,2호선,내선,21,11,36,5.0
seoul2-0224,서초,2호선,내선,22,10,31,5.8
seoul2-0224,서초,2호선,내선,23,10,25,7.2
seoul2-0224,서초,2호선,내선,24,5,15,12.0
seoul2-0224,서초,2호선,외선,5,3,13,13.8
seoul2-0224,서초,2호선,외선,6,10,29,6.2
seoul2-0224,서초,2호선,외선,7,16,49,3.7
seoul2-0224,서초,2호선,외선,8,23,59,3.1
seoul2-0224,서초,2호선,외선,9,20,57,3.2
seoul2-0224,서초,2호선,외선,10,14,45,4.0
seoul2-0224,서초,2호선,외선,11,11,36,5.0
seoul2-0224,서초,2호선,외선,12,11,33,5.5
seoul2-0224,서초,2호선,외선,13,11,34,5.3
seoul2-0224,서초,2호선,외선,14,12,34,5.3
seoul2-0224,서초,2호선,외선,15,11,35,5.1
seoul2-0224,서초,2호선,외선,16,12,38,4.7
seoul2-0224,서초,2호선,외선,17,15,43,4.2
seoul2-0224,서초,2호선,외선,18,16,46,3.9
seoul2-0224,서초,2호선,외선,19,15,43,4.2
seoul2-0224,서초,2호선,외선,20,12,35,5.1
seoul2-0224,서초,2호선,외선,21,8,29,6.2
seoul2-0224,서초,2호선,외선,22,9,24,7.5
seoul2-0224,서초,2호선,외선,23,7,20,9.0
seoul2-0224,서초,2호선,외선,24,4,11,16.4
seoul2-0225,방배,2호선,내선,5,2,12,15.0
seoul2-0225,방배,2호선,내선,6,10,27,6.7
seoul2-0225,방배,2호선,내선,7,15,43,4.2
seoul2-0225,방배,2호선,내선,8,18,51,3.5
seoul2-0225,방배,2호선,내선,9,18,48,3.8
seoul2-0225,방배,2호선,내선,10,12,42,4.3
seoul2-0225,방배,2호선,내선,11,12,34,5.3
seoul2-0225,방배,2호선,내선,12,10,31,5.8
seoul2-0225,방배,2호선,내선,13,9,30,6.0
seoul2-0225,방배,2호선,내선,14,11,30,6.0
seoul2-0225,방배,2호선,내선,15,10,31,5.8
seoul2-0225,방배,2호선,내선,16,10,34,5.3
seoul2-0225,방배,2호선,내선,17,14,42,4.3
seoul2-0225,방배,2호선,내선,18,18,50,3.6
seoul2-0225,방배,2호선,내선,19,18,51,3.5
seoul2-0225,방배,2호선,내선,20,15,44,4.1
seoul2-0225,방배,2호선,내선,21,11,37,4.9
seoul2-0225,방배,2호선,내선,22,11,31,5.8
seoul2-0225,방배,2호선,내선,23,9,26,6.9
seoul2-0225,방배,2호선,내선,24,6,15,12.0
seoul2-0225,방배,2호선,외선,5,3,14,12.9
seoul2-0225,방배,2호선,외선,6,11,30,6.0
seoul2-0225,방배,2호선,외선,7,16,49,3.7
seoul2-0225,방배,2호선,외선,8,22,59,3.1
seoul2-0225,방배,2호선,외선,9,21,56,3.2
seoul2-0225,방배,2호선,외선,10,13,46,3.9
seoul2-0225,방배,2호선,외선,11,12,36,5.0
seoul2-0225,방배,2호선,외선,12,11,34,5.3
seoul2-0225,방배,2호선,외선,13,11,34,5.3
seoul2-0225,방배,2호선,외선,14,12,34,5.3
seoul2-0225,방배,2호선,외선,15,11,35,5.1
seoul2-0225,방배,2호선,외선,16,12,38,4.7
seoul2-0225,방배,2호선,외선,17,15,43,4.2
seoul2-0225,방배,2호선,외선,18,16,45,4.0
seoul2-0225,방배,2호선,외선,19,14,42,4.3
seoul2-0225,방배,2호선,외선,20,12,35,5.1
seoul2-0225,방배,2호선,외선,21,9,29,6.2
seoul2-0225,방배,2호선,외선,22,8,24,7.5
seoul2-0225,방배,2호선,외선,23,7,19,9.5
seoul2-0225,방배,2호선,외선,24,4,11,16.4
seoul2-0226,사당,2호선,내선,5,1,11,16.4
seoul2-0226,사당,2호선,내선,6,10,26,6.9
seoul2-0226,사당,2호선,내선,7,15,43,4.2
seoul2-0226,사당,2호선,내선,8,18,51,3.5
seoul2-0226,사당,2호선,내선,9,18,48,3.8
seoul2-0226,사당,2호선,내선,10,12,42,4.3
seoul2-0226,사당,2호선,내선,11,12,34,5.3
seoul2-0226,사당,2호선,내선,12,10,32,5.6
seoul2-0226,사당,2호선,내선,13,10,30,6.0
seoul2-0226,사당,2호선,내선,14,10,30,6.0
seoul2-0226,사당,2호선,내선,15,10,31,5.8
seoul2-0226,사당,2호선,내선,16,11,34,5.3
seoul2-0226,사당,2호선,내선,17,13,42,4.3
seoul2-0226,사당,2호선,내선,18,18,49,3.7
seoul2-0226,사당,2호선,내선,19,18,51,3.5
seoul2-0226,사당,2호선,내선,20,15,45,4.0
seoul2-0226,사당,2호선,내선,21,12,37,4.9
seoul2-0226,사당,2호선,내선,22,10,32,5.6
seoul2-0226,사당,2호선,내선,23,10,26,6.9
seoul2-0226,사당,2호선,내선,24,6,16,11.2
seoul2-0226,사당,2호선,외선,5,3,14,12.9
seoul2-0226,사당,2호선,외선,6,11,31,5.8
seoul2-0226,사당,2호선,외선,7,17,51,3.5
seoul2-0226,사당,2호선,외선,8,23,60,3.0
seoul2-0226,사당,2호선,외선,9,20,55,3.3
seoul2-0226,사당,2호선,외선,10,12,44,4.1
seoul2-0226,사당,2호선,외선,11,12,36,5.0
seoul2-0226,사당,2호선,외선,12,12,35,5.1
seoul2-0226,사당,2호선,외선,13,11,34,5.3
seoul2-0226,사당,2호선,외선,14,11,34,5.3
seoul2-0226,사당,2호선,외선,15,12,34,5.3
seoul2-0226,사당,2호선,외선,16,11,39,4.6
seoul2-0226,사당,2호선,외선,17,16,43,4.2
seoul2-0226,사당,2호선,외선,18,16,46,3.9
seoul2-0226,사당,2호선,외선,19,14,42,4.3
seoul2-0226,사당,2호선,외선,20,12,34,5.3
seoul2-0226,사당,2호선,외선,21,8,29,6.2
seoul2-0226,사당,2호선,외선,22,9,23,7.8
seoul2-0226,사당,2호선,외선,23,6,19,9.5
seoul2-0226,사당,2호선,외선,24,4,10,18.0
seoul2-0227,낙성대(강감찬),2호선,내선,5,1,10,18.0
seoul2-0227,낙성대(강감찬),2호선,내선,6,9,25,7.2
seoul2-0227,낙성대(강감찬),2호선,내선,7,15,42,4.3
seoul2-0227,낙성대(강감찬),2호선,내선,8,18,51,3.5
seoul2-0227,낙성대(강감찬),2호선,내선,9,18,48,3.8
seoul2-0227,낙성대(강감찬),2호선,내선,10,12,43,4.2
seoul2-0227,낙성대(강감찬),2호선,내선,11,13,35,5.1
seoul2-0227,낙성대(강감찬),2호선,내선,12,10,32,5.6
seoul2-0227,낙성대(강감찬),2호선,내선,13,9,30,6.0
seoul2-0227,낙성대(강감찬),2호선,내선,14,11,30,6.0
seoul2-0227,낙성대(강감찬),2호선,내선,15,10,31,5.8
seoul2-0227,낙성대(강감찬),2호선,내선,16,10,33,5.5
seoul2-0227,낙성대(강감찬),2호선,내선,17,13,41,4.4
seoul2-0227,낙성대(강감찬),2호선,내선,18,18,49,3.7
seoul2-0227,낙성대(강감찬),2호선,내선,19,18,52,3.5
seoul2-0227,낙성대(강감찬),2호선,내선,20,16,46,3.9
seoul2-0227,낙성대(강감찬),2호선,내선,21,12,38,4.7
seoul2-0227,낙성대(강감찬),2호선,내선,22,10,32,5.6
seoul2-0227,낙성대(강감찬),2호선,내선,23,10,26,6.9
seoul2-0227,낙성대(강감찬),2호선,내선,24,6,16,11.2
seoul2-0227,낙성대(강감찬),2호선,외선,5,4,15,12.0
seoul2-0227,낙성대(강감찬),2호선,외선,6,11,32,5.6
seoul2-0227,낙성대(강감찬),2호선,외선,7,17,50,3.6
seoul2-0227,낙성대(강감찬),2호선,외선,8,22,60,3.0
seoul2-0227,낙성대(강감찬),2호선,외선,9,21,55,3.3
seoul2-0227,낙성대(강감찬),2호선,외선,10,12,45,4.0
seoul2-0227,낙성대(강감찬),2호선,외선,11,12,35,5.1
seoul2-0227,낙성대(강감찬),2호선,외선,12,11,34,5.3
seoul2-0227,낙성대(강감찬),2호선,외선,13,11,34,5.3
seoul2-0227,낙성대(강감찬),2호선,외선,14,12,34,5.3
seoul2-0227,낙성대(강감찬),2호선,외선,15,11,35,5.1
seoul2-0227,낙성대(강감찬),2호선,외선,16,12,39,4.6
seoul2-0227,낙성대(강감찬),2호선,외선,17,16,44,4.1
seoul2-0227,낙성대(강감찬),2호선,외선,18,16,46,3.9
seoul2-0227,낙성대(강감찬),2호선,외선,19,14,41,4.4
seoul2-0227,낙성대(강감찬),2호선,외선,20,11,33,5.5
seoul2-0227,낙성대(강감찬),2호선,외선,21,8,28,6.4
seoul2-0227,낙성대(강감찬),2호선,외선,22,9,24,7.5
seoul2-0227,낙성대(강감찬),2호선,외선,23,7,19,9.5
seoul2-0227,낙성대(강감찬),2호선,외선,24,3,10,18.0
seoul2-0228,서울대입구(관악구청),2호선,내선,5,2,10,18.0
seoul2-0228,서울대입구(관악구청),2호선,내선,6,8,25,7.2
seoul2-0228,서울대입구(관악구청),2호선,내선,7,15,41,4.4
seoul2-0228,서울대입구(관악구청),2호선,내선,8,18,51,3.5
seoul2-0228,서울대입구(관악구청),2호선,내선,9,18,49,3.7
seoul2-0228,서울대입구(관악구청),2호선,내선,10,13,43,4.2
seoul2-0228,서울대입구(관악구청),2호선,내선,11,12,35,5.1
seoul2-0228,서울대입구(관악구청),2호선,내선,12,10,32,5.6
seoul2-0228,서울대입구(관악구청),2호선,내선,13,10,30,6.0
seoul2-0228,서울대입구(관악구청),2호선,내선,14,10,30,6.0
seoul2-0228,서울대입구(관악구청),2호선,내선,15,10,31,5.8
seoul2-0228,서울대입구(관악구청),2호선,내선,16,11,33,5.5
seoul2-0228,서울대입구(관악구청),2호선,내선,17,12,42,4.3
seoul2-0228,서울대입구(관악구청),2호선,내선,18,19,49,3.7
seoul2-0228,서울대입구(관악구청),2호선,내선,19,18,52,3.5
seoul2-0228,서울대입구(관악구청),2호선,내선,20,15,45,4.0
seoul2-0228,서울대입구(관악구청),2호선,내선,21,12,38,4.7
seoul2-0228,서울대입구(관악구청),2호선,내선,22,11,32,5.6
seoul2-0228,서울대입구(관악구청),2호선,내선,23,9,26,6.9
seoul2-0228,서울대입구(관악구청),2호선,내선,24,6,15,12.0
seoul2-0228,서울대입구(관악구청),2호선,외선,5,4,15,12.0
seoul2-0228,서울대입구(관악구청),2호선,외선,6,11,33,5.5
seoul2-0228,서울대입구(관악구청),2호선,외선,7,18,51,3.5
seoul2-0228,서울대입구(관악구청),2호선,외선,8,22,60,3.0
seoul2-0228,서울대입구(관악구청),2호선,외선,9,20,54,3.3
seoul2-0228,서울대입구(관악구청),2호선,외선,10,12,44,4.1
seoul2-0228,서울대입구(관악구청),2호선,외선,11,12,36,5.0
seoul2-0228,서울대입구(관악구청),2호선,외선,12,12,34,5.3
seoul2-0228,서울대입구(관악구청),2호선,외선,13,10,34,5.3
seoul2-0228,서울대입구(관악구청),2호선,외선,14,12,34,5.3
seoul2-0228,서울대입구(관악구청),2호선,외선,15,12,36,5.0
seoul2-0228,서울대입구(관악구청),2호선,외선,16,12,39,4.6
seoul2-0228,서울대입구(관악구청),2호선,외선,17,15,43,4.2
seoul2-0228,서울대입구(관악구청),2호선,외선,18,16,45,4.0
seoul2-0228,서울대입구(관악구청),2호선,외선,19,14,42,4.3
seoul2-0228,서울대입구(관악구청),2호선,외선,20,12,34,5.3
seoul2-0228,서울대입구(관악구청),2호선,외선,21,8,28,6.4
seoul2-0228,서울대입구(관악구청),2호선,외선,22,8,23,7.8
seoul2-0228,서울대입구(관악구청),2호선,외선,23,7,18,10.0
seoul2-0228,서울대입구(관악구청),2호선,외선,24,3,10,18.0
seoul2-0229,봉천,2호선,내선,5,2,10,18.0
seoul2-0229,봉천,2호선,내선,6,8,25,7.2
seoul2-0229,봉천,2호선,내선,7,15,41,4.4
seoul2-0229,봉천,2호선,내선,8,18,51,3.5
seoul2-0229,봉천,2호선,내선,9,18,49,3.7
seoul2-0229,봉천,2호선,내선,10,13,43,4.2
seoul2-0229,봉천,2호선,내선,11,12,35,5.1
seoul2-0229,봉천,2호선,내선,12,10,32,5.6
seoul2-0229,봉천,2호선,내선,13,10,30,6.0
seoul2-0229,봉천,2호선,내선,14,10,30,6.0
seoul2-0229,봉천,2호선,내선,15,10,31,5.8
seoul2-0229,봉천,2호선,내선,16,11,33,5.5
seoul2-0229,봉천,2호선,내선,17,12,42,4.3
seoul2-0229,봉천,2호선,내선,18,19,49,3.7
seoul2-0229,봉천,2호선,내선,19,18,52,3.5
seoul2-0229,봉천,2호선,내선,20,15,45,4.0
seoul2-0229,봉천,2호선,내선,21,12,37,4.9
seoul2-0229,봉천,2호선,내선,22,10,32,5.6
seoul2-0229,봉천,2호선,내선,23,10,26,6.9
seoul2-0229,봉천,2호선,내선,24,6,16,11.2
seoul2-0229,봉천,2호선,외선,5,4,15,12.0
seoul2-0229,봉천,2호선,외선,6,11,32,5.6
seoul2-0229,봉천,2호선,외선,7,17,50,3.6
seoul2-0229,봉천,2호선,외선,8,22,60,3.0
seoul2-0229,봉천,2호선,외선,9,21,55,3.3
seoul2-0229,봉천,2호선,외선,10,12,44,4.1
seoul2-0229,봉천,2호선,외선,11,11,35,5.1
seoul2-0229,봉천,2호선,외선,12,12,34,5.3
seoul2-0229,봉천,2호선,외선,13,11,34,5.3
seoul2-0229,봉천,2호선,외선,14,11,34,5.3
seoul2-0229,봉천,2호선,외선,15,12,35,5.1
seoul2-0229,봉천,2호선,외선,16,12,39,4.6
seoul2-0229,봉천,2호선,외선,17,15,44,4.1
seoul2-0229,봉천,2호선,외선,18,17,45,4.0
seoul2-0229,봉천,2호선,외선,19,13,42,4.3
seoul2-0229,봉천,2호선,외선,20,12,33,5.5
seoul2-0229,봉천,2호선,외선,21,8,29,6.2
seoul2-0229,봉천,2호선,외선,22,9,23,7.8
seoul2-0229,봉천,2호선,외선,23,6,19,9.5
seoul2-0229,봉천,2호선,외선,24,4,10,18.0
seoul2-0230,신림,2호선,내선,5,2,10,18.0
seoul2-0230,신림,2호선,내선,6,8,24,7.5
seoul2-0230,신림,2호선,내선,7,14,40,4.5
seoul2-0230,신림,2호선,내선,8,18,50,3.6
seoul2-0230,신림,2호선,내선,9,18,49,3.7
seoul2-0230,신림,2호선,내선,10,13,44,4.1
seoul2-0230,신림,2호선,내선,11,13,36,5.0
seoul2-0230,신림,2호선,내선,12,10,33,5.5
seoul2-0230,신림,2호선,내선,13,10,30,6.0
seoul2-0230,신림,2호선,내선,14,10,30,6.0
seoul2-0230,신림,2호선,내선,15,10,30,6.0
seoul2-0230,신림,2호선,내선,16,10,33,5.5
seoul2-0230,신림,2호선,내선,17,13,41,4.4
seoul2-0230,신림,2호선,내선,18,18,49,3.7
seoul2-0230,신림,2호선,내선,19,18,52,3.5
seoul2-0230,신림,2호선,내선,20,16,46,3.9
seoul2-0230,신림,2호선,내선,21,12,38,4.7
seoul2-0230,신림,2호선,내선,22,10,31,5.8
seoul2-0230,신림,2호선,내선,23,9,26,6.9
seoul2-0230,신림,2호선,내선,24,7,16,11.2
seoul2-0230,신림,2호선,외선,5,4,15,12.0
seoul2-0230,신림,2호선,외선,6,11,33,5.5
seoul2-0230,신림,2호선,외선,7,18,51,3.5
seoul2-0230,신림,2호선,외선,8,22,60,3.0
seoul2-0230,신림,2호선,외선,9,20,54,3.3
seoul2-0230,신림,2호선,외선,10,12,44,4.1
seoul2-0230,신림,2호선,외선,11,12,35,5.1
seoul2-0230,신림,2호선,외선,12,11,34,5.3
seoul2-0230,신림,2호선,외선,13,11,34,5.3
seoul2-0230,신림,2호선,외선,14,12,34,5.3
seoul2-0230,신림,2호선,외선,15,11,35,5.1
seoul2-0230,신림,2호선,외선,16,12,39,4.6
seoul2-0230,신림,2호선,외선,17,16,44,4.1
seoul2-0230,신림,2호선,외선,18,16,45,4.0
seoul2-0230,신림,2호선,외선,19,13,41,4.4
seoul2-0230,신림,2호선,외선,20,12,33,5.5
seoul2-0230,신림,2호선,외선,21,8,29,6.2
seoul2-0230,신림,2호선,외선,22,9,23,7.8
seoul2-0230,신림,2호선,외선,23,6,19,9.5
seoul2-0230,신림,2호선,외선,24,4,10,18.0
seoul2-0231,신대방,2호선,내선,5,2,9,20.0
seoul2-0231,신대방,2호선,내선,6,7,23,7.8
seoul2-0231,신대방,2호선,내선,7,14,39,4.6
seoul2-0231,신대방,2호선,내선,8,18,50,3.6
seoul2-0231,신대방,2호선,내선,9,18,50,3.6
seoul2-0231,신대방,2호선,내선,10,14,44,4.1
seoul2-0231,신대방,2호선,내선,11,12,36,5.0
seoul2-0231,신대방,2호선,내선,12,10,32,5.6
seoul2-0231,신대방,2호선,내선,13,10,30,6.0
seoul2-0231,신대방,2호선,내선,14,10,30,6.0
seoul2-0231,신대방,2호선,내선,15,10,31,5.8
seoul2-0231,신대방,2호선,내선,16,11,33,5.5
seoul2-0231,신대방,2호선,내선,17,12,41,4.4
seoul2-0231,신대방,2호선,내선,18,18,48,3.8
seoul2-0231,신대방,2호선,내선,19,18,52,3.5
seoul2-0231,신대방,2호선,내선,20,16,47,3.8
seoul2-0231,신대방,2호선,내선,21,13,39,4.6
seoul2-0231,신대방,2호선,내선,22,10,32,5.6
seoul2-0231,신대방,2호선,내선,23,9,26,6.9
seoul2-0231,신대방,2호선,내선,24,7,16,11.2
seoul2-0231,신대방,2호선,외선,5,4,16,11.2
seoul2-0231,신대방,2호선,외선,6,12,34,5.3
seoul2-0231,신대방,2호선,외선,7,18,52,3.5
seoul2-0231,신대방,2호선,외선,8,22,60,3.0
seoul2-0231,신대방,2호선,외선,9,20,54,3.3
seoul2-0231,신대방,2호선,외선,10,12,43,4.2
seoul2-0231,신대방,2호선,외선,11,11,35,5.1
seoul2-0231,신대방,2호선,외선,12,12,34,5.3
seoul2-0231,신대방,2호선,외선,13,11,34,5.3
seoul2-0231,신대방,2호선,외선,14,11,34,5.3
seoul2-0231,신대방,2호선,외선,15,12,35,5.1
seoul2-0231,신대방,2호선,외선,16,12,40,4.5
seoul2-0231,신대방,2호선,외선,17,16,44,4.1
seoul2-0231,신대방,2호선,외선,18,16,45,4.0
seoul2-0231,신대방,2호선,외선,19,13,41,4.4
seoul2-0231,신대방,2호선,외선,20,12,32,5.6
seoul2-0231,신대방,2호선,외선,21,7,28,6.4
seoul2-0231,신대방,2호선,외선,22,9,22,8.2
seoul2-0231,신대방,2호선,외선,23,6,19,9.5
seoul2-0231,신대방,2호선,외선,24,4,10,18.0
seoul2-0232,구로디지털단지,2호선,내선,5,2,9,20.0
seoul2-0232,구로디지털단지,2호선,내선,6,7,23,7.8
seoul2-0232,구로디지털단지,2호선,내선,7,14,39,4.6
seoul2-0232,구로디지털단지,2호선,내선,8,18,49,3.7
seoul2-0232,구로디지털단지,2호선,내선,9,17,49,3.7
seoul2-0232,구로디지털단지,2호선,내선,10,14,44,4.1
seoul2-0232,구로디지털단지,2호선,내선,11,13,37,4.9
seoul2-0232,구로디지털단지,2호선,내선,12,10,33,5.5
seoul2-0232,구로디지털단지,2호선,내선,13,10,30,6.0
seoul2-0232,구로디지털단지,2호선,내선,14,10,30,6.0
seoul2-0232,구로디지털단지,2호선,내선,15,10,30,6.0
seoul2-0232,구로디지털단지,2호선,내선,16,10,33,5.5
seoul2-0232,구로디지털단지,2호선,내선,17,13,40,4.5
seoul2-0232,구로디지털단지,2호선,내선,18,17,49,3.7
seoul2-0232,구로디지털단지,2호선,내선,19,19,52,3.5
seoul2-0232,구로디지털단지,2호선,내선,20,16,47,3.8
seoul2-0232,구로디지털단지,2호선,내선,21,12,38,4.7
seoul2-0232,구로디지털단지,2호선,내선,22,10,32,5.6
seoul2-0232,구로디지털단지,2호선,내선,23,10,27,6.7
seoul2-0232,구로디지털단지,2호선,내선,24,7,17,10.6
seoul2-0232,구로디지털단지,2호선,외선,5,5,16,11.2
seoul2-0232,구로디지털단지,2호선,외선,6,11,35,5.1
seoul2-0232,구로디지털단지,2호선,외선,7,19,52,3.5
seoul2-0232,구로디지털단지,2호선,외선,8,22,60,3.0
seoul2-0232,구로디지털단지,2호선,외선,9,19,53,3.4
seoul2-0232,구로디지털단지,2호선,외선,10,12,43,4.2
seoul2-0232,구로디지털단지,2호선,외선,11,12,35,5.1
seoul2-0232,구로디지털단지,2호선,외선,12,11,34,5.3
seoul2-0232,구로디지털단지,2호선,외선,13,11,34,5.3
seoul2-0232,구로디지털단지,2호선,외선,14,12,34,5.3
seoul2-0232,구로디지털단지,2호선,외선,15,11,36,5.0
seoul2-0232,구로디지털단지,2호선,외선,16,13,40,4.5
seoul2-0232,구로디지털단지,2호선,외선,17,16,44,4.1
seoul2-0232,구로디지털단지,2호선,외선,18,15,45,4.0
seoul2-0232,구로디지털단지,2호선,외선,19,14,40,4.5
seoul2-0232,구로디지털단지,2호선,외선,20,11,33,5.5
seoul2-0232,구로디지털단지,2호선,외선,21,8,27,6.7
seoul2-0232,구로디지털단지,2호선,외선,22,8,22,8.2
seoul2-0232,구로디지털단지,2호선,외선,23,6,18,10.0
seoul2-0232,구로디지털단지,2호선,외선,24,4,10,18.0
seoul2-0233,대림(구로구청),2호선,내선,5,1,9,20.0
seoul2-0233,대림(구로구청),2호선,내선,6,8,22,8.2
seoul2-0233,대림(구로구청),2호선,내선,7,13,39,4.6
seoul2-0233,대림(구로구청),2호선,내선,8,18,49,3.7
seoul2-0233,대림(구로구청),2호선,내선,9,18,50,3.6
seoul2-0233,대림(구로구청),2호선,내선,10,14,45,4.0
seoul2-0233,대림(구로구청),2호선,내선,11,13,37,4.9
seoul2-0233,대림(구로구청),2호선,내선,12,10,33,5.5
seoul2-0233,대림(구로구청),2호선,내선,13,10,30,6.0
seoul2-0233,대림(구로구청),2호선,내선,14,10,30,6.0
seoul2-0233,대림(구로구청),2호선,내선,15,10,30,6.0
seoul2-0233,대림(구로구청),2호선,내선,16,10,32,5.6
seoul2-0233,대림(구로구청),2호선,내선,17,12,39,4.6
seoul2-0233,대림(구로구청),2호선,내선,18,17,48,3.8
seoul2-0233,대림(구로구청),2호선,내선,19,19,52,3.5
seoul2-0233,대림(구로구청),2호선,내선,20,16,48,3.8
seoul2-0233,대림(구로구청),2호선,내선,21,13,39,4.6
seoul2-0233,대림(구로구청),2호선,내선,22,10,32,5.6
seoul2-0233,대림(구로구청),2호선,내선,23,9,27,6.7
seoul2-0233,대림(구로구청),2호선,내선,24,8,17,10.6
seoul2-0233,대림(구로구청),2호선,외선,5,5,17,10.6
seoul2-0233,대림(구로구청),2호선,외선,6,12,36,5.0
seoul2-0233,대림(구로구청),2호선,외선,7,19,52,3.5
seoul2-0233,대림(구로구청),2호선,외선,8,21,60,3.0
seoul2-0233,대림(구로구청),2호선,외선,9,20,53,3.4
seoul2-0233,대림(구로구청),2호선,외선,10,12,43,4.2
seoul2-0233,대림(구로구청),2호선,외선,11,11,35,5.1
seoul2-0233,대림(구로구청),2호선,외선,12,12,34,5.3
seoul2-0233,대림(구로구청),2호선,외선,13,11,34,5.3
seoul2-0233,대림(구로구청),2호선,외선,14,11,34,5.3
seoul2-0233,대림(구로구청),2호선,외선,15,12,35,5.1
seoul2-0233,대림(구로구청),2호선,외선,16,12,40,4.5
seoul2-0233,대림(구로구청),2호선,외선,17,16,44,4.1
seoul2-0233,대림(구로구청),2호선,외선,18,16,45,4.0
seoul2-0233,대림(구로구청),2호선,외선,19,13,40,4.5
seoul2-0233,대림(구로구청),2호선,외선,20,11,32,5.6
seoul2-0233,대림(구로구청),2호선,외선,21,8,28,6.4
seoul2-0233,대림(구로구청),2호선,외선,22,9,23,7.8
seoul2-0233,대림(구로구청),2호선,외선,23,6,18,10.0
seoul2-0233,대림(구로구청),2호선,외선,24,3,9,20.0
seoul2-0234,신도림,2호선,내선,5,7,23,7.8
seoul2-0234,신도림,2호선,내선,6,16,46,3.9
seoul2-0234,신도림,2호선,내선,7,23,62,2.9
seoul2-0234,신도림,2호선,내선,8,23,70,2.6
seoul2-0234,신도림,2호선,내선,9,24,63,2.9
seoul2-0234,신도림,2호선,내선,10,16,56,3.2
seoul2-0234,신도림,2호선,내선,11,16,48,3.8
seoul2-0234,신도림,2호선,내선,12,16,48,3.8
seoul2-0234,신도림,2호선,내선,13,16,48,3.8
seoul2-0234,신도림,2호선,내선,14,16,49,3.7
seoul2-0234,신도림,2호선,내선,15,17,51,3.5
seoul2-0234,신도림,2호선,내선,16,18,57,3.2
seoul2-0234,신도림,2호선,내선,17,22,64,2.8
seoul2-0234,신도림,2호선,내선,18,24,69,2.6
seoul2-0234,신도림,2호선,내선,19,23,68,2.6
seoul2-0234,신도림,2호선,내선,20,21,61,3.0
seoul2-0234,신도림,2호선,내선,21,17,53,3.4
seoul2-0234,신도림,2호선,내선,22,15,42,4.3
seoul2-0234,신도림,2호선,내선,23,10,34,5.3
seoul2-0234,신도림,2호선,내선,24,9,19,9.5
seoul2-0234,신도림,2호선,외선,5,5,17,10.6
seoul2-0234,신도림,2호선,외선,6,12,37,4.9
seoul2-0234,신도림,2호선,외선,7,20,53,3.4
seoul2-0234,신도림,2호선,외선,8,21,60,3.0
seoul2-0234,신도림,2호선,외선,9,19,52,3.5
seoul2-0234,신도림,2호선,외선,10,12,42,4.3
seoul2-0234,신도림,2호선,외선,11,11,35,5.1
seoul2-0234,신도림,2호선,외선,12,12,34,5.3
seoul2-0234,신도림,2호선,외선,13,11,34,5.3
seoul2-0234,신도림,2호선,외선,14,11,34,5.3
seoul2-0234,신도림,2호선,외선,15,12,36,5.0
seoul2-0234,신도림,2호선,외선,16,13,40,4.5
seoul2-0234,신도림,2호선,외선,17,15,45,4.0
seoul2-0234,신도림,2호선,외선,18,17,44,4.1
seoul2-0234,신도림,2호선,외선,19,12,40,4.5
seoul2-0234,신도림,2호선,외선,20,11,31,5.8
seoul2-0234,신도림,2호선,외선,21,8,28,6.4
seoul2-0234,신도림,2호선,외선,22,9,23,7.8
seoul2-0234,신도림,2호선,외선,23,6,18,10.0
seoul2-0234,신도림,2호선,외선,24,3,9,20.0
seoul2-0235,문래,2호선,내선,5,5,16,11.2
seoul2-0235,문래,2호선,내선,6,11,32,5.6
seoul2-0235,문래,2호선,내선,7,16,45,4.0
seoul2-0235,문래,2호선,내선,8,18,50,3.6
seoul2-0235,문래,2호선,내선,9,16,46,3.9
seoul2-0235,문래,2호선,내선,10,12,38,4.7
seoul2-0235,문래,2호선,내선,11,10,32,5.6
seoul2-0235,문래,2호선,내선,12,10,30,6.0
seoul2-0235,문래,2호선,내선,13,10,30,6.0
seoul2-0235,문래,2호선,내선,14,10,31,5.8
seoul2-0235,문래,2호선,내선,15,11,31,5.8
seoul2-0235,문래,2호선,내선,16,10,37,4.9
seoul2-0235,문래,2호선,내선,17,16,44,4.1
seoul2-0235,문래,2호선,내선,18,18,52,3.5
seoul2-0235,문래,2호선,내선,19,18,51,3.5
seoul2-0235,문래,2호선,내선,20,15,45,4.0
seoul2-0235,문래,2호선,내선,21,12,37,4.9
seoul2-0235,문래,2호선,내선,22,10,28,6.4
seoul2-0235,문래,2호선,내선,23,6,21,8.6
seoul2-0235,문래,2호선,내선,24,5,11,16.4
seoul2-0235,문래,2호선,외선,5,2,9,20.0
seoul2-0235,문래,2호선,외선,6,7,21,8.6
seoul2-0235,문래,2호선,외선,7,12,36,5.0
seoul2-0235,문래,2호선,외선,8,17,51,3.5
seoul2-0235,문래,2호선,외선,9,22,55,3.3
seoul2-0235,문래,2호선,외선,10,16,50,3.6
seoul2-0235,문래,2호선,외선,11,12,40,4.5
seoul2-0235,문래,2호선,외선,12,12,35,5.1
seoul2-0235,문래,2호선,외선,13,11,34,5.3
seoul2-0235,문래,2호선,외선,14,11,34,5.3
seoul2-0235,문래,2호선,외선,15,12,35,5.1
seoul2-0235,문래,2호선,외선,16,12,38,4.7
seoul2-0235,문래,2호선,외선,17,14,43,4.2
seoul2-0235,문래,2호선,외선,18,17,47,3.8
seoul2-0235,문래,2호선,외선,19,16,44,4.1
seoul2-0235,문래,2호선,외선,20,11,39,4.6
seoul2-0235,문래,2호선,외선,21,12,32,5.6
seoul2-0235,문래,2호선,외선,22,9,29,6.2
seoul2-0235,문래,2호선,외선,23,8,24,7.5
seoul2-0235,문래,2호선,외선,24,7,15,12.0
seoul2-0236,영등포구청,2호선,내선,5,4,16,11.2
seoul2-0236,영등포구청,2호선,내선,6,12,32,5.6
seoul2-0236,영등포구청,2호선,내선,7,16,45,4.0
seoul2-0236,영등포구청,2호선,내선,8,17,50,3.6
seoul2-0236,영등포구청,2호선,내선,9,17,45,4.0
seoul2-0236,영등포구청,2호선,내선,10,11,38,4.7
seoul2-0236,영등포구청,2호선,내선,11,10,31,5.8
seoul2-0236,영등포구청,2호선,내선,12,10,31,5.8
seoul2-0236,영등포구청,2호선,내선,13,11,30,6.0
seoul2-0236,영등포구청,2호선,내선,14,9,31,5.8
seoul2-0236,영등포구청,2호선,내선,15,11,31,5.8
seoul2-0236,영등포구청,2호선,내선,16,11,37,4.9
seoul2-0236,영등포구청,2호선,내선,17,15,44,4.1
seoul2-0236,영등포구청,2호선,내선,18,18,52,3.5
seoul2-0236,영등포구청,2호선,내선,19,19,52,3.5
seoul2-0236,영등포구청,2호선,내선,20,15,46,3.9
seoul2-0236,영등포구청,2호선,내선,21,12,36,5.0
seoul2-0236,영등포구청,2호선,내선,22,9,28,6.4
seoul2-0236,영등포구청,2호선,내선,23,7,21,8.6
seoul2-0236,영등포구청,2호선,내선,24,5,12,15.0
seoul2-0236,영등포구청,2호선,외선,5,2,9,20.0
seoul2-0236,영등포구청,2호선,외선,6,7,21,8.6
seoul2-0236,영등포구청,2호선,외선,7,12,37,4.9
seoul2-0236,영등포구청,2호선,외선,8,18,52,3.5
seoul2-0236,영등포구청,2호선,외선,9,22,55,3.3
seoul2-0236,영등포구청,2호선,외선,10,15,49,3.7
seoul2-0236,영등포구청,2호선,외선,11,12,39,4.6
seoul2-0236,영등포구청,2호선,외선,12,12,35,5.1
seoul2-0236,영등포구청,2호선,외선,13,11,34,5.3
seoul2-0236,영등포구청,2호선,외선,14,11,34,5.3
seoul2-0236,영등포구청,2호선,외선,15,12,35,5.1
seoul2-0236,영등포구청,2호선,외선,16,12,39,4.6
seoul2-0236,영등포구청,2호선,외선,17,15,43,4.2
seoul2-0236,영등포구청,2호선,외선,18,16,47,3.8
seoul2-0236,영등포구청,2호선,외선,19,16,44,4.1
seoul2-0236,영등포구청,2호선,외선,20,12,39,4.6
seoul2-0236,영등포구청,2호선,외선,21,11,32,5.6
seoul2-0236,영등포구청,2호선,외선,22,9,29,6.2
seoul2-0236,영등포구청,2호선,외선,23,9,24,7.5
seoul2-0236,영등포구청,2호선,외선,24,6,15,12.0
seoul2-0237,당산,2호선,내선,5,4,15,12.0
seoul2-0237,당산,2호선,내선,6,11,31,5.8
seoul2-0237,당산,2호선,내선,7,16,44,4.1
seoul2-0237,당산,2호선,내선,8,17,50,3.6
seoul2-0237,당산,2호선,내선,9,17,46,3.9
seoul2-0237,당산,2호선,내선,10,12,39,4.6
seoul2-0237,당산,2호선,내선,11,10,32,5.6
seoul2-0237,당산,2호선,내선,12,10,30,6.0
seoul2-0237,당산,2호선,내선,13,10,30,6.0
seoul2-0237,당산,2호선,내선,14,10,31,5.8
seoul2-0237,당산,2호선,내선,15,11,31,5.8
seoul2-0237,당산,2호선,내선,16,10,37,4.9
seoul2-0237,당산,2호선,내선,17,16,44,4.1
seoul2-0237,당산,2호선,내선,18,18,52,3.5
seoul2-0237,당산,2호선,내선,19,18,52,3.5
seoul2-0237,당산,2호선,내선,20,16,45,4.0
seoul2-0237,당산,2호선,내선,21,11,37,4.9
seoul2-0237,당산,2호선,내선,22,10,28,6.4
seoul2-0237,당산,2호선,내선,23,7,22,8.2
seoul2-0237,당산,2호선,내선,24,5,12,15.0
seoul2-0237,당산,2호선,외선,5,2,9,20.0
seoul2-0237,당산,2호선,외선,6,7,22,8.2
seoul2-0237,당산,2호선,외선,7,13,38,4.7
seoul2-0237,당산,2호선,외선,8,18,53,3.4
seoul2-0237,당산,2호선,외선,9,22,55,3.3
seoul2-0237,당산,2호선,외선,10,15,49,3.7
seoul2-0237,당산,2호선,외선,11,12,38,4.7
seoul2-0237,당산,2호선,외선,12,11,34,5.3
seoul2-0237,당산,2호선,외선,13,11,33,5.5
seoul2-0237,당산,2호선,외선,14,11,34,5.3
seoul2-0237,당산,2호선,외선,15,12,35,5.1
seoul2-0237,당산,2호선,외선,16,12,39,4.6
seoul2-0237,당산,2호선,외선,17,15,44,4.1
seoul2-0237,당산,2호선,외선,18,17,47,3.8
seoul2-0237,당산,2호선,외선,19,15,44,4.1
seoul2-0237,당산,2호선,외선,20,12,39,4.6
seoul2-0237,당산,2호선,외선,21,12,32,5.6
seoul2-0237,당산,2호선,외선,22,8,29,6.2
seoul2-0237,당산,2호선,외선,23,9,23,7.8
seoul2-0237,당산,2호선,외선,24,6,15,12.0
seoul2-0238,합정,2호선,내선,5,4,14,12.9
seoul2-0238,합정,2호선,내선,6,10,30,6.0
seoul2-0238,합정,2호선,내선,7,16,43,4.2
seoul2-0238,합정,2호선,내선,8,17,50,3.6
seoul2-0238,합정,2호선,내선,9,17,46,3.9
seoul2-0238,합정,2호선,내선,10,12,40,4.5
seoul2-0238,합정,2호선,내선,11,11,32,5.6
seoul2-0238,합정,2호선,내선,12,9,31,5.8
seoul2-0238,합정,2호선,내선,13,11,30,6.0
seoul2-0238,합정,2호선,내선,14,10,31,5.8
seoul2-0238,합정,2호선,내선,15,10,31,5.8
seoul2-0238,합정,2호선,내선,16,11,36,5.0
seoul2-0238,합정,2호선,내선,17,15,44,4.1
seoul2-0238,합정,2호선,내선,18,18,51,3.5
seoul2-0238,합정,2호선,내선,19,18,52,3.5
seoul2-0238,합정,2호선,내선,20,16,46,3.9
seoul2-0238,합정,2호선,내선,21,12,38,4.7
seoul2-0238,합정,2호선,내선,22,10,28,6.4
seoul2-0238,합정,2호선,내선,23,6,22,8.2
seoul2-0238,합정,2호선,내선,24,6,12,15.0
seoul2-0238,합정,2호선,외선,5,3,10,18.0
seoul2-0238,합정,2호선,외선,6,7,22,8.2
seoul2-0238,합정,2호선,외선,7,12,37,4.9
seoul2-0238,합정,2호선,외선,8,18,52,3.5
seoul2-0238,합정,2호선,외선,9,22,56,3.2
seoul2-0238,합정,2호선,외선,10,16,49,3.7
seoul2-0238,합정,2호선,외선,11,11,39,4.6
seoul2-0238,합정,2호선,외선,12,12,34,5.3
seoul2-0238,합정,2호선,외선,13,11,34,5.3
seoul2-0238,합정,2호선,외선,14,11,34,5.3
seoul2-0238,합정,2호선,외선,15,12,35,5.1
seoul2-0238,합정,2호선,외선,16,12,39,4.6
seoul2-0238,합정,2호선,외선,17,15,43,4.2
seoul2-0238,합정,2호선,외선,18,16,47,3.8
seoul2-0238,합정,2호선,외선,19,16,43,4.2
seoul2-0238,합정,2호선,외선,20,11,39,4.6
seoul2-0238,합정,2호선,외선,21,12,32,5.6
seoul2-0238,합정,2호선,외선,22,9,29,6.2
seoul2-0238,합정,2호선,외선,23,8,23,7.8
seoul2-0238,합정,2호선,외선,24,6,14,12.9
seoul2-0239,홍대입구,2호선,내선,5,4,14,12.9
seoul2-0239,홍대입구,2호선,내선,6,10,30,6.0
seoul2-0239,홍대입구,2호선,내선,7,16,44,4.1
seoul2-0239,홍대입구,2호선,내선,8,18,50,3.6
seoul2-0239,홍대입구,2호선,내선,9,16,47,3.8
seoul2-0239,홍대입구,2호선,내선,10,13,39,4.6
seoul2-0239,홍대입구,2호선,내선,11,10,33,5.5
seoul2-0239,홍대입구,2호선,내선,12,10,30,6.0
seoul2-0239,홍대입구,2호선,내선,13,10,30,6.0
seoul2-0239,홍대입구,2호선,내선,14,10,31,5.8
seoul2-0239,홍대입구,2호선,내선,15,11,31,5.8
seoul2-0239,홍대입구,2호선,내선,16,10,36,5.0
seoul2-0239,홍대입구,2호선,내선,17,15,43,4.2
seoul2-0239,홍대입구,2호선,내선,18,18,52,3.5
seoul2-0239,홍대입구,2호선,내선,19,19,53,3.4
seoul2-0239,홍대입구,2호선,내선,20,16,46,3.9
seoul2-0239,홍대입구,2호선,내선,21,11,37,4.9
seoul2-0239,홍대입구,2호선,내선,22,10,28,6.4
seoul2-0239,홍대입구,2호선,내선,23,7,22,8.2
seoul2-0239,홍대입구,2호선,내선,24,5,12,15.0
seoul2-0239,홍대입구,2호선,외선,5,3,10,18.0
seoul2-0239,홍대입구,2호선,외선,6,7,23,7.8
seoul2-0239,홍대입구,2호선,외선,7,13,38,4.7
seoul2-0239,홍대입구,2호선,외선,8,18,53,3.4
seoul2-0239,홍대입구,2호선,외선,9,22,56,3.2
seoul2-0239,홍대입구,2호선,외선,10,16,48,3.8
seoul2-0239,홍대입구,2호선,외선,11,10,38,4.7
seoul2-0239,홍대입구,2호선,외선,12,12,33,5.5
seoul2-0239,홍대입구,2호선,외선,13,11,34,5.3
seoul2-0239,홍대입구,2호선,외선,14,11,34,5.3
seoul2-0239,홍대입구,2호선,외선,15,12,36,5.0
seoul2-0239,홍대입구,2호선,외선,16,13,40,4.5
seoul2-0239,홍대입구,2호선,외선,17,15,44,4.1
seoul2-0239,홍대입구,2호선,외선,18,16,47,3.8
seoul2-0239,홍대입구,2호선,외선,19,16,43,4.2
seoul2-0239,홍대입구,2호선,외선,20,11,38,4.7
seoul2-0239,홍대입구,2호선,외선,21,11,31,5.8
seoul2-0239,홍대입구,2호선,외선,22,9,29,6.2
seoul2-0239,홍대입구,2호선,외선,23,9,23,7.8
seoul2-0239,홍대입구,2호선,외선,24,5,14,12.9
seoul2-0240,신촌(지하),2호선,내선,5,4,14,12.9
seoul2-0240,신촌(지하),2호선,내선,6,10,30,6.0
seoul2-0240,신촌(지하),2호선,내선,7,16,43,4.2
seoul2-0240,신촌(지하),2호선,내선,8,17,50,3.6
seoul2-0240,신촌(지하),2호선,내선,9,17,46,3.9
seoul2-0240,신촌(지하),2호선,내선,10,12,40,4.5
seoul2-0240,신촌(지하),2호선,내선,11,11,32,5.6
seoul2-0240,신촌(지하),2호선,내선,12,9,31,5.8
seoul2-0240,신촌(지하),2호선,내선,13,11,30,6.0
seoul2-0240,신촌(지하),2호선,내선,14,10,32,5.6
seoul2-0240,신촌(지하),2호선,내선,15,11,31,5.8
seoul2-0240,신촌(지하),2호선,내선,16,10,36,5.0
seoul2-0240,신촌(지하),2호선,내선,17,15,43,4.2
seoul2-0240,신촌(지하),2호선,내선,18,18,51,3.5
seoul2-0240,신촌(지하),2호선,내선,19,18,52,3.5
seoul2-0240,신촌(지하),2호선,내선,20,16,46,3.9
seoul2-0240,신촌(지하),2호선,내선,21,12,38,4.7
seoul2-0240,신촌(지하),2호선,내선,22,10,29,6.2
seoul2-0240,신촌(지하),2호선,내선,23,7,22,8.2
seoul2-0240,신촌(지하),2호선,내선,24,5,12,15.0
seoul2-0240,신촌(지하),2호선,외선,5,2,10,18.0
seoul2-0240,신촌(지하),2호선,외선,6,8,22,8.2
seoul2-0240,신촌(지하),2호선,외선,7,12,39,4.6
seoul2-0240,신촌(지하),2호선,외선,8,19,53,3.4
seoul2-0240,신촌(지하),2호선,외선,9,22,56,3.2
seoul2-0240,신촌(지하),2호선,외선,10,15,48,3.8
seoul2-0240,신촌(지하),2호선,외선,11,11,38,4.7
seoul2-0240,신촌(지하),2호선,외선,12,12,34,5.3
seoul2-0240,신촌(지하),2호선,외선,13,11,34,5.3
seoul2-0240,신촌(지하),2호선,외선,14,11,34,5.3
seoul2-0240,신촌(지하),2호선,외선,15,12,36,5.0
seoul2-0240,신촌(지하),2호선,외선,16,13,40,4.5
seoul2-0240,신촌(지하),2호선,외선,17,15,43,4.2
seoul2-0240,신촌(지하),2호선,외선,18,15,47,3.8
seoul2-0240,신촌(지하),2호선,외선,19,17,42,4.3
seoul2-0240,신촌(지하),2호선,외선,20,10,39,4.6
seoul2-0240,신촌(지하),2호선,외선,21,12,30,6.0
seoul2-0240,신촌(지하),2호선,외선,22,8,29,6.2
seoul2-0240,신촌(지하),2호선,외선,23,9,23,7.8
seoul2-0240,신촌(지하),2호선,외선,24,6,15,12.0
seoul2-0241,이대,2호선,내선,5,4,13,13.8
seoul2-0241,이대,2호선,내선,6,9,29,6.2
seoul2-0241,이대,2호선,내선,7,16,43,4.2
seoul2-0241,이대,2호선,내선,8,18,50,3.6
seoul2-0241,이대,2호선,내선,9,16,47,3.8
seoul2-0241,이대,2호선,내선,10,13,39,4.6
seoul2-0241,이대,2호선,내선,11,10,33,5.5
seoul2-0241,이대,2호선,내선,12,10,30,6.0
seoul2-0241,이대,2호선,내선,13,10,30,6.0
seoul2-0241,이대,2호선,내선,14,10,31,5.8
seoul2-0241,이대,2호선,내선,15,11,31,5.8
seoul2-0241,이대,2호선,내선,16,10,36,5.0
seoul2-0241,이대,2호선,내선,17,15,43,4.2
seoul2-0241,이대,2호선,내선,18,18,51,3.5
seoul2-0241,이대,2호선,내선,19,18,53,3.4
seoul2-0241,이대,2호선,내선,20,17,46,3.9
seoul2-0241,이대,2호선,내선,21,11,38,4.7
seoul2-0241,이대,2호선,내선,22,10,28,6.4
seoul2-0241,이대,2호선,내선,23,7,23,7.8
seoul2-0241,이대,2호선,내선,24,6,13,13.8
seoul2-0241,이대,2호선,외선,5,2,11,16.4
seoul2-0241,이대,2호선,외선,6,9,22,8.2
seoul2-0241,이대,2호선,외선,7,11,39,4.6
seoul2-0241,이대,2호선,외선,8,19,52,3.5
seoul2-0241,이대,2호선,외선,9,22,57,3.2
seoul2-0241,이대,2호선,외선,10,16,48,3.8
seoul2-0241,이대,2호선,외선,11,10,38,4.7
seoul2-0241,이대,2호선,외선,12,12,33,5.5
seoul2-0241,이대,2호선,외선,13,11,34,5.3
seoul2-0241,이대,2호선,외선,14,11,34,5.3
seoul2-0241,이대,2호선,외선,15,12,36,5.0
seoul2-0241,이대,2호선,외선,16,13,40,4.5
seoul2-0241,이대,2호선,외선,17,15,44,4.1
seoul2-0241,이대,2호선,외선,18,16,47,3.8
seoul2-0241,이대,2호선,외선,19,16,43,4.2
seoul2-0241,이대,2호선,외선,20,11,38,4.7
seoul2-0241,이대,2호선,외선,21,11,30,6.0
seoul2-0241,이대,2호선,외선,22,8,28,6.4
seoul2-0241,이대,2호선,외선,23,9,23,7.8
seoul2-0241,이대,2호선,외선,24,6,15,12.0
seoul2-0242,아현,2호선,내선,5,3,13,13.8
seoul2-0242,아현,2호선,내선,6,10,29,6.2
seoul2-0242,아현,2호선,내선,7,16,43,4.2
seoul2-0242,아현,2호선,내선,8,17,50,3.6
seoul2-0242,아현,2호선,내선,9,17,47,3.8
seoul2-0242,아현,2호선,내선,10,13,40,4.5
seoul2-0242,아현,2호선,내선,11,10,33,5.5
seoul2-0242,아현,2호선,내선,12,10,30,6.0
seoul2-0242,아현,2호선,내선,13,10,30,6.0
seoul2-0242,아현,2호선,내선,14,10,31,5.8
seoul2-0242,아현,2호선,내선,15,11,31,5.8
seoul2-0242,아현,2호선,내선,16,10,36,5.0
seoul2-0242,아현,2호선,내선,17,15,43,4.2
seoul2-0242,아현,2호선,내선,18,18,51,3.5
seoul2-0242,아현,2호선,내선,19,18,53,3.4
seoul2-0242,아현,2호선,내선,20,17,46,3.9
seoul2-0242,아현,2호선,내선,21,11,38,4.7
seoul2-0242,아현,2호선,내선,22,10,28,6.4
seoul2-0242,아현,2호선,내선,23,7,23,7.8
seoul2-0242,아현,2호선,내선,24,6,13,13.8
seoul2-0242,아현,2호선,외선,5,2,11,16.4
seoul2-0242,아현,2호선,외선,6,9,23,7.8
seoul2-0242,아현,2호선,외선,7,12,40,4.5
seoul2-0242,아현,2호선,외선,8,19,52,3.5
seoul2-0242,아현,2호선,외선,9,21,56,3.2
seoul2-0242,아현,2호선,외선,10,16,47,3.8
seoul2-0242,아현,2호선,외선,11,10,38,4.7
seoul2-0242,아현,2호선,외선,12,12,34,5.3
seoul2-0242,아현,2호선,외선,13,12,35,5.1
seoul2-0242,아현,2호선,외선,14,11,34,5.3
seoul2-0242,아현,2호선,외선,15,11,35,5.1
seoul2-0242,아현,2호선,외선,16,13,40,4.5
seoul2-0242,아현,2호선,외선,17,16,44,4.1
seoul2-0242,아현,2호선,외선,18,15,47,3.8
seoul2-0242,아현,2호선,외선,19,16,42,4.3
seoul2-0242,아현,2호선,외선,20,11,39,4.6
seoul2-0242,아현,2호선,외선,21,12,31,5.8
seoul2-0242,아현,2호선,외선,22,8,28,6.4
seoul2-0242,아현,2호선,외선,23,8,22,8.2
seoul2-0242,아현,2호선,외선,24,6,14,12.9
seoul2-0243,충정로(경기대입구),2호선,내선,5,3,13,13.8
seoul2-0243,충정로(경기대입구),2호선,내선,6,10,28,6.4
seoul2-0243,충정로(경기대입구),2호선,내선,7,15,43,4.2
seoul2-0243,충정로(경기대입구),2호선,내선,8,18,49,3.7
seoul2-0243,충정로(경기대입구),2호선,내선,9,16,47,3.8
seoul2-0243,충정로(경기대입구),2호선,내선,10,13,40,4.5
seoul2-0243,충정로(경기대입구),2호선,내선,11,11,34,5.3
seoul2-0243,충정로(경기대입구),2호선,내선,12,10,31,5.8
seoul2-0243,충정로(경기대입구),2호선,내선,13,10,30,6.0
seoul2-0243,충정로(경기대입구),2호선,내선,14,10,30,6.0
seoul2-0243,충정로(경기대입구),2호선,내선,15,10,31,5.8
seoul2-0243,충정로(경기대입구),2호선,내선,16,11,35,5.1
seoul2-0243,충정로(경기대입구),2호선,내선,17,14,43,4.2
seoul2-0243,충정로(경기대입구),2호선,내선,18,18,51,3.5
seoul2-0243,충정로(경기대입구),2호선,내선,19,19,53,3.4
seoul2-0243,충정로(경기대입구),2호선,내선,20,16,46,3.9
seoul2-0243,충정로(경기대입구),2호선,내선,21,11,38,4.7
seoul2-0243,충정로(경기대입구),2호선,내선,22,11,29,6.2
seoul2-0243,충정로(경기대입구),2호선,내선,23,7,24,7.5
seoul2-0243,충정로(경기대입구),2호선,내선,24,6,13,13.8
seoul2-0243,충정로(경기대입구),2호선,외선,5,3,12,15.0
seoul2-0243,충정로(경기대입구),2호선,외선,6,9,23,7.8
seoul2-0243,충정로(경기대입구),2호선,외선,7,11,40,4.5
seoul2-0243,충정로(경기대입구),2호선,외선,8,20,52,3.5
seoul2-0243,충정로(경기대입구),2호선,외선,9,21,56,3.2
seoul2-0243,충정로(경기대입구),2호선,외선,10,15,47,3.8
seoul2-0243,충정로(경기대입구),2호선,외선,11,11,38,4.7
seoul2-0243,충정로(경기대입구),2호선,외선,12,12,34,5.3
seoul2-0243,충정로(경기대입구),2호선,외선,13,11,34,5.3
seoul2-0243,충정로(경기대입구),2호선,외선,14,11,34,5.3
seoul2-0243,충정로(경기대입구),2호선,외선,15,12,36,5.0
seoul2-0243,충정로(경기대입구),2호선,외선,16,13,40,4.5
seoul2-0243,충정로(경기대입구),2호선,외선,17,15,44,4.1
seoul2-0243,충정로(경기대입구),2호선,외선,18,16,47,3.8
seoul2-0243,충정로(경기대입구),2호선,외선,19,16,42,4.3
seoul2-0243,충정로(경기대입구),2호선,외선,20,10,38,4.7
seoul2-0243,충정로(경기대입구),2호선,외선,21,12,30,6.0
seoul2-0243,충정로(경기대입구),2호선,외선,22,8,29,6.2
seoul2-0243,충정로(경기대입구),2호선,외선,23,9,22,8.2
seoul2-0243,충정로(경기대입구),2호선,외선,24,5,14,12.9
seoul2-2111,용답,2호선,내선,5,2,6,30.0
seoul2-2111,용답,2호선,내선,6,4,14,12.9
seoul2-2111,용답,2호선,내선,7,8,18,10.0
seoul2-2111,용답,2호선,내선,8,6,20,9.0
seoul2-2111,용답,2호선,내선,9,6,18,10.0
seoul2-2111,용답,2호선,내선,10,6,18,10.0
seoul2-2111,용답,2호선,내선,11,6,18,10.0
seoul2-2111,용답,2호선,내선,12,6,18,10.0
seoul2-2111,용답,2호선,내선,13,6,18,10.0
seoul2-2111,용답,2호선,내선,14,6,17,10.6
seoul2-2111,용답,2호선,내선,15,5,17,10.6
seoul2-2111,용답,2호선,내선,16,6,16,11.2
seoul2-2111,용답,2호선,내선,17,5,19,9.5
seoul2-2111,용답,2호선,내선,18,8,20,9.0
seoul2-2111,용답,2호선,내선,19,7,21,8.6
seoul2-2111,용답,2호선,내선,20,6,18,10.0
seoul2-2111,용답,2호선,내선,21,5,17,10.6
seoul2-2111,용답,2호선,내선,22,6,16,11.2
seoul2-2111,용답,2호선,내선,23,5,15,12.0
seoul2-2111,용답,2호선,내선,24,4,9,20.0
seoul2-2111,용답,2호선,외선,5,2,6,30.0
seoul2-2111,용답,2호선,외선,6,4,13,13.8
seoul2-2111,용답,2호선,외선,7,7,19,9.5
seoul2-2111,용답,2호선,외선,8,8,20,9.0
seoul2-2111,용답,2호선,외선,9,5,19,9.5
seoul2-2111,용답,2호선,외선,10,6,17,10.6
seoul2-2111,용답,2호선,외선,11,6,18,10.0
seoul2-2111,용답,2호선,외선,12,6,18,10.0
seoul2-2111,용답,2호선,외선,13,6,18,10.0
seoul2-2111,용답,2호선,외선,14,6,17,10.6
seoul2-2111,용답,2호선,외선,15,5,17,10.6
seoul2-2111,용답,2호선,외선,16,6,17,10.6
seoul2-2111,용답,2호선,외선,17,6,19,9.5
seoul2-2111,용답,2호선,외선,18,7,20,9.0
seoul2-2111,용답,2호선,외선,19,7,19,9.5
seoul2-2111,용답,2호선,외선,20,5,18,10.0
seoul2-2111,용답,2호선,외선,21,6,17,10.6
seoul2-2111,용답,2호선,외선,22,6,17,10.6
seoul2-2111,용답,2호선,외선,23,5,15,12.0
seoul2-2111,용답,2호선,외선,24,4,9,20.0
seoul2-2112,신답,2호선,내선,5,2,7,25.7
seoul2-2112,신답,2호선,내선,6,5,14,12.9
seoul2-2112,신답,2호선,내선,7,7,19,9.5
seoul2-2112,신답,2호선,내선,8,7,19,9.5
seoul2-2112,신답,2호선,내선,9,5,18,10.0
seoul2-2112,신답,2호선,내선,10,6,17,10.6
seoul2-2112,신답,2호선,내선,11,6,18,10.0
seoul2-2112,신답,2호선,내선,12,6,18,10.0
seoul2-2112,신답,2호선,내선,13,6,18,10.0
seoul2-2112,신답,2호선,내선,14,6,18,10.0
seoul2-2112,신답,2호선,내선,15,6,17,10.6
seoul2-2112,신답,2호선,내선,16,5,17,10.6
seoul2-2112,신답,2호선,내선,17,6,18,10.0
seoul2-2112,신답,2호선,내선,18,7,20,9.0
seoul2-2112,신답,2호선,내선,19,7,20,9.0
seoul2-2112,신답,2호선,내선,20,6,18,10.0
seoul2-2112,신답,2호선,내선,21,5,17,10.6
seoul2-2112,신답,2호선,내선,22,6,16,11.2
seoul2-2112,신답,2호선,내선,23,5,15,12.0
seoul2-2112,신답,2호선,내선,24,4,9,20.0
seoul2-2112,신답,2호선,외선,5,2,6,30.0
seoul2-2112,신답,2호선,외선,6,4,13,13.8
seoul2-2112,신답,2호선,외선,7,7,19,9.5
seoul2-2112,신답,2호선,외선,8,8,20,9.0
seoul2-2112,신답,2호선,외선,9,5,19,9.5
seoul2-2112,신답,2호선,외선,10,6,17,10.6
seoul2-2112,신답,2호선,외선,11,6,18,10.0
seoul2-2112,신답,2호선,외선,12,6,18,10.0
seoul2-2112,신답,2호선,외선,13,6,17,10.6
seoul2-2112,신답,2호선,외선,14,5,17,10.6
seoul2-2112,신답,2호선,외선,15,6,17,10.6
seoul2-2112,신답,2호선,외선,16,6,17,10.6
seoul2-2112,신답,2호선,외선,17,5,18,10.0
seoul2-2112,신답,2호선,외선,18,7,20,9.0
seoul2-2112,신답,2호선,외선,19,8,20,9.0
seoul2-2112,신답,2호선,외선,20,5,19,9.5
seoul2-2112,신답,2호선,외선,21,6,16,11.2
seoul2-2112,신답,2호선,외선,22,5,17,10.6
seoul2-2112,신답,2호선,외선,23,6,15,12.0
seoul2-2112,신답,2호선,외선,24,4,10,18.0
seoul2-2113,용두(동대문구청),2호선,내선,5,2,7,25.7
seoul2-2113,용두(동대문구청),2호선,내선,6,5,14,12.9
seoul2-2113,용두(동대문구청),2호선,내선,7,7,19,9.5
seoul2-2113,용두(동대문구청),2호선,내선,8,7,20,9.0
seoul2-2113,용두(동대문구청),2호선,내선,9,6,19,9.5
seoul2-2113,용두(동대문구청),2호선,내선,10,6,17,10.6
seoul2-2113,용두(동대문구청),2호선,내선,11,5,17,10.6
seoul2-2113,용두(동대문구청),2호선,내선,12,6,17,10.6
seoul2-2113,용두(동대문구청),2호선,내선,13,6,18,10.0
seoul2-2113,용두(동대문구청),2호선,내선,14,6,18,10.0
seoul2-2113,용두(동대문구청),2호선,내선,15,6,17,10.6
seoul2-2113,용두(동대문구청),2호선,내선,16,5,17,10.6
seoul2-2113,용두(동대문구청),2호선,내선,17,6,18,10.0
seoul2-2113,용두(동대문구청),2호선,내선,18,7,20,9.0
seoul2-2113,용두(동대문구청),2호선,내선,19,7,20,9.0
seoul2-2113,용두(동대문구청),2호선,내선,20,6,18,10.0
seoul2-2113,용두(동대문구청),2호선,내선,21,5,17,10.6
seoul2-2113,용두(동대문구청),2호선,내선,22,6,16,11.2
seoul2-2113,용두(동대문구청),2호선,내선,23,5,15,12.0
seoul2-2113,용두(동대문구청),2호선,내선,24,4,9,20.0
seoul2-2113,용두(동대문구청),2호선,외선,5,2,6,30.0
seoul2-2113,용두(동대문구청),2호선,외선,6,4,13,13.8
seoul2-2113,용두(동대문구청),2호선,외선,7,7,18,10.0
seoul2-2113,용두(동대문구청),2호선,외선,8,7,20,9.0
seoul2-2113,용두(동대문구청),2호선,외선,9,6,19,9.5
seoul2-2113,용두(동대문구청),2호선,외선,10,6,18,10.0
seoul2-2113,용두(동대문구청),2호선,외선,11,6,17,10.6
seoul2-2113,용두(동대문구청),2호선,외선,12,5,17,10.6
seoul2-2113,용두(동대문구청),2호선,외선,13,6,17,10.6
seoul2-2113,용두(동대문구청),2호선,외선,14,6,18,10.0
seoul2-2113,용두(동대문구청),2호선,외선,15,6,18,10.0
seoul2-2113,용두(동대문구청),2호선,외선,16,6,17,10.6
seoul2-2113,용두(동대문구청),2호선,외선,17,5,18,10.0
seoul2-2113,용두(동대문구청),2호선,외선,18,7,20,9.0
seoul2-2113,용두(동대문구청),2호선,외선,19,8,20,9.0
seoul2-2113,용두(동대문구청),2호선,외선,20,5,19,9.5
seoul2-2113,용두(동대문구청),2호선,외선,21,6,16,11.2
seoul2-2113,용두(동대문구청),2호선,외선,22,5,17,10.6
seoul2-2113,용두(동대문구청),2호선,외선,23,6,15,12.0
seoul2-2113,용두(동대문구청),2호선,외선,24,4,10,18.0
seoul2-2114,신설동,2호선,내선,5,2,7,25.7
seoul2-2114,신설동,2호선,내선,6,5,14,12.9
seoul2-2114,신설동,2호선,내선,7,7,19,9.5
seoul2-2114,신설동,2호선,내선,8,7,20,9.0
seoul2-2114,신설동,2호선,내선,9,6,19,9.5
seoul2-2114,신설동,2호선,내선,10,6,18,10.0
seoul2-2114,신설동,2호선,내선,11,6,17,10.6
seoul2-2114,신설동,2호선,내선,12,5,17,10.6
seoul2-2114,신설동,2호선,내선,13,6,17,10.6
seoul2-2114,신설동,2호선,내선,14,6,18,10.0
seoul2-2114,신설동,2호선,내선,15,6,17,10.6
seoul2-2114,신설동,2호선,내선,16,5,17,10.6
seoul2-2114,신설동,2호선,내선,17,6,19,9.5
seoul2-2114,신설동,2호선,내선,18,8,20,9.0
seoul2-2114,신설동,2호선,내선,19,6,20,9.0
seoul2-2114,신설동,2호선,내선,20,6,18,10.0
seoul2-2114,신설동,2호선,내선,21,6,17,10.6
seoul2-2114,신설동,2호선,내선,22,5,16,11.2
seoul2-2114,신설동,2호선,내선,23,5,14,12.9
seoul2-2114,신설동,2호선,내선,24,4,9,20.0
seoul2-2341,도림천,2호선,내선,5,2,7,25.7
seoul2-2341,도림천,2호선,내선,6,5,13,13.8
seoul2-2341,도림천,2호선,내선,7,6,17,10.6
seoul2-2341,도림천,2호선,내선,8,6,18,10.0
seoul2-2341,도림천,2호선,내선,9,6,18,10.0
seoul2-2341,도림천,2호선,내선,10,6,18,10.0
seoul2-2341,도림천,2호선,내선,11,6,18,10.0
seoul2-2341,도림천,2호선,내선,12,6,18,10.0
seoul2-2341,도림천,2호선,내선,13,6,18,10.0
seoul2-2341,도림천,2호선,내선,14,6,18,10.0
seoul2-2341,도림천,2호선,내선,15,6,18,10.0
seoul2-2341,도림천,2호선,내선,16,6,18,10.0
seoul2-2341,도림천,2호선,내선,17,6,18,10.0
seoul2-2341,도림천,2호선,내선,18,6,18,10.0
seoul2-2341,도림천,2호선,내선,19,6,18,10.0
seoul2-2341,도림천,2호선,내선,20,6,18,10.0
seoul2-2341,도림천,2호선,내선,21,6,17,10.6
seoul2-2341,도림천,2호선,내선,22,5,15,12.0
seoul2-2341,도림천,2호선,내선,23,4,13,13.8
seoul2-2341,도림천,2호선,내선,24,4,8,22.5
seoul2-2341,도림천,2호선,외선,5,2,6,30.0
seoul2-2341,도림천,2호선,외선,6,4,12,15.0
seoul2-2341,도림천,2호선,외선,7,6,16,11.2
seoul2-2341,도림천,2호선,외선,8,6,18,10.0
seoul2-2341,도림천,2호선,외선,9,6,18,10.0
seoul2-2341,도림천,2호선,외선,10,6,18,10.0
seoul2-2341,도림천,2호선,외선,11,6,18,10.0
seoul2-2341,도림천,2호선,외선,12,6,18,10.0
seoul2-2341,도림천,2호선,외선,13,6,18,10.0
seoul2-2341,도림천,2호선,외선,14,6,18,10.0
seoul2-2341,도림천,2호선,외선,15,6,18,10.0
seoul2-2341,도림천,2호선,외선,16,6,18,10.0
seoul2-2341,도림천,2호선,외선,17,6,18,10.0
seoul2-2341,도림천,2호선,외선,18,6,18,10.0
seoul2-2341,도림천,2호선,외선,19,6,18,10.0
seoul2-2341,도림천,2호선,외선,20,6,18,10.0
seoul2-2341,도림천,2호선,외선,21,6,17,10.6
seoul2-2341,도림천,2호선,외선,22,5,15,12.0
seoul2-2341,도림천,2호선,외선,23,4,13,13.8
seoul2-2341,도림천,2호선,외선,24,4,9,20.0
seoul2-2341,도림천,2호선,외선,25,1,5,36.0
seoul2-2342,양천구청,2호선,내선,5,2,7,25.7
seoul2-2342,양천구청,2호선,내선,6,5,13,13.8
seoul2-2342,양천구청,2호선,내선,7,6,17,10.6
seoul2-2342,양천구청,2호선,내선,8,6,18,10.0
seoul2-2342,양천구청,2호선,내선,9,6,18,10.0
seoul2-2342,양천구청,2호선,내선,10,6,18,10.0
seoul2-2342,양천구청,2호선,내선,11,6,18,10.0
seoul2-2342,양천구청,2호선,내선,12,6,18,10.0
seoul2-2342,양천구청,2호선,내선,13,6,18,10.0
seoul2-2342,양천구청,2호선,내선,14,6,18,10.0
seoul2-2342,양천구청,2호선,내선,15,6,18,10.0
seoul2-2342,양천구청,2호선,내선,16,6,18,10.0
seoul2-2342,양천구청,2호선,내선,17,6,18,10.0
seoul2-2342,양천구청,2호선,내선,18,6,18,10.0
seoul2-2342,양천구청,2호선,내선,19,6,18,10.0
seoul2-2342,양천구청,2호선,내선,20,6,18,10.0
seoul2-2342,양천구청,2호선,내선,21,6,16,11.2
seoul2-2342,양천구청,2호선,내선,22,4,14,12.9
seoul2-2342,양천구청,2호선,내선,23,4,13,13.8
seoul2-2342,양천구청,2호선,내선,24,5,9,20.0
seoul2-2342,양천구청,2호선,외선,5,2,6,30.0
seoul2-2342,양천구청,2호선,외선,6,4,12,15.0
seoul2-2342,양천구청,2호선,외선,7,6,16,11.2
seoul2-2342,양천구청,2호선,외선,8,6,18,10.0
seoul2-2342,양천구청,2호선,외선,9,6,18,10.0
seoul2-2342,양천구청,2호선,외선,10,6,18,10.0
seoul2-2342,양천구청,2호선,외선,11,6,18,10.0
seoul2-2342,양천구청,2호선,외선,12,6,18,10.0
seoul2-2342,양천구청,2호선,외선,13,6,18,10.0
seoul2-2342,양천구청,2호선,외선,14,6,18,10.0
seoul2-2342,양천구청,2호선,외선,15,6,18,10.0
seoul2-2342,양천구청,2호선,외선,16,6,18,10.0
seoul2-2342,양천구청,2호선,외선,17,6,18,10.0
seoul2-2342,양천구청,2호선,외선,18,6,18,10.0
seoul2-2342,양천구청,2호선,외선,19,6,18,10.0
seoul2-2342,양천구청,2호선,외선,20,6,18,10.0
seoul2-2342,양천구청,2호선,외선,21,6,17,10.6
seoul2-2342,양천구청,2호선,외선,22,5,15,12.0
seoul2-2342,양천구청,2호선,외선,23,4,14,12.9
seoul2-2342,양천구청,2호선,외선,24,5,9,20.0
seoul2-2343,신정네거리,2호선,내선,5,2,6,30.0
seoul2-2343,신정네거리,2호선,내선,6,4,12,15.0
seoul2-2343,신정네거리,2호선,내선,7,6,17,10.6
seoul2-2343,신정네거리,2호선,내선,8,7,19,9.5
seoul2-2343,신정네거리,2호선,내선,9,6,19,9.5
seoul2-2343,신정네거리,2호선,내선,10,6,18,10.0
seoul2-2343,신정네거리,2호선,내선,11,6,18,10.0
seoul2-2343,신정네거리,2호선,내선,12,6,18,10.0
seoul2-2343,신정네거리,2호선,내선,13,6,18,10.0
seoul2-2343,신정네거리,2호선,내선,14,6,18,10.0
seoul2-2343,신정네거리,2호선,내선,15,6,18,10.0
seoul2-2343,신정네거리,2호선,내선,16,6,18,10.0
seoul2-2343,신정네거리,2호선,내선,17,6,18,10.0
seoul2-2343,신정네거리,2호선,내선,18,6,18,10.0
seoul2-2343,신정네거리,2호선,내선,19,6,18,10.0
seoul2-2343,신정네거리,2호선,내선,20,6,17,10.6
seoul2-2343,신정네거리,2호선,내선,21,5,16,11.2
seoul2-2343,신정네거리,2호선,내선,22,5,14,12.9
seoul2-2343,신정네거리,2호선,내선,23,4,14,12.9
seoul2-2343,신정네거리,2호선,내선,24,5,9,20.0
seoul2-2343,신정네거리,2호선,외선,5,2,6,30.0
seoul2-2343,신정네거리,2호선,외선,6,4,12,15.0
seoul2-2343,신정네거리,2호선,외선,7,6,17,10.6
seoul2-2343,신정네거리,2호선,외선,8,7,19,9.5
seoul2-2343,신정네거리,2호선,외선,9,6,19,9.5
seoul2-2343,신정네거리,2호선,외선,10,6,18,10.0
seoul2-2343,신정네거리,2호선,외선,11,6,18,10.0
seoul2-2343,신정네거리,2호선,외선,12,6,18,10.0
seoul2-2343,신정네거리,2호선,외선,13,6,18,10.0
seoul2-2343,신정네거리,2호선,외선,14,6,18,10.0
seoul2-2343,신정네거리,2호선,외선,15,6,18,10.0
seoul2-2343,신정네거리,2호선,외선,16,6,18,10.0
seoul2-2343,신정네거리,2호선,외선,17,6,18,10.0
seoul2-2343,신정네거리,2호선,외선,18,6,18,10.0
seoul2-2343,신정네거리,2호선,외선,19,6,18,10.0
seoul2-2343,신정네거리,2호선,외선,20,6,17,10.6
seoul2-2343,신정네거리,2호선,외선,21,5,17,10.6
seoul2-2343,신정네거리,2호선,외선,22,6,15,12.0
seoul2-2343,신정네거리,2호선,외선,23,4,14,12.9
seoul2-2343,신정네거리,2호선,외선,24,4,8,22.5
seoul5-0518,까치산,2호선,외선,5,2,7,25.7
seoul5-0518,까치산,2호선,외선,6,5,13,13.8
seoul5-0518,까치산,2호선,외선,7,6,17,10.6
seoul5-0518,까치산,2호선,외선,8,6,18,10.0
seoul5-0518,까치산,2호선,외선,9,6,18,10.0
seoul5-0518,까치산,2호선,외선,10,6,18,10.0
seoul5-0518,까치산,2호선,외선,11,6,18,10.0
seoul5-0518,까치산,2호선,외선,12,6,18,10.0
seoul5-0518,까치산,2호선,외선,13,6,18,10.0
seoul5-0518,까치산,2호선,외선,14,6,18,10.0
seoul5-0518,까치산,2호선,외선,15,6,18,10.0
seoul5-0518,까치산,2호선,외선,16,6,18,10.0
seoul5-0518,까치산,2호선,외선,17,6,18,10.0
seoul5-0518,까치산,2호선,외선,18,6,18,10.0
seoul5-0518,까치산,2호선,외선,19,6,18,10.0
seoul5-0518,까치산,2호선,외선,20,6,18,10.0
seoul5-0518,까치산,2호선,외선,21,6,17,10.6
seoul5-0518,까치산,2호선,외선,22,5,15,12.0
seoul5-0518,까치산,2호선,외선,23,4,13,13.8
seoul5-0518,까치산,2호선,외선,24,4,8,22.5
ilsan-1948,원흥역,3호선,상행,5,5,13,13.8
ilsan-1948,원흥역,3호선,상행,6,8,23,7.8
ilsan-1948,원흥역,3호선,상행,7,10,27,6.7
ilsan-1948,원흥역,3호선,상행,8,9,26,6.9
ilsan-1948,원흥역,3호선,상행,9,7,24,7.5
ilsan-1948,원흥역,3호선,상행,10,8,21,8.6
ilsan-1948,원흥역,3호선,상행,11,6,20,9.0
ilsan-1948,원흥역,3호선,상행,12,6,18,10.0
ilsan-1948,원흥역,3호선,상행,13,6,19,9.5
ilsan-1948,원흥역,3호선,상행,14,7,19,9.5
ilsan-1948,원흥역,3호선,상행,15,6,21,8.6
ilsan-1948,원흥역,3호선,상행,16,8,21,8.6
ilsan-1948,원흥역,3호선,상행,17,7,22,8.2
ilsan-1948,원흥역,3호선,상행,18,7,21,8.6
ilsan-1948,원흥역,3호선,상행,19,7,21,8.6
ilsan-1948,원흥역,3호선,상행,20,7,21,8.6
ilsan-1948,원흥역,3호선,상행,21,7,20,9.0
ilsan-1948,원흥역,3호선,상행,22,6,17,10.6
ilsan-1948,원흥역,3호선,상행,23,4,11,16.4
ilsan-1948,원흥역,3호선,상행,24,1,5,36.0
ilsan-1948,원흥역,3호선,하행,5,2,8,22.5
ilsan-1948,원흥역,3호선,하행,6,6,17,10.6
ilsan-1948,원흥역,3호선,하행,7,9,25,7.2
ilsan-1948,원흥역,3호선,하행,8,10,28,6.4
ilsan-1948,원흥역,3호선,하행,9,9,26,6.9
ilsan-1948,원흥역,3호선,하행,10,7,24,7.5
ilsan-1948,원흥역,3호선,하행,11,8,21,8.6
ilsan-1948,원흥역,3호선,하행,12,6,20,9.0
ilsan-1948,원흥역,3호선,하행,13,6,18,10.0
ilsan-1948,원흥역,3호선,하행,14,6,18,10.0
ilsan-1948,원흥역,3호선,하행,15,6,19,9.5
ilsan-1948,원흥역,3호선,하행,16,7,20,9.0
ilsan-1948,원흥역,3호선,하행,17,7,22,8.2
ilsan-1948,원흥역,3호선,하행,18,8,21,8.6
ilsan-1948,원흥역,3호선,하행,19,6,21,8.6
ilsan-1948,원흥역,3호선,하행,20,7,20,9.0
ilsan-1948,원흥역,3호선,하행,21,7,20,9.0
ilsan-1948,원흥역,3호선,하행,22,6,18,10.0
ilsan-1948,원흥역,3호선,하행,23,5,15,12.0
ilsan-1948,원흥역,3호선,하행,24,4,9,20.0
ilsan-1950,삼송역,3호선,상행,5,5,13,13.8
ilsan-1950,삼송역,3호선,상행,6,8,23,7.8
ilsan-1950,삼송역,3호선,상행,7,10,27,6.7
ilsan-1950,삼송역,3호선,상행,8,9,27,6.7
ilsan-1950,삼송역,3호선,상행,9,8,24,7.5
ilsan-1950,삼송역,3호선,상행,10,7,21,8.6
ilsan-1950,삼송역,3호선,상행,11,6,20,9.0
ilsan-1950,삼송역,3호선,상행,12,7,19,9.5
ilsan-1950,삼송역,3호선,상행,13,6,19,9.5
ilsan-1950,삼송역,3호선,상행,14,6,18,10.0
ilsan-1950,삼송역,3호선,상행,15,6,20,9.0
ilsan-1950,삼송역,3호선,상행,16,8,21,8.6
ilsan-1950,삼송역,3호선,상행,17,7,23,7.8
ilsan-1950,삼송역,3호선,상행,18,8,21,8.6
ilsan-1950,삼송역,3호선,상행,19,6,21,8.6
ilsan-1950,삼송역,3호선,상행,20,7,20,9.0
ilsan-1950,삼송역,3호선,상행,21,7,20,9.0
ilsan-1950,삼송역,3호선,상행,22,6,17,10.6
ilsan-1950,삼송역,3호선,상행,23,4,11,16.4
ilsan-1950,삼송역,3호선,상행,24,1,5,36.0
ilsan-1950,삼송역,3호선,하행,5,2,8,22.5
ilsan-1950,삼송역,3호선,하행,6,6,16,11.2
ilsan-1950,삼송역,3호선,하행,7,8,24,7.5
ilsan-1950,삼송역,3호선,하행,8,10,25,7.2
ilsan-1950,삼송역,3호선,하행,9,7,24,7.5
ilsan-1950,삼송역,3호선,하행,10,7,20,9.0
ilsan-1950,삼송역,3호선,하행,11,6,19,9.5
ilsan-1950,삼송역,3호선,하행,12,6,18,10.0
ilsan-1950,삼송역,3호선,하행,13,6,19,9.5
ilsan-1950,삼송역,3호선,하행,14,7,19,9.5
ilsan-1950,삼송역,3호선,하행,15,6,19,9.5
ilsan-1950,삼송역,3호선,하행,16,6,20,9.0
ilsan-1950,삼송역,3호선,하행,17,8,21,8.6
ilsan-1950,삼송역,3호선,하행,18,7,22,8.2
ilsan-1950,삼송역,3호선,하행,19,7,21,8.6
ilsan-1950,삼송역,3호선,하행,20,7,21,8.6
ilsan-1950,삼송역,3호선,하행,21,7,19,9.5
ilsan-1950,삼송역,3호선,하행,22,5,16,11.2
ilsan-1950,삼송역,3호선,하행,23,4,11,16.4
ilsan-1950,삼송역,3호선,하행,24,2,6,30.0
ilsan-1951,원당역,3호선,상행,5,5,12,15.0
ilsan-1951,원당역,3호선,상행,6,7,22,8.2
ilsan-1951,원당역,3호선,상행,7,10,27,6.7
ilsan-1951,원당역,3호선,상행,8,10,27,6.7
ilsan-1951,원당역,3호선,상행,9,7,25,7.2
ilsan-1951,원당역,3호선,상행,10,8,21,8.6
ilsan-1951,원당역,3호선,상행,11,6,20,9.0
ilsan-1951,원당역,3호선,상행,12,6,18,10.0
ilsan-1951,원당역,3호선,상행,13,6,18,10.0
ilsan-1951,원당역,3호선,상행,14,6,18,10.0
ilsan-1951,원당역,3호선,상행,15,6,20,9.0
ilsan-1951,원당역,3호선,상행,16,8,22,8.2
ilsan-1951,원당역,3호선,상행,17,8,22,8.2
ilsan-1951,원당역,3호선,상행,18,6,22,8.2
ilsan-1951,원당역,3호선,상행,19,8,21,8.6
ilsan-1951,원당역,3호선,상행,20,7,21,8.6
ilsan-1951,원당역,3호선,상행,21,6,20,9.0
ilsan-1951,원당역,3호선,상행,22,7,17,10.6
ilsan-1951,원당역,3호선,상행,23,4,12,15.0
ilsan-1951,원당역,3호선,상행,24,1,5,36.0
ilsan-1951,원당역,3호선,하행,5,2,9,20.0
ilsan-1951,원당역,3호선,하행,6,7,17,10.6
ilsan-1951,원당역,3호선,하행,7,8,25,7.2
ilsan-1951,원당역,3호선,하행,8,10,27,6.7
ilsan-1951,원당역,3호선,하행,9,9,27,6.7
ilsan-1951,원당역,3호선,하행,10,8,24,7.5
ilsan-1951,원당역,3호선,하행,11,7,21,8.6
ilsan-1951,원당역,3호선,하행,12,6,19,9.5
ilsan-1951,원당역,3호선,하행,13,6,18,10.0
ilsan-1951,원당역,3호선,하행,14,6,18,10.0
ilsan-1951,원당역,3호선,하행,15,6,19,9.5
ilsan-1951,원당역,3호선,하행,16,7,20,9.0
ilsan-1951,원당역,3호선,하행,17,7,22,8.2
ilsan-1951,원당역,3호선,하행,18,8,22,8.2
ilsan-1951,원당역,3호선,하행,19,7,21,8.6
ilsan-1951,원당역,3호선,하행,20,6,20,9.0
ilsan-1951,원당역,3호선,하행,21,7,20,9.0
ilsan-1951,원당역,3호선,하행,22,7,19,9.5
ilsan-1951,원당역,3호선,하행,23,5,15,12.0
ilsan-1951,원당역,3호선,하행,24,3,8,22.5
ilsan-1952,화정역,3호선,상행,5,4,12,15.0
ilsan-1952,화정역,3호선,상행,6,8,21,8.6
ilsan-1952,화정역,3호선,상행,7,9,27,6.7
ilsan-1952,화정역,3호선,상행,8,10,27,6.7
ilsan-1952,화정역,3호선,상행,9,8,26,6.9
ilsan-1952,화정역,3호선,상행,10,8,22,8.2
ilsan-1952,화정역,3호선,상행,11,6,20,9.0
ilsan-1952,화정역,3호선,상행,12,6,17,10.6
ilsan-1952,화정역,3호선,상행,13,5,18,10.0
ilsan-1952,화정역,3호선,상행,14,7,18,10.0
ilsan-1952,화정역,3호선,상행,15,6,21,8.6
ilsan-1952,화정역,3호선,상행,16,8,21,8.6
ilsan-1952,화정역,3호선,상행,17,7,22,8.2
ilsan-1952,화정역,3호선,상행,18,7,21,8.6
ilsan-1952,화정역,3호선,상행,19,7,22,8.2
ilsan-1952,화정역,3호선,상행,20,8,21,8.6
ilsan-1952,화정역,3호선,상행,21,6,20,9.0
ilsan-1952,화정역,3호선,상행,22,6,17,10.6
ilsan-1952,화정역,3호선,상행,23,5,12,15.0
ilsan-1952,화정역,3호선,상행,24,1,6,30.0
ilsan-1952,화정역,3호선,하행,5,2,9,20.0
ilsan-1952,화정역,3호선,하행,6,7,17,10.6
ilsan-1952,화정역,3호선,하행,7,8,26,6.9
ilsan-1952,화정역,3호선,하행,8,11,28,6.4
ilsan-1952,화정역,3호선,하행,9,9,27,6.7
ilsan-1952,화정역,3호선,하행,10,7,23,7.8
ilsan-1952,화정역,3호선,하행,11,7,20,9.0
ilsan-1952,화정역,3호선,하행,12,6,19,9.5
ilsan-1952,화정역,3호선,하행,13,6,18,10.0
ilsan-1952,화정역,3호선,하행,14,6,19,9.5
ilsan-1952,화정역,3호선,하행,15,7,19,9.5
ilsan-1952,화정역,3호선,하행,16,6,21,8.6
ilsan-1952,화정역,3호선,하행,17,8,21,8.6
ilsan-1952,화정역,3호선,하행,18,7,22,8.2
ilsan-1952,화정역,3호선,하행,19,7,20,9.0
ilsan-1952,화정역,3호선,하행,20,6,20,9.0
ilsan-1952,화정역,3호선,하행,21,7,20,9.0
ilsan-1952,화정역,3호선,하행,22,7,19,9.5
ilsan-1952,화정역,3호선,하행,23,5,15,12.0
ilsan-1952,화정역,3호선,하행,24,3,8,22.5
ilsan-1953,대곡역,3호선,상행,5,4,11,16.4
ilsan-1953,대곡역,3호선,상행,6,7,21,8.6
ilsan-1953,대곡역,3호선,상행,7,10,27,6.7
ilsan-1953,대곡역,3호선,상행,8,10,28,6.4
ilsan-1953,대곡역,3호선,상행,9,8,25,7.2
ilsan-1953,대곡역,3호선,상행,10,7,22,8.2
ilsan-1953,대곡역,3호선,상행,11,7,19,9.5
ilsan-1953,대곡역,3호선,상행,12,5,18,10.0
ilsan-1953,대곡역,3호선,상행,13,6,17,10.6
ilsan-1953,대곡역,3호선,상행,14,6,19,9.5
ilsan-1953,대곡역,3호선,상행,15,7,21,8.6
ilsan-1953,대곡역,3호선,상행,16,8,22,8.2
ilsan-1953,대곡역,3호선,상행,17,7,22,8.2
ilsan-1953,대곡역,3호선,상행,18,7,21,8.6
ilsan-1953,대곡역,3호선,상행,19,7,21,8.6
ilsan-1953,대곡역,3호선,상행,20,7,20,9.0
ilsan-1953,대곡역,3호선,상행,21,6,20,9.0
ilsan-1953,대곡역,3호선,상행,22,7,17,10.6
ilsan-1953,대곡역,3호선,상행,23,4,13,13.8
ilsan-1953,대곡역,3호선,상행,24,2,6,30.0
ilsan-1953,대곡역,3호선,하행,5,3,10,18.0
ilsan-1953,대곡역,3호선,하행,6,7,18,10.0
ilsan-1953,대곡역,3호선,하행,7,8,25,7.2
ilsan-1953,대곡역,3호선,하행,8,10,27,6.7
ilsan-1953,대곡역,3호선,하행,9,9,26,6.9
ilsan-1953,대곡역,3호선,하행,10,7,23,7.8
ilsan-1953,대곡역,3호선,하행,11,7,20,9.0
ilsan-1953,대곡역,3호선,하행,12,6,19,9.5
ilsan-1953,대곡역,3호선,하행,13,6,18,10.0
ilsan-1953,대곡역,3호선,하행,14,6,19,9.5
ilsan-1953,대곡역,3호선,하행,15,7,20,9.0
ilsan-1953,대곡역,3호선,하행,16,7,21,8.6
ilsan-1953,대곡역,3호선,하행,17,7,21,8.6
ilsan-1953,대곡역,3호선,하행,18,7,21,8.6
ilsan-1953,대곡역,3호선,하행,19,7,21,8.6
ilsan-1953,대곡역,3호선,하행,20,7,21,8.6
ilsan-1953,대곡역,3호선,하행,21,7,21,8.6
ilsan-1953,대곡역,3호선,하행,22,7,18,10.0
ilsan-1953,대곡역,3호선,하행,23,4,14,12.9
ilsan-1953,대곡역,3호선,하행,24,3,7,25.7
ilsan-1954,백석역,3호선,상행,5,4,11,16.4
ilsan-1954,백석역,3호선,상행,6,7,20,9.0
ilsan-1954,백석역,3호선,상행,7,9,26,6.9
ilsan-1954,백석역,3호선,상행,8,10,27,6.7
ilsan-1954,백석역,3호선,상행,9,8,26,6.9
ilsan-1954,백석역,3호선,상행,10,8,22,8.2
ilsan-1954,백석역,3호선,상행,11,6,20,9.0
ilsan-1954,백석역,3호선,상행,12,6,18,10.0
ilsan-1954,백석역,3호선,상행,13,6,18,10.0
ilsan-1954,백석역,3호선,상행,14,6,18,10.0
ilsan-1954,백석역,3호선,상행,15,6,20,9.0
ilsan-1954,백석역,3호선,상행,16,8,21,8.6
ilsan-1954,백석역,3호선,상행,17,7,22,8.2
ilsan-1954,백석역,3호선,상행,18,7,22,8.2
ilsan-1954,백석역,3호선,상행,19,8,22,8.2
ilsan-1954,백석역,3호선,상행,20,7,21,8.6
ilsan-1954,백석역,3호선,상행,21,6,19,9.5
ilsan-1954,백석역,3호선,상행,22,6,17,10.6
ilsan-1954,백석역,3호선,상행,23,5,13,13.8
ilsan-1954,백석역,3호선,상행,24,2,7,25.7
ilsan-1954,백석역,3호선,하행,5,3,10,18.0
ilsan-1954,백석역,3호선,하행,6,7,18,10.0
ilsan-1954,백석역,3호선,하행,7,8,26,6.9
ilsan-1954,백석역,3호선,하행,8,11,27,6.7
ilsan-1954,백석역,3호선,하행,9,8,26,6.9
ilsan-1954,백석역,3호선,하행,10,7,22,8.2
ilsan-1954,백석역,3호선,하행,11,7,21,8.6
ilsan-1954,백석역,3호선,하행,12,7,20,9.0
ilsan-1954,백석역,3호선,하행,13,6,19,9.5
ilsan-1954,백석역,3호선,하행,14,6,19,9.5
ilsan-1954,백석역,3호선,하행,15,7,19,9.5
ilsan-1954,백석역,3호선,하행,16,6,21,8.6
ilsan-1954,백석역,3호선,하행,17,8,21,8.6
ilsan-1954,백석역,3호선,하행,18,7,22,8.2
ilsan-1954,백석역,3호선,하행,19,7,20,9.0
ilsan-1954,백석역,3호선,하행,20,6,20,9.0
ilsan-1954,백석역,3호선,하행,21,7,20,9.0
ilsan-1954,백석역,3호선,하행,22,7,18,10.0
ilsan-1954,백석역,3호선,하행,23,4,14,12.9
ilsan-1954,백석역,3호선,하행,24,3,7,25.7
ilsan-1955,마두역,3호선,상행,5,4,10,18.0
ilsan-1955,마두역,3호선,상행,6,6,20,9.0
ilsan-1955,마두역,3호선,상행,7,10,26,6.9
ilsan-1955,마두역,3호선,상행,8,10,28,6.4
ilsan-1955,마두역,3호선,상행,9,8,26,6.9
ilsan-1955,마두역,3호선,상행,10,8,22,8.2
ilsan-1955,마두역,3호선,상행,11,6,19,9.5
ilsan-1955,마두역,3호선,상행,12,5,18,10.0
ilsan-1955,마두역,3호선,상행,13,7,18,10.0
ilsan-1955,마두역,3호선,상행,14,6,19,9.5
ilsan-1955,마두역,3호선,상행,15,6,20,9.0
ilsan-1955,마두역,3호선,상행,16,8,21,8.6
ilsan-1955,마두역,3호선,상행,17,7,22,8.2
ilsan-1955,마두역,3호선,상행,18,7,21,8.6
ilsan-1955,마두역,3호선,상행,19,7,21,8.6
ilsan-1955,마두역,3호선,상행,20,7,20,9.0
ilsan-1955,마두역,3호선,상행,21,6,20,9.0
ilsan-1955,마두역,3호선,상행,22,7,18,10.0
ilsan-1955,마두역,3호선,상행,23,5,14,12.9
ilsan-1955,마두역,3호선,상행,24,2,7,25.7
ilsan-1955,마두역,3호선,하행,5,4,10,18.0
ilsan-1955,마두역,3호선,하행,6,6,19,9.5
ilsan-1955,마두역,3호선,하행,7,9,26,6.9
ilsan-1955,마두역,3호선,하행,8,11,27,6.7
ilsan-1955,마두역,3호선,하행,9,7,26,6.9
ilsan-1955,마두역,3호선,하행,10,8,22,8.2
ilsan-1955,마두역,3호선,하행,11,7,21,8.6
ilsan-1955,마두역,3호선,하행,12,6,19,9.5
ilsan-1955,마두역,3호선,하행,13,6,18,10.0
ilsan-1955,마두역,3호선,하행,14,6,19,9.5
ilsan-1955,마두역,3호선,하행,15,7,19,9.5
ilsan-1955,마두역,3호선,하행,16,6,21,8.6
ilsan-1955,마두역,3호선,하행,17,8,22,8.2
ilsan-1955,마두역,3호선,하행,18,8,22,8.2
ilsan-1955,마두역,3호선,하행,19,6,21,8.6
ilsan-1955,마두역,3호선,하행,20,7,19,9.5
ilsan-1955,마두역,3호선,하행,21,6,20,9.0
ilsan-1955,마두역,3호선,하행,22,7,18,10.0
ilsan-1955,마두역,3호선,하행,23,5,14,12.9
ilsan-1955,마두역,3호선,하행,24,2,7,25.7
ilsan-1956,정발산역,3호선,상행,5,3,10,18.0
ilsan-1956,정발산역,3호선,상행,6,7,20,9.0
ilsan-1956,정발산역,3호선,상행,7,10,27,6.7
ilsan-1956,정발산역,3호선,상행,8,10,28,6.4
ilsan-1956,정발산역,3호선,상행,9,8,26,6.9
ilsan-1956,정발산역,3호선,상행,10,8,22,8.2
ilsan-1956,정발산역,3호선,상행,11,6,19,9.5
ilsan-1956,정발산역,3호선,상행,12,5,18,10.0
ilsan-1956,정발산역,3호선,상행,13,7,18,10.0
ilsan-1956,정발산역,3호선,상행,14,6,19,9.5
ilsan-1956,정발산역,3호선,상행,15,6,20,9.0
ilsan-1956,정발산역,3호선,상행,16,8,21,8.6
ilsan-1956,정발산역,3호선,상행,17,7,22,8.2
ilsan-1956,정발산역,3호선,상행,18,7,21,8.6
ilsan-1956,정발산역,3호선,상행,19,7,21,8.6
ilsan-1956,정발산역,3호선,상행,20,7,20,9.0
ilsan-1956,정발산역,3호선,상행,21,6,20,9.0
ilsan-1956,정발산역,3호선,상행,22,7,18,10.0
ilsan-1956,정발산역,3호선,상행,23,5,14,12.9
ilsan-1956,정발산역,3호선,상행,24,2,7,25.7
ilsan-1956,정발산역,3호선,하행,5,4,10,18.0
ilsan-1956,정발산역,3호선,하행,6,6,19,9.5
ilsan-1956,정발산역,3호선,하행,7,9,26,6.9
ilsan-1956,정발산역,3호선,하행,8,11,27,6.7
ilsan-1956,정발산역,3호선,하행,9,7,26,6.9
ilsan-1956,정발산역,3호선,하행,10,8,22,8.2
ilsan-1956,정발산역,3호선,하행,11,7,21,8.6
ilsan-1956,정발산역,3호선,하행,12,6,20,9.0
ilsan-1956,정발산역,3호선,하행,13,7,18,10.0
ilsan-1956,정발산역,3호선,하행,14,5,19,9.5
ilsan-1956,정발산역,3호선,하행,15,7,19,9.5
ilsan-1956,정발산역,3호선,하행,16,7,21,8.6
ilsan-1956,정발산역,3호선,하행,17,7,22,8.2
ilsan-1956,정발산역,3호선,하행,18,8,22,8.2
ilsan-1956,정발산역,3호선,하행,19,7,21,8.6
ilsan-1956,정발산역,3호선,하행,20,6,20,9.0
ilsan-1956,정발산역,3호선,하행,21,7,20,9.0
ilsan-1956,정발산역,3호선,하행,22,7,18,10.0
ilsan-1956,정발산역,3호선,하행,23,4,13,13.8
ilsan-1956,정발산역,3호선,하행,24,2,6,30.0
ilsan-1957,주엽역,3호선,상행,5,3,10,18.0
ilsan-1957,주엽역,3호선,상행,6,7,20,9.0
ilsan-1957,주엽역,3호선,상행,7,10,26,6.9
ilsan-1957,주엽역,3호선,상행,8,9,27,6.7
ilsan-1957,주엽역,3호선,상행,9,8,25,7.2
ilsan-1957,주엽역,3호선,상행,10,8,22,8.2
ilsan-1957,주엽역,3호선,상행,11,6,20,9.0
ilsan-1957,주엽역,3호선,상행,12,6,19,9.5
ilsan-1957,주엽역,3호선,상행,13,7,19,9.5
ilsan-1957,주엽역,3호선,상행,14,6,19,9.5
ilsan-1957,주엽역,3호선,상행,15,6,19,9.5
ilsan-1957,주엽역,3호선,상행,16,7,21,8.6
ilsan-1957,주엽역,3호선,상행,17,8,22,8.2
ilsan-1957,주엽역,3호선,상행,18,7,22,8.2
ilsan-1957,주엽역,3호선,상행,19,7,21,8.6
ilsan-1957,주엽역,3호선,상행,20,7,20,9.0
ilsan-1957,주엽역,3호선,상행,21,6,20,9.0
ilsan-1957,주엽역,3호선,상행,22,7,18,10.0
ilsan-1957,주엽역,3호선,상행,23,5,14,12.9
ilsan-1957,주엽역,3호선,상행,24,2,7,25.7
ilsan-1957,주엽역,3호선,하행,5,4,11,16.4
ilsan-1957,주엽역,3호선,하행,6,7,20,9.0
ilsan-1957,주엽역,3호선,하행,7,9,26,6.9
ilsan-1957,주엽역,3호선,하행,8,10,27,6.7
ilsan-1957,주엽역,3호선,하행,9,8,25,7.2
ilsan-1957,주엽역,3호선,하행,10,7,22,8.2
ilsan-1957,주엽역,3호선,하행,11,7,21,8.6
ilsan-1957,주엽역,3호선,하행,12,7,20,9.0
ilsan-1957,주엽역,3호선,하행,13,6,19,9.5
ilsan-1957,주엽역,3호선,하행,14,6,18,10.0
ilsan-1957,주엽역,3호선,하행,15,6,19,9.5
ilsan-1957,주엽역,3호선,하행,16,7,21,8.6
ilsan-1957,주엽역,3호선,하행,17,8,22,8.2
ilsan-1957,주엽역,3호선,하행,18,7,22,8.2
ilsan-1957,주엽역,3호선,하행,19,7,20,9.0
ilsan-1957,주엽역,3호선,하행,20,6,20,9.0
ilsan-1957,주엽역,3호선,하행,21,7,20,9.0
ilsan-1957,주엽역,3호선,하행,22,7,18,10.0
ilsan-1957,주엽역,3호선,하행,23,4,13,13.8
ilsan-1957,주엽역,3호선,하행,24,2,6,30.0
ilsan-1958,대화역,3호선,하행,5,4,11,16.4
ilsan-1958,대화역,3호선,하행,6,7,21,8.6
ilsan-1958,대화역,3호선,하행,7,10,26,6.9
ilsan-1958,대화역,3호선,하행,8,9,27,6.7
ilsan-1958,대화역,3호선,하행,9,8,25,7.2
ilsan-1958,대화역,3호선,하행,10,8,23,7.8
ilsan-1958,대화역,3호선,하행,11,7,21,8.6
ilsan-1958,대화역,3호선,하행,12,6,19,9.5
ilsan-1958,대화역,3호선,하행,13,6,18,10.0
ilsan-1958,대화역,3호선,하행,14,6,18,10.0
ilsan-1958,대화역,3호선,하행,15,6,19,9.5
ilsan-1958,대화역,3호선,하행,16,7,21,8.6
ilsan-1958,대화역,3호선,하행,17,8,22,8.2
ilsan-1958,대화역,3호선,하행,18,7,22,8.2
ilsan-1958,대화역,3호선,하행,19,7,20,9.0
ilsan-1958,대화역,3호선,하행,20,6,20,9.0
ilsan-1958,대화역,3호선,하행,21,7,20,9.0
ilsan-1958,대화역,3호선,하행,22,7,18,10.0
ilsan-1958,대화역,3호선,하행,23,4,13,13.8
ilsan-1958,대화역,3호선,하행,24,2,6,30.0
seoul3-0319,지축,3호선,상행,5,1,6,30.0
seoul3-0319,지축,3호선,상행,6,5,14,12.9
seoul3-0319,지축,3호선,상행,7,8,22,8.2
seoul3-0319,지축,3호선,상행,8,9,24,7.5
seoul3-0319,지축,3호선,상행,9,7,23,7.8
seoul3-0319,지축,3호선,상행,10,7,21,8.6
seoul3-0319,지축,3호선,상행,11,7,20,9.0
seoul3-0319,지축,3호선,상행,12,6,19,9.5
seoul3-0319,지축,3호선,상행,13,6,18,10.0
seoul3-0319,지축,3호선,상행,14,6,18,10.0
seoul3-0319,지축,3호선,상행,15,6,19,9.5
seoul3-0319,지축,3호선,상행,16,7,21,8.6
seoul3-0319,지축,3호선,상행,17,8,21,8.6
seoul3-0319,지축,3호선,상행,18,6,21,8.6
seoul3-0319,지축,3호선,상행,19,7,20,9.0
seoul3-0319,지축,3호선,상행,20,7,20,9.0
seoul3-0319,지축,3호선,상행,21,6,19,9.5
seoul3-0319,지축,3호선,상행,22,6,16,11.2
seoul3-0319,지축,3호선,상행,23,4,11,16.4
seoul3-0319,지축,3호선,상행,24,1,5,36.0
seoul3-0319,지축,3호선,하행,5,2,8,22.5
seoul3-0319,지축,3호선,하행,6,6,16,11.2
seoul3-0319,지축,3호선,하행,7,8,23,7.8
seoul3-0319,지축,3호선,하행,8,9,25,7.2
seoul3-0319,지축,3호선,하행,9,8,23,7.8
seoul3-0319,지축,3호선,하행,10,6,21,8.6
seoul3-0319,지축,3호선,하행,11,7,19,9.5
seoul3-0319,지축,3호선,하행,12,6,19,9.5
seoul3-0319,지축,3호선,하행,13,6,18,10.0
seoul3-0319,지축,3호선,하행,14,6,18,10.0
seoul3-0319,지축,3호선,하행,15,6,19,9.5
seoul3-0319,지축,3호선,하행,16,7,20,9.0
seoul3-0319,지축,3호선,하행,17,7,22,8.2
seoul3-0319,지축,3호선,하행,18,8,22,8.2
seoul3-0319,지축,3호선,하행,19,7,21,8.6
seoul3-0319,지축,3호선,하행,20,6,20,9.0
seoul3-0319,지축,3호선,하행,21,7,19,9.5
seoul3-0319,지축,3호선,하행,22,6,17,10.6
seoul3-0319,지축,3호선,하행,23,4,12,15.0
seoul3-0319,지축,3호선,하행,24,2,6,30.0
seoul3-0320,구파발,3호선,상행,5,1,6,30.0
seoul3-0320,구파발,3호선,상행,6,5,15,12.0
seoul3-0320,구파발,3호선,상행,7,9,22,8.2
seoul3-0320,구파발,3호선,상행,8,8,25,7.2
seoul3-0320,구파발,3호선,상행,9,8,23,7.8
seoul3-0320,구파발,3호선,상행,10,7,21,8.6
seoul3-0320,구파발,3호선,상행,11,6,19,9.5
seoul3-0320,구파발,3호선,상행,12,6,19,9.5
seoul3-0320,구파발,3호선,상행,13,7,19,9.5
seoul3-0320,구파발,3호선,상행,14,6,19,9.5
seoul3-0320,구파발,3호선,상행,15,6,18,10.0
seoul3-0320,구파발,3호선,상행,16,6,20,9.0
seoul3-0320,구파발,3호선,상행,17,8,20,9.0
seoul3-0320,구파발,3호선,상행,18,6,21,8.6
seoul3-0320,구파발,3호선,상행,19,7,20,9.0
seoul3-0320,구파발,3호선,상행,20,7,21,8.6
seoul3-0320,구파발,3호선,상행,21,7,19,9.5
seoul3-0320,구파발,3호선,상행,22,5,16,11.2
seoul3-0320,구파발,3호선,상행,23,4,10,18.0
seoul3-0320,구파발,3호선,상행,24,1,5,36.0
seoul3-0320,구파발,3호선,하행,5,4,14,12.9
seoul3-0320,구파발,3호선,하행,6,10,29,6.2
seoul3-0320,구파발,3호선,하행,7,15,40,4.5
seoul3-0320,구파발,3호선,하행,8,15,42,4.3
seoul3-0320,구파발,3호선,하행,9,12,36,5.0
seoul3-0320,구파발,3호선,하행,10,9,30,6.0
seoul3-0320,구파발,3호선,하행,11,9,27,6.7
seoul3-0320,구파발,3호선,하행,12,9,25,7.2
seoul3-0320,구파발,3호선,하행,13,7,25,7.2
seoul3-0320,구파발,3호선,하행,14,9,23,7.8
seoul3-0320,구파발,3호선,하행,15,7,25,7.2
seoul3-0320,구파발,3호선,하행,16,9,29,6.2
seoul3-0320,구파발,3호선,하행,17,13,36,5.0
seoul3-0320,구파발,3호선,하행,18,14,39,4.6
seoul3-0320,구파발,3호선,하행,19,12,36,5.0
seoul3-0320,구파발,3호선,하행,20,10,31,5.8
seoul3-0320,구파발,3호선,하행,21,9,26,6.9
seoul3-0320,구파발,3호선,하행,22,7,22,8.2
seoul3-0320,구파발,3호선,하행,23,6,16,11.2
seoul3-0320,구파발,3호선,하행,24,3,9,20.0
seoul3-0321,연신내,3호선,상행,5,1,9,20.0
seoul3-0321,연신내,3호선,상행,6,8,22,8.2
seoul3-0321,연신내,3호선,상행,7,13,36,5.0
seoul3-0321,연신내,3호선,상행,8,15,41,4.4
seoul3-0321,연신내,3호선,상행,9,13,39,4.6
seoul3-0321,연신내,3호선,상행,10,11,34,5.3
seoul3-0321,연신내,3호선,상행,11,10,28,6.4
seoul3-0321,연신내,3호선,상행,12,7,25,7.2
seoul3-0321,연신내,3호선,상행,13,8,24,7.5
seoul3-0321,연신내,3호선,상행,14,9,24,7.5
seoul3-0321,연신내,3호선,상행,15,7,25,7.2
seoul3-0321,연신내,3호선,상행,16,9,24,7.5
seoul3-0321,연신내,3호선,상행,17,8,30,6.0
seoul3-0321,연신내,3호선,상행,18,13,34,5.3
seoul3-0321,연신내,3호선,상행,19,13,37,4.9
seoul3-0321,연신내,3호선,상행,20,11,35,5.1
seoul3-0321,연신내,3호선,상행,21,11,32,5.6
seoul3-0321,연신내,3호선,상행,22,10,28,6.4
seoul3-0321,연신내,3호선,상행,23,7,22,8.2
seoul3-0321,연신내,3호선,상행,24,5,12,15.0
seoul3-0321,연신내,3호선,하행,5,4,14,12.9
seoul3-0321,연신내,3호선,하행,6,10,28,6.4
seoul3-0321,연신내,3호선,하행,7,14,39,4.6
seoul3-0321,연신내,3호선,하행,8,15,42,4.3
seoul3-0321,연신내,3호선,하행,9,13,36,5.0
seoul3-0321,연신내,3호선,하행,10,8,31,5.8
seoul3-0321,연신내,3호선,하행,11,10,26,6.9
seoul3-0321,연신내,3호선,하행,12,8,25,7.2
seoul3-0321,연신내,3호선,하행,13,7,24,7.5
seoul3-0321,연신내,3호선,하행,14,9,24,7.5
seoul3-0321,연신내,3호선,하행,15,8,26,6.9
seoul3-0321,연신내,3호선,하행,16,9,30,6.0
seoul3-0321,연신내,3호선,하행,17,13,35,5.1
seoul3-0321,연신내,3호선,하행,18,13,38,4.7
seoul3-0321,연신내,3호선,하행,19,12,36,5.0
seoul3-0321,연신내,3호선,하행,20,11,32,5.6
seoul3-0321,연신내,3호선,하행,21,9,27,6.7
seoul3-0321,연신내,3호선,하행,22,7,22,8.2
seoul3-0321,연신내,3호선,하행,23,6,16,11.2
seoul3-0321,연신내,3호선,하행,24,3,9,20.0
seoul3-0322,불광,3호선,상행,5,1,9,20.0
seoul3-0322,불광,3호선,상행,6,8,22,8.2
seoul3-0322,불광,3호선,상행,7,13,36,5.0
seoul3-0322,불광,3호선,상행,8,15,42,4.3
seoul3-0322,불광,3호선,상행,9,14,40,4.5
seoul3-0322,불광,3호선,상행,10,11,34,5.3
seoul3-0322,불광,3호선,상행,11,9,28,6.4
seoul3-0322,불광,3호선,상행,12,8,24,7.5
seoul3-0322,불광,3호선,상행,13,7,24,7.5
seoul3-0322,불광,3호선,상행,14,9,23,7.8
seoul3-0322,불광,3호선,상행,15,7,26,6.9
seoul3-0322,불광,3호선,상행,16,10,25,7.2
seoul3-0322,불광,3호선,상행,17,8,30,6.0
seoul3-0322,불광,3호선,상행,18,12,33,5.5
seoul3-0322,불광,3호선,상행,19,13,36,5.0
seoul3-0322,불광,3호선,상행,20,11,35,5.1
seoul3-0322,불광,3호선,상행,21,11,32,5.6
seoul3-0322,불광,3호선,상행,22,10,28,6.4
seoul3-0322,불광,3호선,상행,23,7,22,8.2
seoul3-0322,불광,3호선,상행,24,5,12,15.0
seoul3-0322,불광,3호선,하행,5,3,13,13.8
seoul3-0322,불광,3호선,하행,6,10,28,6.4
seoul3-0322,불광,3호선,하행,7,15,40,4.5
seoul3-0322,불광,3호선,하행,8,15,42,4.3
seoul3-0322,불광,3호선,하행,9,12,36,5.0
seoul3-0322,불광,3호선,하행,10,9,30,6.0
seoul3-0322,불광,3호선,하행,11,9,27,6.7
seoul3-0322,불광,3호선,하행,12,9,25,7.2
seoul3-0322,불광,3호선,하행,13,7,25,7.2
seoul3-0322,불광,3호선,하행,14,9,24,7.5
seoul3-0322,불광,3호선,하행,15,8,25,7.2
seoul3-0322,불광,3호선,하행,16,8,29,6.2
seoul3-0322,불광,3호선,하행,17,13,35,5.1
seoul3-0322,불광,3호선,하행,18,14,39,4.6
seoul3-0322,불광,3호선,하행,19,12,37,4.9
seoul3-0322,불광,3호선,하행,20,11,31,5.8
seoul3-0322,불광,3호선,하행,21,8,27,6.7
seoul3-0322,불광,3호선,하행,22,8,22,8.2
seoul3-0322,불광,3호선,하행,23,6,17,10.6
seoul3-0322,불광,3호선,하행,24,3,9,20.0
seoul3-0323,녹번,3호선,상행,5,1,10,18.0
seoul3-0323,녹번,3호선,상행,6,9,23,7.8
seoul3-0323,녹번,3호선,상행,7,13,37,4.9
seoul3-0323,녹번,3호선,상행,8,15,41,4.4
seoul3-0323,녹번,3호선,상행,9,13,39,4.6
seoul3-0323,녹번,3호선,상행,10,11,33,5.5
seoul3-0323,녹번,3호선,상행,11,9,28,6.4
seoul3-0323,녹번,3호선,상행,12,8,25,7.2
seoul3-0323,녹번,3호선,상행,13,8,25,7.2
seoul3-0323,녹번,3호선,상행,14,9,24,7.5
seoul3-0323,녹번,3호선,상행,15,7,25,7.2
seoul3-0323,녹번,3호선,상행,16,9,24,7.5
seoul3-0323,녹번,3호선,상행,17,8,30,6.0
seoul3-0323,녹번,3호선,상행,18,13,34,5.3
seoul3-0323,녹번,3호선,상행,19,13,37,4.9
seoul3-0323,녹번,3호선,상행,20,11,35,5.1
seoul3-0323,녹번,3호선,상행,21,11,31,5.8
seoul3-0323,녹번,3호선,상행,22,9,27,6.7
seoul3-0323,녹번,3호선,상행,23,7,21,8.6
seoul3-0323,녹번,3호선,상행,24,5,12,15.0
seoul3-0323,녹번,3호선,하행,5,3,13,13.8
seoul3-0323,녹번,3호선,하행,6,10,28,6.4
seoul3-0323,녹번,3호선,하행,7,15,39,4.6
seoul3-0323,녹번,3호선,하행,8,14,42,4.3
seoul3-0323,녹번,3호선,하행,9,13,36,5.0
seoul3-0323,녹번,3호선,하행,10,9,31,5.8
seoul3-0323,녹번,3호선,하행,11,9,27,6.7
seoul3-0323,녹번,3호선,하행,12,9,25,7.2
seoul3-0323,녹번,3호선,하행,13,7,25,7.2
seoul3-0323,녹번,3호선,하행,14,9,23,7.8
seoul3-0323,녹번,3호선,하행,15,7,25,7.2
seoul3-0323,녹번,3호선,하행,16,9,29,6.2
seoul3-0323,녹번,3호선,하행,17,13,35,5.1
seoul3-0323,녹번,3호선,하행,18,13,38,4.7
seoul3-0323,녹번,3호선,하행,19,12,37,4.9
seoul3-0323,녹번,3호선,하행,20,12,32,5.6
seoul3-0323,녹번,3호선,하행,21,8,28,6.4
seoul3-0323,녹번,3호선,하행,22,8,21,8.6
seoul3-0323,녹번,3호선,하행,23,5,17,10.6
seoul3-0323,녹번,3호선,하행,24,4,9,20.0
seoul3-0324,홍제,3호선,상행,5,1,10,18.0
seoul3-0324,홍제,3호선,상행,6,9,23,7.8
seoul3-0324,홍제,3호선,상행,7,13,38,4.7
seoul3-0324,홍제,3호선,상행,8,16,42,4.3
seoul3-0324,홍제,3호선,상행,9,13,40,4.5
seoul3-0324,홍제,3호선,상행,10,11,33,5.5
seoul3-0324,홍제,3호선,상행,11,9,27,6.7
seoul3-0324,홍제,3호선,상행,12,7,24,7.5
seoul3-0324,홍제,3호선,상행,13,8,24,7.5
seoul3-0324,홍제,3호선,상행,14,9,24,7.5
seoul3-0324,홍제,3호선,상행,15,7,26,6.9
seoul3-0324,홍제,3호선,상행,16,10,25,7.2
seoul3-0324,홍제,3호선,상행,17,8,30,6.0
seoul3-0324,홍제,3호선,상행,18,12,33,5.5
seoul3-0324,홍제,3호선,상행,19,13,36,5.0
seoul3-0324,홍제,3호선,상행,20,11,35,5.1
seoul3-0324,홍제,3호선,상행,21,11,31,5.8
seoul3-0324,홍제,3호선,상행,22,9,27,6.7
seoul3-0324,홍제,3호선,상행,23,7,21,8.6
seoul3-0324,홍제,3호선,상행,24,5,12,15.0
seoul3-0324,홍제,3호선,하행,5,3,12,15.0
seoul3-0324,홍제,3호선,하행,6,9,27,6.7
seoul3-0324,홍제,3호선,하행,7,15,39,4.6
seoul3-0324,홍제,3호선,하행,8,15,43,4.2
seoul3-0324,홍제,3호선,하행,9,13,36,5.0
seoul3-0324,홍제,3호선,하행,10,8,31,5.8
seoul3-0324,홍제,3호선,하행,11,10,27,6.7
seoul3-0324,홍제,3호선,하행,12,9,25,7.2
seoul3-0324,홍제,3호선,하행,13,6,24,7.5
seoul3-0324,홍제,3호선,하행,14,9,23,7.8
seoul3-0324,홍제,3호선,하행,15,8,25,7.2
seoul3-0324,홍제,3호선,하행,16,8,29,6.2
seoul3-0324,홍제,3호선,하행,17,13,35,5.1
seoul3-0324,홍제,3호선,하행,18,14,39,4.6
seoul3-0324,홍제,3호선,하행,19,12,37,4.9
seoul3-0324,홍제,3호선,하행,20,11,32,5.6
seoul3-0324,홍제,3호선,하행,21,9,27,6.7
seoul3-0324,홍제,3호선,하행,22,7,22,8.2
seoul3-0324,홍제,3호선,하행,23,6,17,10.6
seoul3-0324,홍제,3호선,하행,24,4,10,18.0
seoul3-0325,무악재,3호선,상행,5,1,11,16.4
seoul3-0325,무악재,3호선,상행,6,10,24,7.5
seoul3-0325,무악재,3호선,상행,7,13,38,4.7
seoul3-0325,무악재,3호선,상행,8,15,41,4.4
seoul3-0325,무악재,3호선,상행,9,13,39,4.6
seoul3-0325,무악재,3호선,상행,10,11,33,5.5
seoul3-0325,무악재,3호선,상행,11,9,27,6.7
seoul3-0325,무악재,3호선,상행,12,7,24,7.5
seoul3-0325,무악재,3호선,상행,13,8,24,7.5
seoul3-0325,무악재,3호선,상행,14,9,24,7.5
seoul3-0325,무악재,3호선,상행,15,7,26,6.9
seoul3-0325,무악재,3호선,상행,16,10,25,7.2
seoul3-0325,무악재,3호선,상행,17,8,31,5.8
seoul3-0325,무악재,3호선,상행,18,13,34,5.3
seoul3-0325,무악재,3호선,상행,19,13,37,4.9
seoul3-0325,무악재,3호선,상행,20,11,35,5.1
seoul3-0325,무악재,3호선,상행,21,11,31,5.8
seoul3-0325,무악재,3호선,상행,22,9,27,6.7
seoul3-0325,무악재,3호선,상행,23,7,20,9.0
seoul3-0325,무악재,3호선,상행,24,4,11,16.4
seoul3-0325,무악재,3호선,하행,5,3,12,15.0
seoul3-0325,무악재,3호선,하행,6,9,26,6.9
seoul3-0325,무악재,3호선,하행,7,14,38,4.7
seoul3-0325,무악재,3호선,하행,8,15,42,4.3
seoul3-0325,무악재,3호선,하행,9,13,37,4.9
seoul3-0325,무악재,3호선,하행,10,9,31,5.8
seoul3-0325,무악재,3호선,하행,11,9,27,6.7
seoul3-0325,무악재,3호선,하행,12,9,25,7.2
seoul3-0325,무악재,3호선,하행,13,7,25,7.2
seoul3-0325,무악재,3호선,하행,14,9,24,7.5
seoul3-0325,무악재,3호선,하행,15,8,25,7.2
seoul3-0325,무악재,3호선,하행,16,8,29,6.2
seoul3-0325,무악재,3호선,하행,17,13,34,5.3
seoul3-0325,무악재,3호선,하행,18,13,39,4.6
seoul3-0325,무악재,3호선,하행,19,13,37,4.9
seoul3-0325,무악재,3호선,하행,20,11,32,5.6
seoul3-0325,무악재,3호선,하행,21,8,27,6.7
seoul3-0325,무악재,3호선,하행,22,8,22,8.2
seoul3-0325,무악재,3호선,하행,23,6,18,10.0
seoul3-0325,무악재,3호선,하행,24,4,10,18.0
seoul3-0326,독립문,3호선,상행,5,1,11,16.4
seoul3-0326,독립문,3호선,상행,6,10,24,7.5
seoul3-0326,독립문,3호선,상행,7,13,39,4.6
seoul3-0326,독립문,3호선,상행,8,16,41,4.4
seoul3-0326,독립문,3호선,상행,9,12,39,4.6
seoul3-0326,독립문,3호선,상행,10,11,32,5.6
seoul3-0326,독립문,3호선,상행,11,9,28,6.4
seoul3-0326,독립문,3호선,상행,12,8,25,7.2
seoul3-0326,독립문,3호선,상행,13,8,25,7.2
seoul3-0326,독립문,3호선,상행,14,9,24,7.5
seoul3-0326,독립문,3호선,상행,15,7,25,7.2
seoul3-0326,독립문,3호선,상행,16,9,24,7.5
seoul3-0326,독립문,3호선,상행,17,8,30,6.0
seoul3-0326,독립문,3호선,상행,18,13,34,5.3
seoul3-0326,독립문,3호선,상행,19,13,37,4.9
seoul3-0326,독립문,3호선,상행,20,11,35,5.1
seoul3-0326,독립문,3호선,상행,21,11,31,5.8
seoul3-0326,독립문,3호선,상행,22,9,27,6.7
seoul3-0326,독립문,3호선,상행,23,7,20,9.0
seoul3-0326,독립문,3호선,상행,24,4,11,16.4
seoul3-0326,독립문,3호선,하행,5,3,13,13.8
seoul3-0326,독립문,3호선,하행,6,10,27,6.7
seoul3-0326,독립문,3호선,하행,7,14,39,4.6
seoul3-0326,독립문,3호선,하행,8,15,42,4.3
seoul3-0326,독립문,3호선,하행,9,13,37,4.9
seoul3-0326,독립문,3호선,하행,10,9,31,5.8
seoul3-0326,독립문,3호선,하행,11,9,27,6.7
seoul3-0326,독립문,3호선,하행,12,9,25,7.2
seoul3-0326,독립문,3호선,하행,13,7,25,7.2
seoul3-0326,독립문,3호선,하행,14,9,24,7.5
seoul3-0326,독립문,3호선,하행,15,8,25,7.2
seoul3-0326,독립문,3호선,하행,16,8,29,6.2
seoul3-0326,독립문,3호선,하행,17,13,34,5.3
seoul3-0326,독립문,3호선,하행,18,13,38,4.7
seoul3-0326,독립문,3호선,하행,19,12,37,4.9
seoul3-0326,독립문,3호선,하행,20,12,32,5.6
seoul3-0326,독립문,3호선,하행,21,8,28,6.4
seoul3-0326,독립문,3호선,하행,22,8,22,8.2
seoul3-0326,독립문,3호선,하행,23,6,18,10.0
seoul3-0326,독립문,3호선,하행,24,4,10,18.0
seoul3-0327,경복궁(정부서울청사),3호선,상행,5,2,12,15.0
seoul3-0327,경복궁(정부서울청사),3호선,상행,6,10,25,7.2
seoul3-0327,경복궁(정부서울청사),3호선,상행,7,13,38,4.7
seoul3-0327,경복궁(정부서울청사),3호선,상행,8,15,41,4.4
seoul3-0327,경복궁(정부서울청사),3호선,상행,9,13,39,4.6
seoul3-0327,경복궁(정부서울청사),3호선,상행,10,11,33,5.5
seoul3-0327,경복궁(정부서울청사),3호선,상행,11,9,27,6.7
seoul3-0327,경복궁(정부서울청사),3호선,상행,12,7,24,7.5
seoul3-0327,경복궁(정부서울청사),3호선,상행,13,8,24,7.5
seoul3-0327,경복궁(정부서울청사),3호선,상행,14,9,24,7.5
seoul3-0327,경복궁(정부서울청사),3호선,상행,15,7,26,6.9
seoul3-0327,경복궁(정부서울청사),3호선,상행,16,10,25,7.2
seoul3-0327,경복궁(정부서울청사),3호선,상행,17,8,31,5.8
seoul3-0327,경복궁(정부서울청사),3호선,상행,18,13,33,5.5
seoul3-0327,경복궁(정부서울청사),3호선,상행,19,12,36,5.0
seoul3-0327,경복궁(정부서울청사),3호선,상행,20,11,34,5.3
seoul3-0327,경복궁(정부서울청사),3호선,상행,21,11,31,5.8
seoul3-0327,경복궁(정부서울청사),3호선,상행,22,9,27,6.7
seoul3-0327,경복궁(정부서울청사),3호선,상행,23,7,21,8.6
seoul3-0327,경복궁(정부서울청사),3호선,상행,24,5,12,15.0
seoul3-0327,경복궁(정부서울청사),3호선,하행,5,3,12,15.0
seoul3-0327,경복궁(정부서울청사),3호선,하행,6,9,26,6.9
seoul3-0327,경복궁(정부서울청사),3호선,하행,7,14,38,4.7
seoul3-0327,경복궁(정부서울청사),3호선,하행,8,15,42,4.3
seoul3-0327,경복궁(정부서울청사),3호선,하행,9,13,37,4.9
seoul3-0327,경복궁(정부서울청사),3호선,하행,10,9,32,5.6
seoul3-0327,경복궁(정부서울청사),3호선,하행,11,10,28,6.4
seoul3-0327,경복궁(정부서울청사),3호선,하행,12,9,26,6.9
seoul3-0327,경복궁(정부서울청사),3호선,하행,13,7,24,7.5
seoul3-0327,경복궁(정부서울청사),3호선,하행,14,8,23,7.8
seoul3-0327,경복궁(정부서울청사),3호선,하행,15,8,24,7.5
seoul3-0327,경복궁(정부서울청사),3호선,하행,16,8,29,6.2
seoul3-0327,경복궁(정부서울청사),3호선,하행,17,13,34,5.3
seoul3-0327,경복궁(정부서울청사),3호선,하행,18,13,39,4.6
seoul3-0327,경복궁(정부서울청사),3호선,하행,19,13,37,4.9
seoul3-0327,경복궁(정부서울청사),3호선,하행,20,11,33,5.5
seoul3-0327,경복궁(정부서울청사),3호선,하행,21,9,28,6.4
seoul3-0327,경복궁(정부서울청사),3호선,하행,22,8,23,7.8
seoul3-0327,경복궁(정부서울청사),3호선,하행,23,6,18,10.0
seoul3-0327,경복궁(정부서울청사),3호선,하행,24,4,10,18.0
seoul3-0328,안국,3호선,상행,5,2,12,15.0
seoul3-0328,안국,3호선,상행,6,10,25,7.2
seoul3-0328,안국,3호선,상행,7,13,39,4.6
seoul3-0328,안국,3호선,상행,8,16,41,4.4
seoul3-0328,안국,3호선,상행,9,12,39,4.6
seoul3-0328,안국,3호선,상행,10,11,32,5.6
seoul3-0328,안국,3호선,상행,11,9,27,6.7
seoul3-0328,안국,3호선,상행,12,7,24,7.5
seoul3-0328,안국,3호선,상행,13,8,24,7.5
seoul3-0328,안국,3호선,상행,14,9,24,7.5
seoul3-0328,안국,3호선,상행,15,7,26,6.9
seoul3-0328,안국,3호선,상행,16,10,25,7.2
seoul3-0328,안국,3호선,상행,17,8,31,5.8
seoul3-0328,안국,3호선,상행,18,13,34,5.3
seoul3-0328,안국,3호선,상행,19,13,37,4.9
seoul3-0328,안국,3호선,상행,20,11,35,5.1
seoul3-0328,안국,3호선,상행,21,11,30,6.0
seoul3-0328,안국,3호선,상행,22,8,26,6.9
seoul3-0328,안국,3호선,상행,23,7,20,9.0
seoul3-0328,안국,3호선,상행,24,5,12,15.0
seoul3-0328,안국,3호선,하행,5,3,12,15.0
seoul3-0328,안국,3호선,하행,6,9,26,6.9
seoul3-0328,안국,3호선,하행,7,14,38,4.7
seoul3-0328,안국,3호선,하행,8,15,42,4.3
seoul3-0328,안국,3호선,하행,9,13,37,4.9
seoul3-0328,안국,3호선,하행,10,9,31,5.8
seoul3-0328,안국,3호선,하행,11,9,27,6.7
seoul3-0328,안국,3호선,하행,12,9,25,7.2
seoul3-0328,안국,3호선,하행,13,7,25,7.2
seoul3-0328,안국,3호선,하행,14,9,24,7.5
seoul3-0328,안국,3호선,하행,15,8,25,7.2
seoul3-0328,안국,3호선,하행,16,8,29,6.2
seoul3-0328,안국,3호선,하행,17,13,34,5.3
seoul3-0328,안국,3호선,하행,18,13,38,4.7
seoul3-0328,안국,3호선,하행,19,12,37,4.9
seoul3-0328,안국,3호선,하행,20,12,32,5.6
seoul3-0328,안국,3호선,하행,21,8,29,6.2
seoul3-0328,안국,3호선,하행,22,9,22,8.2
seoul3-0328,안국,3호선,하행,23,5,19,9.5
seoul3-0328,안국,3호선,하행,24,5,10,18.0
seoul3-0329,종로3가,3호선,상행,5,2,12,15.0
seoul3-0329,종로3가,3호선,상행,6,10,26,6.9
seoul3-0329,종로3가,3호선,상행,7,14,39,4.6
seoul3-0329,종로3가,3호선,상행,8,15,42,4.3
seoul3-0329,종로3가,3호선,상행,9,13,38,4.7
seoul3-0329,종로3가,3호선,상행,10,10,32,5.6
seoul3-0329,종로3가,3호선,상행,11,9,26,6.9
seoul3-0329,종로3가,3호선,상행,12,7,25,7.2
seoul3-0329,종로3가,3호선,상행,13,9,24,7.5
seoul3-0329,종로3가,3호선,상행,14,8,24,7.5
seoul3-0329,종로3가,3호선,상행,15,7,25,7.2
seoul3-0329,종로3가,3호선,상행,16,10,25,7.2
seoul3-0329,종로3가,3호선,상행,17,8,32,5.6
seoul3-0329,종로3가,3호선,상행,18,14,34,5.3
seoul3-0329,종로3가,3호선,상행,19,12,37,4.9
seoul3-0329,종로3가,3호선,상행,20,11,34,5.3
seoul3-0329,종로3가,3호선,상행,21,11,30,6.0
seoul3-0329,종로3가,3호선,상행,22,8,27,6.7
seoul3-0329,종로3가,3호선,상행,23,8,20,9.0
seoul3-0329,종로3가,3호선,상행,24,4,12,15.0
seoul3-0329,종로3가,3호선,하행,5,3,12,15.0
seoul3-0329,종로3가,3호선,하행,6,9,25,7.2
seoul3-0329,종로3가,3호선,하행,7,13,37,4.9
seoul3-0329,종로3가,3호선,하행,8,15,42,4.3
seoul3-0329,종로3가,3호선,하행,9,14,38,4.7
seoul3-0329,종로3가,3호선,하행,10,9,32,5.6
seoul3-0329,종로3가,3호선,하행,11,9,27,6.7
seoul3-0329,종로3가,3호선,하행,12,9,25,7.2
seoul3-0329,종로3가,3호선,하행,13,7,25,7.2
seoul3-0329,종로3가,3호선,하행,14,9,24,7.5
seoul3-0329,종로3가,3호선,하행,15,8,24,7.5
seoul3-0329,종로3가,3호선,하행,16,7,28,6.4
seoul3-0329,종로3가,3호선,하행,17,13,33,5.5
seoul3-0329,종로3가,3호선,하행,18,13,39,4.6
seoul3-0329,종로3가,3호선,하행,19,13,37,4.9
seoul3-0329,종로3가,3호선,하행,20,11,33,5.5
seoul3-0329,종로3가,3호선,하행,21,9,28,6.4
seoul3-0329,종로3가,3호선,하행,22,8,23,7.8
seoul3-0329,종로3가,3호선,하행,23,6,19,9.5
seoul3-0329,종로3가,3호선,하행,24,5,11,16.4
seoul3-0330,을지로3가,3호선,상행,5,2,13,13.8
seoul3-0330,을지로3가,3호선,상행,6,11,26,6.9
seoul3-0330,을지로3가,3호선,상행,7,13,40,4.5
seoul3-0330,을지로3가,3호선,상행,8,16,41,4.4
seoul3-0330,을지로3가,3호선,상행,9,12,39,4.6
seoul3-0330,을지로3가,3호선,상행,10,11,32,5.6
seoul3-0330,을지로3가,3호선,상행,11,9,26,6.9
seoul3-0330,을지로3가,3호선,상행,12,6,24,7.5
seoul3-0330,을지로3가,3호선,상행,13,9,23,7.8
seoul3-0330,을지로3가,3호선,상행,14,8,25,7.2
seoul3-0330,을지로3가,3호선,상행,15,8,25,7.2
seoul3-0330,을지로3가,3호선,상행,16,9,26,6.9
seoul3-0330,을지로3가,3호선,상행,17,9,31,5.8
seoul3-0330,을지로3가,3호선,상행,18,13,34,5.3
seoul3-0330,을지로3가,3호선,상행,19,12,37,4.9
seoul3-0330,을지로3가,3호선,상행,20,12,34,5.3
seoul3-0330,을지로3가,3호선,상행,21,10,31,5.8
seoul3-0330,을지로3가,3호선,상행,22,9,26,6.9
seoul3-0330,을지로3가,3호선,상행,23,7,20,9.0
seoul3-0330,을지로3가,3호선,상행,24,4,11,16.4
seoul3-0330,을지로3가,3호선,하행,5,3,11,16.4
seoul3-0330,을지로3가,3호선,하행,6,8,25,7.2
seoul3-0330,을지로3가,3호선,하행,7,14,37,4.9
seoul3-0330,을지로3가,3호선,하행,8,15,43,4.2
seoul3-0330,을지로3가,3호선,하행,9,14,38,4.7
seoul3-0330,을지로3가,3호선,하행,10,9,32,5.6
seoul3-0330,을지로3가,3호선,하행,11,9,27,6.7
seoul3-0330,을지로3가,3호선,하행,12,9,25,7.2
seoul3-0330,을지로3가,3호선,하행,13,7,25,7.2
seoul3-0330,을지로3가,3호선,하행,14,9,24,7.5
seoul3-0330,을지로3가,3호선,하행,15,8,24,7.5
seoul3-0330,을지로3가,3호선,하행,16,7,28,6.4
seoul3-0330,을지로3가,3호선,하행,17,13,33,5.5
seoul3-0330,을지로3가,3호선,하행,18,13,39,4.6
seoul3-0330,을지로3가,3호선,하행,19,13,37,4.9
seoul3-0330,을지로3가,3호선,하행,20,11,33,5.5
seoul3-0330,을지로3가,3호선,하행,21,9,28,6.4
seoul3-0330,을지로3가,3호선,하행,22,8,23,7.8
seoul3-0330,을지로3가,3호선,하행,23,6,19,9.5
seoul3-0330,을지로3가,3호선,하행,24,5,11,16.4
seoul3-0331,충무로,3호선,상행,5,3,13,13.8
seoul3-0331,충무로,3호선,상행,6,10,26,6.9
seoul3-0331,충무로,3호선,상행,7,13,39,4.6
seoul3-0331,충무로,3호선,상행,8,16,41,4.4
seoul3-0331,충무로,3호선,상행,9,12,39,4.6
seoul3-0331,충무로,3호선,상행,10,11,32,5.6
seoul3-0331,충무로,3호선,상행,11,9,27,6.7
seoul3-0331,충무로,3호선,상행,12,7,24,7.5
seoul3-0331,충무로,3호선,상행,13,8,24,7.5
seoul3-0331,충무로,3호선,상행,14,9,24,7.5
seoul3-0331,충무로,3호선,상행,15,7,25,7.2
seoul3-0331,충무로,3호선,상행,16,9,25,7.2
seoul3-0331,충무로,3호선,상행,17,9,31,5.8
seoul3-0331,충무로,3호선,상행,18,13,35,5.1
seoul3-0331,충무로,3호선,상행,19,13,37,4.9
seoul3-0331,충무로,3호선,상행,20,11,35,5.1
seoul3-0331,충무로,3호선,상행,21,11,30,6.0
seoul3-0331,충무로,3호선,상행,22,8,26,6.9
seoul3-0331,충무로,3호선,상행,23,7,19,9.5
seoul3-0331,충무로,3호선,상행,24,4,11,16.4
seoul3-0331,충무로,3호선,하행,5,2,11,16.4
seoul3-0331,충무로,3호선,하행,6,9,24,7.5
seoul3-0331,충무로,3호선,하행,7,13,37,4.9
seoul3-0331,충무로,3호선,하행,8,15,42,4.3
seoul3-0331,충무로,3호선,하행,9,14,39,4.6
seoul3-0331,충무로,3호선,하행,10,10,33,5.5
seoul3-0331,충무로,3호선,하행,11,9,28,6.4
seoul3-0331,충무로,3호선,하행,12,9,25,7.2
seoul3-0331,충무로,3호선,하행,13,7,24,7.5
seoul3-0331,충무로,3호선,하행,14,8,24,7.5
seoul3-0331,충무로,3호선,하행,15,9,24,7.5
seoul3-0331,충무로,3호선,하행,16,7,29,6.2
seoul3-0331,충무로,3호선,하행,17,13,33,5.5
seoul3-0331,충무로,3호선,하행,18,13,38,4.7
seoul3-0331,충무로,3호선,하행,19,12,37,4.9
seoul3-0331,충무로,3호선,하행,20,12,33,5.5
seoul3-0331,충무로,3호선,하행,21,9,29,6.2
seoul3-0331,충무로,3호선,하행,22,8,23,7.8
seoul3-0331,충무로,3호선,하행,23,6,19,9.5
seoul3-0331,충무로,3호선,하행,24,5,11,16.4
seoul3-0332,동대입구,3호선,상행,5,3,13,13.8
seoul3-0332,동대입구,3호선,상행,6,10,27,6.7
seoul3-0332,동대입구,3호선,상행,7,14,40,4.5
seoul3-0332,동대입구,3호선,상행,8,16,41,4.4
seoul3-0332,동대입구,3호선,상행,9,11,38,4.7
seoul3-0332,동대입구,3호선,상행,10,11,31,5.8
seoul3-0332,동대입구,3호선,상행,11,9,27,6.7
seoul3-0332,동대입구,3호선,상행,12,7,25,7.2
seoul3-0332,동대입구,3호선,상행,13,9,24,7.5
seoul3-0332,동대입구,3호선,상행,14,8,24,7.5
seoul3-0332,동대입구,3호선,상행,15,7,25,7.2
seoul3-0332,동대입구,3호선,상행,16,10,25,7.2
seoul3-0332,동대입구,3호선,상행,17,8,32,5.6
seoul3-0332,동대입구,3호선,상행,18,14,34,5.3
seoul3-0332,동대입구,3호선,상행,19,12,37,4.9
seoul3-0332,동대입구,3호선,상행,20,11,34,5.3
seoul3-0332,동대입구,3호선,상행,21,11,30,6.0
seoul3-0332,동대입구,3호선,상행,22,8,26,6.9
seoul3-0332,동대입구,3호선,상행,23,7,19,9.5
seoul3-0332,동대입구,3호선,상행,24,4,11,16.4
seoul3-0332,동대입구,3호선,하행,5,2,11,16.4
seoul3-0332,동대입구,3호선,하행,6,9,24,7.5
seoul3-0332,동대입구,3호선,하행,7,13,37,4.9
seoul3-0332,동대입구,3호선,하행,8,15,42,4.3
seoul3-0332,동대입구,3호선,하행,9,14,38,4.7
seoul3-0332,동대입구,3호선,하행,10,9,32,5.6
seoul3-0332,동대입구,3호선,하행,11,9,27,6.7
seoul3-0332,동대입구,3호선,하행,12,9,25,7.2
seoul3-0332,동대입구,3호선,하행,13,7,25,7.2
seoul3-0332,동대입구,3호선,하행,14,9,25,7.2
seoul3-0332,동대입구,3호선,하행,15,9,24,7.5
seoul3-0332,동대입구,3호선,하행,16,6,29,6.2
seoul3-0332,동대입구,3호선,하행,17,14,32,5.6
seoul3-0332,동대입구,3호선,하행,18,12,39,4.6
seoul3-0332,동대입구,3호선,하행,19,13,36,5.0
seoul3-0332,동대입구,3호선,하행,20,11,34,5.3
seoul3-0332,동대입구,3호선,하행,21,10,29,6.2
seoul3-0332,동대입구,3호선,하행,22,8,23,7.8
seoul3-0332,동대입구,3호선,하행,23,5,19,9.5
seoul3-0332,동대입구,3호선,하행,24,6,11,16.4
seoul3-0333,약수,3호선,상행,5,3,14,12.9
seoul3-0333,약수,3호선,상행,6,11,27,6.7
seoul3-0333,약수,3호선,상행,7,13,40,4.5
seoul3-0333,약수,3호선,상행,8,16,41,4.4
seoul3-0333,약수,3호선,상행,9,12,38,4.7
seoul3-0333,약수,3호선,상행,10,10,31,5.8
seoul3-0333,약수,3호선,상행,11,9,26,6.9
seoul3-0333,약수,3호선,상행,12,7,25,7.2
seoul3-0333,약수,3호선,상행,13,9,24,7.5
seoul3-0333,약수,3호선,상행,14,8,24,7.5
seoul3-0333,약수,3호선,상행,15,7,25,7.2
seoul3-0333,약수,3호선,상행,16,10,26,6.9
seoul3-0333,약수,3호선,상행,17,9,32,5.6
seoul3-0333,약수,3호선,상행,18,13,34,5.3
seoul3-0333,약수,3호선,상행,19,12,37,4.9
seoul3-0333,약수,3호선,상행,20,12,34,5.3
seoul3-0333,약수,3호선,상행,21,10,30,6.0
seoul3-0333,약수,3호선,상행,22,8,25,7.2
seoul3-0333,약수,3호선,상행,23,7,19,9.5
seoul3-0333,약수,3호선,상행,24,4,11,16.4
seoul3-0333,약수,3호선,하행,5,2,11,16.4
seoul3-0333,약수,3호선,하행,6,9,23,7.8
seoul3-0333,약수,3호선,하행,7,12,37,4.9
seoul3-0333,약수,3호선,하행,8,16,42,4.3
seoul3-0333,약수,3호선,하행,9,14,39,4.6
seoul3-0333,약수,3호선,하행,10,9,32,5.6
seoul3-0333,약수,3호선,하행,11,9,27,6.7
seoul3-0333,약수,3호선,하행,12,9,25,7.2
seoul3-0333,약수,3호선,하행,13,7,25,7.2
seoul3-0333,약수,3호선,하행,14,9,24,7.5
seoul3-0333,약수,3호선,하행,15,8,24,7.5
seoul3-0333,약수,3호선,하행,16,7,28,6.4
seoul3-0333,약수,3호선,하행,17,13,33,5.5
seoul3-0333,약수,3호선,하행,18,13,38,4.7
seoul3-0333,약수,3호선,하행,19,12,37,4.9
seoul3-0333,약수,3호선,하행,20,12,34,5.3
seoul3-0333,약수,3호선,하행,21,10,29,6.2
seoul3-0333,약수,3호선,하행,22,7,23,7.8
seoul3-0333,약수,3호선,하행,23,6,18,10.0
seoul3-0333,약수,3호선,하행,24,5,11,16.4
seoul3-0334,금호,3호선,상행,5,2,13,13.8
seoul3-0334,금호,3호선,상행,6,11,26,6.9
seoul3-0334,금호,3호선,상행,7,13,40,4.5
seoul3-0334,금호,3호선,상행,8,16,41,4.4
seoul3-0334,금호,3호선,상행,9,12,39,4.6
seoul3-0334,금호,3호선,상행,10,11,31,5.8
seoul3-0334,금호,3호선,상행,11,8,26,6.9
seoul3-0334,금호,3호선,상행,12,7,24,7.5
seoul3-0334,금호,3호선,상행,13,9,24,7.5
seoul3-0334,금호,3호선,상행,14,8,25,7.2
seoul3-0334,금호,3호선,상행,15,8,25,7.2
seoul3-0334,금호,3호선,상행,16,9,26,6.9
seoul3-0334,금호,3호선,상행,17,9,32,5.6
seoul3-0334,금호,3호선,상행,18,14,35,5.1
seoul3-0334,금호,3호선,상행,19,12,37,4.9
seoul3-0334,금호,3호선,상행,20,11,34,5.3
seoul3-0334,금호,3호선,상행,21,11,30,6.0
seoul3-0334,금호,3호선,상행,22,8,25,7.2
seoul3-0334,금호,3호선,상행,23,6,18,10.0
seoul3-0334,금호,3호선,상행,24,4,10,18.0
seoul3-0334,금호,3호선,하행,5,2,10,18.0
seoul3-0334,금호,3호선,하행,6,8,23,7.8
seoul3-0334,금호,3호선,하행,7,13,36,5.0
seoul3-0334,금호,3호선,하행,8,15,42,4.3
seoul3-0334,금호,3호선,하행,9,14,39,4.6
seoul3-0334,금호,3호선,하행,10,10,33,5.5
seoul3-0334,금호,3호선,하행,11,9,28,6.4
seoul3-0334,금호,3호선,하행,12,9,25,7.2
seoul3-0334,금호,3호선,하행,13,7,25,7.2
seoul3-0334,금호,3호선,하행,14,9,24,7.5
seoul3-0334,금호,3호선,하행,15,8,24,7.5
seoul3-0334,금호,3호선,하행,16,7,28,6.4
seoul3-0334,금호,3호선,하행,17,13,33,5.5
seoul3-0334,금호,3호선,하행,18,13,38,4.7
seoul3-0334,금호,3호선,하행,19,12,37,4.9
seoul3-0334,금호,3호선,하행,20,12,33,5.5
seoul3-0334,금호,3호선,하행,21,9,29,6.2
seoul3-0334,금호,3호선,하행,22,8,23,7.8
seoul3-0334,금호,3호선,하행,23,6,19,9.5
seoul3-0334,금호,3호선,하행,24,5,11,16.4
seoul3-0335,옥수,3호선,상행,5,2,13,13.8
seoul3-0335,옥수,3호선,상행,6,11,27,6.7
seoul3-0335,옥수,3호선,상행,7,14,41,4.4
seoul3-0335,옥수,3호선,상행,8,16,41,4.4
seoul3-0335,옥수,3호선,상행,9,11,38,4.7
seoul3-0335,옥수,3호선,상행,10,11,31,5.8
seoul3-0335,옥수,3호선,상행,11,9,27,6.7
seoul3-0335,옥수,3호선,상행,12,7,24,7.5
seoul3-0335,옥수,3호선,상행,13,8,23,7.8
seoul3-0335,옥수,3호선,상행,14,8,24,7.5
seoul3-0335,옥수,3호선,상행,15,8,25,7.2
seoul3-0335,옥수,3호선,상행,16,9,27,6.7
seoul3-0335,옥수,3호선,상행,17,10,32,5.6
seoul3-0335,옥수,3호선,상행,18,13,35,5.1
seoul3-0335,옥수,3호선,상행,19,12,36,5.0
seoul3-0335,옥수,3호선,상행,20,11,34,5.3
seoul3-0335,옥수,3호선,상행,21,11,30,6.0
seoul3-0335,옥수,3호선,상행,22,8,26,6.9
seoul3-0335,옥수,3호선,상행,23,7,18,10.0
seoul3-0335,옥수,3호선,상행,24,3,10,18.0
seoul3-0335,옥수,3호선,하행,5,2,10,18.0
seoul3-0335,옥수,3호선,하행,6,8,22,8.2
seoul3-0335,옥수,3호선,하행,7,12,36,5.0
seoul3-0335,옥수,3호선,하행,8,16,42,4.3
seoul3-0335,옥수,3호선,하행,9,14,40,4.5
seoul3-0335,옥수,3호선,하행,10,10,33,5.5
seoul3-0335,옥수,3호선,하행,11,9,28,6.4
seoul3-0335,옥수,3호선,하행,12,9,25,7.2
seoul3-0335,옥수,3호선,하행,13,7,24,7.5
seoul3-0335,옥수,3호선,하행,14,8,24,7.5
seoul3-0335,옥수,3호선,하행,15,9,24,7.5
seoul3-0335,옥수,3호선,하행,16,7,29,6.2
seoul3-0335,옥수,3호선,하행,17,13,32,5.6
seoul3-0335,옥수,3호선,하행,18,12,38,4.7
seoul3-0335,옥수,3호선,하행,19,13,37,4.9
seoul3-0335,옥수,3호선,하행,20,12,34,5.3
seoul3-0335,옥수,3호선,하행,21,9,29,6.2
seoul3-0335,옥수,3호선,하행,22,8,23,7.8
seoul3-0335,옥수,3호선,하행,23,6,19,9.5
seoul3-0335,옥수,3호선,하행,24,5,11,16.4
seoul3-0336,압구정,3호선,상행,5,3,14,12.9
seoul3-0336,압구정,3호선,상행,6,11,27,6.7
seoul3-0336,압구정,3호선,상행,7,13,40,4.5
seoul3-0336,압구정,3호선,상행,8,16,40,4.5
seoul3-0336,압구정,3호선,상행,9,11,38,4.7
seoul3-0336,압구정,3호선,상행,10,11,31,5.8
seoul3-0336,압구정,3호선,상행,11,9,27,6.7
seoul3-0336,압구정,3호선,상행,12,7,25,7.2
seoul3-0336,압구정,3호선,상행,13,9,24,7.5
seoul3-0336,압구정,3호선,상행,14,8,24,7.5
seoul3-0336,압구정,3호선,상행,15,7,25,7.2
seoul3-0336,압구정,3호선,상행,16,10,26,6.9
seoul3-0336,압구정,3호선,상행,17,9,33,5.5
seoul3-0336,압구정,3호선,상행,18,14,34,5.3
seoul3-0336,압구정,3호선,상행,19,11,37,4.9
seoul3-0336,압구정,3호선,상행,20,12,33,5.5
seoul3-0336,압구정,3호선,상행,21,10,30,6.0
seoul3-0336,압구정,3호선,상행,22,8,25,7.2
seoul3-0336,압구정,3호선,상행,23,7,18,10.0
seoul3-0336,압구정,3호선,상행,24,3,10,18.0
seoul3-0336,압구정,3호선,하행,5,2,11,16.4
seoul3-0336,압구정,3호선,하행,6,9,23,7.8
seoul3-0336,압구정,3호선,하행,7,12,36,5.0
seoul3-0336,압구정,3호선,하행,8,15,41,4.4
seoul3-0336,압구정,3호선,하행,9,14,39,4.6
seoul3-0336,압구정,3호선,하행,10,10,33,5.5
seoul3-0336,압구정,3호선,하행,11,9,28,6.4
seoul3-0336,압구정,3호선,하행,12,9,26,6.9
seoul3-0336,압구정,3호선,하행,13,8,25,7.2
seoul3-0336,압구정,3호선,하행,14,8,25,7.2
seoul3-0336,압구정,3호선,하행,15,9,24,7.5
seoul3-0336,압구정,3호선,하행,16,7,28,6.4
seoul3-0336,압구정,3호선,하행,17,12,31,5.8
seoul3-0336,압구정,3호선,하행,18,12,37,4.9
seoul3-0336,압구정,3호선,하행,19,13,37,4.9
seoul3-0336,압구정,3호선,하행,20,12,35,5.1
seoul3-0336,압구정,3호선,하행,21,10,30,6.0
seoul3-0336,압구정,3호선,하행,22,8,24,7.5
seoul3-0336,압구정,3호선,하행,23,6,19,9.5
seoul3-0336,압구정,3호선,하행,24,5,11,16.4
seoul3-0337,신사,3호선,상행,5,3,14,12.9
seoul3-0337,신사,3호선,상행,6,11,28,6.4
seoul3-0337,신사,3호선,상행,7,14,41,4.4
seoul3-0337,신사,3호선,상행,8,16,41,4.4
seoul3-0337,신사,3호선,상행,9,11,38,4.7
seoul3-0337,신사,3호선,상행,10,11,30,6.0
seoul3-0337,신사,3호선,상행,11,8,26,6.9
seoul3-0337,신사,3호선,상행,12,7,24,7.5
seoul3-0337,신사,3호선,상행,13,9,24,7.5
seoul3-0337,신사,3호선,상행,14,8,25,7.2
seoul3-0337,신사,3호선,상행,15,8,25,7.2
seoul3-0337,신사,3호선,상행,16,9,27,6.7
seoul3-0337,신사,3호선,상행,17,10,32,5.6
seoul3-0337,신사,3호선,상행,18,13,35,5.1
seoul3-0337,신사,3호선,상행,19,12,36,5.0
seoul3-0337,신사,3호선,상행,20,11,34,5.3
seoul3-0337,신사,3호선,상행,21,11,30,6.0
seoul3-0337,신사,3호선,상행,22,8,25,7.2
seoul3-0337,신사,3호선,상행,23,6,18,10.0
seoul3-0337,신사,3호선,상행,24,4,10,18.0
seoul3-0337,신사,3호선,하행,5,2,10,18.0
seoul3-0337,신사,3호선,하행,6,8,22,8.2
seoul3-0337,신사,3호선,하행,7,12,35,5.1
seoul3-0337,신사,3호선,하행,8,15,42,4.3
seoul3-0337,신사,3호선,하행,9,15,40,4.5
seoul3-0337,신사,3호선,하행,10,10,34,5.3
seoul3-0337,신사,3호선,하행,11,9,28,6.4
seoul3-0337,신사,3호선,하행,12,9,25,7.2
seoul3-0337,신사,3호선,하행,13,7,25,7.2
seoul3-0337,신사,3호선,하행,14,9,24,7.5
seoul3-0337,신사,3호선,하행,15,8,24,7.5
seoul3-0337,신사,3호선,하행,16,7,28,6.4
seoul3-0337,신사,3호선,하행,17,13,32,5.6
seoul3-0337,신사,3호선,하행,18,12,38,4.7
seoul3-0337,신사,3호선,하행,19,13,37,4.9
seoul3-0337,신사,3호선,하행,20,12,35,5.1
seoul3-0337,신사,3호선,하행,21,10,30,6.0
seoul3-0337,신사,3호선,하행,22,8,24,7.5
seoul3-0337,신사,3호선,하행,23,6,19,9.5
seoul3-0337,신사,3호선,하행,24,5,11,16.4
seoul3-0338,잠원,3호선,상행,5,4,15,12.0
seoul3-0338,잠원,3호선,상행,6,11,29,6.2
seoul3-0338,잠원,3호선,상행,7,14,41,4.4
seoul3-0338,잠원,3호선,상행,8,16,40,4.5
seoul3-0338,잠원,3호선,상행,9,10,37,4.9
seoul3-0338,잠원,3호선,상행,10,11,30,6.0
seoul3-0338,잠원,3호선,상행,11,9,26,6.9
seoul3-0338,잠원,3호선,상행,12,6,24,7.5
seoul3-0338,잠원,3호선,상행,13,9,23,7.8
seoul3-0338,잠원,3호선,상행,14,8,25,7.2
seoul3-0338,잠원,3호선,상행,15,8,25,7.2
seoul3-0338,잠원,3호선,상행,16,9,27,6.7
seoul3-0338,잠원,3호선,상행,17,10,33,5.5
seoul3-0338,잠원,3호선,상행,18,14,35,5.1
seoul3-0338,잠원,3호선,상행,19,11,36,5.0
seoul3-0338,잠원,3호선,상행,20,11,33,5.5
seoul3-0338,잠원,3호선,상행,21,11,30,6.0
seoul3-0338,잠원,3호선,상행,22,8,25,7.2
seoul3-0338,잠원,3호선,상행,23,6,18,10.0
seoul3-0338,잠원,3호선,상행,24,4,10,18.0
seoul3-0338,잠원,3호선,하행,5,2,10,18.0
seoul3-0338,잠원,3호선,하행,6,8,22,8.2
seoul3-0338,잠원,3호선,하행,7,12,34,5.3
seoul3-0338,잠원,3호선,하행,8,14,42,4.3
seoul3-0338,잠원,3호선,하행,9,16,40,4.5
seoul3-0338,잠원,3호선,하행,10,10,35,5.1
seoul3-0338,잠원,3호선,하행,11,9,28,6.4
seoul3-0338,잠원,3호선,하행,12,9,25,7.2
seoul3-0338,잠원,3호선,하행,13,7,24,7.5
seoul3-0338,잠원,3호선,하행,14,8,24,7.5
seoul3-0338,잠원,3호선,하행,15,9,24,7.5
seoul3-0338,잠원,3호선,하행,16,7,28,6.4
seoul3-0338,잠원,3호선,하행,17,12,31,5.8
seoul3-0338,잠원,3호선,하행,18,12,38,4.7
seoul3-0338,잠원,3호선,하행,19,14,37,4.9
seoul3-0338,잠원,3호선,하행,20,11,36,5.0
seoul3-0338,잠원,3호선,하행,21,11,29,6.2
seoul3-0338,잠원,3호선,하행,22,7,24,7.5
seoul3-0338,잠원,3호선,하행,23,6,19,9.5
seoul3-0338,잠원,3호선,하행,24,6,12,15.0
seoul3-0339,고속터미널,3호선,상행,5,4,15,12.0
seoul3-0339,고속터미널,3호선,상행,6,11,29,6.2
seoul3-0339,고속터미널,3호선,상행,7,14,41,4.4
seoul3-0339,고속터미널,3호선,상행,8,16,40,4.5
seoul3-0339,고속터미널,3호선,상행,9,10,37,4.9
seoul3-0339,고속터미널,3호선,상행,10,11,30,6.0
seoul3-0339,고속터미널,3호선,상행,11,9,27,6.7
seoul3-0339,고속터미널,3호선,상행,12,7,25,7.2
seoul3-0339,고속터미널,3호선,상행,13,9,23,7.8
seoul3-0339,고속터미널,3호선,상행,14,7,24,7.5
seoul3-0339,고속터미널,3호선,상행,15,8,24,7.5
seoul3-0339,고속터미널,3호선,상행,16,9,27,6.7
seoul3-0339,고속터미널,3호선,상행,17,10,33,5.5
seoul3-0339,고속터미널,3호선,상행,18,14,36,5.0
seoul3-0339,고속터미널,3호선,상행,19,12,37,4.9
seoul3-0339,고속터미널,3호선,상행,20,11,33,5.5
seoul3-0339,고속터미널,3호선,상행,21,10,29,6.2
seoul3-0339,고속터미널,3호선,상행,22,8,24,7.5
seoul3-0339,고속터미널,3호선,상행,23,6,18,10.0
seoul3-0339,고속터미널,3호선,상행,24,4,10,18.0
seoul3-0339,고속터미널,3호선,하행,5,2,9,20.0
seoul3-0339,고속터미널,3호선,하행,6,7,22,8.2
seoul3-0339,고속터미널,3호선,하행,7,13,34,5.3
seoul3-0339,고속터미널,3호선,하행,8,14,42,4.3
seoul3-0339,고속터미널,3호선,하행,9,15,40,4.5
seoul3-0339,고속터미널,3호선,하행,10,11,34,5.3
seoul3-0339,고속터미널,3호선,하행,11,8,28,6.4
seoul3-0339,고속터미널,3호선,하행,12,9,25,7.2
seoul3-0339,고속터미널,3호선,하행,13,8,25,7.2
seoul3-0339,고속터미널,3호선,하행,14,8,25,7.2
seoul3-0339,고속터미널,3호선,하행,15,9,24,7.5
seoul3-0339,고속터미널,3호선,하행,16,7,28,6.4
seoul3-0339,고속터미널,3호선,하행,17,12,31,5.8
seoul3-0339,고속터미널,3호선,하행,18,12,37,4.9
seoul3-0339,고속터미널,3호선,하행,19,13,37,4.9
seoul3-0339,고속터미널,3호선,하행,20,12,35,5.1
seoul3-0339,고속터미널,3호선,하행,21,10,30,6.0
seoul3-0339,고속터미널,3호선,하행,22,8,24,7.5
seoul3-0339,고속터미널,3호선,하행,23,6,20,9.0
seoul3-0339,고속터미널,3호선,하행,24,6,12,15.0
seoul3-0340,교대(법원·검찰청),3호선,상행,5,4,16,11.2
seoul3-0340,교대(법원·검찰청),3호선,상행,6,12,30,6.0
seoul3-0340,교대(법원·검찰청),3호선,상행,7,14,41,4.4
seoul3-0340,교대(법원·검찰청),3호선,상행,8,15,40,4.5
seoul3-0340,교대(법원·검찰청),3호선,상행,9,11,37,4.9
seoul3-0340,교대(법원·검찰청),3호선,상행,10,11,30,6.0
seoul3-0340,교대(법원·검찰청),3호선,상행,11,8,26,6.9
seoul3-0340,교대(법원·검찰청),3호선,상행,12,7,24,7.5
seoul3-0340,교대(법원·검찰청),3호선,상행,13,9,24,7.5
seoul3-0340,교대(법원·검찰청),3호선,상행,14,8,25,7.2
seoul3-0340,교대(법원·검찰청),3호선,상행,15,8,25,7.2
seoul3-0340,교대(법원·검찰청),3호선,상행,16,9,27,6.7
seoul3-0340,교대(법원·검찰청),3호선,상행,17,10,32,5.6
seoul3-0340,교대(법원·검찰청),3호선,상행,18,13,35,5.1
seoul3-0340,교대(법원·검찰청),3호선,상행,19,12,36,5.0
seoul3-0340,교대(법원·검찰청),3호선,상행,20,11,33,5.5
seoul3-0340,교대(법원·검찰청),3호선,상행,21,10,29,6.2
seoul3-0340,교대(법원·검찰청),3호선,상행,22,8,24,7.5
seoul3-0340,교대(법원·검찰청),3호선,상행,23,6,18,10.0
seoul3-0340,교대(법원·검찰청),3호선,상행,24,4,10,18.0
seoul3-0340,교대(법원·검찰청),3호선,하행,5,2,9,20.0
seoul3-0340,교대(법원·검찰청),3호선,하행,6,7,21,8.6
seoul3-0340,교대(법원·검찰청),3호선,하행,7,12,33,5.5
seoul3-0340,교대(법원·검찰청),3호선,하행,8,14,42,4.3
seoul3-0340,교대(법원·검찰청),3호선,하행,9,16,40,4.5
seoul3-0340,교대(법원·검찰청),3호선,하행,10,10,35,5.1
seoul3-0340,교대(법원·검찰청),3호선,하행,11,9,28,6.4
seoul3-0340,교대(법원·검찰청),3호선,하행,12,9,26,6.9
seoul3-0340,교대(법원·검찰청),3호선,하행,13,8,25,7.2
seoul3-0340,교대(법원·검찰청),3호선,하행,14,8,25,7.2
seoul3-0340,교대(법원·검찰청),3호선,하행,15,9,23,7.8
seoul3-0340,교대(법원·검찰청),3호선,하행,16,6,27,6.7
seoul3-0340,교대(법원·검찰청),3호선,하행,17,12,30,6.0
seoul3-0340,교대(법원·검찰청),3호선,하행,18,12,38,4.7
seoul3-0340,교대(법원·검찰청),3호선,하행,19,14,38,4.7
seoul3-0340,교대(법원·검찰청),3호선,하행,20,12,36,5.0
seoul3-0340,교대(법원·검찰청),3호선,하행,21,10,30,6.0
seoul3-0340,교대(법원·검찰청),3호선,하행,22,8,24,7.5
seoul3-0340,교대(법원·검찰청),3호선,하행,23,6,20,9.0
seoul3-0340,교대(법원·검찰청),3호선,하행,24,6,12,15.0
seoul3-0341,남부터미널(예술의전당),3호선,상행,5,4,16,11.2
seoul3-0341,남부터미널(예술의전당),3호선,상행,6,12,30,6.0
seoul3-0341,남부터미널(예술의전당),3호선,상행,7,14,42,4.3
seoul3-0341,남부터미널(예술의전당),3호선,상행,8,16,40,4.5
seoul3-0341,남부터미널(예술의전당),3호선,상행,9,10,37,4.9
seoul3-0341,남부터미널(예술의전당),3호선,상행,10,11,29,6.2
seoul3-0341,남부터미널(예술의전당),3호선,상행,11,8,26,6.9
seoul3-0341,남부터미널(예술의전당),3호선,상행,12,7,24,7.5
seoul3-0341,남부터미널(예술의전당),3호선,상행,13,9,24,7.5
seoul3-0341,남부터미널(예술의전당),3호선,상행,14,8,25,7.2
seoul3-0341,남부터미널(예술의전당),3호선,상행,15,8,25,7.2
seoul3-0341,남부터미널(예술의전당),3호선,상행,16,9,27,6.7
seoul3-0341,남부터미널(예술의전당),3호선,상행,17,10,33,5.5
seoul3-0341,남부터미널(예술의전당),3호선,상행,18,14,35,5.1
seoul3-0341,남부터미널(예술의전당),3호선,상행,19,11,36,5.0
seoul3-0341,남부터미널(예술의전당),3호선,상행,20,11,33,5.5
seoul3-0341,남부터미널(예술의전당),3호선,상행,21,11,29,6.2
seoul3-0341,남부터미널(예술의전당),3호선,상행,22,7,25,7.2
seoul3-0341,남부터미널(예술의전당),3호선,상행,23,7,17,10.6
seoul3-0341,남부터미널(예술의전당),3호선,상행,24,3,10,18.0
seoul3-0341,남부터미널(예술의전당),3호선,하행,5,2,9,20.0
seoul3-0341,남부터미널(예술의전당),3호선,하행,6,7,20,9.0
seoul3-0341,남부터미널(예술의전당),3호선,하행,7,11,33,5.5
seoul3-0341,남부터미널(예술의전당),3호선,하행,8,15,41,4.4
seoul3-0341,남부터미널(예술의전당),3호선,하행,9,15,41,4.4
seoul3-0341,남부터미널(예술의전당),3호선,하행,10,11,35,5.1
seoul3-0341,남부터미널(예술의전당),3호선,하행,11,9,29,6.2
seoul3-0341,남부터미널(예술의전당),3호선,하행,12,9,25,7.2
seoul3-0341,남부터미널(예술의전당),3호선,하행,13,7,24,7.5
seoul3-0341,남부터미널(예술의전당),3호선,하행,14,8,24,7.5
seoul3-0341,남부터미널(예술의전당),3호선,하행,15,9,24,7.5
seoul3-0341,남부터미널(예술의전당),3호선,하행,16,7,28,6.4
seoul3-0341,남부터미널(예술의전당),3호선,하행,17,12,31,5.8
seoul3-0341,남부터미널(예술의전당),3호선,하행,18,12,37,4.9
seoul3-0341,남부터미널(예술의전당),3호선,하행,19,13,37,4.9
seoul3-0341,남부터미널(예술의전당),3호선,하행,20,12,35,5.1
seoul3-0341,남부터미널(예술의전당),3호선,하행,21,10,31,5.8
seoul3-0341,남부터미널(예술의전당),3호선,하행,22,9,25,7.2
seoul3-0341,남부터미널(예술의전당),3호선,하행,23,6,21,8.6
seoul3-0341,남부터미널(예술의전당),3호선,하행,24,6,12,15.0
seoul3-0342,양재(서초구청),3호선,상행,5,5,17,10.6
seoul3-0342,양재(서초구청),3호선,상행,6,12,31,5.8
seoul3-0342,양재(서초구청),3호선,상행,7,14,41,4.4
seoul3-0342,양재(서초구청),3호선,상행,8,15,40,4.5
seoul3-0342,양재(서초구청),3호선,상행,9,11,36,5.0
seoul3-0342,양재(서초구청),3호선,상행,10,10,30,6.0
seoul3-0342,양재(서초구청),3호선,상행,11,9,26,6.9
seoul3-0342,양재(서초구청),3호선,상행,12,7,25,7.2
seoul3-0342,양재(서초구청),3호선,상행,13,9,23,7.8
seoul3-0342,양재(서초구청),3호선,상행,14,7,25,7.2
seoul3-0342,양재(서초구청),3호선,상행,15,9,24,7.5
seoul3-0342,양재(서초구청),3호선,상행,16,8,28,6.4
seoul3-0342,양재(서초구청),3호선,상행,17,11,32,5.6
seoul3-0342,양재(서초구청),3호선,상행,18,13,36,5.0
seoul3-0342,양재(서초구청),3호선,상행,19,12,36,5.0
seoul3-0342,양재(서초구청),3호선,상행,20,11,33,5.5
seoul3-0342,양재(서초구청),3호선,상행,21,10,29,6.2
seoul3-0342,양재(서초구청),3호선,상행,22,8,24,7.5
seoul3-0342,양재(서초구청),3호선,상행,23,6,17,10.6
seoul3-0342,양재(서초구청),3호선,상행,24,3,9,20.0
seoul3-0342,양재(서초구청),3호선,하행,5,1,8,22.5
seoul3-0342,양재(서초구청),3호선,하행,6,7,20,9.0
seoul3-0342,양재(서초구청),3호선,하행,7,12,33,5.5
seoul3-0342,양재(서초구청),3호선,하행,8,14,42,4.3
seoul3-0342,양재(서초구청),3호선,하행,9,16,41,4.4
seoul3-0342,양재(서초구청),3호선,하행,10,11,35,5.1
seoul3-0342,양재(서초구청),3호선,하행,11,8,28,6.4
seoul3-0342,양재(서초구청),3호선,하행,12,9,25,7.2
seoul3-0342,양재(서초구청),3호선,하행,13,8,25,7.2
seoul3-0342,양재(서초구청),3호선,하행,14,8,25,7.2
seoul3-0342,양재(서초구청),3호선,하행,15,9,24,7.5
seoul3-0342,양재(서초구청),3호선,하행,16,7,27,6.7
seoul3-0342,양재(서초구청),3호선,하행,17,11,30,6.0
seoul3-0342,양재(서초구청),3호선,하행,18,12,37,4.9
seoul3-0342,양재(서초구청),3호선,하행,19,14,38,4.7
seoul3-0342,양재(서초구청),3호선,하행,20,12,36,5.0
seoul3-0342,양재(서초구청),3호선,하행,21,10,30,6.0
seoul3-0342,양재(서초구청),3호선,하행,22,8,25,7.2
seoul3-0342,양재(서초구청),3호선,하행,23,7,21,8.6
seoul3-0342,양재(서초구청),3호선,하행,24,6,13,13.8
seoul3-0343,매봉,3호선,상행,5,5,17,10.6
seoul3-0343,매봉,3호선,상행,6,12,32,5.6
seoul3-0343,매봉,3호선,상행,7,15,41,4.4
seoul3-0343,매봉,3호선,상행,8,14,40,4.5
seoul3-0343,매봉,3호선,상행,9,11,36,5.0
seoul3-0343,매봉,3호선,상행,10,11,30,6.0
seoul3-0343,매봉,3호선,상행,11,8,26,6.9
seoul3-0343,매봉,3호선,상행,12,7,24,7.5
seoul3-0343,매봉,3호선,상행,13,9,23,7.8
seoul3-0343,매봉,3호선,상행,14,7,25,7.2
seoul3-0343,매봉,3호선,상행,15,9,25,7.2
seoul3-0343,매봉,3호선,상행,16,9,28,6.4
seoul3-0343,매봉,3호선,상행,17,10,33,5.5
seoul3-0343,매봉,3호선,상행,18,14,35,5.1
seoul3-0343,매봉,3호선,상행,19,11,36,5.0
seoul3-0343,매봉,3호선,상행,20,11,32,5.6
seoul3-0343,매봉,3호선,상행,21,10,29,6.2
seoul3-0343,매봉,3호선,상행,22,8,24,7.5
seoul3-0343,매봉,3호선,상행,23,6,17,10.6
seoul3-0343,매봉,3호선,상행,24,3,9,20.0
seoul3-0343,매봉,3호선,하행,5,1,8,22.5
seoul3-0343,매봉,3호선,하행,6,7,19,9.5
seoul3-0343,매봉,3호선,하행,7,11,33,5.5
seoul3-0343,매봉,3호선,하행,8,15,41,4.4
seoul3-0343,매봉,3호선,하행,9,15,41,4.4
seoul3-0343,매봉,3호선,하행,10,11,35,5.1
seoul3-0343,매봉,3호선,하행,11,9,29,6.2
seoul3-0343,매봉,3호선,하행,12,9,26,6.9
seoul3-0343,매봉,3호선,하행,13,8,24,7.5
seoul3-0343,매봉,3호선,하행,14,7,25,7.2
seoul3-0343,매봉,3호선,하행,15,10,24,7.5
seoul3-0343,매봉,3호선,하행,16,7,27,6.7
seoul3-0343,매봉,3호선,하행,17,10,29,6.2
seoul3-0343,매봉,3호선,하행,18,12,36,5.0
seoul3-0343,매봉,3호선,하행,19,14,38,4.7
seoul3-0343,매봉,3호선,하행,20,12,37,4.9
seoul3-0343,매봉,3호선,하행,21,11,31,5.8
seoul3-0343,매봉,3호선,하행,22,8,26,6.9
seoul3-0343,매봉,3호선,하행,23,7,21,8.6
seoul3-0343,매봉,3호선,하행,24,6,13,13.8
seoul3-0344,도곡,3호선,상행,5,6,17,10.6
seoul3-0344,도곡,3호선,상행,6,11,32,5.6
seoul3-0344,도곡,3호선,상행,7,15,41,4.4
seoul3-0344,도곡,3호선,상행,8,15,41,4.4
seoul3-0344,도곡,3호선,상행,9,11,36,5.0
seoul3-0344,도곡,3호선,상행,10,10,29,6.2
seoul3-0344,도곡,3호선,상행,11,8,25,7.2
seoul3-0344,도곡,3호선,상행,12,7,24,7.5
seoul3-0344,도곡,3호선,상행,13,9,24,7.5
seoul3-0344,도곡,3호선,상행,14,8,25,7.2
seoul3-0344,도곡,3호선,상행,15,8,25,7.2
seoul3-0344,도곡,3호선,상행,16,9,28,6.4
seoul3-0344,도곡,3호선,상행,17,11,33,5.5
seoul3-0344,도곡,3호선,상행,18,13,36,5.0
seoul3-0344,도곡,3호선,상행,19,12,36,5.0
seoul3-0344,도곡,3호선,상행,20,11,33,5.5
seoul3-0344,도곡,3호선,상행,21,10,28,6.4
seoul3-0344,도곡,3호선,상행,22,7,23,7.8
seoul3-0344,도곡,3호선,상행,23,6,16,11.2
seoul3-0344,도곡,3호선,상행,24,3,9,20.0
seoul3-0344,도곡,3호선,하행,5,1,8,22.5
seoul3-0344,도곡,3호선,하행,6,7,19,9.5
seoul3-0344,도곡,3호선,하행,7,11,32,5.6
seoul3-0344,도곡,3호선,하행,8,14,41,4.4
seoul3-0344,도곡,3호선,하행,9,16,41,4.4
seoul3-0344,도곡,3호선,하행,10,11,35,5.1
seoul3-0344,도곡,3호선,하행,11,8,29,6.2
seoul3-0344,도곡,3호선,하행,12,10,26,6.9
seoul3-0344,도곡,3호선,하행,13,8,25,7.2
seoul3-0344,도곡,3호선,하행,14,7,24,7.5
seoul3-0344,도곡,3호선,하행,15,9,23,7.8
seoul3-0344,도곡,3호선,하행,16,7,27,6.7
seoul3-0344,도곡,3호선,하행,17,11,30,6.0
seoul3-0344,도곡,3호선,하행,18,12,37,4.9
seoul3-0344,도곡,3호선,하행,19,14,38,4.7
seoul3-0344,도곡,3호선,하행,20,12,36,5.0
seoul3-0344,도곡,3호선,하행,21,10,31,5.8
seoul3-0344,도곡,3호선,하행,22,9,25,7.2
seoul3-0344,도곡,3호선,하행,23,6,21,8.6
seoul3-0344,도곡,3호선,하행,24,6,12,15.0
seoul3-0345,대치,3호선,상행,5,5,17,10.6
seoul3-0345,대치,3호선,상행,6,12,32,5.6
seoul3-0345,대치,3호선,상행,7,15,41,4.4
seoul3-0345,대치,3호선,상행,8,14,40,4.5
seoul3-0345,대치,3호선,상행,9,11,35,5.1
seoul3-0345,대치,3호선,상행,10,10,29,6.2
seoul3-0345,대치,3호선,상행,11,8,25,7.2
seoul3-0345,대치,3호선,상행,12,7,25,7.2
seoul3-0345,대치,3호선,상행,13,10,24,7.5
seoul3-0345,대치,3호선,상행,14,7,26,6.9
seoul3-0345,대치,3호선,상행,15,9,24,7.5
seoul3-0345,대치,3호선,상행,16,8,28,6.4
seoul3-0345,대치,3호선,상행,17,11,33,5.5
seoul3-0345,대치,3호선,상행,18,14,36,5.0
seoul3-0345,대치,3호선,상행,19,11,36,5.0
seoul3-0345,대치,3호선,상행,20,11,32,5.6
seoul3-0345,대치,3호선,상행,21,10,29,6.2
seoul3-0345,대치,3호선,상행,22,8,23,7.8
seoul3-0345,대치,3호선,상행,23,5,16,11.2
seoul3-0345,대치,3호선,상행,24,3,8,22.5
seoul3-0345,대치,3호선,하행,5,1,7,25.7
seoul3-0345,대치,3호선,하행,6,6,18,10.0
seoul3-0345,대치,3호선,하행,7,11,32,5.6
seoul3-0345,대치,3호선,하행,8,15,41,4.4
seoul3-0345,대치,3호선,하행,9,15,42,4.3
seoul3-0345,대치,3호선,하행,10,12,35,5.1
seoul3-0345,대치,3호선,하행,11,8,30,6.0
seoul3-0345,대치,3호선,하행,12,10,26,6.9
seoul3-0345,대치,3호선,하행,13,8,25,7.2
seoul3-0345,대치,3호선,하행,14,7,24,7.5
seoul3-0345,대치,3호선,하행,15,9,23,7.8
seoul3-0345,대치,3호선,하행,16,7,27,6.7
seoul3-0345,대치,3호선,하행,17,11,30,6.0
seoul3-0345,대치,3호선,하행,18,12,37,4.9
seoul3-0345,대치,3호선,하행,19,14,37,4.9
seoul3-0345,대치,3호선,하행,20,11,36,5.0
seoul3-0345,대치,3호선,하행,21,11,30,6.0
seoul3-0345,대치,3호선,하행,22,8,26,6.9
seoul3-0345,대치,3호선,하행,23,7,21,8.6
seoul3-0345,대치,3호선,하행,24,6,13,13.8
seoul3-0346,학여울,3호선,상행,5,5,17,10.6
seoul3-0346,학여울,3호선,상행,6,12,32,5.6
seoul3-0346,학여울,3호선,상행,7,15,41,4.4
seoul3-0346,학여울,3호선,상행,8,14,40,4.5
seoul3-0346,학여울,3호선,상행,9,11,35,5.1
seoul3-0346,학여울,3호선,상행,10,10,29,6.2
seoul3-0346,학여울,3호선,상행,11,8,26,6.9
seoul3-0346,학여울,3호선,상행,12,8,25,7.2
seoul3-0346,학여울,3호선,상행,13,9,24,7.5
seoul3-0346,학여울,3호선,상행,14,7,25,7.2
seoul3-0346,학여울,3호선,상행,15,9,24,7.5
seoul3-0346,학여울,3호선,상행,16,8,28,6.4
seoul3-0346,학여울,3호선,상행,17,11,33,5.5
seoul3-0346,학여울,3호선,상행,18,14,36,5.0
seoul3-0346,학여울,3호선,상행,19,11,36,5.0
seoul3-0346,학여울,3호선,상행,20,11,32,5.6
seoul3-0346,학여울,3호선,상행,21,10,29,6.2
seoul3-0346,학여울,3호선,상행,22,8,23,7.8
seoul3-0346,학여울,3호선,상행,23,5,16,11.2
seoul3-0346,학여울,3호선,상행,24,3,8,22.5
seoul3-0346,학여울,3호선,하행,5,1,7,25.7
seoul3-0346,학여울,3호선,하행,6,6,18,10.0
seoul3-0346,학여울,3호선,하행,7,11,31,5.8
seoul3-0346,학여울,3호선,하행,8,14,41,4.4
seoul3-0346,학여울,3호선,하행,9,16,41,4.4
seoul3-0346,학여울,3호선,하행,10,11,36,5.0
seoul3-0346,학여울,3호선,하행,11,9,29,6.2
seoul3-0346,학여울,3호선,하행,12,9,26,6.9
seoul3-0346,학여울,3호선,하행,13,8,25,7.2
seoul3-0346,학여울,3호선,하행,14,8,25,7.2
seoul3-0346,학여울,3호선,하행,15,9,24,7.5
seoul3-0346,학여울,3호선,하행,16,7,26,6.9
seoul3-0346,학여울,3호선,하행,17,10,29,6.2
seoul3-0346,학여울,3호선,하행,18,12,36,5.0
seoul3-0346,학여울,3호선,하행,19,14,38,4.7
seoul3-0346,학여울,3호선,하행,20,12,37,4.9
seoul3-0346,학여울,3호선,하행,21,11,31,5.8
seoul3-0346,학여울,3호선,하행,22,8,26,6.9
seoul3-0346,학여울,3호선,하행,23,7,21,8.6
seoul3-0346,학여울,3호선,하행,24,6,13,13.8
seoul3-0347,대청,3호선,상행,5,6,18,10.0
seoul3-0347,대청,3호선,상행,6,12,33,5.5
seoul3-0347,대청,3호선,상행,7,15,41,4.4
seoul3-0347,대청,3호선,상행,8,14,40,4.5
seoul3-0347,대청,3호선,상행,9,11,35,5.1
seoul3-0347,대청,3호선,상행,10,10,29,6.2
seoul3-0347,대청,3호선,상행,11,8,25,7.2
seoul3-0347,대청,3호선,상행,12,7,24,7.5
seoul3-0347,대청,3호선,상행,13,9,23,7.8
seoul3-0347,대청,3호선,상행,14,7,25,7.2
seoul3-0347,대청,3호선,상행,15,9,24,7.5
seoul3-0347,대청,3호선,상행,16,8,29,6.2
seoul3-0347,대청,3호선,상행,17,12,33,5.5
seoul3-0347,대청,3호선,상행,18,13,36,5.0
seoul3-0347,대청,3호선,상행,19,11,35,5.1
seoul3-0347,대청,3호선,상행,20,11,33,5.5
seoul3-0347,대청,3호선,상행,21,11,29,6.2
seoul3-0347,대청,3호선,상행,22,7,23,7.8
seoul3-0347,대청,3호선,상행,23,5,15,12.0
seoul3-0347,대청,3호선,상행,24,3,8,22.5
seoul3-0347,대청,3호선,하행,5,1,7,25.7
seoul3-0347,대청,3호선,하행,6,6,17,10.6
seoul3-0347,대청,3호선,하행,7,10,31,5.8
seoul3-0347,대청,3호선,하행,8,15,40,4.5
seoul3-0347,대청,3호선,하행,9,15,42,4.3
seoul3-0347,대청,3호선,하행,10,12,36,5.0
seoul3-0347,대청,3호선,하행,11,9,30,6.0
seoul3-0347,대청,3호선,하행,12,9,26,6.9
seoul3-0347,대청,3호선,하행,13,8,24,7.5
seoul3-0347,대청,3호선,하행,14,7,24,7.5
seoul3-0347,대청,3호선,하행,15,9,24,7.5
seoul3-0347,대청,3호선,하행,16,8,27,6.7
seoul3-0347,대청,3호선,하행,17,10,30,6.0
seoul3-0347,대청,3호선,하행,18,12,36,5.0
seoul3-0347,대청,3호선,하행,19,14,38,4.7
seoul3-0347,대청,3호선,하행,20,12,36,5.0
seoul3-0347,대청,3호선,하행,21,10,31,5.8
seoul3-0347,대청,3호선,하행,22,9,26,6.9
seoul3-0347,대청,3호선,하행,23,7,22,8.2
seoul3-0347,대청,3호선,하행,24,6,13,13.8
seoul3-0348,일원,3호선,상행,5,6,18,10.0
seoul3-0348,일원,3호선,상행,6,12,33,5.5
seoul3-0348,일원,3호선,상행,7,15,41,4.4
seoul3-0348,일원,3호선,상행,8,14,40,4.5
seoul3-0348,일원,3호선,상행,9,11,35,5.1
seoul3-0348,일원,3호선,상행,10,10,29,6.2
seoul3-0348,일원,3호선,상행,11,8,25,7.2
seoul3-0348,일원,3호선,상행,12,7,24,7.5
seoul3-0348,일원,3호선,상행,13,9,23,7.8
seoul3-0348,일원,3호선,상행,14,7,25,7.2
seoul3-0348,일원,3호선,상행,15,9,25,7.2
seoul3-0348,일원,3호선,상행,16,9,29,6.2
seoul3-0348,일원,3호선,상행,17,11,34,5.3
seoul3-0348,일원,3호선,상행,18,14,36,5.0
seoul3-0348,일원,3호선,상행,19,11,36,5.0
seoul3-0348,일원,3호선,상행,20,11,32,5.6
seoul3-0348,일원,3호선,상행,21,10,28,6.4
seoul3-0348,일원,3호선,상행,22,7,22,8.2
seoul3-0348,일원,3호선,상행,23,5,15,12.0
seoul3-0348,일원,3호선,상행,24,3,8,22.5
seoul3-0348,일원,3호선,하행,5,1,7,25.7
seoul3-0348,일원,3호선,하행,6,6,17,10.6
seoul3-0348,일원,3호선,하행,7,10,31,5.8
seoul3-0348,일원,3호선,하행,8,15,40,4.5
seoul3-0348,일원,3호선,하행,9,15,42,4.3
seoul3-0348,일원,3호선,하행,10,12,35,5.1
seoul3-0348,일원,3호선,하행,11,8,30,6.0
seoul3-0348,일원,3호선,하행,12,10,26,6.9
seoul3-0348,일원,3호선,하행,13,8,25,7.2
seoul3-0348,일원,3호선,하행,14,7,24,7.5
seoul3-0348,일원,3호선,하행,15,9,23,7.8
seoul3-0348,일원,3호선,하행,16,7,26,6.9
seoul3-0348,일원,3호선,하행,17,10,29,6.2
seoul3-0348,일원,3호선,하행,18,12,36,5.0
seoul3-0348,일원,3호선,하행,19,14,39,4.6
seoul3-0348,일원,3호선,하행,20,13,37,4.9
seoul3-0348,일원,3호선,하행,21,10,31,5.8
seoul3-0348,일원,3호선,하행,22,8,26,6.9
seoul3-0348,일원,3호선,하행,23,8,22,8.2
seoul3-0348,일원,3호선,하행,24,6,14,12.9
seoul3-0349,수서,3호선,상행,5,6,19,9.5
seoul3-0349,수서,3호선,상행,6,13,34,5.3
seoul3-0349,수서,3호선,상행,7,15,42,4.3
seoul3-0349,수서,3호선,상행,8,14,40,4.5
seoul3-0349,수서,3호선,상행,9,11,34,5.3
seoul3-0349,수서,3호선,상행,10,9,28,6.4
seoul3-0349,수서,3호선,상행,11,8,25,7.2
seoul3-0349,수서,3호선,상행,12,8,25,7.2
seoul3-0349,수서,3호선,상행,13,9,24,7.5
seoul3-0349,수서,3호선,상행,14,7,25,7.2
seoul3-0349,수서,3호선,상행,15,9,24,7.5
seoul3-0349,수서,3호선,상행,16,8,29,6.2
seoul3-0349,수서,3호선,상행,17,12,33,5.5
seoul3-0349,수서,3호선,상행,18,13,36,5.0
seoul3-0349,수서,3호선,상행,19,11,35,5.1
seoul3-0349,수서,3호선,상행,20,11,32,5.6
seoul3-0349,수서,3호선,상행,21,10,28,6.4
seoul3-0349,수서,3호선,상행,22,7,23,7.8
seoul3-0349,수서,3호선,상행,23,6,15,12.0
seoul3-0349,수서,3호선,상행,24,2,8,22.5
seoul3-0349,수서,3호선,하행,5,2,7,25.7
seoul3-0349,수서,3호선,하행,6,5,17,10.6
seoul3-0349,수서,3호선,하행,7,10,27,6.7
seoul3-0349,수서,3호선,하행,8,12,34,5.3
seoul3-0349,수서,3호선,하행,9,12,32,5.6
seoul3-0349,수서,3호선,하행,10,8,28,6.4
seoul3-0349,수서,3호선,하행,11,8,24,7.5
seoul3-0349,수서,3호선,하행,12,8,25,7.2
seoul3-0349,수서,3호선,하행,13,9,24,7.5
seoul3-0349,수서,3호선,하행,14,7,25,7.2
seoul3-0349,수서,3호선,하행,15,9,22,8.2
seoul3-0349,수서,3호선,하행,16,6,25,7.2
seoul3-0349,수서,3호선,하행,17,10,28,6.4
seoul3-0349,수서,3호선,하행,18,12,33,5.5
seoul3-0349,수서,3호선,하행,19,11,33,5.5
seoul3-0349,수서,3호선,하행,20,10,30,6.0
seoul3-0349,수서,3호선,하행,21,9,26,6.9
seoul3-0349,수서,3호선,하행,22,7,20,9.0
seoul3-0349,수서,3호선,하행,23,4,15,12.0
seoul3-0349,수서,3호선,하행,24,4,8,22.5
seoul3-0350,가락시장,3호선,상행,5,3,9,20.0
seoul3-0350,가락시장,3호선,상행,6,6,21,8.6
seoul3-0350,가락시장,3호선,상행,7,12,30,6.0
seoul3-0350,가락시장,3호선,상행,8,12,35,5.1
seoul3-0350,가락시장,3호선,상행,9,11,33,5.5
seoul3-0350,가락시장,3호선,상행,10,10,28,6.4
seoul3-0350,가락시장,3호선,상행,11,7,25,7.2
seoul3-0350,가락시장,3호선,상행,12,8,24,7.5
seoul3-0350,가락시장,3호선,상행,13,9,24,7.5
seoul3-0350,가락시장,3호선,상행,14,7,25,7.2
seoul3-0350,가락시장,3호선,상행,15,9,23,7.8
seoul3-0350,가락시장,3호선,상행,16,7,25,7.2
seoul3-0350,가락시장,3호선,상행,17,9,29,6.2
seoul3-0350,가락시장,3호선,상행,18,13,33,5.5
seoul3-0350,가락시장,3호선,상행,19,11,35,5.1
seoul3-0350,가락시장,3호선,상행,20,11,31,5.8
seoul3-0350,가락시장,3호선,상행,21,9,27,6.7
seoul3-0350,가락시장,3호선,상행,22,7,22,8.2
seoul3-0350,가락시장,3호선,상행,23,6,15,12.0
seoul3-0350,가락시장,3호선,상행,24,2,8,22.5
seoul3-0350,가락시장,3호선,하행,5,1,7,25.7
seoul3-0350,가락시장,3호선,하행,6,6,17,10.6
seoul3-0350,가락시장,3호선,하행,7,10,28,6.4
seoul3-0350,가락시장,3호선,하행,8,12,34,5.3
seoul3-0350,가락시장,3호선,하행,9,12,32,5.6
seoul3-0350,가락시장,3호선,하행,10,8,27,6.7
seoul3-0350,가락시장,3호선,하행,11,7,24,7.5
seoul3-0350,가락시장,3호선,하행,12,9,24,7.5
seoul3-0350,가락시장,3호선,하행,13,8,24,7.5
seoul3-0350,가락시장,3호선,하행,14,7,25,7.2
seoul3-0350,가락시장,3호선,하행,15,10,23,7.8
seoul3-0350,가락시장,3호선,하행,16,6,25,7.2
seoul3-0350,가락시장,3호선,하행,17,9,28,6.4
seoul3-0350,가락시장,3호선,하행,18,13,32,5.6
seoul3-0350,가락시장,3호선,하행,19,10,33,5.5
seoul3-0350,가락시장,3호선,하행,20,10,29,6.2
seoul3-0350,가락시장,3호선,하행,21,9,27,6.7
seoul3-0350,가락시장,3호선,하행,22,8,21,8.6
seoul3-0350,가락시장,3호선,하행,23,4,16,11.2
seoul3-0350,가락시장,3호선,하행,24,4,8,22.5
seoul3-0351,경찰병원,3호선,상행,5,3,9,20.0
seoul3-0351,경찰병원,3호선,상행,6,6,21,8.6
seoul3-0351,경찰병원,3호선,상행,7,12,31,5.8
seoul3-0351,경찰병원,3호선,상행,8,13,35,5.1
seoul3-0351,경찰병원,3호선,상행,9,10,33,5.5
seoul3-0351,경찰병원,3호선,상행,10,10,27,6.7
seoul3-0351,경찰병원,3호선,상행,11,7,25,7.2
seoul3-0351,경찰병원,3호선,상행,12,8,24,7.5
seoul3-0351,경찰병원,3호선,상행,13,9,24,7.5
seoul3-0351,경찰병원,3호선,상행,14,7,26,6.9
seoul3-0351,경찰병원,3호선,상행,15,10,24,7.5
seoul3-0351,경찰병원,3호선,상행,16,7,26,6.9
seoul3-0351,경찰병원,3호선,상행,17,9,28,6.4
seoul3-0351,경찰병원,3호선,상행,18,12,32,5.6
seoul3-0351,경찰병원,3호선,상행,19,11,34,5.3
seoul3-0351,경찰병원,3호선,상행,20,11,32,5.6
seoul3-0351,경찰병원,3호선,상행,21,10,28,6.4
seoul3-0351,경찰병원,3호선,상행,22,7,22,8.2
seoul3-0351,경찰병원,3호선,상행,23,5,14,12.9
seoul3-0351,경찰병원,3호선,상행,24,2,7,25.7
seoul3-0351,경찰병원,3호선,하행,5,1,7,25.7
seoul3-0351,경찰병원,3호선,하행,6,6,17,10.6
seoul3-0351,경찰병원,3호선,하행,7,10,27,6.7
seoul3-0351,경찰병원,3호선,하행,8,11,33,5.5
seoul3-0351,경찰병원,3호선,하행,9,12,32,5.6
seoul3-0351,경찰병원,3호선,하행,10,9,28,6.4
seoul3-0351,경찰병원,3호선,하행,11,7,25,7.2
seoul3-0351,경찰병원,3호선,하행,12,9,24,7.5
seoul3-0351,경찰병원,3호선,하행,13,8,24,7.5
seoul3-0351,경찰병원,3호선,하행,14,7,24,7.5
seoul3-0351,경찰병원,3호선,하행,15,9,23,7.8
seoul3-0351,경찰병원,3호선,하행,16,7,25,7.2
seoul3-0351,경찰병원,3호선,하행,17,9,29,6.2
seoul3-0351,경찰병원,3호선,하행,18,13,32,5.6
seoul3-0351,경찰병원,3호선,하행,19,10,33,5.5
seoul3-0351,경찰병원,3호선,하행,20,10,29,6.2
seoul3-0351,경찰병원,3호선,하행,21,9,27,6.7
seoul3-0351,경찰병원,3호선,하행,22,8,21,8.6
seoul3-0351,경찰병원,3호선,하행,23,4,16,11.2
seoul3-0351,경찰병원,3호선,하행,24,4,8,22.5
seoul3-0352,오금,3호선,상행,5,3,9,20.0
seoul3-0352,오금,3호선,상행,6,6,21,8.6
seoul3-0352,오금,3호선,상행,7,12,31,5.8
seoul3-0352,오금,3호선,상행,8,13,36,5.0
seoul3-0352,오금,3호선,상행,9,11,33,5.5
seoul3-0352,오금,3호선,상행,10,9,28,6.4
seoul3-0352,오금,3호선,상행,11,8,24,7.5
seoul3-0352,오금,3호선,상행,12,7,24,7.5
seoul3-0352,오금,3호선,상행,13,9,23,7.8
seoul3-0352,오금,3호선,상행,14,7,26,6.9
seoul3-0352,오금,3호선,상행,15,10,24,7.5
seoul3-0352,오금,3호선,상행,16,7,26,6.9
seoul3-0352,오금,3호선,상행,17,9,28,6.4
seoul3-0352,오금,3호선,상행,18,12,32,5.6
seoul3-0352,오금,3호선,상행,19,11,34,5.3
seoul3-0352,오금,3호선,상행,20,11,32,5.6
seoul3-0352,오금,3호선,상행,21,10,28,6.4
seoul3-0352,오금,3호선,상행,22,7,22,8.2
seoul3-0352,오금,3호선,상행,23,5,14,12.9
seoul3-0352,오금,3호선,상행,24,2,7,25.7
ansangwacheon-1450,선바위역,4호선,상행,5,2,9,20.0
ansangwacheon-1450,선바위역,4호선,상행,6,7,18,10.0
ansangwacheon-1450,선바위역,4호선,상행,7,9,26,6.9
ansangwacheon-1450,선바위역,4호선,상행,8,10,27,6.7
ansangwacheon-1450,선바위역,4호선,상행,9,8,24,7.5
ansangwacheon-1450,선바위역,4호선,상행,10,6,20,9.0
ansangwacheon-1450,선바위역,4호선,상행,11,6,18,10.0
ansangwacheon-1450,선바위역,4호선,상행,12,6,18,10.0
ansangwacheon-1450,선바위역,4호선,상행,13,6,18,10.0
ansangwacheon-1450,선바위역,4호선,상행,14,6,18,10.0
ansangwacheon-1450,선바위역,4호선,상행,15,6,18,10.0
ansangwacheon-1450,선바위역,4호선,상행,16,6,20,9.0
ansangwacheon-1450,선바위역,4호선,상행,17,8,22,8.2
ansangwacheon-1450,선바위역,4호선,상행,18,8,24,7.5
ansangwacheon-1450,선바위역,4호선,상행,19,8,23,7.8
ansangwacheon-1450,선바위역,4호선,상행,20,7,23,7.8
ansangwacheon-1450,선바위역,4호선,상행,21,8,19,9.5
ansangwacheon-1450,선바위역,4호선,상행,22,4,16,11.2
ansangwacheon-1450,선바위역,4호선,상행,23,4,9,20.0
ansangwacheon-1450,선바위역,4호선,상행,24,1,5,36.0
ansangwacheon-1450,선바위역,4호선,하행,5,1,6,30.0
ansangwacheon-1450,선바위역,4호선,하행,6,5,14,12.9
ansangwacheon-1450,선바위역,4호선,하행,7,8,24,7.5
ansangwacheon-1450,선바위역,4호선,하행,8,11,28,6.4
ansangwacheon-1450,선바위역,4호선,하행,9,9,26,6.9
ansangwacheon-1450,선바위역,4호선,하행,10,6,21,8.6
ansangwacheon-1450,선바위역,4호선,하행,11,6,18,10.0
ansangwacheon-1450,선바위역,4호선,하행,12,6,17,10.6
ansangwacheon-1450,선바위역,4호선,하행,13,5,17,10.6
ansangwacheon-1450,선바위역,4호선,하행,14,6,17,10.6
ansangwacheon-1450,선바위역,4호선,하행,15,6,18,10.0
ansangwacheon-1450,선바위역,4호선,하행,16,6,18,10.0
ansangwacheon-1450,선바위역,4호선,하행,17,6,21,8.6
ansangwacheon-1450,선바위역,4호선,하행,18,9,24,7.5
ansangwacheon-1450,선바위역,4호선,하행,19,9,25,7.2
ansangwacheon-1450,선바위역,4호선,하행,20,7,24,7.5
ansangwacheon-1450,선바위역,4호선,하행,21,8,22,8.2
ansangwacheon-1450,선바위역,4호선,하행,22,7,19,9.5
ansangwacheon-1450,선바위역,4호선,하행,23,4,12,15.0
ansangwacheon-1450,선바위역,4호선,하행,24,1,5,36.0
ansangwacheon-1451,경마공원역,4호선,상행,5,2,9,20.0
ansangwacheon-1451,경마공원역,4호선,상행,6,7,19,9.5
ansangwacheon-1451,경마공원역,4호선,상행,7,10,27,6.7
ansangwacheon-1451,경마공원역,4호선,상행,8,10,27,6.7
ansangwacheon-1451,경마공원역,4호선,상행,9,7,23,7.8
ansangwacheon-1451,경마공원역,4호선,상행,10,6,19,9.5
ansangwacheon-1451,경마공원역,4호선,상행,11,6,18,10.0
ansangwacheon-1451,경마공원역,4호선,상행,12,6,18,10.0
ansangwacheon-1451,경마공원역,4호선,상행,13,6,18,10.0
ansangwacheon-1451,경마공원역,4호선,상행,14,6,18,10.0
ansangwacheon-1451,경마공원역,4호선,상행,15,6,19,9.5
ansangwacheon-1451,경마공원역,4호선,상행,16,7,20,9.0
ansangwacheon-1451,경마공원역,4호선,상행,17,7,23,7.8
ansangwacheon-1451,경마공원역,4호선,상행,18,9,23,7.8
ansangwacheon-1451,경마공원역,4호선,상행,19,7,24,7.5
ansangwacheon-1451,경마공원역,4호선,상행,20,8,22,8.2
ansangwacheon-1451,경마공원역,4호선,상행,21,7,19,9.5
ansangwacheon-1451,경마공원역,4호선,상행,22,4,15,12.0
ansangwacheon-1451,경마공원역,4호선,상행,23,4,9,20.0
ansangwacheon-1451,경마공원역,4호선,상행,24,1,5,36.0
ansangwacheon-1451,경마공원역,4호선,하행,5,1,6,30.0
ansangwacheon-1451,경마공원역,4호선,하행,6,5,14,12.9
ansangwacheon-1451,경마공원역,4호선,하행,7,8,24,7.5
ansangwacheon-1451,경마공원역,4호선,하행,8,11,28,6.4
ansangwacheon-1451,경마공원역,4호선,하행,9,9,26,6.9
ansangwacheon-1451,경마공원역,4호선,하행,10,6,21,8.6
ansangwacheon-1451,경마공원역,4호선,하행,11,6,18,10.0
ansangwacheon-1451,경마공원역,4호선,하행,12,6,17,10.6
ansangwacheon-1451,경마공원역,4호선,하행,13,5,17,10.6
ansangwacheon-1451,경마공원역,4호선,하행,14,6,17,10.6
ansangwacheon-1451,경마공원역,4호선,하행,15,6,18,10.0
ansangwacheon-1451,경마공원역,4호선,하행,16,6,18,10.0
ansangwacheon-1451,경마공원역,4호선,하행,17,6,20,9.0
ansangwacheon-1451,경마공원역,4호선,하행,18,8,24,7.5
ansangwacheon-1451,경마공원역,4호선,하행,19,10,25,7.2
ansangwacheon-1451,경마공원역,4호선,하행,20,7,25,7.2
ansangwacheon-1451,경마공원역,4호선,하행,21,8,21,8.6
ansangwacheon-1451,경마공원역,4호선,하행,22,6,19,9.5
ansangwacheon-1451,경마공원역,4호선,하행,23,5,12,15.0
ansangwacheon-1451,경마공원역,4호선,하행,24,1,6,30.0
ansangwacheon-1452,대공원역,4호선,상행,5,2,9,20.0
ansangwacheon-1452,대공원역,4호선,상행,6,7,19,9.5
ansangwacheon-1452,대공원역,4호선,상행,7,10,27,6.7
ansangwacheon-1452,대공원역,4호선,상행,8,10,27,6.7
ansangwacheon-1452,대공원역,4호선,상행,9,7,23,7.8
ansangwacheon-1452,대공원역,4호선,상행,10,6,19,9.5
ansangwacheon-1452,대공원역,4호선,상행,11,6,19,9.5
ansangwacheon-1452,대공원역,4호선,상행,12,7,18,10.0
ansangwacheon-1452,대공원역,4호선,상행,13,5,18,10.0
ansangwacheon-1452,대공원역,4호선,상행,14,6,17,10.6
ansangwacheon-1452,대공원역,4호선,상행,15,6,19,9.5
ansangwacheon-1452,대공원역,4호선,상행,16,7,20,9.0
ansangwacheon-1452,대공원역,4호선,상행,17,7,23,7.8
ansangwacheon-1452,대공원역,4호선,상행,18,9,24,7.5
ansangwacheon-1452,대공원역,4호선,상행,19,8,24,7.5
ansangwacheon-1452,대공원역,4호선,상행,20,7,22,8.2
ansangwacheon-1452,대공원역,4호선,상행,21,7,18,10.0
ansangwacheon-1452,대공원역,4호선,상행,22,4,15,12.0
ansangwacheon-1452,대공원역,4호선,상행,23,4,9,20.0
ansangwacheon-1452,대공원역,4호선,상행,24,1,5,36.0
ansangwacheon-1452,대공원역,4호선,하행,5,1,6,30.0
ansangwacheon-1452,대공원역,4호선,하행,6,5,13,13.8
ansangwacheon-1452,대공원역,4호선,하행,7,7,23,7.8
ansangwacheon-1452,대공원역,4호선,하행,8,11,27,6.7
ansangwacheon-1452,대공원역,4호선,하행,9,9,27,6.7
ansangwacheon-1452,대공원역,4호선,하행,10,7,21,8.6
ansangwacheon-1452,대공원역,4호선,하행,11,5,18,10.0
ansangwacheon-1452,대공원역,4호선,하행,12,6,17,10.6
ansangwacheon-1452,대공원역,4호선,하행,13,6,18,10.0
ansangwacheon-1452,대공원역,4호선,하행,14,6,17,10.6
ansangwacheon-1452,대공원역,4호선,하행,15,5,18,10.0
ansangwacheon-1452,대공원역,4호선,하행,16,7,18,10.0
ansangwacheon-1452,대공원역,4호선,하행,17,6,21,8.6
ansangwacheon-1452,대공원역,4호선,하행,18,8,23,7.8
ansangwacheon-1452,대공원역,4호선,하행,19,9,24,7.5
ansangwacheon-1452,대공원역,4호선,하행,20,7,25,7.2
ansangwacheon-1452,대공원역,4호선,하행,21,9,22,8.2
ansangwacheon-1452,대공원역,4호선,하행,22,6,20,9.0
ansangwacheon-1452,대공원역,4호선,하행,23,5,12,15.0
ansangwacheon-1452,대공원역,4호선,하행,24,1,6,30.0
ansangwacheon-1453,과천역,4호선,상행,5,2,9,20.0
ansangwacheon-1453,과천역,4호선,상행,6,7,19,9.5
ansangwacheon-1453,과천역,4호선,상행,7,10,27,6.7
ansangwacheon-1453,과천역,4호선,상행,8,10,27,6.7
ansangwacheon-1453,과천역,4호선,상행,9,7,23,7.8
ansangwacheon-1453,과천역,4호선,상행,10,6,20,9.0
ansangwacheon-1453,과천역,4호선,상행,11,7,19,9.5
ansangwacheon-1453,과천역,4호선,상행,12,6,18,10.0
ansangwacheon-1453,과천역,4호선,상행,13,5,18,10.0
ansangwacheon-1453,과천역,4호선,상행,14,7,18,10.0
ansangwacheon-1453,과천역,4호선,상행,15,6,19,9.5
ansangwacheon-1453,과천역,4호선,상행,16,6,20,9.0
ansangwacheon-1453,과천역,4호선,상행,17,8,22,8.2
ansangwacheon-1453,과천역,4호선,상행,18,8,24,7.5
ansangwacheon-1453,과천역,4호선,상행,19,8,23,7.8
ansangwacheon-1453,과천역,4호선,상행,20,7,22,8.2
ansangwacheon-1453,과천역,4호선,상행,21,7,18,10.0
ansangwacheon-1453,과천역,4호선,상행,22,4,15,12.0
ansangwacheon-1453,과천역,4호선,상행,23,4,9,20.0
ansangwacheon-1453,과천역,4호선,상행,24,1,5,36.0
ansangwacheon-1453,과천역,4호선,하행,6,5,13,13.8
ansangwacheon-1453,과천역,4호선,하행,7,8,23,7.8
ansangwacheon-1453,과천역,4호선,하행,8,10,28,6.4
ansangwacheon-1453,과천역,4호선,하행,9,10,27,6.7
ansangwacheon-1453,과천역,4호선,하행,10,7,22,8.2
ansangwacheon-1453,과천역,4호선,하행,11,5,18,10.0
ansangwacheon-1453,과천역,4호선,하행,12,6,17,10.6
ansangwacheon-1453,과천역,4호선,하행,13,6,18,10.0
ansangwacheon-1453,과천역,4호선,하행,14,6,17,10.6
ansangwacheon-1453,과천역,4호선,하행,15,5,17,10.6
ansangwacheon-1453,과천역,4호선,하행,16,6,18,10.0
ansangwacheon-1453,과천역,4호선,하행,17,7,21,8.6
ansangwacheon-1453,과천역,4호선,하행,18,8,24,7.5
ansangwacheon-1453,과천역,4호선,하행,19,9,24,7.5
ansangwacheon-1453,과천역,4호선,하행,20,7,24,7.5
ansangwacheon-1453,과천역,4호선,하행,21,8,22,8.2
ansangwacheon-1453,과천역,4호선,하행,22,7,20,9.0
ansangwacheon-1453,과천역,4호선,하행,23,5,13,13.8
ansangwacheon-1453,과천역,4호선,하행,24,1,6,30.0
ansangwacheon-1454,정부과천청사역,4호선,상행,5,2,10,18.0
ansangwacheon-1454,정부과천청사역,4호선,상행,6,8,20,9.0
ansangwacheon-1454,정부과천청사역,4호선,상행,7,10,28,6.4
ansangwacheon-1454,정부과천청사역,4호선,상행,8,10,26,6.9
ansangwacheon-1454,정부과천청사역,4호선,상행,9,6,22,8.2
ansangwacheon-1454,정부과천청사역,4호선,상행,10,6,19,9.5
ansangwacheon-1454,정부과천청사역,4호선,상행,11,7,19,9.5
ansangwacheon-1454,정부과천청사역,4호선,상행,12,6,18,10.0
ansangwacheon-1454,정부과천청사역,4호선,상행,13,5,18,10.0
ansangwacheon-1454,정부과천청사역,4호선,상행,14,7,18,10.0
ansangwacheon-1454,정부과천청사역,4호선,상행,15,6,19,9.5
ansangwacheon-1454,정부과천청사역,4호선,상행,16,6,20,9.0
ansangwacheon-1454,정부과천청사역,4호선,상행,17,8,23,7.8
ansangwacheon-1454,정부과천청사역,4호선,상행,18,9,24,7.5
ansangwacheon-1454,정부과천청사역,4호선,상행,19,7,23,7.8
ansangwacheon-1454,정부과천청사역,4호선,상행,20,7,21,8.6
ansangwacheon-1454,정부과천청사역,4호선,상행,21,7,18,10.0
ansangwacheon-1454,정부과천청사역,4호선,상행,22,4,15,12.0
ansangwacheon-1454,정부과천청사역,4호선,상행,23,4,9,20.0
ansangwacheon-1454,정부과천청사역,4호선,상행,24,1,5,36.0
ansangwacheon-1454,정부과천청사역,4호선,하행,6,5,13,13.8
ansangwacheon-1454,정부과천청사역,4호선,하행,7,8,23,7.8
ansangwacheon-1454,정부과천청사역,4호선,하행,8,10,27,6.7
ansangwacheon-1454,정부과천청사역,4호선,하행,9,9,27,6.7
ansangwacheon-1454,정부과천청사역,4호선,하행,10,8,22,8.2
ansangwacheon-1454,정부과천청사역,4호선,하행,11,5,19,9.5
ansangwacheon-1454,정부과천청사역,4호선,하행,12,6,16,11.2
ansangwacheon-1454,정부과천청사역,4호선,하행,13,5,18,10.0
ansangwacheon-1454,정부과천청사역,4호선,하행,14,7,17,10.6
ansangwacheon-1454,정부과천청사역,4호선,하행,15,5,18,10.0
ansangwacheon-1454,정부과천청사역,4호선,하행,16,6,17,10.6
ansangwacheon-1454,정부과천청사역,4호선,하행,17,6,20,9.0
ansangwacheon-1454,정부과천청사역,4호선,하행,18,8,24,7.5
ansangwacheon-1454,정부과천청사역,4호선,하행,19,10,25,7.2
ansangwacheon-1454,정부과천청사역,4호선,하행,20,7,25,7.2
ansangwacheon-1454,정부과천청사역,4호선,하행,21,8,22,8.2
ansangwacheon-1454,정부과천청사역,4호선,하행,22,7,20,9.0
ansangwacheon-1454,정부과천청사역,4호선,하행,23,5,13,13.8
ansangwacheon-1454,정부과천청사역,4호선,하행,24,1,6,30.0
ansangwacheon-1455,인덕원역,4호선,상행,5,3,10,18.0
ansangwacheon-1455,인덕원역,4호선,상행,6,7,20,9.0
ansangwacheon-1455,인덕원역,4호선,상행,7,10,27,6.7
ansangwacheon-1455,인덕원역,4호선,상행,8,10,27,6.7
ansangwacheon-1455,인덕원역,4호선,상행,9,7,23,7.8
ansangwacheon-1455,인덕원역,4호선,상행,10,6,19,9.5
ansangwacheon-1455,인덕원역,4호선,상행,11,6,18,10.0
ansangwacheon-1455,인덕원역,4호선,상행,12,6,18,10.0
ansangwacheon-1455,인덕원역,4호선,상행,13,6,18,10.0
ansangwacheon-1455,인덕원역,4호선,상행,14,6,18,10.0
ansangwacheon-1455,인덕원역,4호선,상행,15,6,18,10.0
ansangwacheon-1455,인덕원역,4호선,상행,16,6,20,9.0
ansangwacheon-1455,인덕원역,4호선,상행,17,8,23,7.8
ansangwacheon-1455,인덕원역,4호선,상행,18,9,25,7.2
ansangwacheon-1455,인덕원역,4호선,상행,19,8,24,7.5
ansangwacheon-1455,인덕원역,4호선,상행,20,7,21,8.6
ansangwacheon-1455,인덕원역,4호선,상행,21,6,18,10.0
ansangwacheon-1455,인덕원역,4호선,상행,22,5,14,12.9
ansangwacheon-1455,인덕원역,4호선,상행,23,3,9,20.0
ansangwacheon-1455,인덕원역,4호선,상행,24,1,4,45.0
ansangwacheon-1455,인덕원역,4호선,하행,6,5,12,15.0
ansangwacheon-1455,인덕원역,4호선,하행,7,7,22,8.2
ansangwacheon-1455,인덕원역,4호선,하행,8,10,27,6.7
ansangwacheon-1455,인덕원역,4호선,하행,9,10,27,6.7
ansangwacheon-1455,인덕원역,4호선,하행,10,7,23,7.8
ansangwacheon-1455,인덕원역,4호선,하행,11,6,18,10.0
ansangwacheon-1455,인덕원역,4호선,하행,12,5,17,10.6
ansangwacheon-1455,인덕원역,4호선,하행,13,6,17,10.6
ansangwacheon-1455,인덕원역,4호선,하행,14,6,18,10.0
ansangwacheon-1455,인덕원역,4호선,하행,15,6,17,10.6
ansangwacheon-1455,인덕원역,4호선,하행,16,5,18,10.0
ansangwacheon-1455,인덕원역,4호선,하행,17,7,20,9.0
ansangwacheon-1455,인덕원역,4호선,하행,18,8,24,7.5
ansangwacheon-1455,인덕원역,4호선,하행,19,9,25,7.2
ansangwacheon-1455,인덕원역,4호선,하행,20,8,25,7.2
ansangwacheon-1455,인덕원역,4호선,하행,21,8,23,7.8
ansangwacheon-1455,인덕원역,4호선,하행,22,7,19,9.5
ansangwacheon-1455,인덕원역,4호선,하행,23,4,13,13.8
ansangwacheon-1455,인덕원역,4호선,하행,24,2,6,30.0
ansangwacheon-1456,평촌역,4호선,상행,5,3,10,18.0
ansangwacheon-1456,평촌역,4호선,상행,6,7,20,9.0
ansangwacheon-1456,평촌역,4호선,상행,7,10,27,6.7
ansangwacheon-1456,평촌역,4호선,상행,8,10,27,6.7
ansangwacheon-1456,평촌역,4호선,상행,9,7,23,7.8
ansangwacheon-1456,평촌역,4호선,상행,10,6,20,9.0
ansangwacheon-1456,평촌역,4호선,상행,11,7,18,10.0
ansangwacheon-1456,평촌역,4호선,상행,12,5,18,10.0
ansangwacheon-1456,평촌역,4호선,상행,13,6,17,10.6
ansangwacheon-1456,평촌역,4호선,상행,14,6,18,10.0
ansangwacheon-1456,평촌역,4호선,상행,15,6,19,9.5
ansangwacheon-1456,평촌역,4호선,상행,16,7,21,8.6
ansangwacheon-1456,평촌역,4호선,상행,17,8,23,7.8
ansangwacheon-1456,평촌역,4호선,상행,18,8,24,7.5
ansangwacheon-1456,평촌역,4호선,상행,19,8,24,7.5
ansangwacheon-1456,평촌역,4호선,상행,20,8,21,8.6
ansangwacheon-1456,평촌역,4호선,상행,21,5,18,10.0
ansangwacheon-1456,평촌역,4호선,상행,22,5,13,13.8
ansangwacheon-1456,평촌역,4호선,상행,23,3,9,20.0
ansangwacheon-1456,평촌역,4호선,상행,24,1,4,45.0
ansangwacheon-1456,평촌역,4호선,하행,6,5,12,15.0
ansangwacheon-1456,평촌역,4호선,하행,7,7,22,8.2
ansangwacheon-1456,평촌역,4호선,하행,8,10,26,6.9
ansangwacheon-1456,평촌역,4호선,하행,9,9,27,6.7
ansangwacheon-1456,평촌역,4호선,하행,10,8,23,7.8
ansangwacheon-1456,평촌역,4호선,하행,11,6,19,9.5
ansangwacheon-1456,평촌역,4호선,하행,12,5,17,10.6
ansangwacheon-1456,평촌역,4호선,하행,13,6,17,10.6
ansangwacheon-1456,평촌역,4호선,하행,14,6,18,10.0
ansangwacheon-1456,평촌역,4호선,하행,15,6,17,10.6
ansangwacheon-1456,평촌역,4호선,하행,16,5,17,10.6
ansangwacheon-1456,평촌역,4호선,하행,17,6,20,9.0
ansangwacheon-1456,평촌역,4호선,하행,18,9,24,7.5
ansangwacheon-1456,평촌역,4호선,하행,19,9,25,7.2
ansangwacheon-1456,평촌역,4호선,하행,20,7,24,7.5
ansangwacheon-1456,평촌역,4호선,하행,21,8,22,8.2
ansangwacheon-1456,평촌역,4호선,하행,22,7,20,9.0
ansangwacheon-1456,평촌역,4호선,하행,23,5,14,12.9
ansangwacheon-1456,평촌역,4호선,하행,24,2,7,25.7
ansangwacheon-1457,범계역,4호선,상행,5,3,11,16.4
ansangwacheon-1457,범계역,4호선,상행,6,8,21,8.6
ansangwacheon-1457,범계역,4호선,상행,7,10,28,6.4
ansangwacheon-1457,범계역,4호선,상행,8,10,26,6.9
ansangwacheon-1457,범계역,4호선,상행,9,6,22,8.2
ansangwacheon-1457,범계역,4호선,상행,10,6,19,9.5
ansangwacheon-1457,범계역,4호선,상행,11,7,18,10.0
ansangwacheon-1457,범계역,4호선,상행,12,5,18,10.0
ansangwacheon-1457,범계역,4호선,상행,13,6,17,10.6
ansangwacheon-1457,범계역,4호선,상행,14,6,19,9.5
ansangwacheon-1457,범계역,4호선,상행,15,7,19,9.5
ansangwacheon-1457,범계역,4호선,상행,16,6,21,8.6
ansangwacheon-1457,범계역,4호선,상행,17,8,23,7.8
ansangwacheon-1457,범계역,4호선,상행,18,9,24,7.5
ansangwacheon-1457,범계역,4호선,상행,19,7,24,7.5
ansangwacheon-1457,범계역,4호선,상행,20,8,21,8.6
ansangwacheon-1457,범계역,4호선,상행,21,6,18,10.0
ansangwacheon-1457,범계역,4호선,상행,22,4,13,13.8
ansangwacheon-1457,범계역,4호선,상행,23,3,8,22.5
ansangwacheon-1457,범계역,4호선,상행,24,1,4,45.0
ansangwacheon-1457,범계역,4호선,하행,6,4,12,15.0
ansangwacheon-1457,범계역,4호선,하행,7,8,21,8.6
ansangwacheon-1457,범계역,4호선,하행,8,9,27,6.7
ansangwacheon-1457,범계역,4호선,하행,9,10,27,6.7
ansangwacheon-1457,범계역,4호선,하행,10,8,23,7.8
ansangwacheon-1457,범계역,4호선,하행,11,5,19,9.5
ansangwacheon-1457,범계역,4호선,하행,12,6,17,10.6
ansangwacheon-1457,범계역,4호선,하행,13,6,18,10.0
ansangwacheon-1457,범계역,4호선,하행,14,6,17,10.6
ansangwacheon-1457,범계역,4호선,하행,15,5,17,10.6
ansangwacheon-1457,범계역,4호선,하행,16,6,17,10.6
ansangwacheon-1457,범계역,4호선,하행,17,6,21,8.6
ansangwacheon-1457,범계역,4호선,하행,18,9,24,7.5
ansangwacheon-1457,범계역,4호선,하행,19,9,25,7.2
ansangwacheon-1457,범계역,4호선,하행,20,7,24,7.5
ansangwacheon-1457,범계역,4호선,하행,21,8,22,8.2
ansangwacheon-1457,범계역,4호선,하행,22,7,20,9.0
ansangwacheon-1457,범계역,4호선,하행,23,5,14,12.9
ansangwacheon-1457,범계역,4호선,하행,24,2,7,25.7
ansangwacheon-1708,금정역,4호선,상행,5,4,11,16.4
ansangwacheon-1708,금정역,4호선,상행,6,7,21,8.6
ansangwacheon-1708,금정역,4호선,상행,7,10,27,6.7
ansangwacheon-1708,금정역,4호선,상행,8,10,27,6.7
ansangwacheon-1708,금정역,4호선,상행,9,7,23,7.8
ansangwacheon-1708,금정역,4호선,상행,10,6,19,9.5
ansangwacheon-1708,금정역,4호선,상행,11,6,18,10.0
ansangwacheon-1708,금정역,4호선,상행,12,6,18,10.0
ansangwacheon-1708,금정역,4호선,상행,13,6,17,10.6
ansangwacheon-1708,금정역,4호선,상행,14,5,18,10.0
ansangwacheon-1708,금정역,4호선,상행,15,7,18,10.0
ansangwacheon-1708,금정역,4호선,상행,16,6,22,8.2
ansangwacheon-1708,금정역,4호선,상행,17,9,23,7.8
ansangwacheon-1708,금정역,4호선,상행,18,8,25,7.2
ansangwacheon-1708,금정역,4호선,상행,19,8,23,7.8
ansangwacheon-1708,금정역,4호선,상행,20,7,21,8.6
ansangwacheon-1708,금정역,4호선,상행,21,6,17,10.6
ansangwacheon-1708,금정역,4호선,상행,22,4,13,13.8
ansangwacheon-1708,금정역,4호선,상행,23,3,8,22.5
ansangwacheon-1708,금정역,4호선,상행,24,1,4,45.0
ansangwacheon-1708,금정역,4호선,하행,5,2,6,30.0
ansangwacheon-1708,금정역,4호선,하행,6,4,13,13.8
ansangwacheon-1708,금정역,4호선,하행,7,7,21,8.6
ansangwacheon-1708,금정역,4호선,하행,8,10,27,6.7
ansangwacheon-1708,금정역,4호선,하행,9,10,27,6.7
ansangwacheon-1708,금정역,4호선,하행,10,7,23,7.8
ansangwacheon-1708,금정역,4호선,하행,11,6,19,9.5
ansangwacheon-1708,금정역,4호선,하행,12,6,17,10.6
ansangwacheon-1708,금정역,4호선,하행,13,5,17,10.6
ansangwacheon-1708,금정역,4호선,하행,14,6,17,10.6
ansangwacheon-1708,금정역,4호선,하행,15,6,18,10.0
ansangwacheon-1708,금정역,4호선,하행,16,6,18,10.0
ansangwacheon-1708,금정역,4호선,하행,17,6,20,9.0
ansangwacheon-1708,금정역,4호선,하행,18,8,23,7.8
ansangwacheon-1708,금정역,4호선,하행,19,9,25,7.2
ansangwacheon-1708,금정역,4호선,하행,20,8,24,7.5
ansangwacheon-1708,금정역,4호선,하행,21,7,23,7.8
ansangwacheon-1708,금정역,4호선,하행,22,8,20,9.0
ansangwacheon-1708,금정역,4호선,하행,23,5,14,12.9
ansangwacheon-1708,금정역,4호선,하행,24,1,6,30.0
ansangwacheon-1751,산본역,4호선,상행,5,4,12,15.0
ansangwacheon-1751,산본역,4호선,상행,6,8,22,8.2
ansangwacheon-1751,산본역,4호선,상행,7,10,28,6.4
ansangwacheon-1751,산본역,4호선,상행,8,10,26,6.9
ansangwacheon-1751,산본역,4호선,상행,9,6,23,7.8
ansangwacheon-1751,산본역,4호선,상행,10,7,19,9.5
ansangwacheon-1751,산본역,4호선,상행,11,6,18,10.0
ansangwacheon-1751,산본역,4호선,상행,12,5,17,10.6
ansangwacheon-1751,산본역,4호선,상행,13,6,17,10.6
ansangwacheon-1751,산본역,4호선,상행,14,6,19,9.5
ansangwacheon-1751,산본역,4호선,상행,15,7,19,9.5
ansangwacheon-1751,산본역,4호선,상행,16,6,21,8.6
ansangwacheon-1751,산본역,4호선,상행,17,8,23,7.8
ansangwacheon-1751,산본역,4호선,상행,18,9,24,7.5
ansangwacheon-1751,산본역,4호선,상행,19,7,24,7.5
ansangwacheon-1751,산본역,4호선,상행,20,8,20,9.0
ansangwacheon-1751,산본역,4호선,상행,21,5,18,10.0
ansangwacheon-1751,산본역,4호선,상행,22,5,12,15.0
ansangwacheon-1751,산본역,4호선,상행,23,2,9,20.0
ansangwacheon-1751,산본역,4호선,상행,24,2,4,45.0
ansangwacheon-1751,산본역,4호선,하행,5,1,6,30.0
ansangwacheon-1751,산본역,4호선,하행,6,5,12,15.0
ansangwacheon-1751,산본역,4호선,하행,7,6,21,8.6
ansangwacheon-1751,산본역,4호선,하행,8,10,26,6.9
ansangwacheon-1751,산본역,4호선,하행,9,10,28,6.4
ansangwacheon-1751,산본역,4호선,하행,10,8,24,7.5
ansangwacheon-1751,산본역,4호선,하행,11,6,19,9.5
ansangwacheon-1751,산본역,4호선,하행,12,5,17,10.6
ansangwacheon-1751,산본역,4호선,하행,13,6,17,10.6
ansangwacheon-1751,산본역,4호선,하행,14,6,17,10.6
ansangwacheon-1751,산본역,4호선,하행,15,5,17,10.6
ansangwacheon-1751,산본역,4호선,하행,16,6,17,10.6
ansangwacheon-1751,산본역,4호선,하행,17,6,21,8.6
ansangwacheon-1751,산본역,4호선,하행,18,9,23,7.8
ansangwacheon-1751,산본역,4호선,하행,19,8,25,7.2
ansangwacheon-1751,산본역,4호선,하행,20,8,24,7.5
ansangwacheon-1751,산본역,4호선,하행,21,8,23,7.8
ansangwacheon-1751,산본역,4호선,하행,22,7,21,8.6
ansangwacheon-1751,산본역,4호선,하행,23,6,14,12.9
ansangwacheon-1751,산본역,4호선,하행,24,1,7,25.7
ansangwacheon-1752,대야미역,4호선,상행,5,4,12,15.0
ansangwacheon-1752,대야미역,4호선,상행,6,8,20,9.0
ansangwacheon-1752,대야미역,4호선,상행,7,8,23,7.8
ansangwacheon-1752,대야미역,4호선,상행,8,7,22,8.2
ansangwacheon-1752,대야미역,4호선,상행,9,7,20,9.0
ansangwacheon-1752,대야미역,4호선,상행,10,6,19,9.5
ansangwacheon-1752,대야미역,4호선,상행,11,6,18,10.0
ansangwacheon-1752,대야미역,4호선,상행,12,6,18,10.0
ansangwacheon-1752,대야미역,4호선,상행,13,6,17,10.6
ansangwacheon-1752,대야미역,4호선,상행,14,5,18,10.0
ansangwacheon-1752,대야미역,4호선,상행,15,7,19,9.5
ansangwacheon-1752,대야미역,4호선,상행,16,7,22,8.2
ansangwacheon-1752,대야미역,4호선,상행,17,8,23,7.8
ansangwacheon-1752,대야미역,4호선,상행,18,8,24,7.5
ansangwacheon-1752,대야미역,4호선,상행,19,8,24,7.5
ansangwacheon-1752,대야미역,4호선,상행,20,8,21,8.6
ansangwacheon-1752,대야미역,4호선,상행,21,5,17,10.6
ansangwacheon-1752,대야미역,4호선,상행,22,4,12,15.0
ansangwacheon-1752,대야미역,4호선,상행,23,3,8,22.5
ansangwacheon-1752,대야미역,4호선,상행,24,1,4,45.0
ansangwacheon-1752,대야미역,4호선,하행,5,1,5,36.0
ansangwacheon-1752,대야미역,4호선,하행,6,4,12,15.0
ansangwacheon-1752,대야미역,4호선,하행,7,7,20,9.0
ansangwacheon-1752,대야미역,4호선,하행,8,9,26,6.9
ansangwacheon-1752,대야미역,4호선,하행,9,10,27,6.7
ansangwacheon-1752,대야미역,4호선,하행,10,8,24,7.5
ansangwacheon-1752,대야미역,4호선,하행,11,6,20,9.0
ansangwacheon-1752,대야미역,4호선,하행,12,6,18,10.0
ansangwacheon-1752,대야미역,4호선,하행,13,6,17,10.6
ansangwacheon-1752,대야미역,4호선,하행,14,5,17,10.6
ansangwacheon-1752,대야미역,4호선,하행,15,6,17,10.6
ansangwacheon-1752,대야미역,4호선,하행,16,6,18,10.0
ansangwacheon-1752,대야미역,4호선,하행,17,6,20,9.0
ansangwacheon-1752,대야미역,4호선,하행,18,8,21,8.6
ansangwacheon-1752,대야미역,4호선,하행,19,7,23,7.8
ansangwacheon-1752,대야미역,4호선,하행,20,8,21,8.6
ansangwacheon-1752,대야미역,4호선,하행,21,6,21,8.6
ansangwacheon-1752,대야미역,4호선,하행,22,7,19,9.5
ansangwacheon-1752,대야미역,4호선,하행,23,6,15,12.0
ansangwacheon-1752,대야미역,4호선,하행,24,2,8,22.5
ansangwacheon-1753,반월역,4호선,상행,5,4,12,15.0
ansangwacheon-1753,반월역,4호선,상행,6,8,21,8.6
ansangwacheon-1753,반월역,4호선,상행,7,9,24,7.5
ansangwacheon-1753,반월역,4호선,상행,8,7,22,8.2
ansangwacheon-1753,반월역,4호선,상행,9,6,20,9.0
ansangwacheon-1753,반월역,4호선,상행,10,7,18,10.0
ansangwacheon-1753,반월역,4호선,상행,11,5,18,10.0
ansangwacheon-1753,반월역,4호선,상행,12,6,17,10.6
ansangwacheon-1753,반월역,4호선,상행,13,6,18,10.0
ansangwacheon-1753,반월역,4호선,상행,14,6,18,10.0
ansangwacheon-1753,반월역,4호선,상행,15,6,19,9.5
ansangwacheon-1753,반월역,4호선,상행,16,7,21,8.6
ansangwacheon-1753,반월역,4호선,상행,17,8,24,7.5
ansangwacheon-1753,반월역,4호선,상행,18,9,24,7.5
ansangwacheon-1753,반월역,4호선,상행,19,7,24,7.5
ansangwacheon-1753,반월역,4호선,상행,20,8,20,9.0
ansangwacheon-1753,반월역,4호선,상행,21,5,17,10.6
ansangwacheon-1753,반월역,4호선,상행,22,4,12,15.0
ansangwacheon-1753,반월역,4호선,상행,23,3,8,22.5
ansangwacheon-1753,반월역,4호선,상행,24,1,4,45.0
ansangwacheon-1753,반월역,4호선,하행,5,1,5,36.0
ansangwacheon-1753,반월역,4호선,하행,6,4,11,16.4
ansangwacheon-1753,반월역,4호선,하행,7,6,20,9.0
ansangwacheon-1753,반월역,4호선,하행,8,10,26,6.9
ansangwacheon-1753,반월역,4호선,하행,9,10,27,6.7
ansangwacheon-1753,반월역,4호선,하행,10,7,24,7.5
ansangwacheon-1753,반월역,4호선,하행,11,7,20,9.0
ansangwacheon-1753,반월역,4호선,하행,12,6,18,10.0
ansangwacheon-1753,반월역,4호선,하행,13,5,17,10.6
ansangwacheon-1753,반월역,4호선,하행,14,6,17,10.6
ansangwacheon-1753,반월역,4호선,하행,15,6,18,10.0
ansangwacheon-1753,반월역,4호선,하행,16,6,17,10.6
ansangwacheon-1753,반월역,4호선,하행,17,5,19,9.5
ansangwacheon-1753,반월역,4호선,하행,18,8,21,8.6
ansangwacheon-1753,반월역,4호선,하행,19,8,24,7.5
ansangwacheon-1753,반월역,4호선,하행,20,8,22,8.2
ansangwacheon-1753,반월역,4호선,하행,21,6,21,8.6
ansangwacheon-1753,반월역,4호선,하행,22,7,19,9.5
ansangwacheon-1753,반월역,4호선,하행,23,6,15,12.0
ansangwacheon-1753,반월역,4호선,하행,24,2,8,22.5
ansangwacheon-1754,상록수역,4호선,상행,5,4,12,15.0
ansangwacheon-1754,상록수역,4호선,상행,6,8,23,7.8
ansangwacheon-1754,상록수역,4호선,상행,7,11,28,6.4
ansangwacheon-1754,상록수역,4호선,상행,8,9,26,6.9
ansangwacheon-1754,상록수역,4호선,상행,9,6,22,8.2
ansangwacheon-1754,상록수역,4호선,상행,10,7,19,9.5
ansangwacheon-1754,상록수역,4호선,상행,11,6,18,10.0
ansangwacheon-1754,상록수역,4호선,상행,12,5,17,10.6
ansangwacheon-1754,상록수역,4호선,상행,13,6,17,10.6
ansangwacheon-1754,상록수역,4호선,상행,14,6,19,9.5
ansangwacheon-1754,상록수역,4호선,상행,15,7,20,9.0
ansangwacheon-1754,상록수역,4호선,상행,16,7,22,8.2
ansangwacheon-1754,상록수역,4호선,상행,17,8,23,7.8
ansangwacheon-1754,상록수역,4호선,상행,18,8,24,7.5
ansangwacheon-1754,상록수역,4호선,상행,19,8,23,7.8
ansangwacheon-1754,상록수역,4호선,상행,20,7,20,9.0
ansangwacheon-1754,상록수역,4호선,상행,21,5,16,11.2
ansangwacheon-1754,상록수역,4호선,상행,22,4,12,15.0
ansangwacheon-1754,상록수역,4호선,상행,23,3,8,22.5
ansangwacheon-1754,상록수역,4호선,상행,24,1,4,45.0
ansangwacheon-1754,상록수역,4호선,하행,5,1,5,36.0
ansangwacheon-1754,상록수역,4호선,하행,6,4,11,16.4
ansangwacheon-1754,상록수역,4호선,하행,7,6,19,9.5
ansangwacheon-1754,상록수역,4호선,하행,8,9,25,7.2
ansangwacheon-1754,상록수역,4호선,하행,9,10,27,6.7
ansangwacheon-1754,상록수역,4호선,하행,10,8,25,7.2
ansangwacheon-1754,상록수역,4호선,하행,11,7,20,9.0
ansangwacheon-1754,상록수역,4호선,하행,12,5,18,10.0
ansangwacheon-1754,상록수역,4호선,하행,13,6,17,10.6
ansangwacheon-1754,상록수역,4호선,하행,14,6,17,10.6
ansangwacheon-1754,상록수역,4호선,하행,15,5,17,10.6
ansangwacheon-1754,상록수역,4호선,하행,16,6,17,10.6
ansangwacheon-1754,상록수역,4호선,하행,17,6,20,9.0
ansangwacheon-1754,상록수역,4호선,하행,18,8,22,8.2
ansangwacheon-1754,상록수역,4호선,하행,19,8,25,7.2
ansangwacheon-1754,상록수역,4호선,하행,20,9,25,7.2
ansangwacheon-1754,상록수역,4호선,하행,21,8,24,7.5
ansangwacheon-1754,상록수역,4호선,하행,22,7,21,8.6
ansangwacheon-1754,상록수역,4호선,하행,23,6,15,12.0
ansangwacheon-1754,상록수역,4호선,하행,24,2,8,22.5
ansangwacheon-1755,한대앞역,4호선,상행,5,5,13,13.8
ansangwacheon-1755,한대앞역,4호선,상행,6,8,22,8.2
ansangwacheon-1755,한대앞역,4호선,상행,7,9,23,7.8
ansangwacheon-1755,한대앞역,4호선,상행,8,6,21,8.6
ansangwacheon-1755,한대앞역,4호선,상행,9,6,19,9.5
ansangwacheon-1755,한대앞역,4호선,상행,10,7,19,9.5
ansangwacheon-1755,한대앞역,4호선,상행,11,6,19,9.5
ansangwacheon-1755,한대앞역,4호선,상행,12,6,17,10.6
ansangwacheon-1755,한대앞역,4호선,상행,13,5,17,10.6
ansangwacheon-1755,한대앞역,4호선,상행,14,6,18,10.0
ansangwacheon-1755,한대앞역,4호선,상행,15,7,20,9.0
ansangwacheon-1755,한대앞역,4호선,상행,16,7,22,8.2
ansangwacheon-1755,한대앞역,4호선,상행,17,8,23,7.8
ansangwacheon-1755,한대앞역,4호선,상행,18,8,24,7.5
ansangwacheon-1755,한대앞역,4호선,상행,19,8,23,7.8
ansangwacheon-1755,한대앞역,4호선,상행,20,7,20,9.0
ansangwacheon-1755,한대앞역,4호선,상행,21,5,17,10.6
ansangwacheon-1755,한대앞역,4호선,상행,22,5,12,15.0
ansangwacheon-1755,한대앞역,4호선,상행,23,2,8,22.5
ansangwacheon-1755,한대앞역,4호선,상행,24,1,3,60.0
ansangwacheon-1755,한대앞역,4호선,하행,6,4,11,16.4
ansangwacheon-1755,한대앞역,4호선,하행,7,7,20,9.0
ansangwacheon-1755,한대앞역,4호선,하행,8,9,26,6.9
ansangwacheon-1755,한대앞역,4호선,하행,9,10,27,6.7
ansangwacheon-1755,한대앞역,4호선,하행,10,8,24,7.5
ansangwacheon-1755,한대앞역,4호선,하행,11,6,20,9.0
ansangwacheon-1755,한대앞역,4호선,하행,12,6,18,10.0
ansangwacheon-1755,한대앞역,4호선,하행,13,6,18,10.0
ansangwacheon-1755,한대앞역,4호선,하행,14,6,17,10.6
ansangwacheon-1755,한대앞역,4호선,하행,15,5,17,10.6
ansangwacheon-1755,한대앞역,4호선,하행,16,6,17,10.6
ansangwacheon-1755,한대앞역,4호선,하행,17,6,20,9.0
ansangwacheon-1755,한대앞역,4호선,하행,18,8,21,8.6
ansangwacheon-1755,한대앞역,4호선,하행,19,7,24,7.5
ansangwacheon-1755,한대앞역,4호선,하행,20,9,21,8.6
ansangwacheon-1755,한대앞역,4호선,하행,21,5,22,8.2
ansangwacheon-1755,한대앞역,4호선,하행,22,8,19,9.5
ansangwacheon-1755,한대앞역,4호선,하행,23,6,16,11.2
ansangwacheon-1755,한대앞역,4호선,하행,24,2,8,22.5
ansangwacheon-1756,중앙역,4호선,상행,5,5,14,12.9
ansangwacheon-1756,중앙역,4호선,상행,6,9,24,7.5
ansangwacheon-1756,중앙역,4호선,상행,7,10,28,6.4
ansangwacheon-1756,중앙역,4호선,상행,8,9,25,7.2
ansangwacheon-1756,중앙역,4호선,상행,9,6,21,8.6
ansangwacheon-1756,중앙역,4호선,상행,10,6,18,10.0
ansangwacheon-1756,중앙역,4호선,상행,11,6,18,10.0
ansangwacheon-1756,중앙역,4호선,상행,12,6,17,10.6
ansangwacheon-1756,중앙역,4호선,상행,13,5,18,10.0
ansangwacheon-1756,중앙역,4호선,상행,14,7,18,10.0
ansangwacheon-1756,중앙역,4호선,상행,15,6,20,9.0
ansangwacheon-1756,중앙역,4호선,상행,16,7,22,8.2
ansangwacheon-1756,중앙역,4호선,상행,17,9,24,7.5
ansangwacheon-1756,중앙역,4호선,상행,18,8,24,7.5
ansangwacheon-1756,중앙역,4호선,상행,19,7,23,7.8
ansangwacheon-1756,중앙역,4호선,상행,20,8,19,9.5
ansangwacheon-1756,중앙역,4호선,상행,21,4,17,10.6
ansangwacheon-1756,중앙역,4호선,상행,22,5,11,16.4
ansangwacheon-1756,중앙역,4호선,상행,23,2,8,22.5
ansangwacheon-1756,중앙역,4호선,상행,24,1,3,60.0
ansangwacheon-1756,중앙역,4호선,하행,6,4,10,18.0
ansangwacheon-1756,중앙역,4호선,하행,7,6,19,9.5
ansangwacheon-1756,중앙역,4호선,하행,8,9,25,7.2
ansangwacheon-1756,중앙역,4호선,하행,9,10,28,6.4
ansangwacheon-1756,중앙역,4호선,하행,10,9,25,7.2
ansangwacheon-1756,중앙역,4호선,하행,11,6,21,8.6
ansangwacheon-1756,중앙역,4호선,하행,12,6,18,10.0
ansangwacheon-1756,중앙역,4호선,하행,13,6,17,10.6
ansangwacheon-1756,중앙역,4호선,하행,14,5,17,10.6
ansangwacheon-1756,중앙역,4호선,하행,15,6,17,10.6
ansangwacheon-1756,중앙역,4호선,하행,16,6,18,10.0
ansangwacheon-1756,중앙역,4호선,하행,17,6,19,9.5
ansangwacheon-1756,중앙역,4호선,하행,18,7,22,8.2
ansangwacheon-1756,중앙역,4호선,하행,19,9,24,7.5
ansangwacheon-1756,중앙역,4호선,하행,20,8,25,7.2
ansangwacheon-1756,중앙역,4호선,하행,21,8,24,7.5
ansangwacheon-1756,중앙역,4호선,하행,22,8,22,8.2
ansangwacheon-1756,중앙역,4호선,하행,23,6,16,11.2
ansangwacheon-1756,중앙역,4호선,하행,24,2,8,22.5
ansangwacheon-1757,고잔역,4호선,상행,5,6,13,13.8
ansangwacheon-1757,고잔역,4호선,상행,6,7,22,8.2
ansangwacheon-1757,고잔역,4호선,상행,7,9,23,7.8
ansangwacheon-1757,고잔역,4호선,상행,8,7,22,8.2
ansangwacheon-1757,고잔역,4호선,상행,9,6,19,9.5
ansangwacheon-1757,고잔역,4호선,상행,10,6,19,9.5
ansangwacheon-1757,고잔역,4호선,상행,11,7,18,10.0
ansangwacheon-1757,고잔역,4호선,상행,12,5,18,10.0
ansangwacheon-1757,고잔역,4호선,상행,13,6,17,10.6
ansangwacheon-1757,고잔역,4호선,상행,14,6,18,10.0
ansangwacheon-1757,고잔역,4호선,상행,15,6,19,9.5
ansangwacheon-1757,고잔역,4호선,상행,16,7,22,8.2
ansangwacheon-1757,고잔역,4호선,상행,17,9,24,7.5
ansangwacheon-1757,고잔역,4호선,상행,18,8,24,7.5
ansangwacheon-1757,고잔역,4호선,상행,19,7,23,7.8
ansangwacheon-1757,고잔역,4호선,상행,20,8,19,9.5
ansangwacheon-1757,고잔역,4호선,상행,21,4,17,10.6
ansangwacheon-1757,고잔역,4호선,상행,22,5,11,16.4
ansangwacheon-1757,고잔역,4호선,상행,23,2,8,22.5
ansangwacheon-1757,고잔역,4호선,상행,24,1,3,60.0
ansangwacheon-1757,고잔역,4호선,하행,6,4,10,18.0
ansangwacheon-1757,고잔역,4호선,하행,7,6,19,9.5
ansangwacheon-1757,고잔역,4호선,하행,8,9,25,7.2
ansangwacheon-1757,고잔역,4호선,하행,9,10,27,6.7
ansangwacheon-1757,고잔역,4호선,하행,10,8,25,7.2
ansangwacheon-1757,고잔역,4호선,하행,11,7,21,8.6
ansangwacheon-1757,고잔역,4호선,하행,12,6,18,10.0
ansangwacheon-1757,고잔역,4호선,하행,13,5,17,10.6
ansangwacheon-1757,고잔역,4호선,하행,14,6,17,10.6
ansangwacheon-1757,고잔역,4호선,하행,15,6,17,10.6
ansangwacheon-1757,고잔역,4호선,하행,16,5,18,10.0
ansangwacheon-1757,고잔역,4호선,하행,17,7,19,9.5
ansangwacheon-1757,고잔역,4호선,하행,18,7,22,8.2
ansangwacheon-1757,고잔역,4호선,하행,19,8,23,7.8
ansangwacheon-1757,고잔역,4호선,하행,20,8,22,8.2
ansangwacheon-1757,고잔역,4호선,하행,21,6,21,8.6
ansangwacheon-1757,고잔역,4호선,하행,22,7,19,9.5
ansangwacheon-1757,고잔역,4호선,하행,23,6,16,11.2
ansangwacheon-1757,고잔역,4호선,하행,24,3,9,20.0
ansangwacheon-1758,초지역,4호선,상행,5,6,14,12.9
ansangwacheon-1758,초지역,4호선,상행,6,8,24,7.5
ansangwacheon-1758,초지역,4호선,상행,7,10,27,6.7
ansangwacheon-1758,초지역,4호선,상행,8,9,25,7.2
ansangwacheon-1758,초지역,4호선,상행,9,6,21,8.6
ansangwacheon-1758,초지역,4호선,상행,10,6,19,9.5
ansangwacheon-1758,초지역,4호선,상행,11,7,18,10.0
ansangwacheon-1758,초지역,4호선,상행,12,5,18,10.0
ansangwacheon-1758,초지역,4호선,상행,13,6,17,10.6
ansangwacheon-1758,초지역,4호선,상행,14,6,18,10.0
ansangwacheon-1758,초지역,4호선,상행,15,6,20,9.0
ansangwacheon-1758,초지역,4호선,상행,16,8,22,8.2
ansangwacheon-1758,초지역,4호선,상행,17,8,24,7.5
ansangwacheon-1758,초지역,4호선,상행,18,8,23,7.8
ansangwacheon-1758,초지역,4호선,상행,19,7,23,7.8
ansangwacheon-1758,초지역,4호선,상행,20,8,20,9.0
ansangwacheon-1758,초지역,4호선,상행,21,5,17,10.6
ansangwacheon-1758,초지역,4호선,상행,22,4,11,16.4
ansangwacheon-1758,초지역,4호선,상행,23,2,7,25.7
ansangwacheon-1758,초지역,4호선,상행,24,1,3,60.0
ansangwacheon-1758,초지역,4호선,하행,6,4,10,18.0
ansangwacheon-1758,초지역,4호선,하행,7,6,19,9.5
ansangwacheon-1758,초지역,4호선,하행,8,9,25,7.2
ansangwacheon-1758,초지역,4호선,하행,9,10,27,6.7
ansangwacheon-1758,초지역,4호선,하행,10,8,25,7.2
ansangwacheon-1758,초지역,4호선,하행,11,7,21,8.6
ansangwacheon-1758,초지역,4호선,하행,12,6,18,10.0
ansangwacheon-1758,초지역,4호선,하행,13,5,17,10.6
ansangwacheon-1758,초지역,4호선,하행,14,6,17,10.6
ansangwacheon-1758,초지역,4호선,하행,15,6,17,10.6
ansangwacheon-1758,초지역,4호선,하행,16,5,18,10.0
ansangwacheon-1758,초지역,4호선,하행,17,7,19,9.5
ansangwacheon-1758,초지역,4호선,하행,18,7,22,8.2
ansangwacheon-1758,초지역,4호선,하행,19,8,24,7.5
ansangwacheon-1758,초지역,4호선,하행,20,9,25,7.2
ansangwacheon-1758,초지역,4호선,하행,21,8,24,7.5
ansangwacheon-1758,초지역,4호선,하행,22,7,21,8.6
ansangwacheon-1758,초지역,4호선,하행,23,6,16,11.2
ansangwacheon-1758,초지역,4호선,하행,24,3,9,20.0
ansangwacheon-1759,안산역,4호선,상행,5,6,15,12.0
ansangwacheon-1759,안산역,4호선,상행,6,9,25,7.2
ansangwacheon-1759,안산역,4호선,상행,7,10,27,6.7
ansangwacheon-1759,안산역,4호선,상행,8,8,24,7.5
ansangwacheon-1759,안산역,4호선,상행,9,6,21,8.6
ansangwacheon-1759,안산역,4호선,상행,10,7,19,9.5
ansangwacheon-1759,안산역,4호선,상행,11,6,19,9.5
ansangwacheon-1759,안산역,4호선,상행,12,6,18,10.0
ansangwacheon-1759,안산역,4호선,상행,13,6,18,10.0
ansangwacheon-1759,안산역,4호선,상행,14,6,18,10.0
ansangwacheon-1759,안산역,4호선,상행,15,6,19,9.5
ansangwacheon-1759,안산역,4호선,상행,16,7,21,8.6
ansangwacheon-1759,안산역,4호선,상행,17,8,24,7.5
ansangwacheon-1759,안산역,4호선,상행,18,9,24,7.5
ansangwacheon-1759,안산역,4호선,상행,19,7,23,7.8
ansangwacheon-1759,안산역,4호선,상행,20,7,19,9.5
ansangwacheon-1759,안산역,4호선,상행,21,5,16,11.2
ansangwacheon-1759,안산역,4호선,상행,22,4,11,16.4
ansangwacheon-1759,안산역,4호선,상행,23,2,7,25.7
ansangwacheon-1759,안산역,4호선,상행,24,1,3,60.0
ansangwacheon-1759,안산역,4호선,하행,5,1,5,36.0
ansangwacheon-1759,안산역,4호선,하행,6,4,11,16.4
ansangwacheon-1759,안산역,4호선,하행,7,6,16,11.2
ansangwacheon-1759,안산역,4호선,하행,8,6,19,9.5
ansangwacheon-1759,안산역,4호선,하행,9,7,20,9.0
ansangwacheon-1759,안산역,4호선,하행,10,7,20,9.0
ansangwacheon-1759,안산역,4호선,하행,11,6,18,10.0
ansangwacheon-1759,안산역,4호선,하행,12,5,16,11.2
ansangwacheon-1759,안산역,4호선,하행,13,5,15,12.0
ansangwacheon-1759,안산역,4호선,하행,14,5,17,10.6
ansangwacheon-1759,안산역,4호선,하행,15,7,17,10.6
ansangwacheon-1759,안산역,4호선,하행,16,5,18,10.0
ansangwacheon-1759,안산역,4호선,하행,17,6,18,10.0
ansangwacheon-1759,안산역,4호선,하행,18,7,21,8.6
ansangwacheon-1759,안산역,4호선,하행,19,8,22,8.2
ansangwacheon-1759,안산역,4호선,하행,20,7,23,7.8
ansangwacheon-1759,안산역,4호선,하행,21,8,20,9.0
ansangwacheon-1759,안산역,4호선,하행,22,5,18,10.0
ansangwacheon-1759,안산역,4호선,하행,23,5,11,16.4
ansangwacheon-1759,안산역,4호선,하행,24,1,6,30.0
ansangwacheon-1760,능길역,4호선,상행,5,6,11,16.4
ansangwacheon-1760,능길역,4호선,상행,6,5,19,9.5
ansangwacheon-1760,능길역,4호선,상행,7,8,18,10.0
ansangwacheon-1760,능길역,4호선,상행,8,5,19,9.5
ansangwacheon-1760,능길역,4호선,상행,9,6,17,10.6
ansangwacheon-1760,능길역,4호선,상행,10,6,17,10.6
ansangwacheon-1760,능길역,4호선,상행,11,5,17,10.6
ansangwacheon-1760,능길역,4호선,상행,12,6,16,11.2
ansangwacheon-1760,능길역,4호선,상행,13,5,16,11.2
ansangwacheon-1760,능길역,4호선,상행,14,5,16,11.2
ansangwacheon-1760,능길역,4호선,상행,15,6,17,10.6
ansangwacheon-1760,능길역,4호선,상행,16,6,18,10.0
ansangwacheon-1760,능길역,4호선,상행,17,6,20,9.0
ansangwacheon-1760,능길역,4호선,상행,18,8,20,9.0
ansangwacheon-1760,능길역,4호선,상행,19,6,19,9.5
ansangwacheon-1760,능길역,4호선,상행,20,5,16,11.2
ansangwacheon-1760,능길역,4호선,상행,21,5,14,12.9
ansangwacheon-1760,능길역,4호선,상행,22,4,11,16.4
ansangwacheon-1760,능길역,4호선,상행,23,2,7,25.7
ansangwacheon-1760,능길역,4호선,상행,24,1,3,60.0
ansangwacheon-1760,능길역,4호선,하행,5,1,4,45.0
ansangwacheon-1760,능길역,4호선,하행,6,3,10,18.0
ansangwacheon-1760,능길역,4호선,하행,7,6,16,11.2
ansangwacheon-1760,능길역,4호선,하행,8,7,20,9.0
ansangwacheon-1760,능길역,4호선,하행,9,7,21,8.6
ansangwacheon-1760,능길역,4호선,하행,10,7,19,9.5
ansangwacheon-1760,능길역,4호선,하행,11,5,18,10.0
ansangwacheon-1760,능길역,4호선,하행,12,6,16,11.2
ansangwacheon-1760,능길역,4호선,하행,13,5,16,11.2
ansangwacheon-1760,능길역,4호선,하행,14,5,16,11.2
ansangwacheon-1760,능길역,4호선,하행,15,6,17,10.6
ansangwacheon-1760,능길역,4호선,하행,16,6,18,10.0
ansangwacheon-1760,능길역,4호선,하행,17,6,19,9.5
ansangwacheon-1760,능길역,4호선,하행,18,7,21,8.6
ansangwacheon-1760,능길역,4호선,하행,19,8,21,8.6
ansangwacheon-1760,능길역,4호선,하행,20,6,20,9.0
ansangwacheon-1760,능길역,4호선,하행,21,6,17,10.6
ansangwacheon-1760,능길역,4호선,하행,22,5,15,12.0
ansangwacheon-1760,능길역,4호선,하행,23,4,11,16.4
ansangwacheon-1760,능길역,4호선,하행,24,2,6,30.0
ansangwacheon-1761,정왕역,4호선,상행,5,6,13,13.8
ansangwacheon-1761,정왕역,4호선,상행,6,7,22,8.2
ansangwacheon-1761,정왕역,4호선,상행,7,9,22,8.2
ansangwacheon-1761,정왕역,4호선,상행,8,6,21,8.6
ansangwacheon-1761,정왕역,4호선,상행,9,6,18,10.0
ansangwacheon-1761,정왕역,4호선,상행,10,6,18,10.0
ansangwacheon-1761,정왕역,4호선,상행,11,6,17,10.6
ansangwacheon-1761,정왕역,4호선,상행,12,5,16,11.2
ansangwacheon-1761,정왕역,4호선,상행,13,5,16,11.2
ansangwacheon-1761,정왕역,4호선,상행,14,6,17,10.6
ansangwacheon-1761,정왕역,4호선,상행,15,6,17,10.6
ansangwacheon-1761,정왕역,4호선,상행,16,5,17,10.6
ansangwacheon-1761,정왕역,4호선,상행,17,6,19,9.5
ansangwacheon-1761,정왕역,4호선,상행,18,8,21,8.6
ansangwacheon-1761,정왕역,4호선,상행,19,7,20,9.0
ansangwacheon-1761,정왕역,4호선,상행,20,5,16,11.2
ansangwacheon-1761,정왕역,4호선,상행,21,4,14,12.9
ansangwacheon-1761,정왕역,4호선,상행,22,5,10,18.0
ansangwacheon-1761,정왕역,4호선,상행,23,1,7,25.7
ansangwacheon-1761,정왕역,4호선,상행,24,1,2,90.0
ansangwacheon-1761,정왕역,4호선,하행,5,1,4,45.0
ansangwacheon-1761,정왕역,4호선,하행,6,3,10,18.0
ansangwacheon-1761,정왕역,4호선,하행,7,6,15,12.0
ansangwacheon-1761,정왕역,4호선,하행,8,6,19,9.5
ansangwacheon-1761,정왕역,4호선,하행,9,7,20,9.0
ansangwacheon-1761,정왕역,4호선,하행,10,7,20,9.0
ansangwacheon-1761,정왕역,4호선,하행,11,6,18,10.0
ansangwacheon-1761,정왕역,4호선,하행,12,5,16,11.2
ansangwacheon-1761,정왕역,4호선,하행,13,5,16,11.2
ansangwacheon-1761,정왕역,4호선,하행,14,6,17,10.6
ansangwacheon-1761,정왕역,4호선,하행,15,6,17,10.6
ansangwacheon-1761,정왕역,4호선,하행,16,5,18,10.0
ansangwacheon-1761,정왕역,4호선,하행,17,7,18,10.0
ansangwacheon-1761,정왕역,4호선,하행,18,6,22,8.2
ansangwacheon-1761,정왕역,4호선,하행,19,9,22,8.2
ansangwacheon-1761,정왕역,4호선,하행,20,7,23,7.8
ansangwacheon-1761,정왕역,4호선,하행,21,7,20,9.0
ansangwacheon-1761,정왕역,4호선,하행,22,6,17,10.6
ansangwacheon-1761,정왕역,4호선,하행,23,4,12,15.0
ansangwacheon-1761,정왕역,4호선,하행,24,2,6,30.0
ansangwacheon-1762,오이도역,4호선,상행,5,6,14,12.9
ansangwacheon-1762,오이도역,4호선,상행,6,8,23,7.8
ansangwacheon-1762,오이도역,4호선,상행,7,9,22,8.2
ansangwacheon-1762,오이도역,4호선,상행,8,5,20,9.0
ansangwacheon-1762,오이도역,4호선,상행,9,6,18,10.0
ansangwacheon-1762,오이도역,4호선,상행,10,7,18,10.0
ansangwacheon-1762,오이도역,4호선,상행,11,5,17,10.6
ansangwacheon-1762,오이도역,4호선,상행,12,5,16,11.2
ansangwacheon-1762,오이도역,4호선,상행,13,6,16,11.2
ansangwacheon-1762,오이도역,4호선,상행,14,5,17,10.6
ansangwacheon-1762,오이도역,4호선,상행,15,6,16,11.2
ansangwacheon-1762,오이도역,4호선,상행,16,5,18,10.0
ansangwacheon-1762,오이도역,4호선,상행,17,7,20,9.0
ansangwacheon-1762,오이도역,4호선,상행,18,8,21,8.6
ansangwacheon-1762,오이도역,4호선,상행,19,6,19,9.5
ansangwacheon-1762,오이도역,4호선,상행,20,5,16,11.2
ansangwacheon-1762,오이도역,4호선,상행,21,5,14,12.9
ansangwacheon-1762,오이도역,4호선,상행,22,4,10,18.0
ansangwacheon-1762,오이도역,4호선,상행,23,1,6,30.0
ansangwacheon-1762,오이도역,4호선,상행,24,1,2,90.0
ansangwacheon-1763,수리산역,4호선,상행,5,3,11,16.4
ansangwacheon-1763,수리산역,4호선,상행,6,8,20,9.0
ansangwacheon-1763,수리산역,4호선,상행,7,9,24,7.5
ansangwacheon-1763,수리산역,4호선,상행,8,7,22,8.2
ansangwacheon-1763,수리산역,4호선,상행,9,6,20,9.0
ansangwacheon-1763,수리산역,4호선,상행,10,7,19,9.5
ansangwacheon-1763,수리산역,4호선,상행,11,6,18,10.0
ansangwacheon-1763,수리산역,4호선,상행,12,5,17,10.6
ansangwacheon-1763,수리산역,4호선,상행,13,6,17,10.6
ansangwacheon-1763,수리산역,4호선,상행,14,6,19,9.5
ansangwacheon-1763,수리산역,4호선,상행,15,7,20,9.0
ansangwacheon-1763,수리산역,4호선,상행,16,7,22,8.2
ansangwacheon-1763,수리산역,4호선,상행,17,8,23,7.8
ansangwacheon-1763,수리산역,4호선,상행,18,8,23,7.8
ansangwacheon-1763,수리산역,4호선,상행,19,7,24,7.5
ansangwacheon-1763,수리산역,4호선,상행,20,9,20,9.0
ansangwacheon-1763,수리산역,4호선,상행,21,4,18,10.0
ansangwacheon-1763,수리산역,4호선,상행,22,5,12,15.0
ansangwacheon-1763,수리산역,4호선,상행,23,3,9,20.0
ansangwacheon-1763,수리산역,4호선,상행,24,1,4,45.0
ansangwacheon-1763,수리산역,4호선,하행,5,1,5,36.0
ansangwacheon-1763,수리산역,4호선,하행,6,4,12,15.0
ansangwacheon-1763,수리산역,4호선,하행,7,7,21,8.6
ansangwacheon-1763,수리산역,4호선,하행,8,10,26,6.9
ansangwacheon-1763,수리산역,4호선,하행,9,9,28,6.4
ansangwacheon-1763,수리산역,4호선,하행,10,9,23,7.8
ansangwacheon-1763,수리산역,4호선,하행,11,5,20,9.0
ansangwacheon-1763,수리산역,4호선,하행,12,6,17,10.6
ansangwacheon-1763,수리산역,4호선,하행,13,6,18,10.0
ansangwacheon-1763,수리산역,4호선,하행,14,6,17,10.6
ansangwacheon-1763,수리산역,4호선,하행,15,5,17,10.6
ansangwacheon-1763,수리산역,4호선,하행,16,6,17,10.6
ansangwacheon-1763,수리산역,4호선,하행,17,6,20,9.0
ansangwacheon-1763,수리산역,4호선,하행,18,8,22,8.2
ansangwacheon-1763,수리산역,4호선,하행,19,8,23,7.8
ansangwacheon-1763,수리산역,4호선,하행,20,7,22,8.2
ansangwacheon-1763,수리산역,4호선,하행,21,7,21,8.6
ansangwacheon-1763,수리산역,4호선,하행,22,7,19,9.5
ansangwacheon-1763,수리산역,4호선,하행,23,5,14,12.9
ansangwacheon-1763,수리산역,4호선,하행,24,2,7,25.7
jinjeop-0405,진접역,4호선,하행,5,2,6,30.0
jinjeop-0405,진접역,4호선,하행,6,4,12,15.0
jinjeop-0405,진접역,4호선,하행,7,6,16,11.2
jinjeop-0405,진접역,4호선,하행,8,6,16,11.2
jinjeop-0405,진접역,4호선,하행,9,4,14,12.9
jinjeop-0405,진접역,4호선,하행,10,4,12,15.0
jinjeop-0405,진접역,4호선,하행,11,4,12,15.0
jinjeop-0405,진접역,4호선,하행,12,4,13,13.8
jinjeop-0405,진접역,4호선,하행,13,5,12,15.0
jinjeop-0405,진접역,4호선,하행,14,3,12,15.0
jinjeop-0405,진접역,4호선,하행,15,4,11,16.4
jinjeop-0405,진접역,4호선,하행,16,4,12,15.0
jinjeop-0405,진접역,4호선,하행,17,4,13,13.8
jinjeop-0405,진접역,4호선,하행,18,5,13,13.8
jinjeop-0405,진접역,4호선,하행,19,4,13,13.8
jinjeop-0405,진접역,4호선,하행,20,4,12,15.0
jinjeop-0405,진접역,4호선,하행,21,4,11,16.4
jinjeop-0405,진접역,4호선,하행,22,3,10,18.0
jinjeop-0405,진접역,4호선,하행,23,3,8,22.5
jinjeop-0405,진접역,4호선,하행,24,2,5,36.0
jinjeop-0406,오남역,4호선,상행,5,1,5,36.0
jinjeop-0406,오남역,4호선,상행,6,4,11,16.4
jinjeop-0406,오남역,4호선,상행,7,6,16,11.2
jinjeop-0406,오남역,4호선,상행,8,6,16,11.2
jinjeop-0406,오남역,4호선,상행,9,4,14,12.9
jinjeop-0406,오남역,4호선,상행,10,4,11,16.4
jinjeop-0406,오남역,4호선,상행,11,3,12,15.0
jinjeop-0406,오남역,4호선,상행,12,5,13,13.8
jinjeop-0406,오남역,4호선,상행,13,5,13,13.8
jinjeop-0406,오남역,4호선,상행,14,3,12,15.0
jinjeop-0406,오남역,4호선,상행,15,4,11,16.4
jinjeop-0406,오남역,4호선,상행,16,4,12,15.0
jinjeop-0406,오남역,4호선,상행,17,4,13,13.8
jinjeop-0406,오남역,4호선,상행,18,5,13,13.8
jinjeop-0406,오남역,4호선,상행,19,4,13,13.8
jinjeop-0406,오남역,4호선,상행,20,4,12,15.0
jinjeop-0406,오남역,4호선,상행,21,4,11,16.4
jinjeop-0406,오남역,4호선,상행,22,3,9,20.0
jinjeop-0406,오남역,4호선,상행,23,2,9,20.0
jinjeop-0406,오남역,4호선,상행,24,4,6,30.0
jinjeop-0406,오남역,4호선,하행,5,2,6,30.0
jinjeop-0406,오남역,4호선,하행,6,4,12,15.0
jinjeop-0406,오남역,4호선,하행,7,6,15,12.0
jinjeop-0406,오남역,4호선,하행,8,5,16,11.2
jinjeop-0406,오남역,4호선,하행,9,5,14,12.9
jinjeop-0406,오남역,4호선,하행,10,4,12,15.0
jinjeop-0406,오남역,4호선,하행,11,3,12,15.0
jinjeop-0406,오남역,4호선,하행,12,5,13,13.8
jinjeop-0406,오남역,4호선,하행,13,5,13,13.8
jinjeop-0406,오남역,4호선,하행,14,3,12,15.0
jinjeop-0406,오남역,4호선,하행,15,4,11,16.4
jinjeop-0406,오남역,4호선,하행,16,4,12,15.0
jinjeop-0406,오남역,4호선,하행,17,4,13,13.8
jinjeop-0406,오남역,4호선,하행,18,5,13,13.8
jinjeop-0406,오남역,4호선,하행,19,4,13,13.8
jinjeop-0406,오남역,4호선,하행,20,4,12,15.0
jinjeop-0406,오남역,4호선,하행,21,4,11,16.4
jinjeop-0406,오남역,4호선,하행,22,3,10,18.0
jinjeop-0406,오남역,4호선,하행,23,3,8,22.5
jinjeop-0406,오남역,4호선,하행,24,2,5,36.0
jinjeop-0408,별내별가람역,4호선,상행,5,2,5,36.0
jinjeop-0408,별내별가람역,4호선,상행,6,3,12,15.0
jinjeop-0408,별내별가람역,4호선,상행,7,7,15,12.0
jinjeop-0408,별내별가람역,4호선,상행,8,5,17,10.6
jinjeop-0408,별내별가람역,4호선,상행,9,5,13,13.8
jinjeop-0408,별내별가람역,4호선,상행,10,3,12,15.0
jinjeop-0408,별내별가람역,4호선,상행,11,4,12,15.0
jinjeop-0408,별내별가람역,4호선,상행,12,5,13,13.8
jinjeop-0408,별내별가람역,4호선,상행,13,4,13,13.8
jinjeop-0408,별내별가람역,4호선,상행,14,4,12,15.0
jinjeop-0408,별내별가람역,4호선,상행,15,4,11,16.4
jinjeop-0408,별내별가람역,4호선,상행,16,3,11,16.4
jinjeop-0408,별내별가람역,4호선,상행,17,4,12,15.0
jinjeop-0408,별내별가람역,4호선,상행,18,5,13,13.8
jinjeop-0408,별내별가람역,4호선,상행,19,4,13,13.8
jinjeop-0408,별내별가람역,4호선,상행,20,4,12,15.0
jinjeop-0408,별내별가람역,4호선,상행,21,4,11,16.4
jinjeop-0408,별내별가람역,4호선,상행,22,3,10,18.0
jinjeop-0408,별내별가람역,4호선,상행,23,3,9,20.0
jinjeop-0408,별내별가람역,4호선,상행,24,3,6,30.0
jinjeop-0408,별내별가람역,4호선,하행,5,2,6,30.0
jinjeop-0408,별내별가람역,4호선,하행,6,4,11,16.4
jinjeop-0408,별내별가람역,4호선,하행,7,5,15,12.0
jinjeop-0408,별내별가람역,4호선,하행,8,6,16,11.2
jinjeop-0408,별내별가람역,4호선,하행,9,5,15,12.0
jinjeop-0408,별내별가람역,4호선,하행,10,4,12,15.0
jinjeop-0408,별내별가람역,4호선,하행,11,3,11,16.4
jinjeop-0408,별내별가람역,4호선,하행,12,4,12,15.0
jinjeop-0408,별내별가람역,4호선,하행,13,5,13,13.8
jinjeop-0408,별내별가람역,4호선,하행,14,4,13,13.8
jinjeop-0408,별내별가람역,4호선,하행,15,4,12,15.0
jinjeop-0408,별내별가람역,4호선,하행,16,4,11,16.4
jinjeop-0408,별내별가람역,4호선,하행,17,3,12,15.0
jinjeop-0408,별내별가람역,4호선,하행,18,5,12,15.0
jinjeop-0408,별내별가람역,4호선,하행,19,4,13,13.8
jinjeop-0408,별내별가람역,4호선,하행,20,4,12,15.0
jinjeop-0408,별내별가람역,4호선,하행,21,4,12,15.0
jinjeop-0408,별내별가람역,4호선,하행,22,4,10,18.0
jinjeop-0408,별내별가람역,4호선,하행,23,2,9,20.0
jinjeop-0408,별내별가람역,4호선,하행,24,3,5,36.0
seoul4-0409,불암산,4호선,상행,5,2,6,30.0
seoul4-0409,불암산,4호선,상행,6,4,12,15.0
seoul4-0409,불암산,4호선,상행,7,6,16,11.2
seoul4-0409,불암산,4호선,상행,8,6,16,11.2
seoul4-0409,불암산,4호선,상행,9,4,13,13.8
seoul4-0409,불암산,4호선,상행,10,3,11,16.4
seoul4-0409,불암산,4호선,상행,11,4,13,13.8
seoul4-0409,불암산,4호선,상행,12,6,14,12.9
seoul4-0409,불암산,4호선,상행,13,4,13,13.8
seoul4-0409,불암산,4호선,상행,14,3,11,16.4
seoul4-0409,불암산,4호선,상행,15,4,11,16.4
seoul4-0409,불암산,4호선,상행,16,4,12,15.0
seoul4-0409,불암산,4호선,상행,17,4,13,13.8
seoul4-0409,불암산,4호선,상행,18,5,13,13.8
seoul4-0409,불암산,4호선,상행,19,4,13,13.8
seoul4-0409,불암산,4호선,상행,20,4,11,16.4
seoul4-0409,불암산,4호선,상행,21,3,10,18.0
seoul4-0409,불암산,4호선,상행,22,3,9,20.0
seoul4-0409,불암산,4호선,상행,23,3,9,20.0
seoul4-0409,불암산,4호선,상행,24,3,6,30.0
seoul4-0409,불암산,4호선,하행,5,6,19,9.5
seoul4-0409,불암산,4호선,하행,6,13,35,5.1
seoul4-0409,불암산,4호선,하행,7,16,44,4.1
seoul4-0409,불암산,4호선,하행,8,15,44,4.1
seoul4-0409,불암산,4호선,하행,9,13,39,4.6
seoul4-0409,불암산,4호선,하행,10,11,35,5.1
seoul4-0409,불암산,4호선,하행,11,11,32,5.6
seoul4-0409,불암산,4호선,하행,12,10,32,5.6
seoul4-0409,불암산,4호선,하행,13,11,32,5.6
seoul4-0409,불암산,4호선,하행,14,11,32,5.6
seoul4-0409,불암산,4호선,하행,15,10,34,5.3
seoul4-0409,불암산,4호선,하행,16,13,38,4.7
seoul4-0409,불암산,4호선,하행,17,15,44,4.1
seoul4-0409,불암산,4호선,하행,18,16,46,3.9
seoul4-0409,불암산,4호선,하행,19,15,44,4.1
seoul4-0409,불암산,4호선,하행,20,13,38,4.7
seoul4-0409,불암산,4호선,하행,21,10,32,5.6
seoul4-0409,불암산,4호선,하행,22,9,23,7.8
seoul4-0409,불암산,4호선,하행,23,4,15,12.0
seoul4-0409,불암산,4호선,하행,24,2,6,30.0
seoul4-0410,상계,4호선,상행,6,6,18,10.0
seoul4-0410,상계,4호선,상행,7,12,35,5.1
seoul4-0410,상계,4호선,상행,8,17,47,3.8
seoul4-0410,상계,4호선,상행,9,18,49,3.7
seoul4-0410,상계,4호선,상행,10,14,44,4.1
seoul4-0410,상계,4호선,상행,11,12,38,4.7
seoul4-0410,상계,4호선,상행,12,12,35,5.1
seoul4-0410,상계,4호선,상행,13,11,33,5.5
seoul4-0410,상계,4호선,상행,14,10,32,5.6
seoul4-0410,상계,4호선,상행,15,11,33,5.5
seoul4-0410,상계,4호선,상행,16,12,34,5.3
seoul4-0410,상계,4호선,상행,17,11,37,4.9
seoul4-0410,상계,4호선,상행,18,14,42,4.3
seoul4-0410,상계,4호선,상행,19,17,47,3.8
seoul4-0410,상계,4호선,상행,20,16,47,3.8
seoul4-0410,상계,4호선,상행,21,14,43,4.2
seoul4-0410,상계,4호선,상행,22,13,36,5.0
seoul4-0410,상계,4호선,상행,23,9,28,6.4
seoul4-0410,상계,4호선,상행,24,6,16,11.2
seoul4-0410,상계,4호선,상행,25,1,7,25.7
seoul4-0410,상계,4호선,하행,5,6,18,10.0
seoul4-0410,상계,4호선,하행,6,12,34,5.3
seoul4-0410,상계,4호선,하행,7,16,43,4.2
seoul4-0410,상계,4호선,하행,8,15,44,4.1
seoul4-0410,상계,4호선,하행,9,13,39,4.6
seoul4-0410,상계,4호선,하행,10,11,35,5.1
seoul4-0410,상계,4호선,하행,11,11,32,5.6
seoul4-0410,상계,4호선,하행,12,10,33,5.5
seoul4-0410,상계,4호선,하행,13,12,32,5.6
seoul4-0410,상계,4호선,하행,14,10,33,5.5
seoul4-0410,상계,4호선,하행,15,11,33,5.5
seoul4-0410,상계,4호선,하행,16,12,38,4.7
seoul4-0410,상계,4호선,하행,17,15,43,4.2
seoul4-0410,상계,4호선,하행,18,16,46,3.9
seoul4-0410,상계,4호선,하행,19,15,45,4.0
seoul4-0410,상계,4호선,하행,20,14,39,4.6
seoul4-0410,상계,4호선,하행,21,10,32,5.6
seoul4-0410,상계,4호선,하행,22,8,23,7.8
seoul4-0410,상계,4호선,하행,23,5,15,12.0
seoul4-0410,상계,4호선,하행,24,2,7,25.7
seoul4-0411,노원,4호선,상행,6,6,18,10.0
seoul4-0411,노원,4호선,상행,7,12,36,5.0
seoul4-0411,노원,4호선,상행,8,18,47,3.8
seoul4-0411,노원,4호선,상행,9,17,49,3.7
seoul4-0411,노원,4호선,상행,10,14,44,4.1
seoul4-0411,노원,4호선,상행,11,13,39,4.6
seoul4-0411,노원,4호선,상행,12,12,35,5.1
seoul4-0411,노원,4호선,상행,13,10,33,5.5
seoul4-0411,노원,4호선,상행,14,11,32,5.6
seoul4-0411,노원,4호선,상행,15,11,34,5.3
seoul4-0411,노원,4호선,상행,16,12,34,5.3
seoul4-0411,노원,4호선,상행,17,11,37,4.9
seoul4-0411,노원,4호선,상행,18,14,42,4.3
seoul4-0411,노원,4호선,상행,19,17,46,3.9
seoul4-0411,노원,4호선,상행,20,15,47,3.8
seoul4-0411,노원,4호선,상행,21,15,42,4.3
seoul4-0411,노원,4호선,상행,22,12,36,5.0
seoul4-0411,노원,4호선,상행,23,9,27,6.7
seoul4-0411,노원,4호선,상행,24,6,16,11.2
seoul4-0411,노원,4호선,상행,25,1,7,25.7
seoul4-0411,노원,4호선,하행,5,6,19,9.5
seoul4-0411,노원,4호선,하행,6,13,35,5.1
seoul4-0411,노원,4호선,하행,7,16,44,4.1
seoul4-0411,노원,4호선,하행,8,15,44,4.1
seoul4-0411,노원,4호선,하행,9,13,39,4.6
seoul4-0411,노원,4호선,하행,10,11,35,5.1
seoul4-0411,노원,4호선,하행,11,11,32,5.6
seoul4-0411,노원,4호선,하행,12,10,32,5.6
seoul4-0411,노원,4호선,하행,13,11,32,5.6
seoul4-0411,노원,4호선,하행,14,11,32,5.6
seoul4-0411,노원,4호선,하행,15,10,34,5.3
seoul4-0411,노원,4호선,하행,16,13,37,4.9
seoul4-0411,노원,4호선,하행,17,14,43,4.2
seoul4-0411,노원,4호선,하행,18,16,46,3.9
seoul4-0411,노원,4호선,하행,19,16,46,3.9
seoul4-0411,노원,4호선,하행,20,14,40,4.5
seoul4-0411,노원,4호선,하행,21,10,32,5.6
seoul4-0411,노원,4호선,하행,22,8,23,7.8
seoul4-0411,노원,4호선,하행,23,5,15,12.0
seoul4-0411,노원,4호선,하행,24,2,7,25.7
seoul4-0412,창동,4호선,상행,6,6,19,9.5
seoul4-0412,창동,4호선,상행,7,13,37,4.9
seoul4-0412,창동,4호선,상행,8,18,48,3.8
seoul4-0412,창동,4호선,상행,9,17,48,3.8
seoul4-0412,창동,4호선,상행,10,13,43,4.2
seoul4-0412,창동,4호선,상행,11,13,38,4.7
seoul4-0412,창동,4호선,상행,12,12,35,5.1
seoul4-0412,창동,4호선,상행,13,10,33,5.5
seoul4-0412,창동,4호선,상행,14,11,32,5.6
seoul4-0412,창동,4호선,상행,15,11,34,5.3
seoul4-0412,창동,4호선,상행,16,12,34,5.3
seoul4-0412,창동,4호선,상행,17,11,37,4.9
seoul4-0412,창동,4호선,상행,18,14,43,4.2
seoul4-0412,창동,4호선,상행,19,18,47,3.8
seoul4-0412,창동,4호선,상행,20,15,47,3.8
seoul4-0412,창동,4호선,상행,21,14,42,4.3
seoul4-0412,창동,4호선,상행,22,13,35,5.1
seoul4-0412,창동,4호선,상행,23,8,28,6.4
seoul4-0412,창동,4호선,상행,24,7,15,12.0
seoul4-0412,창동,4호선,하행,5,6,21,8.6
seoul4-0412,창동,4호선,하행,6,15,39,4.6
seoul4-0412,창동,4호선,하행,7,18,50,3.6
seoul4-0412,창동,4호선,하행,8,17,49,3.7
seoul4-0412,창동,4호선,하행,9,14,42,4.3
seoul4-0412,창동,4호선,하행,10,11,35,5.1
seoul4-0412,창동,4호선,하행,11,10,31,5.8
seoul4-0412,창동,4호선,하행,12,10,32,5.6
seoul4-0412,창동,4호선,하행,13,12,33,5.5
seoul4-0412,창동,4호선,하행,14,11,33,5.5
seoul4-0412,창동,4호선,하행,15,10,33,5.5
seoul4-0412,창동,4호선,하행,16,12,38,4.7
seoul4-0412,창동,4호선,하행,17,16,46,3.9
seoul4-0412,창동,4호선,하행,18,18,50,3.6
seoul4-0412,창동,4호선,하행,19,16,48,3.8
seoul4-0412,창동,4호선,하행,20,14,40,4.5
seoul4-0412,창동,4호선,하행,21,10,33,5.5
seoul4-0412,창동,4호선,하행,22,9,24,7.5
seoul4-0412,창동,4호선,하행,23,5,16,11.2
seoul4-0412,창동,4호선,하행,24,2,7,25.7
seoul4-0413,쌍문,4호선,상행,6,7,19,9.5
seoul4-0413,쌍문,4호선,상행,7,12,37,4.9
seoul4-0413,쌍문,4호선,상행,8,18,47,3.8
seoul4-0413,쌍문,4호선,상행,9,17,49,3.7
seoul4-0413,쌍문,4호선,상행,10,14,44,4.1
seoul4-0413,쌍문,4호선,상행,11,13,38,4.7
seoul4-0413,쌍문,4호선,상행,12,11,35,5.1
seoul4-0413,쌍문,4호선,상행,13,11,32,5.6
seoul4-0413,쌍문,4호선,상행,14,10,32,5.6
seoul4-0413,쌍문,4호선,상행,15,11,33,5.5
seoul4-0413,쌍문,4호선,상행,16,12,34,5.3
seoul4-0413,쌍문,4호선,상행,17,11,38,4.7
seoul4-0413,쌍문,4호선,상행,18,15,43,4.2
seoul4-0413,쌍문,4호선,상행,19,17,48,3.8
seoul4-0413,쌍문,4호선,상행,20,16,47,3.8
seoul4-0413,쌍문,4호선,상행,21,14,42,4.3
seoul4-0413,쌍문,4호선,상행,22,12,35,5.1
seoul4-0413,쌍문,4호선,상행,23,9,27,6.7
seoul4-0413,쌍문,4호선,상행,24,6,15,12.0
seoul4-0413,쌍문,4호선,하행,5,5,21,8.6
seoul4-0413,쌍문,4호선,하행,6,16,39,4.6
seoul4-0413,쌍문,4호선,하행,7,18,51,3.5
seoul4-0413,쌍문,4호선,하행,8,17,48,3.8
seoul4-0413,쌍문,4호선,하행,9,13,41,4.4
seoul4-0413,쌍문,4호선,하행,10,11,34,5.3
seoul4-0413,쌍문,4호선,하행,11,10,32,5.6
seoul4-0413,쌍문,4호선,하행,12,11,32,5.6
seoul4-0413,쌍문,4호선,하행,13,11,33,5.5
seoul4-0413,쌍문,4호선,하행,14,11,33,5.5
seoul4-0413,쌍문,4호선,하행,15,11,33,5.5
seoul4-0413,쌍문,4호선,하행,16,11,39,4.6
seoul4-0413,쌍문,4호선,하행,17,17,45,4.0
seoul4-0413,쌍문,4호선,하행,18,17,50,3.6
seoul4-0413,쌍문,4호선,하행,19,16,47,3.8
seoul4-0413,쌍문,4호선,하행,20,14,41,4.4
seoul4-0413,쌍문,4호선,하행,21,11,33,5.5
seoul4-0413,쌍문,4호선,하행,22,8,25,7.2
seoul4-0413,쌍문,4호선,하행,23,6,16,11.2
seoul4-0413,쌍문,4호선,하행,24,2,8,22.5
seoul4-0414,수유(강북구청),4호선,상행,5,1,7,25.7
seoul4-0414,수유(강북구청),4호선,상행,6,6,20,9.0
seoul4-0414,수유(강북구청),4호선,상행,7,13,37,4.9
seoul4-0414,수유(강북구청),4호선,상행,8,18,48,3.8
seoul4-0414,수유(강북구청),4호선,상행,9,17,48,3.8
seoul4-0414,수유(강북구청),4호선,상행,10,13,43,4.2
seoul4-0414,수유(강북구청),4호선,상행,11,13,37,4.9
seoul4-0414,수유(강북구청),4호선,상행,12,11,35,5.1
seoul4-0414,수유(강북구청),4호선,상행,13,11,33,5.5
seoul4-0414,수유(강북구청),4호선,상행,14,11,32,5.6
seoul4-0414,수유(강북구청),4호선,상행,15,10,34,5.3
seoul4-0414,수유(강북구청),4호선,상행,16,13,34,5.3
seoul4-0414,수유(강북구청),4호선,상행,17,11,39,4.6
seoul4-0414,수유(강북구청),4호선,상행,18,15,43,4.2
seoul4-0414,수유(강북구청),4호선,상행,19,17,47,3.8
seoul4-0414,수유(강북구청),4호선,상행,20,15,46,3.9
seoul4-0414,수유(강북구청),4호선,상행,21,14,41,4.4
seoul4-0414,수유(강북구청),4호선,상행,22,12,35,5.1
seoul4-0414,수유(강북구청),4호선,상행,23,9,27,6.7
seoul4-0414,수유(강북구청),4호선,상행,24,6,15,12.0
seoul4-0414,수유(강북구청),4호선,하행,5,5,20,9.0
seoul4-0414,수유(강북구청),4호선,하행,6,15,38,4.7
seoul4-0414,수유(강북구청),4호선,하행,7,18,50,3.6
seoul4-0414,수유(강북구청),4호선,하행,8,17,48,3.8
seoul4-0414,수유(강북구청),4호선,하행,9,13,42,4.3
seoul4-0414,수유(강북구청),4호선,하행,10,12,35,5.1
seoul4-0414,수유(강북구청),4호선,하행,11,10,33,5.5
seoul4-0414,수유(강북구청),4호선,하행,12,11,32,5.6
seoul4-0414,수유(강북구청),4호선,하행,13,11,33,5.5
seoul4-0414,수유(강북구청),4호선,하행,14,11,32,5.6
seoul4-0414,수유(강북구청),4호선,하행,15,10,33,5.5
seoul4-0414,수유(강북구청),4호선,하행,16,12,39,4.6
seoul4-0414,수유(강북구청),4호선,하행,17,17,45,4.0
seoul4-0414,수유(강북구청),4호선,하행,18,16,49,3.7
seoul4-0414,수유(강북구청),4호선,하행,19,16,46,3.9
seoul4-0414,수유(강북구청),4호선,하행,20,14,41,4.4
seoul4-0414,수유(강북구청),4호선,하행,21,11,34,5.3
seoul4-0414,수유(강북구청),4호선,하행,22,9,26,6.9
seoul4-0414,수유(강북구청),4호선,하행,23,6,17,10.6
seoul4-0414,수유(강북구청),4호선,하행,24,2,8,22.5
seoul4-0415,미아(서울사이버대학),4호선,상행,5,1,7,25.7
seoul4-0415,미아(서울사이버대학),4호선,상행,6,6,21,8.6
seoul4-0415,미아(서울사이버대학),4호선,상행,7,14,37,4.9
seoul4-0415,미아(서울사이버대학),4호선,상행,8,17,48,3.8
seoul4-0415,미아(서울사이버대학),4호선,상행,9,17,48,3.8
seoul4-0415,미아(서울사이버대학),4호선,상행,10,14,43,4.2
seoul4-0415,미아(서울사이버대학),4호선,상행,11,12,38,4.7
seoul4-0415,미아(서울사이버대학),4호선,상행,12,12,34,5.3
seoul4-0415,미아(서울사이버대학),4호선,상행,13,10,33,5.5
seoul4-0415,미아(서울사이버대학),4호선,상행,14,11,32,5.6
seoul4-0415,미아(서울사이버대학),4호선,상행,15,11,34,5.3
seoul4-0415,미아(서울사이버대학),4호선,상행,16,12,34,5.3
seoul4-0415,미아(서울사이버대학),4호선,상행,17,11,38,4.7
seoul4-0415,미아(서울사이버대학),4호선,상행,18,15,43,4.2
seoul4-0415,미아(서울사이버대학),4호선,상행,19,17,48,3.8
seoul4-0415,미아(서울사이버대학),4호선,상행,20,16,47,3.8
seoul4-0415,미아(서울사이버대학),4호선,상행,21,14,42,4.3
seoul4-0415,미아(서울사이버대학),4호선,상행,22,12,34,5.3
seoul4-0415,미아(서울사이버대학),4호선,상행,23,8,26,6.9
seoul4-0415,미아(서울사이버대학),4호선,상행,24,6,14,12.9
seoul4-0415,미아(서울사이버대학),4호선,하행,5,5,19,9.5
seoul4-0415,미아(서울사이버대학),4호선,하행,6,14,37,4.9
seoul4-0415,미아(서울사이버대학),4호선,하행,7,18,49,3.7
seoul4-0415,미아(서울사이버대학),4호선,하행,8,17,48,3.8
seoul4-0415,미아(서울사이버대학),4호선,하행,9,13,42,4.3
seoul4-0415,미아(서울사이버대학),4호선,하행,10,12,36,5.0
seoul4-0415,미아(서울사이버대학),4호선,하행,11,11,33,5.5
seoul4-0415,미아(서울사이버대학),4호선,하행,12,10,32,5.6
seoul4-0415,미아(서울사이버대학),4호선,하행,13,11,32,5.6
seoul4-0415,미아(서울사이버대학),4호선,하행,14,11,33,5.5
seoul4-0415,미아(서울사이버대학),4호선,하행,15,11,33,5.5
seoul4-0415,미아(서울사이버대학),4호선,하행,16,11,39,4.6
seoul4-0415,미아(서울사이버대학),4호선,하행,17,17,45,4.0
seoul4-0415,미아(서울사이버대학),4호선,하행,18,17,50,3.6
seoul4-0415,미아(서울사이버대학),4호선,하행,19,16,47,3.8
seoul4-0415,미아(서울사이버대학),4호선,하행,20,14,41,4.4
seoul4-0415,미아(서울사이버대학),4호선,하행,21,11,34,5.3
seoul4-0415,미아(서울사이버대학),4호선,하행,22,9,25,7.2
seoul4-0415,미아(서울사이버대학),4호선,하행,23,5,17,10.6
seoul4-0415,미아(서울사이버대학),4호선,하행,24,3,8,22.5
seoul4-0416,미아사거리,4호선,상행,5,1,7,25.7
seoul4-0416,미아사거리,4호선,상행,6,6,21,8.6
seoul4-0416,미아사거리,4호선,상행,7,14,38,4.7
seoul4-0416,미아사거리,4호선,상행,8,18,49,3.7
seoul4-0416,미아사거리,4호선,상행,9,17,48,3.8
seoul4-0416,미아사거리,4호선,상행,10,13,43,4.2
seoul4-0416,미아사거리,4호선,상행,11,13,37,4.9
seoul4-0416,미아사거리,4호선,상행,12,11,35,5.1
seoul4-0416,미아사거리,4호선,상행,13,11,33,5.5
seoul4-0416,미아사거리,4호선,상행,14,11,32,5.6
seoul4-0416,미아사거리,4호선,상행,15,10,34,5.3
seoul4-0416,미아사거리,4호선,상행,16,13,34,5.3
seoul4-0416,미아사거리,4호선,상행,17,11,39,4.6
seoul4-0416,미아사거리,4호선,상행,18,15,43,4.2
seoul4-0416,미아사거리,4호선,상행,19,17,47,3.8
seoul4-0416,미아사거리,4호선,상행,20,15,47,3.8
seoul4-0416,미아사거리,4호선,상행,21,15,41,4.4
seoul4-0416,미아사거리,4호선,상행,22,11,34,5.3
seoul4-0416,미아사거리,4호선,상행,23,8,25,7.2
seoul4-0416,미아사거리,4호선,상행,24,6,14,12.9
seoul4-0416,미아사거리,4호선,하행,5,4,18,10.0
seoul4-0416,미아사거리,4호선,하행,6,14,36,5.0
seoul4-0416,미아사거리,4호선,하행,7,18,49,3.7
seoul4-0416,미아사거리,4호선,하행,8,17,49,3.7
seoul4-0416,미아사거리,4호선,하행,9,14,43,4.2
seoul4-0416,미아사거리,4호선,하행,10,12,36,5.0
seoul4-0416,미아사거리,4호선,하행,11,10,33,5.5
seoul4-0416,미아사거리,4호선,하행,12,11,32,5.6
seoul4-0416,미아사거리,4호선,하행,13,11,33,5.5
seoul4-0416,미아사거리,4호선,하행,14,11,32,5.6
seoul4-0416,미아사거리,4호선,하행,15,10,33,5.5
seoul4-0416,미아사거리,4호선,하행,16,12,39,4.6
seoul4-0416,미아사거리,4호선,하행,17,17,45,4.0
seoul4-0416,미아사거리,4호선,하행,18,16,49,3.7
seoul4-0416,미아사거리,4호선,하행,19,16,46,3.9
seoul4-0416,미아사거리,4호선,하행,20,14,42,4.3
seoul4-0416,미아사거리,4호선,하행,21,12,34,5.3
seoul4-0416,미아사거리,4호선,하행,22,8,26,6.9
seoul4-0416,미아사거리,4호선,하행,23,6,17,10.6
seoul4-0416,미아사거리,4호선,하행,24,3,9,20.0
seoul4-0417,길음,4호선,상행,5,1,8,22.5
seoul4-0417,길음,4호선,상행,6,7,21,8.6
seoul4-0417,길음,4호선,상행,7,13,39,4.6
seoul4-0417,길음,4호선,상행,8,19,49,3.7
seoul4-0417,길음,4호선,상행,9,17,49,3.7
seoul4-0417,길음,4호선,상행,10,13,43,4.2
seoul4-0417,길음,4호선,상행,11,13,37,4.9
seoul4-0417,길음,4호선,상행,12,11,34,5.3
seoul4-0417,길음,4호선,상행,13,10,32,5.6
seoul4-0417,길음,4호선,상행,14,11,32,5.6
seoul4-0417,길음,4호선,상행,15,11,34,5.3
seoul4-0417,길음,4호선,상행,16,12,34,5.3
seoul4-0417,길음,4호선,상행,17,11,39,4.6
seoul4-0417,길음,4호선,상행,18,16,44,4.1
seoul4-0417,길음,4호선,상행,19,17,48,3.8
seoul4-0417,길음,4호선,상행,20,15,47,3.8
seoul4-0417,길음,4호선,상행,21,15,40,4.5
seoul4-0417,길음,4호선,상행,22,10,33,5.5
seoul4-0417,길음,4호선,상행,23,8,24,7.5
seoul4-0417,길음,4호선,상행,24,6,14,12.9
seoul4-0417,길음,4호선,하행,5,4,18,10.0
seoul4-0417,길음,4호선,하행,6,14,35,5.1
seoul4-0417,길음,4호선,하행,7,17,49,3.7
seoul4-0417,길음,4호선,하행,8,18,48,3.8
seoul4-0417,길음,4호선,하행,9,13,44,4.1
seoul4-0417,길음,4호선,하행,10,13,36,5.0
seoul4-0417,길음,4호선,하행,11,10,33,5.5
seoul4-0417,길음,4호선,하행,12,10,31,5.8
seoul4-0417,길음,4호선,하행,13,11,32,5.6
seoul4-0417,길음,4호선,하행,14,11,33,5.5
seoul4-0417,길음,4호선,하행,15,11,33,5.5
seoul4-0417,길음,4호선,하행,16,11,39,4.6
seoul4-0417,길음,4호선,하행,17,17,45,4.0
seoul4-0417,길음,4호선,하행,18,17,50,3.6
seoul4-0417,길음,4호선,하행,19,16,47,3.8
seoul4-0417,길음,4호선,하행,20,14,41,4.4
seoul4-0417,길음,4호선,하행,21,11,34,5.3
seoul4-0417,길음,4호선,하행,22,9,26,6.9
seoul4-0417,길음,4호선,하행,23,6,18,10.0
seoul4-0417,길음,4호선,하행,24,3,9,20.0
seoul4-0418,성신여대입구(돈암),4호선,상행,5,1,8,22.5
seoul4-0418,성신여대입구(돈암),4호선,상행,6,7,22,8.2
seoul4-0418,성신여대입구(돈암),4호선,상행,7,14,40,4.5
seoul4-0418,성신여대입구(돈암),4호선,상행,8,19,49,3.7
seoul4-0418,성신여대입구(돈암),4호선,상행,9,16,48,3.8
seoul4-0418,성신여대입구(돈암),4호선,상행,10,13,43,4.2
seoul4-0418,성신여대입구(돈암),4호선,상행,11,14,37,4.9
seoul4-0418,성신여대입구(돈암),4호선,상행,12,10,35,5.1
seoul4-0418,성신여대입구(돈암),4호선,상행,13,11,31,5.8
seoul4-0418,성신여대입구(돈암),4호선,상행,14,10,32,5.6
seoul4-0418,성신여대입구(돈암),4호선,상행,15,11,34,5.3
seoul4-0418,성신여대입구(돈암),4호선,상행,16,13,35,5.1
seoul4-0418,성신여대입구(돈암),4호선,상행,17,11,40,4.5
seoul4-0418,성신여대입구(돈암),4호선,상행,18,16,44,4.1
seoul4-0418,성신여대입구(돈암),4호선,상행,19,17,47,3.8
seoul4-0418,성신여대입구(돈암),4호선,상행,20,14,47,3.8
seoul4-0418,성신여대입구(돈암),4호선,상행,21,16,40,4.5
seoul4-0418,성신여대입구(돈암),4호선,상행,22,10,33,5.5
seoul4-0418,성신여대입구(돈암),4호선,상행,23,7,23,7.8
seoul4-0418,성신여대입구(돈암),4호선,상행,24,6,13,13.8
seoul4-0418,성신여대입구(돈암),4호선,하행,5,3,17,10.6
seoul4-0418,성신여대입구(돈암),4호선,하행,6,14,35,5.1
seoul4-0418,성신여대입구(돈암),4호선,하행,7,18,49,3.7
seoul4-0418,성신여대입구(돈암),4호선,하행,8,17,49,3.7
seoul4-0418,성신여대입구(돈암),4호선,하행,9,14,43,4.2
seoul4-0418,성신여대입구(돈암),4호선,하행,10,12,36,5.0
seoul4-0418,성신여대입구(돈암),4호선,하행,11,10,33,5.5
seoul4-0418,성신여대입구(돈암),4호선,하행,12,11,32,5.6
seoul4-0418,성신여대입구(돈암),4호선,하행,13,11,33,5.5
seoul4-0418,성신여대입구(돈암),4호선,하행,14,11,32,5.6
seoul4-0418,성신여대입구(돈암),4호선,하행,15,10,32,5.6
seoul4-0418,성신여대입구(돈암),4호선,하행,16,11,38,4.7
seoul4-0418,성신여대입구(돈암),4호선,하행,17,17,45,4.0
seoul4-0418,성신여대입구(돈암),4호선,하행,18,17,50,3.6
seoul4-0418,성신여대입구(돈암),4호선,하행,19,16,47,3.8
seoul4-0418,성신여대입구(돈암),4호선,하행,20,14,42,4.3
seoul4-0418,성신여대입구(돈암),4호선,하행,21,12,35,5.1
seoul4-0418,성신여대입구(돈암),4호선,하행,22,9,27,6.7
seoul4-0418,성신여대입구(돈암),4호선,하행,23,6,18,10.0
seoul4-0418,성신여대입구(돈암),4호선,하행,24,3,9,20.0
seoul4-0419,한성대입구(삼선교),4호선,상행,5,1,8,22.5
seoul4-0419,한성대입구(삼선교),4호선,상행,6,7,23,7.8
seoul4-0419,한성대입구(삼선교),4호선,상행,7,15,40,4.5
seoul4-0419,한성대입구(삼선교),4호선,상행,8,18,50,3.6
seoul4-0419,한성대입구(삼선교),4호선,상행,9,17,48,3.8
seoul4-0419,한성대입구(삼선교),4호선,상행,10,13,43,4.2
seoul4-0419,한성대입구(삼선교),4호선,상행,11,13,37,4.9
seoul4-0419,한성대입구(삼선교),4호선,상행,12,11,34,5.3
seoul4-0419,한성대입구(삼선교),4호선,상행,13,10,32,5.6
seoul4-0419,한성대입구(삼선교),4호선,상행,14,11,31,5.8
seoul4-0419,한성대입구(삼선교),4호선,상행,15,10,34,5.3
seoul4-0419,한성대입구(삼선교),4호선,상행,16,13,34,5.3
seoul4-0419,한성대입구(삼선교),4호선,상행,17,11,40,4.5
seoul4-0419,한성대입구(삼선교),4호선,상행,18,16,44,4.1
seoul4-0419,한성대입구(삼선교),4호선,상행,19,17,48,3.8
seoul4-0419,한성대입구(삼선교),4호선,상행,20,15,47,3.8
seoul4-0419,한성대입구(삼선교),4호선,상행,21,15,40,4.5
seoul4-0419,한성대입구(삼선교),4호선,상행,22,10,33,5.5
seoul4-0419,한성대입구(삼선교),4호선,상행,23,8,23,7.8
seoul4-0419,한성대입구(삼선교),4호선,상행,24,5,13,13.8
seoul4-0419,한성대입구(삼선교),4호선,하행,5,4,17,10.6
seoul4-0419,한성대입구(삼선교),4호선,하행,6,13,35,5.1
seoul4-0419,한성대입구(삼선교),4호선,하행,7,18,49,3.7
seoul4-0419,한성대입구(삼선교),4호선,하행,8,18,49,3.7
seoul4-0419,한성대입구(삼선교),4호선,하행,9,13,44,4.1
seoul4-0419,한성대입구(삼선교),4호선,하행,10,13,36,5.0
seoul4-0419,한성대입구(삼선교),4호선,하행,11,10,34,5.3
seoul4-0419,한성대입구(삼선교),4호선,하행,12,11,31,5.8
seoul4-0419,한성대입구(삼선교),4호선,하행,13,10,32,5.6
seoul4-0419,한성대입구(삼선교),4호선,하행,14,11,32,5.6
seoul4-0419,한성대입구(삼선교),4호선,하행,15,11,33,5.5
seoul4-0419,한성대입구(삼선교),4호선,하행,16,11,38,4.7
seoul4-0419,한성대입구(삼선교),4호선,하행,17,16,44,4.1
seoul4-0419,한성대입구(삼선교),4호선,하행,18,17,49,3.7
seoul4-0419,한성대입구(삼선교),4호선,하행,19,16,48,3.8
seoul4-0419,한성대입구(삼선교),4호선,하행,20,15,42,4.3
seoul4-0419,한성대입구(삼선교),4호선,하행,21,11,36,5.0
seoul4-0419,한성대입구(삼선교),4호선,하행,22,10,27,6.7
seoul4-0419,한성대입구(삼선교),4호선,하행,23,6,19,9.5
seoul4-0419,한성대입구(삼선교),4호선,하행,24,3,9,20.0
seoul4-0420,혜화,4호선,상행,5,1,9,20.0
seoul4-0420,혜화,4호선,상행,6,8,24,7.5
seoul4-0420,혜화,4호선,상행,7,15,41,4.4
seoul4-0420,혜화,4호선,상행,8,18,50,3.6
seoul4-0420,혜화,4호선,상행,9,17,47,3.8
seoul4-0420,혜화,4호선,상행,10,12,42,4.3
seoul4-0420,혜화,4호선,상행,11,13,36,5.0
seoul4-0420,혜화,4호선,상행,12,11,34,5.3
seoul4-0420,혜화,4호선,상행,13,10,32,5.6
seoul4-0420,혜화,4호선,상행,14,11,32,5.6
seoul4-0420,혜화,4호선,상행,15,11,34,5.3
seoul4-0420,혜화,4호선,상행,16,12,35,5.1
seoul4-0420,혜화,4호선,상행,17,12,40,4.5
seoul4-0420,혜화,4호선,상행,18,16,45,4.0
seoul4-0420,혜화,4호선,상행,19,17,47,3.8
seoul4-0420,혜화,4호선,상행,20,14,47,3.8
seoul4-0420,혜화,4호선,상행,21,16,39,4.6
seoul4-0420,혜화,4호선,상행,22,9,33,5.5
seoul4-0420,혜화,4호선,상행,23,8,23,7.8
seoul4-0420,혜화,4호선,상행,24,6,14,12.9
seoul4-0420,혜화,4호선,하행,5,3,17,10.6
seoul4-0420,혜화,4호선,하행,6,14,34,5.3
seoul4-0420,혜화,4호선,하행,7,17,49,3.7
seoul4-0420,혜화,4호선,하행,8,18,49,3.7
seoul4-0420,혜화,4호선,하행,9,14,44,4.1
seoul4-0420,혜화,4호선,하행,10,12,37,4.9
seoul4-0420,혜화,4호선,하행,11,11,33,5.5
seoul4-0420,혜화,4호선,하행,12,10,32,5.6
seoul4-0420,혜화,4호선,하행,13,11,32,5.6
seoul4-0420,혜화,4호선,하행,14,11,33,5.5
seoul4-0420,혜화,4호선,하행,15,11,33,5.5
seoul4-0420,혜화,4호선,하행,16,11,38,4.7
seoul4-0420,혜화,4호선,하행,17,16,44,4.1
seoul4-0420,혜화,4호선,하행,18,17,49,3.7
seoul4-0420,혜화,4호선,하행,19,16,48,3.8
seoul4-0420,혜화,4호선,하행,20,15,42,4.3
seoul4-0420,혜화,4호선,하행,21,11,35,5.1
seoul4-0420,혜화,4호선,하행,22,9,27,6.7
seoul4-0420,혜화,4호선,하행,23,7,19,9.5
seoul4-0420,혜화,4호선,하행,24,3,10,18.0
seoul4-0421,동대문,4호선,상행,5,2,10,18.0
seoul4-0421,동대문,4호선,상행,6,8,24,7.5
seoul4-0421,동대문,4호선,상행,7,14,40,4.5
seoul4-0421,동대문,4호선,상행,8,18,49,3.7
seoul4-0421,동대문,4호선,상행,9,17,48,3.8
seoul4-0421,동대문,4호선,상행,10,13,43,4.2
seoul4-0421,동대문,4호선,상행,11,13,37,4.9
seoul4-0421,동대문,4호선,상행,12,11,34,5.3
seoul4-0421,동대문,4호선,상행,13,10,32,5.6
seoul4-0421,동대문,4호선,상행,14,11,31,5.8
seoul4-0421,동대문,4호선,상행,15,10,34,5.3
seoul4-0421,동대문,4호선,상행,16,13,34,5.3
seoul4-0421,동대문,4호선,상행,17,11,40,4.5
seoul4-0421,동대문,4호선,상행,18,16,44,4.1
seoul4-0421,동대문,4호선,상행,19,17,48,3.8
seoul4-0421,동대문,4호선,상행,20,15,47,3.8
seoul4-0421,동대문,4호선,상행,21,15,40,4.5
seoul4-0421,동대문,4호선,상행,22,10,32,5.6
seoul4-0421,동대문,4호선,상행,23,7,23,7.8
seoul4-0421,동대문,4호선,상행,24,6,13,13.8
seoul4-0421,동대문,4호선,하행,5,3,16,11.2
seoul4-0421,동대문,4호선,하행,6,13,33,5.5
seoul4-0421,동대문,4호선,하행,7,17,48,3.8
seoul4-0421,동대문,4호선,하행,8,18,49,3.7
seoul4-0421,동대문,4호선,하행,9,14,45,4.0
seoul4-0421,동대문,4호선,하행,10,13,37,4.9
seoul4-0421,동대문,4호선,하행,11,10,34,5.3
seoul4-0421,동대문,4호선,하행,12,11,31,5.8
seoul4-0421,동대문,4호선,하행,13,10,32,5.6
seoul4-0421,동대문,4호선,하행,14,11,32,5.6
seoul4-0421,동대문,4호선,하행,15,11,33,5.5
seoul4-0421,동대문,4호선,하행,16,11,38,4.7
seoul4-0421,동대문,4호선,하행,17,16,44,4.1
seoul4-0421,동대문,4호선,하행,18,17,49,3.7
seoul4-0421,동대문,4호선,하행,19,16,48,3.8
seoul4-0421,동대문,4호선,하행,20,15,42,4.3
seoul4-0421,동대문,4호선,하행,21,11,36,5.0
seoul4-0421,동대문,4호선,하행,22,10,28,6.4
seoul4-0421,동대문,4호선,하행,23,7,20,9.0
seoul4-0421,동대문,4호선,하행,24,3,10,18.0
seoul4-0422,동대문역사문화공원(DDP),4호선,상행,5,2,10,18.0
seoul4-0422,동대문역사문화공원(DDP),4호선,상행,6,8,25,7.2
seoul4-0422,동대문역사문화공원(DDP),4호선,상행,7,15,40,4.5
seoul4-0422,동대문역사문화공원(DDP),4호선,상행,8,17,49,3.7
seoul4-0422,동대문역사문화공원(DDP),4호선,상행,9,17,47,3.8
seoul4-0422,동대문역사문화공원(DDP),4호선,상행,10,13,43,4.2
seoul4-0422,동대문역사문화공원(DDP),4호선,상행,11,13,37,4.9
seoul4-0422,동대문역사문화공원(DDP),4호선,상행,12,11,34,5.3
seoul4-0422,동대문역사문화공원(DDP),4호선,상행,13,10,32,5.6
seoul4-0422,동대문역사문화공원(DDP),4호선,상행,14,11,31,5.8
seoul4-0422,동대문역사문화공원(DDP),4호선,상행,15,10,34,5.3
seoul4-0422,동대문역사문화공원(DDP),4호선,상행,16,13,34,5.3
seoul4-0422,동대문역사문화공원(DDP),4호선,상행,17,11,41,4.4
seoul4-0422,동대문역사문화공원(DDP),4호선,상행,18,17,45,4.0
seoul4-0422,동대문역사문화공원(DDP),4호선,상행,19,17,48,3.8
seoul4-0422,동대문역사문화공원(DDP),4호선,상행,20,14,47,3.8
seoul4-0422,동대문역사문화공원(DDP),4호선,상행,21,16,39,4.6
seoul4-0422,동대문역사문화공원(DDP),4호선,상행,22,9,33,5.5
seoul4-0422,동대문역사문화공원(DDP),4호선,상행,23,8,22,8.2
seoul4-0422,동대문역사문화공원(DDP),4호선,상행,24,5,13,13.8
seoul4-0422,동대문역사문화공원(DDP),4호선,하행,5,3,16,11.2
seoul4-0422,동대문역사문화공원(DDP),4호선,하행,6,13,33,5.5
seoul4-0422,동대문역사문화공원(DDP),4호선,하행,7,17,48,3.8
seoul4-0422,동대문역사문화공원(DDP),4호선,하행,8,18,49,3.7
seoul4-0422,동대문역사문화공원(DDP),4호선,하행,9,14,45,4.0
seoul4-0422,동대문역사문화공원(DDP),4호선,하행,10,13,37,4.9
seoul4-0422,동대문역사문화공원(DDP),4호선,하행,11,10,33,5.5
seoul4-0422,동대문역사문화공원(DDP),4호선,하행,12,10,31,5.8
seoul4-0422,동대문역사문화공원(DDP),4호선,하행,13,11,32,5.6
seoul4-0422,동대문역사문화공원(DDP),4호선,하행,14,11,33,5.5
seoul4-0422,동대문역사문화공원(DDP),4호선,하행,15,11,33,5.5
seoul4-0422,동대문역사문화공원(DDP),4호선,하행,16,11,38,4.7
seoul4-0422,동대문역사문화공원(DDP),4호선,하행,17,16,44,4.1
seoul4-0422,동대문역사문화공원(DDP),4호선,하행,18,17,49,3.7
seoul4-0422,동대문역사문화공원(DDP),4호선,하행,19,16,48,3.8
seoul4-0422,동대문역사문화공원(DDP),4호선,하행,20,15,42,4.3
seoul4-0422,동대문역사문화공원(DDP),4호선,하행,21,11,36,5.0
seoul4-0422,동대문역사문화공원(DDP),4호선,하행,22,10,28,6.4
seoul4-0422,동대문역사문화공원(DDP),4호선,하행,23,7,20,9.0
seoul4-0422,동대문역사문화공원(DDP),4호선,하행,24,3,10,18.0
seoul4-0423,충무로,4호선,상행,5,2,10,18.0
seoul4-0423,충무로,4호선,상행,6,8,26,6.9
seoul4-0423,충무로,4호선,상행,7,16,41,4.4
seoul4-0423,충무로,4호선,상행,8,17,50,3.6
seoul4-0423,충무로,4호선,상행,9,17,46,3.9
seoul4-0423,충무로,4호선,상행,10,12,43,4.2
seoul4-0423,충무로,4호선,상행,11,14,36,5.0
seoul4-0423,충무로,4호선,상행,12,10,35,5.1
seoul4-0423,충무로,4호선,상행,13,11,31,5.8
seoul4-0423,충무로,4호선,상행,14,10,32,5.6
seoul4-0423,충무로,4호선,상행,15,11,33,5.5
seoul4-0423,충무로,4호선,상행,16,12,35,5.1
seoul4-0423,충무로,4호선,상행,17,12,41,4.4
seoul4-0423,충무로,4호선,상행,18,17,45,4.0
seoul4-0423,충무로,4호선,상행,19,16,48,3.8
seoul4-0423,충무로,4호선,상행,20,15,46,3.9
seoul4-0423,충무로,4호선,상행,21,15,39,4.6
seoul4-0423,충무로,4호선,상행,22,9,32,5.6
seoul4-0423,충무로,4호선,상행,23,8,22,8.2
seoul4-0423,충무로,4호선,상행,24,5,13,13.8
seoul4-0423,충무로,4호선,하행,5,2,15,12.0
seoul4-0423,충무로,4호선,하행,6,13,32,5.6
seoul4-0423,충무로,4호선,하행,7,17,48,3.8
seoul4-0423,충무로,4호선,하행,8,18,49,3.7
seoul4-0423,충무로,4호선,하행,9,14,45,4.0
seoul4-0423,충무로,4호선,하행,10,13,38,4.7
seoul4-0423,충무로,4호선,하행,11,11,34,5.3
seoul4-0423,충무로,4호선,하행,12,10,32,5.6
seoul4-0423,충무로,4호선,하행,13,11,32,5.6
seoul4-0423,충무로,4호선,하행,14,11,33,5.5
seoul4-0423,충무로,4호선,하행,15,11,32,5.6
seoul4-0423,충무로,4호선,하행,16,10,37,4.9
seoul4-0423,충무로,4호선,하행,17,16,43,4.2
seoul4-0423,충무로,4호선,하행,18,17,49,3.7
seoul4-0423,충무로,4호선,하행,19,16,48,3.8
seoul4-0423,충무로,4호선,하행,20,15,43,4.2
seoul4-0423,충무로,4호선,하행,21,12,37,4.9
seoul4-0423,충무로,4호선,하행,22,10,28,6.4
seoul4-0423,충무로,4호선,하행,23,6,20,9.0
seoul4-0423,충무로,4호선,하행,24,4,10,18.0
seoul4-0424,명동,4호선,상행,5,2,11,16.4
seoul4-0424,명동,4호선,상행,6,9,26,6.9
seoul4-0424,명동,4호선,상행,7,15,42,4.3
seoul4-0424,명동,4호선,상행,8,18,49,3.7
seoul4-0424,명동,4호선,상행,9,16,46,3.9
seoul4-0424,명동,4호선,상행,10,12,42,4.3
seoul4-0424,명동,4호선,상행,11,14,37,4.9
seoul4-0424,명동,4호선,상행,12,11,35,5.1
seoul4-0424,명동,4호선,상행,13,10,31,5.8
seoul4-0424,명동,4호선,상행,14,10,31,5.8
seoul4-0424,명동,4호선,상행,15,11,34,5.3
seoul4-0424,명동,4호선,상행,16,13,35,5.1
seoul4-0424,명동,4호선,상행,17,11,41,4.4
seoul4-0424,명동,4호선,상행,18,17,44,4.1
seoul4-0424,명동,4호선,상행,19,16,48,3.8
seoul4-0424,명동,4호선,상행,20,15,46,3.9
seoul4-0424,명동,4호선,상행,21,15,39,4.6
seoul4-0424,명동,4호선,상행,22,9,32,5.6
seoul4-0424,명동,4호선,상행,23,8,22,8.2
seoul4-0424,명동,4호선,상행,24,5,13,13.8
seoul4-0424,명동,4호선,하행,5,2,15,12.0
seoul4-0424,명동,4호선,하행,6,13,32,5.6
seoul4-0424,명동,4호선,하행,7,17,48,3.8
seoul4-0424,명동,4호선,하행,8,18,49,3.7
seoul4-0424,명동,4호선,하행,9,14,45,4.0
seoul4-0424,명동,4호선,하행,10,13,37,4.9
seoul4-0424,명동,4호선,하행,11,10,34,5.3
seoul4-0424,명동,4호선,하행,12,11,31,5.8
seoul4-0424,명동,4호선,하행,13,10,33,5.5
seoul4-0424,명동,4호선,하행,14,12,33,5.5
seoul4-0424,명동,4호선,하행,15,11,33,5.5
seoul4-0424,명동,4호선,하행,16,10,36,5.0
seoul4-0424,명동,4호선,하행,17,15,42,4.3
seoul4-0424,명동,4호선,하행,18,17,49,3.7
seoul4-0424,명동,4호선,하행,19,17,49,3.7
seoul4-0424,명동,4호선,하행,20,15,44,4.1
seoul4-0424,명동,4호선,하행,21,12,37,4.9
seoul4-0424,명동,4호선,하행,22,10,28,6.4
seoul4-0424,명동,4호선,하행,23,6,20,9.0
seoul4-0424,명동,4호선,하행,24,4,10,18.0
seoul4-0425,회현(남대문시장),4호선,상행,5,2,12,15.0
seoul4-0425,회현(남대문시장),4호선,상행,6,10,26,6.9
seoul4-0425,회현(남대문시장),4호선,상행,7,14,42,4.3
seoul4-0425,회현(남대문시장),4호선,상행,8,18,49,3.7
seoul4-0425,회현(남대문시장),4호선,상행,9,17,47,3.8
seoul4-0425,회현(남대문시장),4호선,상행,10,12,42,4.3
seoul4-0425,회현(남대문시장),4호선,상행,11,13,36,5.0
seoul4-0425,회현(남대문시장),4호선,상행,12,11,34,5.3
seoul4-0425,회현(남대문시장),4호선,상행,13,10,32,5.6
seoul4-0425,회현(남대문시장),4호선,상행,14,11,32,5.6
seoul4-0425,회현(남대문시장),4호선,상행,15,11,34,5.3
seoul4-0425,회현(남대문시장),4호선,상행,16,12,35,5.1
seoul4-0425,회현(남대문시장),4호선,상행,17,12,40,4.5
seoul4-0425,회현(남대문시장),4호선,상행,18,16,45,4.0
seoul4-0425,회현(남대문시장),4호선,상행,19,17,48,3.8
seoul4-0425,회현(남대문시장),4호선,상행,20,15,46,3.9
seoul4-0425,회현(남대문시장),4호선,상행,21,14,39,4.6
seoul4-0425,회현(남대문시장),4호선,상행,22,10,32,5.6
seoul4-0425,회현(남대문시장),4호선,상행,23,8,22,8.2
seoul4-0425,회현(남대문시장),4호선,상행,24,4,12,15.0
seoul4-0425,회현(남대문시장),4호선,하행,5,1,15,12.0
seoul4-0425,회현(남대문시장),4호선,하행,6,14,31,5.8
seoul4-0425,회현(남대문시장),4호선,하행,7,16,49,3.7
seoul4-0425,회현(남대문시장),4호선,하행,8,19,49,3.7
seoul4-0425,회현(남대문시장),4호선,하행,9,14,46,3.9
seoul4-0425,회현(남대문시장),4호선,하행,10,13,37,4.9
seoul4-0425,회현(남대문시장),4호선,하행,11,10,34,5.3
seoul4-0425,회현(남대문시장),4호선,하행,12,11,31,5.8
seoul4-0425,회현(남대문시장),4호선,하행,13,10,32,5.6
seoul4-0425,회현(남대문시장),4호선,하행,14,11,32,5.6
seoul4-0425,회현(남대문시장),4호선,하행,15,11,33,5.5
seoul4-0425,회현(남대문시장),4호선,하행,16,11,37,4.9
seoul4-0425,회현(남대문시장),4호선,하행,17,15,43,4.2
seoul4-0425,회현(남대문시장),4호선,하행,18,17,48,3.8
seoul4-0425,회현(남대문시장),4호선,하행,19,16,48,3.8
seoul4-0425,회현(남대문시장),4호선,하행,20,15,43,4.2
seoul4-0425,회현(남대문시장),4호선,하행,21,12,37,4.9
seoul4-0425,회현(남대문시장),4호선,하행,22,10,29,6.2
seoul4-0425,회현(남대문시장),4호선,하행,23,7,21,8.6
seoul4-0425,회현(남대문시장),4호선,하행,24,4,11,16.4
seoul4-0426,서울역,4호선,상행,5,2,12,15.0
seoul4-0426,서울역,4호선,상행,6,10,27,6.7
seoul4-0426,서울역,4호선,상행,7,15,43,4.2
seoul4-0426,서울역,4호선,상행,8,18,49,3.7
seoul4-0426,서울역,4호선,상행,9,16,46,3.9
seoul4-0426,서울역,4호선,상행,10,12,41,4.4
seoul4-0426,서울역,4호선,상행,11,13,36,5.0
seoul4-0426,서울역,4호선,상행,12,11,35,5.1
seoul4-0426,서울역,4호선,상행,13,11,32,5.6
seoul4-0426,서울역,4호선,상행,14,10,32,5.6
seoul4-0426,서울역,4호선,상행,15,11,33,5.5
seoul4-0426,서울역,4호선,상행,16,12,35,5.1
seoul4-0426,서울역,4호선,상행,17,12,41,4.4
seoul4-0426,서울역,4호선,상행,18,17,46,3.9
seoul4-0426,서울역,4호선,상행,19,17,48,3.8
seoul4-0426,서울역,4호선,상행,20,14,46,3.9
seoul4-0426,서울역,4호선,상행,21,15,38,4.7
seoul4-0426,서울역,4호선,상행,22,9,32,5.6
seoul4-0426,서울역,4호선,상행,23,8,21,8.6
seoul4-0426,서울역,4호선,상행,24,4,12,15.0
seoul4-0426,서울역,4호선,하행,5,1,14,12.9
seoul4-0426,서울역,4호선,하행,6,13,31,5.8
seoul4-0426,서울역,4호선,하행,7,17,49,3.7
seoul4-0426,서울역,4호선,하행,8,19,49,3.7
seoul4-0426,서울역,4호선,하행,9,13,45,4.0
seoul4-0426,서울역,4호선,하행,10,13,37,4.9
seoul4-0426,서울역,4호선,하행,11,11,35,5.1
seoul4-0426,서울역,4호선,하행,12,11,32,5.6
seoul4-0426,서울역,4호선,하행,13,10,32,5.6
seoul4-0426,서울역,4호선,하행,14,11,32,5.6
seoul4-0426,서울역,4호선,하행,15,11,33,5.5
seoul4-0426,서울역,4호선,하행,16,11,36,5.0
seoul4-0426,서울역,4호선,하행,17,14,42,4.3
seoul4-0426,서울역,4호선,하행,18,17,48,3.8
seoul4-0426,서울역,4호선,하행,19,17,49,3.7
seoul4-0426,서울역,4호선,하행,20,15,44,4.1
seoul4-0426,서울역,4호선,하행,21,12,37,4.9
seoul4-0426,서울역,4호선,하행,22,10,29,6.2
seoul4-0426,서울역,4호선,하행,23,7,20,9.0
seoul4-0426,서울역,4호선,하행,24,3,10,18.0
seoul4-0427,숙대입구(갈월),4호선,상행,5,2,11,16.4
seoul4-0427,숙대입구(갈월),4호선,상행,6,9,27,6.7
seoul4-0427,숙대입구(갈월),4호선,상행,7,16,43,4.2
seoul4-0427,숙대입구(갈월),4호선,상행,8,18,50,3.6
seoul4-0427,숙대입구(갈월),4호선,상행,9,16,46,3.9
seoul4-0427,숙대입구(갈월),4호선,상행,10,12,41,4.4
seoul4-0427,숙대입구(갈월),4호선,상행,11,13,35,5.1
seoul4-0427,숙대입구(갈월),4호선,상행,12,10,34,5.3
seoul4-0427,숙대입구(갈월),4호선,상행,13,11,31,5.8
seoul4-0427,숙대입구(갈월),4호선,상행,14,10,33,5.5
seoul4-0427,숙대입구(갈월),4호선,상행,15,12,33,5.5
seoul4-0427,숙대입구(갈월),4호선,상행,16,11,36,5.0
seoul4-0427,숙대입구(갈월),4호선,상행,17,13,41,4.4
seoul4-0427,숙대입구(갈월),4호선,상행,18,17,46,3.9
seoul4-0427,숙대입구(갈월),4호선,상행,19,16,48,3.8
seoul4-0427,숙대입구(갈월),4호선,상행,20,15,45,4.0
seoul4-0427,숙대입구(갈월),4호선,상행,21,14,38,4.7
seoul4-0427,숙대입구(갈월),4호선,상행,22,9,31,5.8
seoul4-0427,숙대입구(갈월),4호선,상행,23,8,21,8.6
seoul4-0427,숙대입구(갈월),4호선,상행,24,4,12,15.0
seoul4-0427,숙대입구(갈월),4호선,하행,5,1,13,13.8
seoul4-0427,숙대입구(갈월),4호선,하행,6,12,30,6.0
seoul4-0427,숙대입구(갈월),4호선,하행,7,17,48,3.8
seoul4-0427,숙대입구(갈월),4호선,하행,8,19,50,3.6
seoul4-0427,숙대입구(갈월),4호선,하행,9,14,46,3.9
seoul4-0427,숙대입구(갈월),4호선,하행,10,13,37,4.9
seoul4-0427,숙대입구(갈월),4호선,하행,11,10,35,5.1
seoul4-0427,숙대입구(갈월),4호선,하행,12,12,31,5.8
seoul4-0427,숙대입구(갈월),4호선,하행,13,9,33,5.5
seoul4-0427,숙대입구(갈월),4호선,하행,14,12,32,5.6
seoul4-0427,숙대입구(갈월),4호선,하행,15,11,33,5.5
seoul4-0427,숙대입구(갈월),4호선,하행,16,10,36,5.0
seoul4-0427,숙대입구(갈월),4호선,하행,17,15,42,4.3
seoul4-0427,숙대입구(갈월),4호선,하행,18,17,48,3.8
seoul4-0427,숙대입구(갈월),4호선,하행,19,16,48,3.8
seoul4-0427,숙대입구(갈월),4호선,하행,20,15,44,4.1
seoul4-0427,숙대입구(갈월),4호선,하행,21,13,38,4.7
seoul4-0427,숙대입구(갈월),4호선,하행,22,10,30,6.0
seoul4-0427,숙대입구(갈월),4호선,하행,23,7,20,9.0
seoul4-0427,숙대입구(갈월),4호선,하행,24,3,10,18.0
seoul4-0428,삼각지(전쟁기념관),4호선,상행,5,2,12,15.0
seoul4-0428,삼각지(전쟁기념관),4호선,상행,6,10,28,6.4
seoul4-0428,삼각지(전쟁기념관),4호선,상행,7,16,43,4.2
seoul4-0428,삼각지(전쟁기념관),4호선,상행,8,17,49,3.7
seoul4-0428,삼각지(전쟁기념관),4호선,상행,9,16,45,4.0
seoul4-0428,삼각지(전쟁기념관),4호선,상행,10,12,41,4.4
seoul4-0428,삼각지(전쟁기념관),4호선,상행,11,13,36,5.0
seoul4-0428,삼각지(전쟁기념관),4호선,상행,12,11,35,5.1
seoul4-0428,삼각지(전쟁기념관),4호선,상행,13,11,32,5.6
seoul4-0428,삼각지(전쟁기념관),4호선,상행,14,10,33,5.5
seoul4-0428,삼각지(전쟁기념관),4호선,상행,15,12,33,5.5
seoul4-0428,삼각지(전쟁기념관),4호선,상행,16,11,35,5.1
seoul4-0428,삼각지(전쟁기념관),4호선,상행,17,12,40,4.5
seoul4-0428,삼각지(전쟁기념관),4호선,상행,18,17,45,4.0
seoul4-0428,삼각지(전쟁기념관),4호선,상행,19,16,48,3.8
seoul4-0428,삼각지(전쟁기념관),4호선,상행,20,15,46,3.9
seoul4-0428,삼각지(전쟁기념관),4호선,상행,21,15,38,4.7
seoul4-0428,삼각지(전쟁기념관),4호선,상행,22,8,31,5.8
seoul4-0428,삼각지(전쟁기념관),4호선,상행,23,8,20,9.0
seoul4-0428,삼각지(전쟁기념관),4호선,상행,24,4,12,15.0
seoul4-0428,삼각지(전쟁기념관),4호선,하행,5,1,13,13.8
seoul4-0428,삼각지(전쟁기념관),4호선,하행,6,12,30,6.0
seoul4-0428,삼각지(전쟁기념관),4호선,하행,7,17,47,3.8
seoul4-0428,삼각지(전쟁기념관),4호선,하행,8,18,49,3.7
seoul4-0428,삼각지(전쟁기념관),4호선,하행,9,14,45,4.0
seoul4-0428,삼각지(전쟁기념관),4호선,하행,10,13,38,4.7
seoul4-0428,삼각지(전쟁기념관),4호선,하행,11,11,35,5.1
seoul4-0428,삼각지(전쟁기념관),4호선,하행,12,11,32,5.6
seoul4-0428,삼각지(전쟁기념관),4호선,하행,13,10,32,5.6
seoul4-0428,삼각지(전쟁기념관),4호선,하행,14,11,32,5.6
seoul4-0428,삼각지(전쟁기념관),4호선,하행,15,11,33,5.5
seoul4-0428,삼각지(전쟁기념관),4호선,하행,16,11,36,5.0
seoul4-0428,삼각지(전쟁기념관),4호선,하행,17,14,42,4.3
seoul4-0428,삼각지(전쟁기념관),4호선,하행,18,17,48,3.8
seoul4-0428,삼각지(전쟁기념관),4호선,하행,19,17,49,3.7
seoul4-0428,삼각지(전쟁기념관),4호선,하행,20,15,44,4.1
seoul4-0428,삼각지(전쟁기념관),4호선,하행,21,12,37,4.9
seoul4-0428,삼각지(전쟁기념관),4호선,하행,22,10,30,6.0
seoul4-0428,삼각지(전쟁기념관),4호선,하행,23,8,21,8.6
seoul4-0428,삼각지(전쟁기념관),4호선,하행,24,3,11,16.4
seoul4-0429,신용산,4호선,상행,5,2,12,15.0
seoul4-0429,신용산,4호선,상행,6,10,28,6.4
seoul4-0429,신용산,4호선,상행,7,16,44,4.1
seoul4-0429,신용산,4호선,상행,8,18,50,3.6
seoul4-0429,신용산,4호선,상행,9,16,45,4.0
seoul4-0429,신용산,4호선,상행,10,11,40,4.5
seoul4-0429,신용산,4호선,상행,11,13,35,5.1
seoul4-0429,신용산,4호선,상행,12,11,35,5.1
seoul4-0429,신용산,4호선,상행,13,11,32,5.6
seoul4-0429,신용산,4호선,상행,14,10,33,5.5
seoul4-0429,신용산,4호선,상행,15,12,33,5.5
seoul4-0429,신용산,4호선,상행,16,11,36,5.0
seoul4-0429,신용산,4호선,상행,17,13,40,4.5
seoul4-0429,신용산,4호선,상행,18,16,46,3.9
seoul4-0429,신용산,4호선,상행,19,17,47,3.8
seoul4-0429,신용산,4호선,상행,20,14,46,3.9
seoul4-0429,신용산,4호선,상행,21,15,38,4.7
seoul4-0429,신용산,4호선,상행,22,9,31,5.8
seoul4-0429,신용산,4호선,상행,23,7,20,9.0
seoul4-0429,신용산,4호선,상행,24,4,11,16.4
seoul4-0429,신용산,4호선,하행,5,1,13,13.8
seoul4-0429,신용산,4호선,하행,6,12,29,6.2
seoul4-0429,신용산,4호선,하행,7,16,47,3.8
seoul4-0429,신용산,4호선,하행,8,19,49,3.7
seoul4-0429,신용산,4호선,하행,9,14,46,3.9
seoul4-0429,신용산,4호선,하행,10,13,38,4.7
seoul4-0429,신용산,4호선,하행,11,11,35,5.1
seoul4-0429,신용산,4호선,하행,12,11,32,5.6
seoul4-0429,신용산,4호선,하행,13,10,32,5.6
seoul4-0429,신용산,4호선,하행,14,11,32,5.6
seoul4-0429,신용산,4호선,하행,15,11,33,5.5
seoul4-0429,신용산,4호선,하행,16,11,36,5.0
seoul4-0429,신용산,4호선,하행,17,14,42,4.3
seoul4-0429,신용산,4호선,하행,18,17,47,3.8
seoul4-0429,신용산,4호선,하행,19,16,49,3.7
seoul4-0429,신용산,4호선,하행,20,16,44,4.1
seoul4-0429,신용산,4호선,하행,21,12,38,4.7
seoul4-0429,신용산,4호선,하행,22,10,30,6.0
seoul4-0429,신용산,4호선,하행,23,8,21,8.6
seoul4-0429,신용산,4호선,하행,24,3,11,16.4
seoul4-0430,이촌(국립중앙박물관),4호선,상행,5,2,13,13.8
seoul4-0430,이촌(국립중앙박물관),4호선,상행,6,11,29,6.2
seoul4-0430,이촌(국립중앙박물관),4호선,상행,7,16,45,4.0
seoul4-0430,이촌(국립중앙박물관),4호선,상행,8,18,49,3.7
seoul4-0430,이촌(국립중앙박물관),4호선,상행,9,15,45,4.0
seoul4-0430,이촌(국립중앙박물관),4호선,상행,10,12,40,4.5
seoul4-0430,이촌(국립중앙박물관),4호선,상행,11,13,35,5.1
seoul4-0430,이촌(국립중앙박물관),4호선,상행,12,10,34,5.3
seoul4-0430,이촌(국립중앙박물관),4호선,상행,13,11,32,5.6
seoul4-0430,이촌(국립중앙박물관),4호선,상행,14,11,34,5.3
seoul4-0430,이촌(국립중앙박물관),4호선,상행,15,12,34,5.3
seoul4-0430,이촌(국립중앙박물관),4호선,상행,16,11,36,5.0
seoul4-0430,이촌(국립중앙박물관),4호선,상행,17,13,40,4.5
seoul4-0430,이촌(국립중앙박물관),4호선,상행,18,16,45,4.0
seoul4-0430,이촌(국립중앙박물관),4호선,상행,19,16,47,3.8
seoul4-0430,이촌(국립중앙박물관),4호선,상행,20,15,45,4.0
seoul4-0430,이촌(국립중앙박물관),4호선,상행,21,14,38,4.7
seoul4-0430,이촌(국립중앙박물관),4호선,상행,22,9,31,5.8
seoul4-0430,이촌(국립중앙박물관),4호선,상행,23,8,20,9.0
seoul4-0430,이촌(국립중앙박물관),4호선,상행,24,3,11,16.4
seoul4-0430,이촌(국립중앙박물관),4호선,하행,5,1,12,15.0
seoul4-0430,이촌(국립중앙박물관),4호선,하행,6,11,28,6.4
seoul4-0430,이촌(국립중앙박물관),4호선,하행,7,16,46,3.9
seoul4-0430,이촌(국립중앙박물관),4호선,하행,8,19,50,3.6
seoul4-0430,이촌(국립중앙박물관),4호선,하행,9,15,47,3.8
seoul4-0430,이촌(국립중앙박물관),4호선,하행,10,13,38,4.7
seoul4-0430,이촌(국립중앙박물관),4호선,하행,11,10,34,5.3
seoul4-0430,이촌(국립중앙박물관),4호선,하행,12,11,32,5.6
seoul4-0430,이촌(국립중앙박물관),4호선,하행,13,11,33,5.5
seoul4-0430,이촌(국립중앙박물관),4호선,하행,14,11,32,5.6
seoul4-0430,이촌(국립중앙박물관),4호선,하행,15,10,32,5.6
seoul4-0430,이촌(국립중앙박물관),4호선,하행,16,11,35,5.1
seoul4-0430,이촌(국립중앙박물관),4호선,하행,17,14,42,4.3
seoul4-0430,이촌(국립중앙박물관),4호선,하행,18,17,48,3.8
seoul4-0430,이촌(국립중앙박물관),4호선,하행,19,17,49,3.7
seoul4-0430,이촌(국립중앙박물관),4호선,하행,20,15,45,4.0
seoul4-0430,이촌(국립중앙박물관),4호선,하행,21,13,38,4.7
seoul4-0430,이촌(국립중앙박물관),4호선,하행,22,10,30,6.0
seoul4-0430,이촌(국립중앙박물관),4호선,하행,23,7,21,8.6
seoul4-0430,이촌(국립중앙박물관),4호선,하행,24,4,11,16.4
seoul4-0431,동작(현충원),4호선,상행,5,3,13,13.8
seoul4-0431,동작(현충원),4호선,상행,6,10,30,6.0
seoul4-0431,동작(현충원),4호선,상행,7,17,45,4.0
seoul4-0431,동작(현충원),4호선,상행,8,18,50,3.6
seoul4-0431,동작(현충원),4호선,상행,9,15,45,4.0
seoul4-0431,동작(현충원),4호선,상행,10,12,39,4.6
seoul4-0431,동작(현충원),4호선,상행,11,12,35,5.1
seoul4-0431,동작(현충원),4호선,상행,12,11,34,5.3
seoul4-0431,동작(현충원),4호선,상행,13,11,32,5.6
seoul4-0431,동작(현충원),4호선,상행,14,10,34,5.3
seoul4-0431,동작(현충원),4호선,상행,15,13,33,5.5
seoul4-0431,동작(현충원),4호선,상행,16,10,36,5.0
seoul4-0431,동작(현충원),4호선,상행,17,13,40,4.5
seoul4-0431,동작(현충원),4호선,상행,18,17,46,3.9
seoul4-0431,동작(현충원),4호선,상행,19,16,48,3.8
seoul4-0431,동작(현충원),4호선,상행,20,15,45,4.0
seoul4-0431,동작(현충원),4호선,상행,21,14,38,4.7
seoul4-0431,동작(현충원),4호선,상행,22,9,30,6.0
seoul4-0431,동작(현충원),4호선,상행,23,7,19,9.5
seoul4-0431,동작(현충원),4호선,상행,24,3,10,18.0
seoul4-0431,동작(현충원),4호선,하행,6,11,27,6.7
seoul4-0431,동작(현충원),4호선,하행,7,16,46,3.9
seoul4-0431,동작(현충원),4호선,하행,8,19,50,3.6
seoul4-0431,동작(현충원),4호선,하행,9,15,47,3.8
seoul4-0431,동작(현충원),4호선,하행,10,13,39,4.6
seoul4-0431,동작(현충원),4호선,하행,11,11,35,5.1
seoul4-0431,동작(현충원),4호선,하행,12,11,32,5.6
seoul4-0431,동작(현충원),4호선,하행,13,10,32,5.6
seoul4-0431,동작(현충원),4호선,하행,14,11,32,5.6
seoul4-0431,동작(현충원),4호선,하행,15,11,33,5.5
seoul4-0431,동작(현충원),4호선,하행,16,11,35,5.1
seoul4-0431,동작(현충원),4호선,하행,17,13,41,4.4
seoul4-0431,동작(현충원),4호선,하행,18,17,47,3.8
seoul4-0431,동작(현충원),4호선,하행,19,17,49,3.7
seoul4-0431,동작(현충원),4호선,하행,20,15,45,4.0
seoul4-0431,동작(현충원),4호선,하행,21,13,38,4.7
seoul4-0431,동작(현충원),4호선,하행,22,10,31,5.8
seoul4-0431,동작(현충원),4호선,하행,23,8,22,8.2
seoul4-0431,동작(현충원),4호선,하행,24,4,12,15.0
seoul4-0432,총신대입구(이수),4호선,상행,5,3,14,12.9
seoul4-0432,총신대입구(이수),4호선,상행,6,11,31,5.8
seoul4-0432,총신대입구(이수),4호선,상행,7,17,46,3.9
seoul4-0432,총신대입구(이수),4호선,상행,8,18,49,3.7
seoul4-0432,총신대입구(이수),4호선,상행,9,14,45,4.0
seoul4-0432,총신대입구(이수),4호선,상행,10,13,39,4.6
seoul4-0432,총신대입구(이수),4호선,상행,11,12,36,5.0
seoul4-0432,총신대입구(이수),4호선,상행,12,11,33,5.5
seoul4-0432,총신대입구(이수),4호선,상행,13,10,32,5.6
seoul4-0432,총신대입구(이수),4호선,상행,14,11,33,5.5
seoul4-0432,총신대입구(이수),4호선,상행,15,12,34,5.3
seoul4-0432,총신대입구(이수),4호선,상행,16,11,36,5.0
seoul4-0432,총신대입구(이수),4호선,상행,17,13,41,4.4
seoul4-0432,총신대입구(이수),4호선,상행,18,17,46,3.9
seoul4-0432,총신대입구(이수),4호선,상행,19,16,48,3.8
seoul4-0432,총신대입구(이수),4호선,상행,20,15,45,4.0
seoul4-0432,총신대입구(이수),4호선,상행,21,14,37,4.9
seoul4-0432,총신대입구(이수),4호선,상행,22,8,29,6.2
seoul4-0432,총신대입구(이수),4호선,상행,23,7,18,10.0
seoul4-0432,총신대입구(이수),4호선,상행,24,3,10,18.0
seoul4-0432,총신대입구(이수),4호선,하행,6,10,27,6.7
seoul4-0432,총신대입구(이수),4호선,하행,7,17,46,3.9
seoul4-0432,총신대입구(이수),4호선,하행,8,19,50,3.6
seoul4-0432,총신대입구(이수),4호선,하행,9,14,47,3.8
seoul4-0432,총신대입구(이수),4호선,하행,10,14,39,4.6
seoul4-0432,총신대입구(이수),4호선,하행,11,11,35,5.1
seoul4-0432,총신대입구(이수),4호선,하행,12,10,31,5.8
seoul4-0432,총신대입구(이수),4호선,하행,13,10,32,5.6
seoul4-0432,총신대입구(이수),4호선,하행,14,12,33,5.5
seoul4-0432,총신대입구(이수),4호선,하행,15,11,33,5.5
seoul4-0432,총신대입구(이수),4호선,하행,16,10,34,5.3
seoul4-0432,총신대입구(이수),4호선,하행,17,13,40,4.5
seoul4-0432,총신대입구(이수),4호선,하행,18,17,47,3.8
seoul4-0432,총신대입구(이수),4호선,하행,19,17,49,3.7
seoul4-0432,총신대입구(이수),4호선,하행,20,15,46,3.9
seoul4-0432,총신대입구(이수),4호선,하행,21,14,39,4.6
seoul4-0432,총신대입구(이수),4호선,하행,22,10,32,5.6
seoul4-0432,총신대입구(이수),4호선,하행,23,8,21,8.6
seoul4-0432,총신대입구(이수),4호선,하행,24,3,12,15.0
seoul4-0432,총신대입구(이수),4호선,하행,25,1,4,45.0
seoul4-0433,사당,4호선,상행,5,3,15,12.0
seoul4-0433,사당,4호선,상행,6,12,31,5.8
seoul4-0433,사당,4호선,상행,7,16,47,3.8
seoul4-0433,사당,4호선,상행,8,19,49,3.7
seoul4-0433,사당,4호선,상행,9,14,45,4.0
seoul4-0433,사당,4호선,상행,10,12,38,4.7
seoul4-0433,사당,4호선,상행,11,12,35,5.1
seoul4-0433,사당,4호선,상행,12,11,34,5.3
seoul4-0433,사당,4호선,상행,13,11,32,5.6
seoul4-0433,사당,4호선,상행,14,10,34,5.3
seoul4-0433,사당,4호선,상행,15,13,33,5.5
seoul4-0433,사당,4호선,상행,16,10,37,4.9
seoul4-0433,사당,4호선,상행,17,14,41,4.4
seoul4-0433,사당,4호선,상행,18,17,47,3.8
seoul4-0433,사당,4호선,상행,19,16,47,3.8
seoul4-0433,사당,4호선,상행,20,14,44,4.1
seoul4-0433,사당,4호선,상행,21,14,36,5.0
seoul4-0433,사당,4호선,상행,22,8,30,6.0
seoul4-0433,사당,4호선,상행,23,8,18,10.0
seoul4-0433,사당,4호선,상행,24,2,10,18.0
seoul4-0433,사당,4호선,하행,5,1,7,25.7
seoul4-0433,사당,4호선,하행,6,6,15,12.0
seoul4-0433,사당,4호선,하행,7,8,24,7.5
seoul4-0433,사당,4호선,하행,8,10,27,6.7
seoul4-0433,사당,4호선,하행,9,9,26,6.9
seoul4-0433,사당,4호선,하행,10,7,21,8.6
seoul4-0433,사당,4호선,하행,11,5,18,10.0
seoul4-0433,사당,4호선,하행,12,6,17,10.6
seoul4-0433,사당,4호선,하행,13,6,18,10.0
seoul4-0433,사당,4호선,하행,14,6,17,10.6
seoul4-0433,사당,4호선,하행,15,5,18,10.0
seoul4-0433,사당,4호선,하행,16,7,18,10.0
seoul4-0433,사당,4호선,하행,17,6,22,8.2
seoul4-0433,사당,4호선,하행,18,9,24,7.5
seoul4-0433,사당,4호선,하행,19,9,25,7.2
seoul4-0433,사당,4호선,하행,20,7,24,7.5
seoul4-0433,사당,4호선,하행,21,8,21,8.6
seoul4-0433,사당,4호선,하행,22,6,18,10.0
seoul4-0433,사당,4호선,하행,23,4,11,16.4
seoul4-0433,사당,4호선,하행,24,1,5,36.0
seoul4-0434,남태령,4호선,상행,5,3,9,20.0
seoul4-0434,남태령,4호선,상행,6,6,19,9.5
seoul4-0434,남태령,4호선,상행,7,10,26,6.9
seoul4-0434,남태령,4호선,상행,8,10,27,6.7
seoul4-0434,남태령,4호선,상행,9,7,23,7.8
seoul4-0434,남태령,4호선,상행,10,6,20,9.0
seoul4-0434,남태령,4호선,상행,11,7,19,9.5
seoul4-0434,남태령,4호선,상행,12,6,18,10.0
seoul4-0434,남태령,4호선,상행,13,5,18,10.0
seoul4-0434,남태령,4호선,상행,14,7,18,10.0
seoul4-0434,남태령,4호선,상행,15,6,19,9.5
seoul4-0434,남태령,4호선,상행,16,6,19,9.5
seoul4-0434,남태령,4호선,상행,17,7,22,8.2
seoul4-0434,남태령,4호선,상행,18,9,24,7.5
seoul4-0434,남태령,4호선,상행,19,8,24,7.5
seoul4-0434,남태령,4호선,상행,20,7,22,8.2
seoul4-0434,남태령,4호선,상행,21,7,19,9.5
seoul4-0434,남태령,4호선,상행,22,5,16,11.2
seoul4-0434,남태령,4호선,상행,23,4,10,18.0
seoul4-0434,남태령,4호선,상행,24,1,5,36.0
seoul4-0434,남태령,4호선,하행,5,1,6,30.0
seoul4-0434,남태령,4호선,하행,6,5,15,12.0
seoul4-0434,남태령,4호선,하행,7,9,24,7.5
seoul4-0434,남태령,4호선,하행,8,10,28,6.4
seoul4-0434,남태령,4호선,하행,9,9,26,6.9
seoul4-0434,남태령,4호선,하행,10,7,21,8.6
seoul4-0434,남태령,4호선,하행,11,5,18,10.0
seoul4-0434,남태령,4호선,하행,12,6,16,11.2
seoul4-0434,남태령,4호선,하행,13,5,18,10.0
seoul4-0434,남태령,4호선,하행,14,7,17,10.6
seoul4-0434,남태령,4호선,하행,15,5,18,10.0
seoul4-0434,남태령,4호선,하행,16,6,18,10.0
seoul4-0434,남태령,4호선,하행,17,7,21,8.6
seoul4-0434,남태령,4호선,하행,18,8,24,7.5
seoul4-0434,남태령,4호선,하행,19,9,24,7.5
seoul4-0434,남태령,4호선,하행,20,7,25,7.2
seoul4-0434,남태령,4호선,하행,21,9,22,8.2
seoul4-0434,남태령,4호선,하행,22,6,19,9.5
seoul4-0434,남태령,4호선,하행,23,4,11,16.4
seoul4-0434,남태령,4호선,하행,24,1,5,36.0
seoul5-0510,방화,5호선,하행,5,5,16,11.2
seoul5-0510,방화,5호선,하행,6,11,31,5.8
seoul5-0510,방화,5호선,하행,7,15,43,4.2
seoul5-0510,방화,5호선,하행,8,17,43,4.2
seoul5-0510,방화,5호선,하행,9,11,37,4.9
seoul5-0510,방화,5호선,하행,10,9,29,6.2
seoul5-0510,방화,5호선,하행,11,9,28,6.4
seoul5-0510,방화,5호선,하행,12,10,28,6.4
seoul5-0510,방화,5호선,하행,13,9,28,6.4
seoul5-0510,방화,5호선,하행,14,9,27,6.7
seoul5-0510,방화,5호선,하행,15,9,28,6.4
seoul5-0510,방화,5호선,하행,16,10,37,4.9
seoul5-0510,방화,5호선,하행,17,18,41,4.4
seoul5-0510,방화,5호선,하행,18,13,40,4.5
seoul5-0510,방화,5호선,하행,19,9,31,5.8
seoul5-0510,방화,5호선,하행,20,9,27,6.7
seoul5-0510,방화,5호선,하행,21,9,25,7.2
seoul5-0510,방화,5호선,하행,22,7,22,8.2
seoul5-0510,방화,5호선,하행,23,6,15,12.0
seoul5-0510,방화,5호선,하행,24,2,8,22.5
seoul5-0511,개화산,5호선,상행,5,1,7,25.7
seoul5-0511,개화산,5호선,상행,6,6,17,10.6
seoul5-0511,개화산,5호선,상행,7,10,30,6.0
seoul5-0511,개화산,5호선,상행,8,14,44,4.1
seoul5-0511,개화산,5호선,상행,9,20,47,3.8
seoul5-0511,개화산,5호선,상행,10,13,43,4.2
seoul5-0511,개화산,5호선,상행,11,10,32,5.6
seoul5-0511,개화산,5호선,상행,12,9,28,6.4
seoul5-0511,개화산,5호선,상행,13,9,27,6.7
seoul5-0511,개화산,5호선,상행,14,9,28,6.4
seoul5-0511,개화산,5호선,상행,15,10,28,6.4
seoul5-0511,개화산,5호선,상행,16,9,28,6.4
seoul5-0511,개화산,5호선,상행,17,9,30,6.0
seoul5-0511,개화산,5호선,상행,18,12,37,4.9
seoul5-0511,개화산,5호선,상행,19,16,38,4.7
seoul5-0511,개화산,5호선,상행,20,10,35,5.1
seoul5-0511,개화산,5호선,상행,21,9,28,6.4
seoul5-0511,개화산,5호선,상행,22,9,26,6.9
seoul5-0511,개화산,5호선,상행,23,8,22,8.2
seoul5-0511,개화산,5호선,상행,24,5,13,13.8
seoul5-0511,개화산,5호선,하행,5,4,15,12.0
seoul5-0511,개화산,5호선,하행,6,11,30,6.0
seoul5-0511,개화산,5호선,하행,7,15,43,4.2
seoul5-0511,개화산,5호선,하행,8,17,44,4.1
seoul5-0511,개화산,5호선,하행,9,12,38,4.7
seoul5-0511,개화산,5호선,하행,10,9,30,6.0
seoul5-0511,개화산,5호선,하행,11,9,27,6.7
seoul5-0511,개화산,5호선,하행,12,9,28,6.4
seoul5-0511,개화산,5호선,하행,13,10,28,6.4
seoul5-0511,개화산,5호선,하행,14,9,28,6.4
seoul5-0511,개화산,5호선,하행,15,9,28,6.4
seoul5-0511,개화산,5호선,하행,16,10,37,4.9
seoul5-0511,개화산,5호선,하행,17,18,40,4.5
seoul5-0511,개화산,5호선,하행,18,12,40,4.5
seoul5-0511,개화산,5호선,하행,19,10,31,5.8
seoul5-0511,개화산,5호선,하행,20,9,28,6.4
seoul5-0511,개화산,5호선,하행,21,9,25,7.2
seoul5-0511,개화산,5호선,하행,22,7,22,8.2
seoul5-0511,개화산,5호선,하행,23,6,15,12.0
seoul5-0511,개화산,5호선,하행,24,2,8,22.5
seoul5-0512,김포공항,5호선,상행,5,1,7,25.7
seoul5-0512,김포공항,5호선,상행,6,6,18,10.0
seoul5-0512,김포공항,5호선,상행,7,11,31,5.8
seoul5-0512,김포공항,5호선,상행,8,14,45,4.0
seoul5-0512,김포공항,5호선,상행,9,20,46,3.9
seoul5-0512,김포공항,5호선,상행,10,12,42,4.3
seoul5-0512,김포공항,5호선,상행,11,10,31,5.8
seoul5-0512,김포공항,5호선,상행,12,9,29,6.2
seoul5-0512,김포공항,5호선,상행,13,10,28,6.4
seoul5-0512,김포공항,5호선,상행,14,9,28,6.4
seoul5-0512,김포공항,5호선,상행,15,9,27,6.7
seoul5-0512,김포공항,5호선,상행,16,9,28,6.4
seoul5-0512,김포공항,5호선,상행,17,10,30,6.0
seoul5-0512,김포공항,5호선,상행,18,11,38,4.7
seoul5-0512,김포공항,5호선,상행,19,17,37,4.9
seoul5-0512,김포공항,5호선,상행,20,9,35,5.1
seoul5-0512,김포공항,5호선,상행,21,9,27,6.7
seoul5-0512,김포공항,5호선,상행,22,9,26,6.9
seoul5-0512,김포공항,5호선,상행,23,8,22,8.2
seoul5-0512,김포공항,5호선,상행,24,5,13,13.8
seoul5-0512,김포공항,5호선,하행,5,4,15,12.0
seoul5-0512,김포공항,5호선,하행,6,11,29,6.2
seoul5-0512,김포공항,5호선,하행,7,14,43,4.2
seoul5-0512,김포공항,5호선,하행,8,18,43,4.2
seoul5-0512,김포공항,5호선,하행,9,11,39,4.6
seoul5-0512,김포공항,5호선,하행,10,10,30,6.0
seoul5-0512,김포공항,5호선,하행,11,9,28,6.4
seoul5-0512,김포공항,5호선,하행,12,9,27,6.7
seoul5-0512,김포공항,5호선,하행,13,9,28,6.4
seoul5-0512,김포공항,5호선,하행,14,10,28,6.4
seoul5-0512,김포공항,5호선,하행,15,9,29,6.2
seoul5-0512,김포공항,5호선,하행,16,10,36,5.0
seoul5-0512,김포공항,5호선,하행,17,17,40,4.5
seoul5-0512,김포공항,5호선,하행,18,13,39,4.6
seoul5-0512,김포공항,5호선,하행,19,9,32,5.6
seoul5-0512,김포공항,5호선,하행,20,10,27,6.7
seoul5-0512,김포공항,5호선,하행,21,8,26,6.9
seoul5-0512,김포공항,5호선,하행,22,8,22,8.2
seoul5-0512,김포공항,5호선,하행,23,6,16,11.2
seoul5-0512,김포공항,5호선,하행,24,2,8,22.5
seoul5-0513,송정,5호선,상행,5,1,7,25.7
seoul5-0513,송정,5호선,상행,6,6,18,10.0
seoul5-0513,송정,5호선,상행,7,11,31,5.8
seoul5-0513,송정,5호선,상행,8,14,45,4.0
seoul5-0513,송정,5호선,상행,9,20,47,3.8
seoul5-0513,송정,5호선,상행,10,13,43,4.2
seoul5-0513,송정,5호선,상행,11,10,32,5.6
seoul5-0513,송정,5호선,상행,12,9,28,6.4
seoul5-0513,송정,5호선,상행,13,9,27,6.7
seoul5-0513,송정,5호선,상행,14,9,27,6.7
seoul5-0513,송정,5호선,상행,15,9,28,6.4
seoul5-0513,송정,5호선,상행,16,10,28,6.4
seoul5-0513,송정,5호선,상행,17,9,31,5.8
seoul5-0513,송정,5호선,상행,18,12,37,4.9
seoul5-0513,송정,5호선,상행,19,16,37,4.9
seoul5-0513,송정,5호선,상행,20,9,35,5.1
seoul5-0513,송정,5호선,상행,21,10,28,6.4
seoul5-0513,송정,5호선,상행,22,9,26,6.9
seoul5-0513,송정,5호선,상행,23,7,21,8.6
seoul5-0513,송정,5호선,상행,24,5,12,15.0
seoul5-0513,송정,5호선,하행,5,4,14,12.9
seoul5-0513,송정,5호선,하행,6,10,29,6.2
seoul5-0513,송정,5호선,하행,7,15,42,4.3
seoul5-0513,송정,5호선,하행,8,17,44,4.1
seoul5-0513,송정,5호선,하행,9,12,38,4.7
seoul5-0513,송정,5호선,하행,10,9,30,6.0
seoul5-0513,송정,5호선,하행,11,9,28,6.4
seoul5-0513,송정,5호선,하행,12,10,28,6.4
seoul5-0513,송정,5호선,하행,13,9,28,6.4
seoul5-0513,송정,5호선,하행,14,9,27,6.7
seoul5-0513,송정,5호선,하행,15,9,28,6.4
seoul5-0513,송정,5호선,하행,16,10,36,5.0
seoul5-0513,송정,5호선,하행,17,17,41,4.4
seoul5-0513,송정,5호선,하행,18,14,40,4.5
seoul5-0513,송정,5호선,하행,19,9,32,5.6
seoul5-0513,송정,5호선,하행,20,9,27,6.7
seoul5-0513,송정,5호선,하행,21,9,25,7.2
seoul5-0513,송정,5호선,하행,22,7,22,8.2
seoul5-0513,송정,5호선,하행,23,6,16,11.2
seoul5-0513,송정,5호선,하행,24,3,9,20.0
seoul5-0514,마곡,5호선,상행,5,1,8,22.5
seoul5-0514,마곡,5호선,상행,6,7,19,9.5
seoul5-0514,마곡,5호선,상행,7,11,32,5.6
seoul5-0514,마곡,5호선,상행,8,14,45,4.0
seoul5-0514,마곡,5호선,상행,9,20,46,3.9
seoul5-0514,마곡,5호선,상행,10,12,42,4.3
seoul5-0514,마곡,5호선,상행,11,10,31,5.8
seoul5-0514,마곡,5호선,상행,12,9,28,6.4
seoul5-0514,마곡,5호선,상행,13,9,28,6.4
seoul5-0514,마곡,5호선,상행,14,10,28,6.4
seoul5-0514,마곡,5호선,상행,15,9,28,6.4
seoul5-0514,마곡,5호선,상행,16,9,27,6.7
seoul5-0514,마곡,5호선,상행,17,9,31,5.8
seoul5-0514,마곡,5호선,상행,18,13,37,4.9
seoul5-0514,마곡,5호선,상행,19,15,38,4.7
seoul5-0514,마곡,5호선,상행,20,10,34,5.3
seoul5-0514,마곡,5호선,상행,21,9,28,6.4
seoul5-0514,마곡,5호선,상행,22,9,25,7.2
seoul5-0514,마곡,5호선,상행,23,7,21,8.6
seoul5-0514,마곡,5호선,상행,24,5,12,15.0
seoul5-0514,마곡,5호선,하행,5,4,14,12.9
seoul5-0514,마곡,5호선,하행,6,10,28,6.4
seoul5-0514,마곡,5호선,하행,7,14,42,4.3
seoul5-0514,마곡,5호선,하행,8,18,44,4.1
seoul5-0514,마곡,5호선,하행,9,12,39,4.6
seoul5-0514,마곡,5호선,하행,10,9,30,6.0
seoul5-0514,마곡,5호선,하행,11,9,27,6.7
seoul5-0514,마곡,5호선,하행,12,9,28,6.4
seoul5-0514,마곡,5호선,하행,13,10,28,6.4
seoul5-0514,마곡,5호선,하행,14,9,28,6.4
seoul5-0514,마곡,5호선,하행,15,9,28,6.4
seoul5-0514,마곡,5호선,하행,16,10,36,5.0
seoul5-0514,마곡,5호선,하행,17,17,40,4.5
seoul5-0514,마곡,5호선,하행,18,13,40,4.5
seoul5-0514,마곡,5호선,하행,19,10,32,5.6
seoul5-0514,마곡,5호선,하행,20,9,28,6.4
seoul5-0514,마곡,5호선,하행,21,9,25,7.2
seoul5-0514,마곡,5호선,하행,22,7,22,8.2
seoul5-0514,마곡,5호선,하행,23,6,16,11.2
seoul5-0514,마곡,5호선,하행,24,3,9,20.0
seoul5-0515,발산,5호선,상행,5,1,8,22.5
seoul5-0515,발산,5호선,상행,6,7,19,9.5
seoul5-0515,발산,5호선,상행,7,11,33,5.5
seoul5-0515,발산,5호선,상행,8,15,45,4.0
seoul5-0515,발산,5호선,상행,9,19,46,3.9
seoul5-0515,발산,5호선,상행,10,12,41,4.4
seoul5-0515,발산,5호선,상행,11,10,31,5.8
seoul5-0515,발산,5호선,상행,12,9,29,6.2
seoul5-0515,발산,5호선,상행,13,10,28,6.4
seoul5-0515,발산,5호선,상행,14,9,28,6.4
seoul5-0515,발산,5호선,상행,15,9,27,6.7
seoul5-0515,발산,5호선,상행,16,9,28,6.4
seoul5-0515,발산,5호선,상행,17,10,31,5.8
seoul5-0515,발산,5호선,상행,18,12,38,4.7
seoul5-0515,발산,5호선,상행,19,16,37,4.9
seoul5-0515,발산,5호선,상행,20,9,34,5.3
seoul5-0515,발산,5호선,상행,21,9,27,6.7
seoul5-0515,발산,5호선,상행,22,9,26,6.9
seoul5-0515,발산,5호선,상행,23,8,21,8.6
seoul5-0515,발산,5호선,상행,24,4,12,15.0
seoul5-0515,발산,5호선,하행,5,3,13,13.8
seoul5-0515,발산,5호선,하행,6,10,28,6.4
seoul5-0515,발산,5호선,하행,7,15,42,4.3
seoul5-0515,발산,5호선,하행,8,17,44,4.1
seoul5-0515,발산,5호선,하행,9,12,39,4.6
seoul5-0515,발산,5호선,하행,10,10,31,5.8
seoul5-0515,발산,5호선,하행,11,9,28,6.4
seoul5-0515,발산,5호선,하행,12,9,27,6.7
seoul5-0515,발산,5호선,하행,13,9,28,6.4
seoul5-0515,발산,5호선,하행,14,10,28,6.4
seoul5-0515,발산,5호선,하행,15,9,28,6.4
seoul5-0515,발산,5호선,하행,16,9,35,5.1
seoul5-0515,발산,5호선,하행,17,17,40,4.5
seoul5-0515,발산,5호선,하행,18,14,40,4.5
seoul5-0515,발산,5호선,하행,19,9,33,5.5
seoul5-0515,발산,5호선,하행,20,10,28,6.4
seoul5-0515,발산,5호선,하행,21,9,26,6.9
seoul5-0515,발산,5호선,하행,22,7,22,8.2
seoul5-0515,발산,5호선,하행,23,6,16,11.2
seoul5-0515,발산,5호선,하행,24,3,9,20.0
seoul5-0516,우장산,5호선,상행,5,1,9,20.0
seoul5-0516,우장산,5호선,상행,6,8,19,9.5
seoul5-0516,우장산,5호선,상행,7,10,33,5.5
seoul5-0516,우장산,5호선,상행,8,15,45,4.0
seoul5-0516,우장산,5호선,상행,9,20,47,3.8
seoul5-0516,우장산,5호선,상행,10,12,41,4.4
seoul5-0516,우장산,5호선,상행,11,9,31,5.8
seoul5-0516,우장산,5호선,상행,12,10,28,6.4
seoul5-0516,우장산,5호선,상행,13,9,28,6.4
seoul5-0516,우장산,5호선,상행,14,9,27,6.7
seoul5-0516,우장산,5호선,상행,15,9,28,6.4
seoul5-0516,우장산,5호선,상행,16,10,28,6.4
seoul5-0516,우장산,5호선,상행,17,9,32,5.6
seoul5-0516,우장산,5호선,상행,18,13,37,4.9
seoul5-0516,우장산,5호선,상행,19,15,37,4.9
seoul5-0516,우장산,5호선,상행,20,9,34,5.3
seoul5-0516,우장산,5호선,상행,21,10,28,6.4
seoul5-0516,우장산,5호선,상행,22,9,26,6.9
seoul5-0516,우장산,5호선,상행,23,7,20,9.0
seoul5-0516,우장산,5호선,상행,24,4,11,16.4
seoul5-0516,우장산,5호선,하행,5,3,13,13.8
seoul5-0516,우장산,5호선,하행,6,10,27,6.7
seoul5-0516,우장산,5호선,하행,7,14,42,4.3
seoul5-0516,우장산,5호선,하행,8,18,44,4.1
seoul5-0516,우장산,5호선,하행,9,12,39,4.6
seoul5-0516,우장산,5호선,하행,10,9,31,5.8
seoul5-0516,우장산,5호선,하행,11,10,28,6.4
seoul5-0516,우장산,5호선,하행,12,9,28,6.4
seoul5-0516,우장산,5호선,하행,13,9,27,6.7
seoul5-0516,우장산,5호선,하행,14,9,27,6.7
seoul5-0516,우장산,5호선,하행,15,9,28,6.4
seoul5-0516,우장산,5호선,하행,16,10,35,5.1
seoul5-0516,우장산,5호선,하행,17,16,41,4.4
seoul5-0516,우장산,5호선,하행,18,15,40,4.5
seoul5-0516,우장산,5호선,하행,19,9,33,5.5
seoul5-0516,우장산,5호선,하행,20,9,27,6.7
seoul5-0516,우장산,5호선,하행,21,9,26,6.9
seoul5-0516,우장산,5호선,하행,22,8,23,7.8
seoul5-0516,우장산,5호선,하행,23,6,17,10.6
seoul5-0516,우장산,5호선,하행,24,3,9,20.0
seoul5-0517,화곡,5호선,상행,5,1,9,20.0
seoul5-0517,화곡,5호선,상행,6,8,20,9.0
seoul5-0517,화곡,5호선,상행,7,11,34,5.3
seoul5-0517,화곡,5호선,상행,8,15,45,4.0
seoul5-0517,화곡,5호선,상행,9,19,46,3.9
seoul5-0517,화곡,5호선,상행,10,12,41,4.4
seoul5-0517,화곡,5호선,상행,11,10,31,5.8
seoul5-0517,화곡,5호선,상행,12,9,28,6.4
seoul5-0517,화곡,5호선,상행,13,9,27,6.7
seoul5-0517,화곡,5호선,상행,14,9,28,6.4
seoul5-0517,화곡,5호선,상행,15,10,28,6.4
seoul5-0517,화곡,5호선,상행,16,9,28,6.4
seoul5-0517,화곡,5호선,상행,17,9,31,5.8
seoul5-0517,화곡,5호선,상행,18,13,37,4.9
seoul5-0517,화곡,5호선,상행,19,15,38,4.7
seoul5-0517,화곡,5호선,상행,20,10,34,5.3
seoul5-0517,화곡,5호선,상행,21,9,28,6.4
seoul5-0517,화곡,5호선,상행,22,9,25,7.2
seoul5-0517,화곡,5호선,상행,23,7,20,9.0
seoul5-0517,화곡,5호선,상행,24,4,11,16.4
seoul5-0517,화곡,5호선,하행,5,5,15,12.0
seoul5-0517,화곡,5호선,하행,6,10,28,6.4
seoul5-0517,화곡,5호선,하행,7,13,41,4.4
seoul5-0517,화곡,5호선,하행,8,18,44,4.1
seoul5-0517,화곡,5호선,하행,9,13,40,4.5
seoul5-0517,화곡,5호선,하행,10,9,31,5.8
seoul5-0517,화곡,5호선,하행,11,9,27,6.7
seoul5-0517,화곡,5호선,하행,12,9,28,6.4
seoul5-0517,화곡,5호선,하행,13,10,28,6.4
seoul5-0517,화곡,5호선,하행,14,9,28,6.4
seoul5-0517,화곡,5호선,하행,15,9,28,6.4
seoul5-0517,화곡,5호선,하행,16,10,35,5.1
seoul5-0517,화곡,5호선,하행,17,16,41,4.4
seoul5-0517,화곡,5호선,하행,18,15,40,4.5
seoul5-0517,화곡,5호선,하행,19,9,33,5.5
seoul5-0517,화곡,5호선,하행,20,9,27,6.7
seoul5-0517,화곡,5호선,하행,21,9,26,6.9
seoul5-0517,화곡,5호선,하행,22,8,23,7.8
seoul5-0517,화곡,5호선,하행,23,6,16,11.2
seoul5-0517,화곡,5호선,하행,24,2,8,22.5
seoul5-0518,까치산,5호선,상행,5,2,9,20.0
seoul5-0518,까치산,5호선,상행,6,7,20,9.0
seoul5-0518,까치산,5호선,상행,7,11,33,5.5
seoul5-0518,까치산,5호선,상행,8,15,46,3.9
seoul5-0518,까치산,5호선,상행,9,20,46,3.9
seoul5-0518,까치산,5호선,상행,10,11,41,4.4
seoul5-0518,까치산,5호선,상행,11,10,30,6.0
seoul5-0518,까치산,5호선,상행,12,9,29,6.2
seoul5-0518,까치산,5호선,상행,13,10,28,6.4
seoul5-0518,까치산,5호선,상행,14,9,28,6.4
seoul5-0518,까치산,5호선,상행,15,9,27,6.7
seoul5-0518,까치산,5호선,상행,16,9,27,6.7
seoul5-0518,까치산,5호선,상행,17,9,32,5.6
seoul5-0518,까치산,5호선,상행,18,14,38,4.7
seoul5-0518,까치산,5호선,상행,19,15,38,4.7
seoul5-0518,까치산,5호선,상행,20,9,33,5.5
seoul5-0518,까치산,5호선,상행,21,9,27,6.7
seoul5-0518,까치산,5호선,상행,22,9,25,7.2
seoul5-0518,까치산,5호선,상행,23,7,20,9.0
seoul5-0518,까치산,5호선,상행,24,4,11,16.4
seoul5-0518,까치산,5호선,하행,5,4,14,12.9
seoul5-0518,까치산,5호선,하행,6,10,28,6.4
seoul5-0518,까치산,5호선,하행,7,14,41,4.4
seoul5-0518,까치산,5호선,하행,8,17,45,4.0
seoul5-0518,까치산,5호선,하행,9,14,40,4.5
seoul5-0518,까치산,5호선,하행,10,9,32,5.6
seoul5-0518,까치산,5호선,하행,11,9,27,6.7
seoul5-0518,까치산,5호선,하행,12,9,27,6.7
seoul5-0518,까치산,5호선,하행,13,9,28,6.4
seoul5-0518,까치산,5호선,하행,14,10,28,6.4
seoul5-0518,까치산,5호선,하행,15,9,28,6.4
seoul5-0518,까치산,5호선,하행,16,9,34,5.3
seoul5-0518,까치산,5호선,하행,17,16,40,4.5
seoul5-0518,까치산,5호선,하행,18,15,40,4.5
seoul5-0518,까치산,5호선,하행,19,9,34,5.3
seoul5-0518,까치산,5호선,하행,20,10,28,6.4
seoul5-0518,까치산,5호선,하행,21,9,26,6.9
seoul5-0518,까치산,5호선,하행,22,7,23,7.8
seoul5-0518,까치산,5호선,하행,23,7,16,11.2
seoul5-0518,까치산,5호선,하행,24,2,9,20.0
seoul5-0519,신정(은행정),5호선,상행,5,2,10,18.0
seoul5-0519,신정(은행정),5호선,상행,6,8,21,8.6
seoul5-0519,신정(은행정),5호선,상행,7,11,34,5.3
seoul5-0519,신정(은행정),5호선,상행,8,15,45,4.0
seoul5-0519,신정(은행정),5호선,상행,9,19,46,3.9
seoul5-0519,신정(은행정),5호선,상행,10,12,40,4.5
seoul5-0519,신정(은행정),5호선,상행,11,9,31,5.8
seoul5-0519,신정(은행정),5호선,상행,12,10,28,6.4
seoul5-0519,신정(은행정),5호선,상행,13,9,28,6.4
seoul5-0519,신정(은행정),5호선,상행,14,9,27,6.7
seoul5-0519,신정(은행정),5호선,상행,15,9,28,6.4
seoul5-0519,신정(은행정),5호선,상행,16,10,28,6.4
seoul5-0519,신정(은행정),5호선,상행,17,9,33,5.5
seoul5-0519,신정(은행정),5호선,상행,18,14,37,4.9
seoul5-0519,신정(은행정),5호선,상행,19,14,37,4.9
seoul5-0519,신정(은행정),5호선,상행,20,9,33,5.5
seoul5-0519,신정(은행정),5호선,상행,21,10,27,6.7
seoul5-0519,신정(은행정),5호선,상행,22,8,25,7.2
seoul5-0519,신정(은행정),5호선,상행,23,7,19,9.5
seoul5-0519,신정(은행정),5호선,상행,24,4,11,16.4
seoul5-0519,신정(은행정),5호선,하행,5,4,14,12.9
seoul5-0519,신정(은행정),5호선,하행,6,10,27,6.7
seoul5-0519,신정(은행정),5호선,하행,7,13,41,4.4
seoul5-0519,신정(은행정),5호선,하행,8,18,44,4.1
seoul5-0519,신정(은행정),5호선,하행,9,13,40,4.5
seoul5-0519,신정(은행정),5호선,하행,10,9,32,5.6
seoul5-0519,신정(은행정),5호선,하행,11,10,28,6.4
seoul5-0519,신정(은행정),5호선,하행,12,9,28,6.4
seoul5-0519,신정(은행정),5호선,하행,13,9,27,6.7
seoul5-0519,신정(은행정),5호선,하행,14,9,27,6.7
seoul5-0519,신정(은행정),5호선,하행,15,9,28,6.4
seoul5-0519,신정(은행정),5호선,하행,16,10,34,5.3
seoul5-0519,신정(은행정),5호선,하행,17,15,41,4.4
seoul5-0519,신정(은행정),5호선,하행,18,16,40,4.5
seoul5-0519,신정(은행정),5호선,하행,19,9,34,5.3
seoul5-0519,신정(은행정),5호선,하행,20,9,28,6.4
seoul5-0519,신정(은행정),5호선,하행,21,10,26,6.9
seoul5-0519,신정(은행정),5호선,하행,22,7,24,7.5
seoul5-0519,신정(은행정),5호선,하행,23,7,16,11.2
seoul5-0519,신정(은행정),5호선,하행,24,2,9,20.0
seoul5-0520,목동,5호선,상행,5,2,10,18.0
seoul5-0520,목동,5호선,상행,6,8,21,8.6
seoul5-0520,목동,5호선,상행,7,11,35,5.1
seoul5-0520,목동,5호선,상행,8,16,46,3.9
seoul5-0520,목동,5호선,상행,9,19,46,3.9
seoul5-0520,목동,5호선,상행,10,11,40,4.5
seoul5-0520,목동,5호선,상행,11,10,30,6.0
seoul5-0520,목동,5호선,상행,12,9,28,6.4
seoul5-0520,목동,5호선,상행,13,9,27,6.7
seoul5-0520,목동,5호선,상행,14,9,28,6.4
seoul5-0520,목동,5호선,상행,15,10,28,6.4
seoul5-0520,목동,5호선,상행,16,9,28,6.4
seoul5-0520,목동,5호선,상행,17,9,32,5.6
seoul5-0520,목동,5호선,상행,18,14,37,4.9
seoul5-0520,목동,5호선,상행,19,14,38,4.7
seoul5-0520,목동,5호선,상행,20,10,33,5.5
seoul5-0520,목동,5호선,상행,21,9,28,6.4
seoul5-0520,목동,5호선,상행,22,9,25,7.2
seoul5-0520,목동,5호선,상행,23,7,19,9.5
seoul5-0520,목동,5호선,상행,24,3,10,18.0
seoul5-0520,목동,5호선,하행,5,4,13,13.8
seoul5-0520,목동,5호선,하행,6,9,27,6.7
seoul5-0520,목동,5호선,하행,7,14,40,4.5
seoul5-0520,목동,5호선,하행,8,17,45,4.0
seoul5-0520,목동,5호선,하행,9,14,40,4.5
seoul5-0520,목동,5호선,하행,10,9,32,5.6
seoul5-0520,목동,5호선,하행,11,9,28,6.4
seoul5-0520,목동,5호선,하행,12,10,28,6.4
seoul5-0520,목동,5호선,하행,13,9,28,6.4
seoul5-0520,목동,5호선,하행,14,9,27,6.7
seoul5-0520,목동,5호선,하행,15,9,28,6.4
seoul5-0520,목동,5호선,하행,16,10,34,5.3
seoul5-0520,목동,5호선,하행,17,15,41,4.4
seoul5-0520,목동,5호선,하행,18,16,40,4.5
seoul5-0520,목동,5호선,하행,19,9,34,5.3
seoul5-0520,목동,5호선,하행,20,9,27,6.7
seoul5-0520,목동,5호선,하행,21,9,26,6.9
seoul5-0520,목동,5호선,하행,22,8,24,7.5
seoul5-0520,목동,5호선,하행,23,7,17,10.6
seoul5-0520,목동,5호선,하행,24,2,9,20.0
seoul5-0521,오목교(목동운동장앞),5호선,상행,5,2,10,18.0
seoul5-0521,오목교(목동운동장앞),5호선,상행,6,8,21,8.6
seoul5-0521,오목교(목동운동장앞),5호선,상행,7,11,35,5.1
seoul5-0521,오목교(목동운동장앞),5호선,상행,8,16,46,3.9
seoul5-0521,오목교(목동운동장앞),5호선,상행,9,19,46,3.9
seoul5-0521,오목교(목동운동장앞),5호선,상행,10,11,40,4.5
seoul5-0521,오목교(목동운동장앞),5호선,상행,11,10,30,6.0
seoul5-0521,오목교(목동운동장앞),5호선,상행,12,9,28,6.4
seoul5-0521,오목교(목동운동장앞),5호선,상행,13,9,28,6.4
seoul5-0521,오목교(목동운동장앞),5호선,상행,14,10,28,6.4
seoul5-0521,오목교(목동운동장앞),5호선,상행,15,9,28,6.4
seoul5-0521,오목교(목동운동장앞),5호선,상행,16,9,27,6.7
seoul5-0521,오목교(목동운동장앞),5호선,상행,17,9,33,5.5
seoul5-0521,오목교(목동운동장앞),5호선,상행,18,15,38,4.7
seoul5-0521,오목교(목동운동장앞),5호선,상행,19,14,38,4.7
seoul5-0521,오목교(목동운동장앞),5호선,상행,20,9,32,5.6
seoul5-0521,오목교(목동운동장앞),5호선,상행,21,9,27,6.7
seoul5-0521,오목교(목동운동장앞),5호선,상행,22,9,25,7.2
seoul5-0521,오목교(목동운동장앞),5호선,상행,23,7,19,9.5
seoul5-0521,오목교(목동운동장앞),5호선,상행,24,3,10,18.0
seoul5-0521,오목교(목동운동장앞),5호선,하행,5,4,13,13.8
seoul5-0521,오목교(목동운동장앞),5호선,하행,6,9,26,6.9
seoul5-0521,오목교(목동운동장앞),5호선,하행,7,13,40,4.5
seoul5-0521,오목교(목동운동장앞),5호선,하행,8,18,45,4.0
seoul5-0521,오목교(목동운동장앞),5호선,하행,9,14,41,4.4
seoul5-0521,오목교(목동운동장앞),5호선,하행,10,9,32,5.6
seoul5-0521,오목교(목동운동장앞),5호선,하행,11,9,27,6.7
seoul5-0521,오목교(목동운동장앞),5호선,하행,12,9,27,6.7
seoul5-0521,오목교(목동운동장앞),5호선,하행,13,9,28,6.4
seoul5-0521,오목교(목동운동장앞),5호선,하행,14,10,28,6.4
seoul5-0521,오목교(목동운동장앞),5호선,하행,15,9,28,6.4
seoul5-0521,오목교(목동운동장앞),5호선,하행,16,9,33,5.5
seoul5-0521,오목교(목동운동장앞),5호선,하행,17,15,40,4.5
seoul5-0521,오목교(목동운동장앞),5호선,하행,18,16,41,4.4
seoul5-0521,오목교(목동운동장앞),5호선,하행,19,10,35,5.1
seoul5-0521,오목교(목동운동장앞),5호선,하행,20,9,28,6.4
seoul5-0521,오목교(목동운동장앞),5호선,하행,21,9,26,6.9
seoul5-0521,오목교(목동운동장앞),5호선,하행,22,8,24,7.5
seoul5-0521,오목교(목동운동장앞),5호선,하행,23,7,17,10.6
seoul5-0521,오목교(목동운동장앞),5호선,하행,24,2,9,20.0
seoul5-0522,양평,5호선,상행,5,2,11,16.4
seoul5-0522,양평,5호선,상행,6,9,22,8.2
seoul5-0522,양평,5호선,상행,7,11,36,5.0
seoul5-0522,양평,5호선,상행,8,16,45,4.0
seoul5-0522,양평,5호선,상행,9,18,46,3.9
seoul5-0522,양평,5호선,상행,10,12,39,4.6
seoul5-0522,양평,5호선,상행,11,9,30,6.0
seoul5-0522,양평,5호선,상행,12,9,28,6.4
seoul5-0522,양평,5호선,상행,13,10,28,6.4
seoul5-0522,양평,5호선,상행,14,9,28,6.4
seoul5-0522,양평,5호선,상행,15,9,27,6.7
seoul5-0522,양평,5호선,상행,16,9,28,6.4
seoul5-0522,양평,5호선,상행,17,10,34,5.3
seoul5-0522,양평,5호선,상행,18,15,38,4.7
seoul5-0522,양평,5호선,상행,19,13,37,4.9
seoul5-0522,양평,5호선,상행,20,9,31,5.8
seoul5-0522,양평,5호선,상행,21,9,27,6.7
seoul5-0522,양평,5호선,상행,22,9,25,7.2
seoul5-0522,양평,5호선,상행,23,7,19,9.5
seoul5-0522,양평,5호선,상행,24,3,10,18.0
seoul5-0522,양평,5호선,하행,5,3,13,13.8
seoul5-0522,양평,5호선,하행,6,10,26,6.9
seoul5-0522,양평,5호선,하행,7,13,40,4.5
seoul5-0522,양평,5호선,하행,8,17,44,4.1
seoul5-0522,양평,5호선,하행,9,14,41,4.4
seoul5-0522,양평,5호선,하행,10,10,33,5.5
seoul5-0522,양평,5호선,하행,11,9,28,6.4
seoul5-0522,양평,5호선,하행,12,9,27,6.7
seoul5-0522,양평,5호선,하행,13,9,27,6.7
seoul5-0522,양평,5호선,하행,14,9,28,6.4
seoul5-0522,양평,5호선,하행,15,10,28,6.4
seoul5-0522,양평,5호선,하행,16,9,33,5.5
seoul5-0522,양평,5호선,하행,17,14,40,4.5
seoul5-0522,양평,5호선,하행,18,17,40,4.5
seoul5-0522,양평,5호선,하행,19,9,36,5.0
seoul5-0522,양평,5호선,하행,20,10,28,6.4
seoul5-0522,양평,5호선,하행,21,9,26,6.9
seoul5-0522,양평,5호선,하행,22,7,23,7.8
seoul5-0522,양평,5호선,하행,23,7,17,10.6
seoul5-0522,양평,5호선,하행,24,3,10,18.0
seoul5-0523,영등포구청,5호선,상행,5,2,11,16.4
seoul5-0523,영등포구청,5호선,상행,6,9,22,8.2
seoul5-0523,영등포구청,5호선,상행,7,11,37,4.9
seoul5-0523,영등포구청,5호선,상행,8,17,46,3.9
seoul5-0523,영등포구청,5호선,상행,9,18,46,3.9
seoul5-0523,영등포구청,5호선,상행,10,11,38,4.7
seoul5-0523,영등포구청,5호선,상행,11,9,30,6.0
seoul5-0523,영등포구청,5호선,상행,12,10,28,6.4
seoul5-0523,영등포구청,5호선,상행,13,9,28,6.4
seoul5-0523,영등포구청,5호선,상행,14,9,27,6.7
seoul5-0523,영등포구청,5호선,상행,15,9,28,6.4
seoul5-0523,영등포구청,5호선,상행,16,10,28,6.4
seoul5-0523,영등포구청,5호선,상행,17,9,34,5.3
seoul5-0523,영등포구청,5호선,상행,18,15,37,4.9
seoul5-0523,영등포구청,5호선,상행,19,13,37,4.9
seoul5-0523,영등포구청,5호선,상행,20,9,32,5.6
seoul5-0523,영등포구청,5호선,상행,21,10,27,6.7
seoul5-0523,영등포구청,5호선,상행,22,8,25,7.2
seoul5-0523,영등포구청,5호선,상행,23,7,18,10.0
seoul5-0523,영등포구청,5호선,상행,24,3,10,18.0
seoul5-0523,영등포구청,5호선,하행,5,3,12,15.0
seoul5-0523,영등포구청,5호선,하행,6,9,25,7.2
seoul5-0523,영등포구청,5호선,하행,7,13,40,4.5
seoul5-0523,영등포구청,5호선,하행,8,18,45,4.0
seoul5-0523,영등포구청,5호선,하행,9,14,41,4.4
seoul5-0523,영등포구청,5호선,하행,10,9,33,5.5
seoul5-0523,영등포구청,5호선,하행,11,10,28,6.4
seoul5-0523,영등포구청,5호선,하행,12,9,28,6.4
seoul5-0523,영등포구청,5호선,하행,13,9,27,6.7
seoul5-0523,영등포구청,5호선,하행,14,9,27,6.7
seoul5-0523,영등포구청,5호선,하행,15,9,28,6.4
seoul5-0523,영등포구청,5호선,하행,16,10,33,5.5
seoul5-0523,영등포구청,5호선,하행,17,14,41,4.4
seoul5-0523,영등포구청,5호선,하행,18,17,40,4.5
seoul5-0523,영등포구청,5호선,하행,19,9,35,5.1
seoul5-0523,영등포구청,5호선,하행,20,9,28,6.4
seoul5-0523,영등포구청,5호선,하행,21,10,26,6.9
seoul5-0523,영등포구청,5호선,하행,22,7,24,7.5
seoul5-0523,영등포구청,5호선,하행,23,7,17,10.6
seoul5-0523,영등포구청,5호선,하행,24,3,10,18.0
seoul5-0524,영등포시장,5호선,상행,5,2,11,16.4
seoul5-0524,영등포시장,5호선,상행,6,9,23,7.8
seoul5-0524,영등포시장,5호선,상행,7,12,38,4.7
seoul5-0524,영등포시장,5호선,상행,8,17,46,3.9
seoul5-0524,영등포시장,5호선,상행,9,17,45,4.0
seoul5-0524,영등포시장,5호선,상행,10,11,38,4.7
seoul5-0524,영등포시장,5호선,상행,11,10,30,6.0
seoul5-0524,영등포시장,5호선,상행,12,9,28,6.4
seoul5-0524,영등포시장,5호선,상행,13,9,27,6.7
seoul5-0524,영등포시장,5호선,상행,14,9,28,6.4
seoul5-0524,영등포시장,5호선,상행,15,10,28,6.4
seoul5-0524,영등포시장,5호선,상행,16,9,28,6.4
seoul5-0524,영등포시장,5호선,상행,17,9,34,5.3
seoul5-0524,영등포시장,5호선,상행,18,16,37,4.9
seoul5-0524,영등포시장,5호선,상행,19,12,38,4.7
seoul5-0524,영등포시장,5호선,상행,20,10,31,5.8
seoul5-0524,영등포시장,5호선,상행,21,9,28,6.4
seoul5-0524,영등포시장,5호선,상행,22,9,24,7.5
seoul5-0524,영등포시장,5호선,상행,23,6,18,10.0
seoul5-0524,영등포시장,5호선,상행,24,3,9,20.0
seoul5-0524,영등포시장,5호선,하행,5,3,12,15.0
seoul5-0524,영등포시장,5호선,하행,6,9,25,7.2
seoul5-0524,영등포시장,5호선,하행,7,13,40,4.5
seoul5-0524,영등포시장,5호선,하행,8,18,45,4.0
seoul5-0524,영등포시장,5호선,하행,9,14,41,4.4
seoul5-0524,영등포시장,5호선,하행,10,9,32,5.6
seoul5-0524,영등포시장,5호선,하행,11,9,28,6.4
seoul5-0524,영등포시장,5호선,하행,12,10,28,6.4
seoul5-0524,영등포시장,5호선,하행,13,9,28,6.4
seoul5-0524,영등포시장,5호선,하행,14,9,27,6.7
seoul5-0524,영등포시장,5호선,하행,15,9,28,6.4
seoul5-0524,영등포시장,5호선,하행,16,10,32,5.6
seoul5-0524,영등포시장,5호선,하행,17,13,40,4.5
seoul5-0524,영등포시장,5호선,하행,18,17,40,4.5
seoul5-0524,영등포시장,5호선,하행,19,10,36,5.0
seoul5-0524,영등포시장,5호선,하행,20,9,28,6.4
seoul5-0524,영등포시장,5호선,하행,21,9,26,6.9
seoul5-0524,영등포시장,5호선,하행,22,8,24,7.5
seoul5-0524,영등포시장,5호선,하행,23,7,18,10.0
seoul5-0524,영등포시장,5호선,하행,24,3,10,18.0
seoul5-0525,신길,5호선,상행,5,3,11,16.4
seoul5-0525,신길,5호선,상행,6,8,23,7.8
seoul5-0525,신길,5호선,상행,7,12,37,4.9
seoul5-0525,신길,5호선,상행,8,17,47,3.8
seoul5-0525,신길,5호선,상행,9,18,46,3.9
seoul5-0525,신길,5호선,상행,10,11,38,4.7
seoul5-0525,신길,5호선,상행,11,9,29,6.2
seoul5-0525,신길,5호선,상행,12,9,27,6.7
seoul5-0525,신길,5호선,상행,13,9,28,6.4
seoul5-0525,신길,5호선,상행,14,10,28,6.4
seoul5-0525,신길,5호선,상행,15,9,28,6.4
seoul5-0525,신길,5호선,상행,16,9,27,6.7
seoul5-0525,신길,5호선,상행,17,9,34,5.3
seoul5-0525,신길,5호선,상행,18,16,38,4.7
seoul5-0525,신길,5호선,상행,19,13,38,4.7
seoul5-0525,신길,5호선,상행,20,9,31,5.8
seoul5-0525,신길,5호선,상행,21,9,27,6.7
seoul5-0525,신길,5호선,상행,22,9,24,7.5
seoul5-0525,신길,5호선,상행,23,6,18,10.0
seoul5-0525,신길,5호선,상행,24,3,9,20.0
seoul5-0525,신길,5호선,하행,5,3,12,15.0
seoul5-0525,신길,5호선,하행,6,9,24,7.5
seoul5-0525,신길,5호선,하행,7,12,39,4.6
seoul5-0525,신길,5호선,하행,8,18,44,4.1
seoul5-0525,신길,5호선,하행,9,14,42,4.3
seoul5-0525,신길,5호선,하행,10,10,33,5.5
seoul5-0525,신길,5호선,하행,11,9,28,6.4
seoul5-0525,신길,5호선,하행,12,9,27,6.7
seoul5-0525,신길,5호선,하행,13,9,28,6.4
seoul5-0525,신길,5호선,하행,14,10,28,6.4
seoul5-0525,신길,5호선,하행,15,9,28,6.4
seoul5-0525,신길,5호선,하행,16,9,32,5.6
seoul5-0525,신길,5호선,하행,17,14,40,4.5
seoul5-0525,신길,5호선,하행,18,17,41,4.4
seoul5-0525,신길,5호선,하행,19,10,36,5.0
seoul5-0525,신길,5호선,하행,20,9,28,6.4
seoul5-0525,신길,5호선,하행,21,9,26,6.9
seoul5-0525,신길,5호선,하행,22,8,24,7.5
seoul5-0525,신길,5호선,하행,23,7,18,10.0
seoul5-0525,신길,5호선,하행,24,3,10,18.0
seoul5-0526,여의도,5호선,상행,5,3,12,15.0
seoul5-0526,여의도,5호선,상행,6,9,23,7.8
seoul5-0526,여의도,5호선,상행,7,11,38,4.7
seoul5-0526,여의도,5호선,상행,8,18,46,3.9
seoul5-0526,여의도,5호선,상행,9,17,46,3.9
seoul5-0526,여의도,5호선,상행,10,11,37,4.9
seoul5-0526,여의도,5호선,상행,11,9,30,6.0
seoul5-0526,여의도,5호선,상행,12,10,28,6.4
seoul5-0526,여의도,5호선,상행,13,9,28,6.4
seoul5-0526,여의도,5호선,상행,14,9,27,6.7
seoul5-0526,여의도,5호선,상행,15,9,27,6.7
seoul5-0526,여의도,5호선,상행,16,9,28,6.4
seoul5-0526,여의도,5호선,상행,17,10,35,5.1
seoul5-0526,여의도,5호선,상행,18,16,38,4.7
seoul5-0526,여의도,5호선,상행,19,12,37,4.9
seoul5-0526,여의도,5호선,상행,20,9,30,6.0
seoul5-0526,여의도,5호선,상행,21,9,27,6.7
seoul5-0526,여의도,5호선,상행,22,9,24,7.5
seoul5-0526,여의도,5호선,상행,23,6,18,10.0
seoul5-0526,여의도,5호선,상행,24,3,9,20.0
seoul5-0526,여의도,5호선,하행,5,2,12,15.0
seoul5-0526,여의도,5호선,하행,6,10,24,7.5
seoul5-0526,여의도,5호선,하행,7,12,39,4.6
seoul5-0526,여의도,5호선,하행,8,17,44,4.1
seoul5-0526,여의도,5호선,하행,9,15,41,4.4
seoul5-0526,여의도,5호선,하행,10,9,34,5.3
seoul5-0526,여의도,5호선,하행,11,10,28,6.4
seoul5-0526,여의도,5호선,하행,12,9,28,6.4
seoul5-0526,여의도,5호선,하행,13,9,27,6.7
seoul5-0526,여의도,5호선,하행,14,9,28,6.4
seoul5-0526,여의도,5호선,하행,15,10,28,6.4
seoul5-0526,여의도,5호선,하행,16,9,32,5.6
seoul5-0526,여의도,5호선,하행,17,13,40,4.5
seoul5-0526,여의도,5호선,하행,18,18,40,4.5
seoul5-0526,여의도,5호선,하행,19,9,36,5.0
seoul5-0526,여의도,5호선,하행,20,9,28,6.4
seoul5-0526,여의도,5호선,하행,21,10,27,6.7
seoul5-0526,여의도,5호선,하행,22,8,25,7.2
seoul5-0526,여의도,5호선,하행,23,7,18,10.0
seoul5-0526,여의도,5호선,하행,24,3,10,18.0
seoul5-0527,여의나루,5호선,상행,5,2,11,16.4
seoul5-0527,여의나루,5호선,상행,6,9,23,7.8
seoul5-0527,여의나루,5호선,상행,7,12,39,4.6
seoul5-0527,여의나루,5호선,상행,8,18,46,3.9
seoul5-0527,여의나루,5호선,상행,9,16,45,4.0
seoul5-0527,여의나루,5호선,상행,10,11,37,4.9
seoul5-0527,여의나루,5호선,상행,11,10,30,6.0
seoul5-0527,여의나루,5호선,상행,12,9,28,6.4
seoul5-0527,여의나루,5호선,상행,13,9,27,6.7
seoul5-0527,여의나루,5호선,상행,14,9,28,6.4
seoul5-0527,여의나루,5호선,상행,15,10,28,6.4
seoul5-0527,여의나루,5호선,상행,16,9,28,6.4
seoul5-0527,여의나루,5호선,상행,17,9,34,5.3
seoul5-0527,여의나루,5호선,상행,18,16,37,4.9
seoul5-0527,여의나루,5호선,상행,19,12,37,4.9
seoul5-0527,여의나루,5호선,상행,20,9,31,5.8
seoul5-0527,여의나루,5호선,상행,21,10,27,6.7
seoul5-0527,여의나루,5호선,상행,22,8,25,7.2
seoul5-0527,여의나루,5호선,상행,23,7,18,10.0
seoul5-0527,여의나루,5호선,상행,24,3,10,18.0
seoul5-0527,여의나루,5호선,하행,5,2,11,16.4
seoul5-0527,여의나루,5호선,하행,6,9,23,7.8
seoul5-0527,여의나루,5호선,하행,7,12,39,4.6
seoul5-0527,여의나루,5호선,하행,8,18,44,4.1
seoul5-0527,여의나루,5호선,하행,9,14,42,4.3
seoul5-0527,여의나루,5호선,하행,10,10,33,5.5
seoul5-0527,여의나루,5호선,하행,11,9,29,6.2
seoul5-0527,여의나루,5호선,하행,12,10,28,6.4
seoul5-0527,여의나루,5호선,하행,13,9,28,6.4
seoul5-0527,여의나루,5호선,하행,14,9,27,6.7
seoul5-0527,여의나루,5호선,하행,15,9,28,6.4
seoul5-0527,여의나루,5호선,하행,16,10,32,5.6
seoul5-0527,여의나루,5호선,하행,17,13,40,4.5
seoul5-0527,여의나루,5호선,하행,18,17,40,4.5
seoul5-0527,여의나루,5호선,하행,19,10,36,5.0
seoul5-0527,여의나루,5호선,하행,20,9,28,6.4
seoul5-0527,여의나루,5호선,하행,21,9,26,6.9
seoul5-0527,여의나루,5호선,하행,22,8,24,7.5
seoul5-0527,여의나루,5호선,하행,23,7,19,9.5
seoul5-0527,여의나루,5호선,하행,24,4,11,16.4
seoul5-0528,마포,5호선,상행,5,2,11,16.4
seoul5-0528,마포,5호선,상행,6,9,23,7.8
seoul5-0528,마포,5호선,상행,7,12,40,4.5
seoul5-0528,마포,5호선,상행,8,19,47,3.8
seoul5-0528,마포,5호선,상행,9,16,46,3.9
seoul5-0528,마포,5호선,상행,10,11,36,5.0
seoul5-0528,마포,5호선,상행,11,9,29,6.2
seoul5-0528,마포,5호선,상행,12,9,27,6.7
seoul5-0528,마포,5호선,상행,13,9,28,6.4
seoul5-0528,마포,5호선,상행,14,10,28,6.4
seoul5-0528,마포,5호선,상행,15,9,28,6.4
seoul5-0528,마포,5호선,상행,16,9,28,6.4
seoul5-0528,마포,5호선,상행,17,10,35,5.1
seoul5-0528,마포,5호선,상행,18,16,38,4.7
seoul5-0528,마포,5호선,상행,19,12,37,4.9
seoul5-0528,마포,5호선,상행,20,9,30,6.0
seoul5-0528,마포,5호선,상행,21,9,27,6.7
seoul5-0528,마포,5호선,상행,22,9,24,7.5
seoul5-0528,마포,5호선,상행,23,6,18,10.0
seoul5-0528,마포,5호선,상행,24,3,9,20.0
seoul5-0528,마포,5호선,하행,5,2,11,16.4
seoul5-0528,마포,5호선,하행,6,9,23,7.8
seoul5-0528,마포,5호선,하행,7,12,38,4.7
seoul5-0528,마포,5호선,하행,8,17,44,4.1
seoul5-0528,마포,5호선,하행,9,15,42,4.3
seoul5-0528,마포,5호선,하행,10,10,34,5.3
seoul5-0528,마포,5호선,하행,11,9,28,6.4
seoul5-0528,마포,5호선,하행,12,9,27,6.7
seoul5-0528,마포,5호선,하행,13,9,28,6.4
seoul5-0528,마포,5호선,하행,14,10,28,6.4
seoul5-0528,마포,5호선,하행,15,9,28,6.4
seoul5-0528,마포,5호선,하행,16,9,31,5.8
seoul5-0528,마포,5호선,하행,17,13,40,4.5
seoul5-0528,마포,5호선,하행,18,18,40,4.5
seoul5-0528,마포,5호선,하행,19,9,37,4.9
seoul5-0528,마포,5호선,하행,20,10,28,6.4
seoul5-0528,마포,5호선,하행,21,9,27,6.7
seoul5-0528,마포,5호선,하행,22,8,24,7.5
seoul5-0528,마포,5호선,하행,23,7,19,9.5
seoul5-0528,마포,5호선,하행,24,4,11,16.4
seoul5-0529,공덕,5호선,상행,5,2,12,15.0
seoul5-0529,공덕,5호선,상행,6,10,24,7.5
seoul5-0529,공덕,5호선,상행,7,12,40,4.5
seoul5-0529,공덕,5호선,상행,8,18,46,3.9
seoul5-0529,공덕,5호선,상행,9,16,45,4.0
seoul5-0529,공덕,5호선,상행,10,11,36,5.0
seoul5-0529,공덕,5호선,상행,11,9,29,6.2
seoul5-0529,공덕,5호선,상행,12,9,28,6.4
seoul5-0529,공덕,5호선,상행,13,10,28,6.4
seoul5-0529,공덕,5호선,상행,14,9,28,6.4
seoul5-0529,공덕,5호선,상행,15,9,27,6.7
seoul5-0529,공덕,5호선,상행,16,9,28,6.4
seoul5-0529,공덕,5호선,상행,17,10,35,5.1
seoul5-0529,공덕,5호선,상행,18,16,38,4.7
seoul5-0529,공덕,5호선,상행,19,12,37,4.9
seoul5-0529,공덕,5호선,상행,20,9,30,6.0
seoul5-0529,공덕,5호선,상행,21,9,27,6.7
seoul5-0529,공덕,5호선,상행,22,9,24,7.5
seoul5-0529,공덕,5호선,상행,23,6,18,10.0
seoul5-0529,공덕,5호선,상행,24,3,9,20.0
seoul5-0529,공덕,5호선,하행,5,2,10,18.0
seoul5-0529,공덕,5호선,하행,6,8,22,8.2
seoul5-0529,공덕,5호선,하행,7,12,38,4.7
seoul5-0529,공덕,5호선,하행,8,18,44,4.1
seoul5-0529,공덕,5호선,하행,9,14,43,4.2
seoul5-0529,공덕,5호선,하행,10,11,34,5.3
seoul5-0529,공덕,5호선,하행,11,9,29,6.2
seoul5-0529,공덕,5호선,하행,12,9,27,6.7
seoul5-0529,공덕,5호선,하행,13,9,27,6.7
seoul5-0529,공덕,5호선,하행,14,9,28,6.4
seoul5-0529,공덕,5호선,하행,15,10,28,6.4
seoul5-0529,공덕,5호선,하행,16,9,31,5.8
seoul5-0529,공덕,5호선,하행,17,12,39,4.6
seoul5-0529,공덕,5호선,하행,18,18,40,4.5
seoul5-0529,공덕,5호선,하행,19,10,38,4.7
seoul5-0529,공덕,5호선,하행,20,10,29,6.2
seoul5-0529,공덕,5호선,하행,21,9,27,6.7
seoul5-0529,공덕,5호선,하행,22,8,24,7.5
seoul5-0529,공덕,5호선,하행,23,7,19,9.5
seoul5-0529,공덕,5호선,하행,24,4,11,16.4
seoul5-0530,애오개,5호선,상행,5,3,12,15.0
seoul5-0530,애오개,5호선,상행,6,9,24,7.5
seoul5-0530,애오개,5호선,상행,7,12,40,4.5
seoul5-0530,애오개,5호선,상행,8,19,47,3.8
seoul5-0530,애오개,5호선,상행,9,16,45,4.0
seoul5-0530,애오개,5호선,상행,10,10,36,5.0
seoul5-0530,애오개,5호선,상행,11,10,29,6.2
seoul5-0530,애오개,5호선,상행,12,9,28,6.4
seoul5-0530,애오개,5호선,상행,13,9,27,6.7
seoul5-0530,애오개,5호선,상행,14,9,27,6.7
seoul5-0530,애오개,5호선,상행,15,9,28,6.4
seoul5-0530,애오개,5호선,상행,16,10,28,6.4
seoul5-0530,애오개,5호선,상행,17,9,36,5.0
seoul5-0530,애오개,5호선,상행,18,17,37,4.9
seoul5-0530,애오개,5호선,상행,19,11,37,4.9
seoul5-0530,애오개,5호선,상행,20,9,30,6.0
seoul5-0530,애오개,5호선,상행,21,10,27,6.7
seoul5-0530,애오개,5호선,상행,22,8,24,7.5
seoul5-0530,애오개,5호선,상행,23,6,17,10.6
seoul5-0530,애오개,5호선,상행,24,3,9,20.0
seoul5-0530,애오개,5호선,하행,5,2,11,16.4
seoul5-0530,애오개,5호선,하행,6,9,23,7.8
seoul5-0530,애오개,5호선,하행,7,12,38,4.7
seoul5-0530,애오개,5호선,하행,8,17,44,4.1
seoul5-0530,애오개,5호선,하행,9,15,42,4.3
seoul5-0530,애오개,5호선,하행,10,10,34,5.3
seoul5-0530,애오개,5호선,하행,11,9,29,6.2
seoul5-0530,애오개,5호선,하행,12,10,28,6.4
seoul5-0530,애오개,5호선,하행,13,9,28,6.4
seoul5-0530,애오개,5호선,하행,14,9,27,6.7
seoul5-0530,애오개,5호선,하행,15,9,28,6.4
seoul5-0530,애오개,5호선,하행,16,10,31,5.8
seoul5-0530,애오개,5호선,하행,17,12,40,4.5
seoul5-0530,애오개,5호선,하행,18,18,40,4.5
seoul5-0530,애오개,5호선,하행,19,10,37,4.9
seoul5-0530,애오개,5호선,하행,20,9,28,6.4
seoul5-0530,애오개,5호선,하행,21,9,27,6.7
seoul5-0530,애오개,5호선,하행,22,9,25,7.2
seoul5-0530,애오개,5호선,하행,23,7,19,9.5
seoul5-0530,애오개,5호선,하행,24,3,10,18.0
seoul5-0531,충정로(경기대입구),5호선,상행,5,2,11,16.4
seoul5-0531,충정로(경기대입구),5호선,상행,6,9,24,7.5
seoul5-0531,충정로(경기대입구),5호선,상행,7,13,41,4.4
seoul5-0531,충정로(경기대입구),5호선,상행,8,19,47,3.8
seoul5-0531,충정로(경기대입구),5호선,상행,9,15,45,4.0
seoul5-0531,충정로(경기대입구),5호선,상행,10,11,35,5.1
seoul5-0531,충정로(경기대입구),5호선,상행,11,9,29,6.2
seoul5-0531,충정로(경기대입구),5호선,상행,12,9,27,6.7
seoul5-0531,충정로(경기대입구),5호선,상행,13,9,27,6.7
seoul5-0531,충정로(경기대입구),5호선,상행,14,9,28,6.4
seoul5-0531,충정로(경기대입구),5호선,상행,15,10,28,6.4
seoul5-0531,충정로(경기대입구),5호선,상행,16,9,29,6.2
seoul5-0531,충정로(경기대입구),5호선,상행,17,10,35,5.1
seoul5-0531,충정로(경기대입구),5호선,상행,18,16,37,4.9
seoul5-0531,충정로(경기대입구),5호선,상행,19,11,37,4.9
seoul5-0531,충정로(경기대입구),5호선,상행,20,10,30,6.0
seoul5-0531,충정로(경기대입구),5호선,상행,21,9,27,6.7
seoul5-0531,충정로(경기대입구),5호선,상행,22,8,23,7.8
seoul5-0531,충정로(경기대입구),5호선,상행,23,6,18,10.0
seoul5-0531,충정로(경기대입구),5호선,상행,24,4,10,18.0
seoul5-0531,충정로(경기대입구),5호선,하행,5,2,11,16.4
seoul5-0531,충정로(경기대입구),5호선,하행,6,9,23,7.8
seoul5-0531,충정로(경기대입구),5호선,하행,7,12,37,4.9
seoul5-0531,충정로(경기대입구),5호선,하행,8,16,44,4.1
seoul5-0531,충정로(경기대입구),5호선,하행,9,16,42,4.3
seoul5-0531,충정로(경기대입구),5호선,하행,10,10,35,5.1
seoul5-0531,충정로(경기대입구),5호선,하행,11,9,28,6.4
seoul5-0531,충정로(경기대입구),5호선,하행,12,9,28,6.4
seoul5-0531,충정로(경기대입구),5호선,하행,13,10,28,6.4
seoul5-0531,충정로(경기대입구),5호선,하행,14,9,28,6.4
seoul5-0531,충정로(경기대입구),5호선,하행,15,9,27,6.7
seoul5-0531,충정로(경기대입구),5호선,하행,16,9,30,6.0
seoul5-0531,충정로(경기대입구),5호선,하행,17,12,40,4.5
seoul5-0531,충정로(경기대입구),5호선,하행,18,19,41,4.4
seoul5-0531,충정로(경기대입구),5호선,하행,19,10,38,4.7
seoul5-0531,충정로(경기대입구),5호선,하행,20,9,28,6.4
seoul5-0531,충정로(경기대입구),5호선,하행,21,9,26,6.9
seoul5-0531,충정로(경기대입구),5호선,하행,22,8,24,7.5
seoul5-0531,충정로(경기대입구),5호선,하행,23,7,19,9.5
seoul5-0531,충정로(경기대입구),5호선,하행,24,4,11,16.4
seoul5-0532,서대문,5호선,상행,5,2,12,15.0
seoul5-0532,서대문,5호선,상행,6,10,24,7.5
seoul5-0532,서대문,5호선,상행,7,12,41,4.4
seoul5-0532,서대문,5호선,상행,8,19,46,3.9
seoul5-0532,서대문,5호선,상행,9,15,45,4.0
seoul5-0532,서대문,5호선,상행,10,11,35,5.1
seoul5-0532,서대문,5호선,상행,11,9,29,6.2
seoul5-0532,서대문,5호선,상행,12,9,27,6.7
seoul5-0532,서대문,5호선,상행,13,9,28,6.4
seoul5-0532,서대문,5호선,상행,14,10,28,6.4
seoul5-0532,서대문,5호선,상행,15,9,28,6.4
seoul5-0532,서대문,5호선,상행,16,9,28,6.4
seoul5-0532,서대문,5호선,상행,17,10,36,5.0
seoul5-0532,서대문,5호선,상행,18,17,38,4.7
seoul5-0532,서대문,5호선,상행,19,11,37,4.9
seoul5-0532,서대문,5호선,상행,20,9,29,6.2
seoul5-0532,서대문,5호선,상행,21,9,26,6.9
seoul5-0532,서대문,5호선,상행,22,8,23,7.8
seoul5-0532,서대문,5호선,상행,23,6,18,10.0
seoul5-0532,서대문,5호선,상행,24,4,10,18.0
seoul5-0532,서대문,5호선,하행,5,2,11,16.4
seoul5-0532,서대문,5호선,하행,6,9,22,8.2
seoul5-0532,서대문,5호선,하행,7,11,37,4.9
seoul5-0532,서대문,5호선,하행,8,17,43,4.2
seoul5-0532,서대문,5호선,하행,9,15,43,4.2
seoul5-0532,서대문,5호선,하행,10,11,35,5.1
seoul5-0532,서대문,5호선,하행,11,9,29,6.2
seoul5-0532,서대문,5호선,하행,12,9,27,6.7
seoul5-0532,서대문,5호선,하행,13,9,28,6.4
seoul5-0532,서대문,5호선,하행,14,10,28,6.4
seoul5-0532,서대문,5호선,하행,15,9,28,6.4
seoul5-0532,서대문,5호선,하행,16,9,30,6.0
seoul5-0532,서대문,5호선,하행,17,12,39,4.6
seoul5-0532,서대문,5호선,하행,18,18,41,4.4
seoul5-0532,서대문,5호선,하행,19,11,38,4.7
seoul5-0532,서대문,5호선,하행,20,9,29,6.2
seoul5-0532,서대문,5호선,하행,21,9,26,6.9
seoul5-0532,서대문,5호선,하행,22,8,24,7.5
seoul5-0532,서대문,5호선,하행,23,7,19,9.5
seoul5-0532,서대문,5호선,하행,24,4,11,16.4
seoul5-0533,광화문(세종문화회관),5호선,상행,5,2,12,15.0
seoul5-0533,광화문(세종문화회관),5호선,상행,6,10,24,7.5
seoul5-0533,광화문(세종문화회관),5호선,상행,7,12,42,4.3
seoul5-0533,광화문(세종문화회관),5호선,상행,8,20,46,3.9
seoul5-0533,광화문(세종문화회관),5호선,상행,9,14,45,4.0
seoul5-0533,광화문(세종문화회관),5호선,상행,10,11,34,5.3
seoul5-0533,광화문(세종문화회관),5호선,상행,11,9,30,6.0
seoul5-0533,광화문(세종문화회관),5호선,상행,12,10,28,6.4
seoul5-0533,광화문(세종문화회관),5호선,상행,13,9,28,6.4
seoul5-0533,광화문(세종문화회관),5호선,상행,14,9,27,6.7
seoul5-0533,광화문(세종문화회관),5호선,상행,15,9,27,6.7
seoul5-0533,광화문(세종문화회관),5호선,상행,16,9,29,6.2
seoul5-0533,광화문(세종문화회관),5호선,상행,17,11,36,5.0
seoul5-0533,광화문(세종문화회관),5호선,상행,18,16,38,4.7
seoul5-0533,광화문(세종문화회관),5호선,상행,19,11,36,5.0
seoul5-0533,광화문(세종문화회관),5호선,상행,20,9,29,6.2
seoul5-0533,광화문(세종문화회관),5호선,상행,21,9,27,6.7
seoul5-0533,광화문(세종문화회관),5호선,상행,22,9,23,7.8
seoul5-0533,광화문(세종문화회관),5호선,상행,23,5,18,10.0
seoul5-0533,광화문(세종문화회관),5호선,상행,24,4,9,20.0
seoul5-0533,광화문(세종문화회관),5호선,하행,5,2,10,18.0
seoul5-0533,광화문(세종문화회관),5호선,하행,6,8,22,8.2
seoul5-0533,광화문(세종문화회관),5호선,하행,7,12,36,5.0
seoul5-0533,광화문(세종문화회관),5호선,하행,8,16,44,4.1
seoul5-0533,광화문(세종문화회관),5호선,하행,9,16,43,4.2
seoul5-0533,광화문(세종문화회관),5호선,하행,10,11,36,5.0
seoul5-0533,광화문(세종문화회관),5호선,하행,11,9,29,6.2
seoul5-0533,광화문(세종문화회관),5호선,하행,12,9,27,6.7
seoul5-0533,광화문(세종문화회관),5호선,하행,13,9,27,6.7
seoul5-0533,광화문(세종문화회관),5호선,하행,14,9,28,6.4
seoul5-0533,광화문(세종문화회관),5호선,하행,15,10,28,6.4
seoul5-0533,광화문(세종문화회관),5호선,하행,16,9,30,6.0
seoul5-0533,광화문(세종문화회관),5호선,하행,17,11,39,4.6
seoul5-0533,광화문(세종문화회관),5호선,하행,18,19,40,4.5
seoul5-0533,광화문(세종문화회관),5호선,하행,19,10,38,4.7
seoul5-0533,광화문(세종문화회관),5호선,하행,20,9,29,6.2
seoul5-0533,광화문(세종문화회관),5호선,하행,21,10,27,6.7
seoul5-0533,광화문(세종문화회관),5호선,하행,22,8,25,7.2
seoul5-0533,광화문(세종문화회관),5호선,하행,23,7,19,9.5
seoul5-0533,광화문(세종문화회관),5호선,하행,24,4,11,16.4
seoul5-0534,종로3가(탑골공원),5호선,상행,5,3,12,15.0
seoul5-0534,종로3가(탑골공원),5호선,상행,6,9,25,7.2
seoul5-0534,종로3가(탑골공원),5호선,상행,7,13,42,4.3
seoul5-0534,종로3가(탑골공원),5호선,상행,8,20,47,3.8
seoul5-0534,종로3가(탑골공원),5호선,상행,9,14,44,4.1
seoul5-0534,종로3가(탑골공원),5호선,상행,10,10,34,5.3
seoul5-0534,종로3가(탑골공원),5호선,상행,11,10,29,6.2
seoul5-0534,종로3가(탑골공원),5호선,상행,12,9,28,6.4
seoul5-0534,종로3가(탑골공원),5호선,상행,13,9,27,6.7
seoul5-0534,종로3가(탑골공원),5호선,상행,14,9,28,6.4
seoul5-0534,종로3가(탑골공원),5호선,상행,15,10,28,6.4
seoul5-0534,종로3가(탑골공원),5호선,상행,16,9,29,6.2
seoul5-0534,종로3가(탑골공원),5호선,상행,17,10,36,5.0
seoul5-0534,종로3가(탑골공원),5호선,상행,18,17,37,4.9
seoul5-0534,종로3가(탑골공원),5호선,상행,19,10,36,5.0
seoul5-0534,종로3가(탑골공원),5호선,상행,20,9,29,6.2
seoul5-0534,종로3가(탑골공원),5호선,상행,21,10,27,6.7
seoul5-0534,종로3가(탑골공원),5호선,상행,22,8,24,7.5
seoul5-0534,종로3가(탑골공원),5호선,상행,23,6,17,10.6
seoul5-0534,종로3가(탑골공원),5호선,상행,24,3,9,20.0
seoul5-0534,종로3가(탑골공원),5호선,하행,5,1,10,18.0
seoul5-0534,종로3가(탑골공원),5호선,하행,6,9,21,8.6
seoul5-0534,종로3가(탑골공원),5호선,하행,7,11,37,4.9
seoul5-0534,종로3가(탑골공원),5호선,하행,8,17,44,4.1
seoul5-0534,종로3가(탑골공원),5호선,하행,9,16,43,4.2
seoul5-0534,종로3가(탑골공원),5호선,하행,10,10,35,5.1
seoul5-0534,종로3가(탑골공원),5호선,하행,11,9,29,6.2
seoul5-0534,종로3가(탑골공원),5호선,하행,12,10,28,6.4
seoul5-0534,종로3가(탑골공원),5호선,하행,13,9,28,6.4
seoul5-0534,종로3가(탑골공원),5호선,하행,14,9,27,6.7
seoul5-0534,종로3가(탑골공원),5호선,하행,15,9,27,6.7
seoul5-0534,종로3가(탑골공원),5호선,하행,16,9,30,6.0
seoul5-0534,종로3가(탑골공원),5호선,하행,17,12,40,4.5
seoul5-0534,종로3가(탑골공원),5호선,하행,18,19,41,4.4
seoul5-0534,종로3가(탑골공원),5호선,하행,19,10,38,4.7
seoul5-0534,종로3가(탑골공원),5호선,하행,20,9,28,6.4
seoul5-0534,종로3가(탑골공원),5호선,하행,21,9,27,6.7
seoul5-0534,종로3가(탑골공원),5호선,하행,22,9,25,7.2
seoul5-0534,종로3가(탑골공원),5호선,하행,23,7,20,9.0
seoul5-0534,종로3가(탑골공원),5호선,하행,24,4,11,16.4
seoul5-0535,을지로4가,5호선,상행,5,3,13,13.8
seoul5-0535,을지로4가,5호선,상행,6,10,26,6.9
seoul5-0535,을지로4가,5호선,상행,7,13,42,4.3
seoul5-0535,을지로4가,5호선,상행,8,19,46,3.9
seoul5-0535,을지로4가,5호선,상행,9,14,44,4.1
seoul5-0535,을지로4가,5호선,상행,10,11,34,5.3
seoul5-0535,을지로4가,5호선,상행,11,9,29,6.2
seoul5-0535,을지로4가,5호선,상행,12,9,27,6.7
seoul5-0535,을지로4가,5호선,상행,13,9,28,6.4
seoul5-0535,을지로4가,5호선,상행,14,10,28,6.4
seoul5-0535,을지로4가,5호선,상행,15,9,28,6.4
seoul5-0535,을지로4가,5호선,상행,16,9,29,6.2
seoul5-0535,을지로4가,5호선,상행,17,11,36,5.0
seoul5-0535,을지로4가,5호선,상행,18,16,38,4.7
seoul5-0535,을지로4가,5호선,상행,19,11,36,5.0
seoul5-0535,을지로4가,5호선,상행,20,9,29,6.2
seoul5-0535,을지로4가,5호선,상행,21,9,26,6.9
seoul5-0535,을지로4가,5호선,상행,22,8,23,7.8
seoul5-0535,을지로4가,5호선,상행,23,6,17,10.6
seoul5-0535,을지로4가,5호선,상행,24,3,9,20.0
seoul5-0535,을지로4가,5호선,하행,5,1,10,18.0
seoul5-0535,을지로4가,5호선,하행,6,9,21,8.6
seoul5-0535,을지로4가,5호선,하행,7,11,36,5.0
seoul5-0535,을지로4가,5호선,하행,8,16,43,4.2
seoul5-0535,을지로4가,5호선,하행,9,16,43,4.2
seoul5-0535,을지로4가,5호선,하행,10,11,36,5.0
seoul5-0535,을지로4가,5호선,하행,11,9,29,6.2
seoul5-0535,을지로4가,5호선,하행,12,9,27,6.7
seoul5-0535,을지로4가,5호선,하행,13,9,28,6.4
seoul5-0535,을지로4가,5호선,하행,14,10,28,6.4
seoul5-0535,을지로4가,5호선,하행,15,9,28,6.4
seoul5-0535,을지로4가,5호선,하행,16,9,29,6.2
seoul5-0535,을지로4가,5호선,하행,17,11,39,4.6
seoul5-0535,을지로4가,5호선,하행,18,19,41,4.4
seoul5-0535,을지로4가,5호선,하행,19,11,39,4.6
seoul5-0535,을지로4가,5호선,하행,20,9,29,6.2
seoul5-0535,을지로4가,5호선,하행,21,9,26,6.9
seoul5-0535,을지로4가,5호선,하행,22,8,24,7.5
seoul5-0535,을지로4가,5호선,하행,23,7,20,9.0
seoul5-0535,을지로4가,5호선,하행,24,5,12,15.0
seoul5-0536,동대문역사문화공원(DDP),5호선,상행,5,3,13,13.8
seoul5-0536,동대문역사문화공원(DDP),5호선,상행,6,10,26,6.9
seoul5-0536,동대문역사문화공원(DDP),5호선,상행,7,13,43,4.2
seoul5-0536,동대문역사문화공원(DDP),5호선,상행,8,20,47,3.8
seoul5-0536,동대문역사문화공원(DDP),5호선,상행,9,14,44,4.1
seoul5-0536,동대문역사문화공원(DDP),5호선,상행,10,10,33,5.5
seoul5-0536,동대문역사문화공원(DDP),5호선,상행,11,9,29,6.2
seoul5-0536,동대문역사문화공원(DDP),5호선,상행,12,10,28,6.4
seoul5-0536,동대문역사문화공원(DDP),5호선,상행,13,9,28,6.4
seoul5-0536,동대문역사문화공원(DDP),5호선,상행,14,9,27,6.7
seoul5-0536,동대문역사문화공원(DDP),5호선,상행,15,9,27,6.7
seoul5-0536,동대문역사문화공원(DDP),5호선,상행,16,9,29,6.2
seoul5-0536,동대문역사문화공원(DDP),5호선,상행,17,11,37,4.9
seoul5-0536,동대문역사문화공원(DDP),5호선,상행,18,17,38,4.7
seoul5-0536,동대문역사문화공원(DDP),5호선,상행,19,10,36,5.0
seoul5-0536,동대문역사문화공원(DDP),5호선,상행,20,9,28,6.4
seoul5-0536,동대문역사문화공원(DDP),5호선,상행,21,9,27,6.7
seoul5-0536,동대문역사문화공원(DDP),5호선,상행,22,9,23,7.8
seoul5-0536,동대문역사문화공원(DDP),5호선,상행,23,5,17,10.6
seoul5-0536,동대문역사문화공원(DDP),5호선,상행,24,3,8,22.5
seoul5-0536,동대문역사문화공원(DDP),5호선,하행,5,1,9,20.0
seoul5-0536,동대문역사문화공원(DDP),5호선,하행,6,8,20,9.0
seoul5-0536,동대문역사문화공원(DDP),5호선,하행,7,11,35,5.1
seoul5-0536,동대문역사문화공원(DDP),5호선,하행,8,16,44,4.1
seoul5-0536,동대문역사문화공원(DDP),5호선,하행,9,17,43,4.2
seoul5-0536,동대문역사문화공원(DDP),5호선,하행,10,10,37,4.9
seoul5-0536,동대문역사문화공원(DDP),5호선,하행,11,10,29,6.2
seoul5-0536,동대문역사문화공원(DDP),5호선,하행,12,9,28,6.4
seoul5-0536,동대문역사문화공원(DDP),5호선,하행,13,9,27,6.7
seoul5-0536,동대문역사문화공원(DDP),5호선,하행,14,9,28,6.4
seoul5-0536,동대문역사문화공원(DDP),5호선,하행,15,10,28,6.4
seoul5-0536,동대문역사문화공원(DDP),5호선,하행,16,9,30,6.0
seoul5-0536,동대문역사문화공원(DDP),5호선,하행,17,11,38,4.7
seoul5-0536,동대문역사문화공원(DDP),5호선,하행,18,18,40,4.5
seoul5-0536,동대문역사문화공원(DDP),5호선,하행,19,11,38,4.7
seoul5-0536,동대문역사문화공원(DDP),5호선,하행,20,9,30,6.0
seoul5-0536,동대문역사문화공원(DDP),5호선,하행,21,10,27,6.7
seoul5-0536,동대문역사문화공원(DDP),5호선,하행,22,8,25,7.2
seoul5-0536,동대문역사문화공원(DDP),5호선,하행,23,7,20,9.0
seoul5-0536,동대문역사문화공원(DDP),5호선,하행,24,5,12,15.0
seoul5-0537,청구,5호선,상행,5,3,14,12.9
seoul5-0537,청구,5호선,상행,6,11,27,6.7
seoul5-0537,청구,5호선,상행,7,13,44,4.1
seoul5-0537,청구,5호선,상행,8,20,46,3.9
seoul5-0537,청구,5호선,상행,9,13,43,4.2
seoul5-0537,청구,5호선,상행,10,10,33,5.5
seoul5-0537,청구,5호선,상행,11,10,29,6.2
seoul5-0537,청구,5호선,상행,12,9,28,6.4
seoul5-0537,청구,5호선,상행,13,9,27,6.7
seoul5-0537,청구,5호선,상행,14,9,28,6.4
seoul5-0537,청구,5호선,상행,15,10,28,6.4
seoul5-0537,청구,5호선,상행,16,9,30,6.0
seoul5-0537,청구,5호선,상행,17,11,36,5.0
seoul5-0537,청구,5호선,상행,18,16,37,4.9
seoul5-0537,청구,5호선,상행,19,10,35,5.1
seoul5-0537,청구,5호선,상행,20,9,29,6.2
seoul5-0537,청구,5호선,상행,21,10,27,6.7
seoul5-0537,청구,5호선,상행,22,8,23,7.8
seoul5-0537,청구,5호선,상행,23,5,16,11.2
seoul5-0537,청구,5호선,상행,24,3,8,22.5
seoul5-0537,청구,5호선,하행,5,1,9,20.0
seoul5-0537,청구,5호선,하행,6,8,20,9.0
seoul5-0537,청구,5호선,하행,7,11,35,5.1
seoul5-0537,청구,5호선,하행,8,16,43,4.2
seoul5-0537,청구,5호선,하행,9,16,43,4.2
seoul5-0537,청구,5호선,하행,10,11,36,5.0
seoul5-0537,청구,5호선,하행,11,9,30,6.0
seoul5-0537,청구,5호선,하행,12,10,28,6.4
seoul5-0537,청구,5호선,하행,13,9,28,6.4
seoul5-0537,청구,5호선,하행,14,9,27,6.7
seoul5-0537,청구,5호선,하행,15,9,28,6.4
seoul5-0537,청구,5호선,하행,16,10,29,6.2
seoul5-0537,청구,5호선,하행,17,10,39,4.6
seoul5-0537,청구,5호선,하행,18,19,40,4.5
seoul5-0537,청구,5호선,하행,19,11,39,4.6
seoul5-0537,청구,5호선,하행,20,9,29,6.2
seoul5-0537,청구,5호선,하행,21,9,27,6.7
seoul5-0537,청구,5호선,하행,22,9,25,7.2
seoul5-0537,청구,5호선,하행,23,7,21,8.6
seoul5-0537,청구,5호선,하행,24,5,12,15.0
seoul5-0538,신금호,5호선,상행,5,4,14,12.9
seoul5-0538,신금호,5호선,상행,6,10,27,6.7
seoul5-0538,신금호,5호선,상행,7,13,43,4.2
seoul5-0538,신금호,5호선,상행,8,20,46,3.9
seoul5-0538,신금호,5호선,상행,9,13,44,4.1
seoul5-0538,신금호,5호선,상행,10,11,33,5.5
seoul5-0538,신금호,5호선,상행,11,9,29,6.2
seoul5-0538,신금호,5호선,상행,12,9,27,6.7
seoul5-0538,신금호,5호선,상행,13,9,28,6.4
seoul5-0538,신금호,5호선,상행,14,10,28,6.4
seoul5-0538,신금호,5호선,상행,15,9,28,6.4
seoul5-0538,신금호,5호선,상행,16,9,29,6.2
seoul5-0538,신금호,5호선,상행,17,11,37,4.9
seoul5-0538,신금호,5호선,상행,18,17,38,4.7
seoul5-0538,신금호,5호선,상행,19,10,36,5.0
seoul5-0538,신금호,5호선,상행,20,9,28,6.4
seoul5-0538,신금호,5호선,상행,21,9,26,6.9
seoul5-0538,신금호,5호선,상행,22,8,22,8.2
seoul5-0538,신금호,5호선,상행,23,5,16,11.2
seoul5-0538,신금호,5호선,상행,24,3,8,22.5
seoul5-0538,신금호,5호선,하행,5,1,9,20.0
seoul5-0538,신금호,5호선,하행,6,8,20,9.0
seoul5-0538,신금호,5호선,하행,7,11,34,5.3
seoul5-0538,신금호,5호선,하행,8,15,43,4.2
seoul5-0538,신금호,5호선,하행,9,17,43,4.2
seoul5-0538,신금호,5호선,하행,10,11,37,4.9
seoul5-0538,신금호,5호선,하행,11,9,29,6.2
seoul5-0538,신금호,5호선,하행,12,9,28,6.4
seoul5-0538,신금호,5호선,하행,13,10,28,6.4
seoul5-0538,신금호,5호선,하행,14,9,28,6.4
seoul5-0538,신금호,5호선,하행,15,9,27,6.7
seoul5-0538,신금호,5호선,하행,16,9,29,6.2
seoul5-0538,신금호,5호선,하행,17,11,38,4.7
seoul5-0538,신금호,5호선,하행,18,18,41,4.4
seoul5-0538,신금호,5호선,하행,19,12,39,4.6
seoul5-0538,신금호,5호선,하행,20,9,30,6.0
seoul5-0538,신금호,5호선,하행,21,9,27,6.7
seoul5-0538,신금호,5호선,하행,22,9,25,7.2
seoul5-0538,신금호,5호선,하행,23,7,21,8.6
seoul5-0538,신금호,5호선,하행,24,5,12,15.0
seoul5-0539,행당,5호선,상행,5,4,14,12.9
seoul5-0539,행당,5호선,상행,6,10,28,6.4
seoul5-0539,행당,5호선,상행,7,14,44,4.1
seoul5-0539,행당,5호선,상행,8,20,47,3.8
seoul5-0539,행당,5호선,상행,9,13,43,4.2
seoul5-0539,행당,5호선,상행,10,10,32,5.6
seoul5-0539,행당,5호선,상행,11,9,28,6.4
seoul5-0539,행당,5호선,상행,12,9,28,6.4
seoul5-0539,행당,5호선,상행,13,10,28,6.4
seoul5-0539,행당,5호선,상행,14,9,28,6.4
seoul5-0539,행당,5호선,상행,15,9,27,6.7
seoul5-0539,행당,5호선,상행,16,9,30,6.0
seoul5-0539,행당,5호선,상행,17,12,37,4.9
seoul5-0539,행당,5호선,상행,18,16,38,4.7
seoul5-0539,행당,5호선,상행,19,10,35,5.1
seoul5-0539,행당,5호선,상행,20,9,28,6.4
seoul5-0539,행당,5호선,상행,21,9,26,6.9
seoul5-0539,행당,5호선,상행,22,8,22,8.2
seoul5-0539,행당,5호선,상행,23,5,16,11.2
seoul5-0539,행당,5호선,상행,24,3,8,22.5
seoul5-0539,행당,5호선,하행,5,1,8,22.5
seoul5-0539,행당,5호선,하행,6,7,19,9.5
seoul5-0539,행당,5호선,하행,7,11,33,5.5
seoul5-0539,행당,5호선,하행,8,15,43,4.2
seoul5-0539,행당,5호선,하행,9,17,44,4.1
seoul5-0539,행당,5호선,하행,10,12,38,4.7
seoul5-0539,행당,5호선,하행,11,9,30,6.0
seoul5-0539,행당,5호선,하행,12,9,27,6.7
seoul5-0539,행당,5호선,하행,13,9,28,6.4
seoul5-0539,행당,5호선,하행,14,10,28,6.4
seoul5-0539,행당,5호선,하행,15,9,28,6.4
seoul5-0539,행당,5호선,하행,16,9,28,6.4
seoul5-0539,행당,5호선,하행,17,10,38,4.7
seoul5-0539,행당,5호선,하행,18,19,40,4.5
seoul5-0539,행당,5호선,하행,19,11,40,4.5
seoul5-0539,행당,5호선,하행,20,10,30,6.0
seoul5-0539,행당,5호선,하행,21,9,27,6.7
seoul5-0539,행당,5호선,하행,22,8,25,7.2
seoul5-0539,행당,5호선,하행,23,8,21,8.6
seoul5-0539,행당,5호선,하행,24,5,13,13.8
seoul5-0540,왕십리(성동구청),5호선,상행,5,4,15,12.0
seoul5-0540,왕십리(성동구청),5호선,상행,6,11,28,6.4
seoul5-0540,왕십리(성동구청),5호선,상행,7,13,44,4.1
seoul5-0540,왕십리(성동구청),5호선,상행,8,20,46,3.9
seoul5-0540,왕십리(성동구청),5호선,상행,9,13,43,4.2
seoul5-0540,왕십리(성동구청),5호선,상행,10,10,32,5.6
seoul5-0540,왕십리(성동구청),5호선,상행,11,9,29,6.2
seoul5-0540,왕십리(성동구청),5호선,상행,12,10,28,6.4
seoul5-0540,왕십리(성동구청),5호선,상행,13,9,28,6.4
seoul5-0540,왕십리(성동구청),5호선,상행,14,9,27,6.7
seoul5-0540,왕십리(성동구청),5호선,상행,15,9,28,6.4
seoul5-0540,왕십리(성동구청),5호선,상행,16,10,30,6.0
seoul5-0540,왕십리(성동구청),5호선,상행,17,11,37,4.9
seoul5-0540,왕십리(성동구청),5호선,상행,18,16,37,4.9
seoul5-0540,왕십리(성동구청),5호선,상행,19,10,35,5.1
seoul5-0540,왕십리(성동구청),5호선,상행,20,9,28,6.4
seoul5-0540,왕십리(성동구청),5호선,상행,21,9,26,6.9
seoul5-0540,왕십리(성동구청),5호선,상행,22,8,22,8.2
seoul5-0540,왕십리(성동구청),5호선,상행,23,5,16,11.2
seoul5-0540,왕십리(성동구청),5호선,상행,24,3,8,22.5
seoul5-0540,왕십리(성동구청),5호선,하행,5,2,9,20.0
seoul5-0540,왕십리(성동구청),5호선,하행,6,7,20,9.0
seoul5-0540,왕십리(성동구청),5호선,하행,7,11,33,5.5
seoul5-0540,왕십리(성동구청),5호선,하행,8,15,43,4.2
seoul5-0540,왕십리(성동구청),5호선,하행,9,17,43,4.2
seoul5-0540,왕십리(성동구청),5호선,하행,10,11,38,4.7
seoul5-0540,왕십리(성동구청),5호선,하행,11,10,30,6.0
seoul5-0540,왕십리(성동구청),5호선,하행,12,9,28,6.4
seoul5-0540,왕십리(성동구청),5호선,하행,13,9,27,6.7
seoul5-0540,왕십리(성동구청),5호선,하행,14,9,28,6.4
seoul5-0540,왕십리(성동구청),5호선,하행,15,10,28,6.4
seoul5-0540,왕십리(성동구청),5호선,하행,16,9,29,6.2
seoul5-0540,왕십리(성동구청),5호선,하행,17,10,37,4.9
seoul5-0540,왕십리(성동구청),5호선,하행,18,18,40,4.5
seoul5-0540,왕십리(성동구청),5호선,하행,19,12,39,4.6
seoul5-0540,왕십리(성동구청),5호선,하행,20,9,31,5.8
seoul5-0540,왕십리(성동구청),5호선,하행,21,10,27,6.7
seoul5-0540,왕십리(성동구청),5호선,하행,22,8,25,7.2
seoul5-0540,왕십리(성동구청),5호선,하행,23,7,21,8.6
seoul5-0540,왕십리(성동구청),5호선,하행,24,6,13,13.8
seoul5-0541,마장,5호선,상행,5,4,14,12.9
seoul5-0541,마장,5호선,상행,6,10,27,6.7
seoul5-0541,마장,5호선,상행,7,13,44,4.1
seoul5-0541,마장,5호선,상행,8,21,46,3.9
seoul5-0541,마장,5호선,상행,9,12,43,4.2
seoul5-0541,마장,5호선,상행,10,10,32,5.6
seoul5-0541,마장,5호선,상행,11,10,29,6.2
seoul5-0541,마장,5호선,상행,12,9,28,6.4
seoul5-0541,마장,5호선,상행,13,9,27,6.7
seoul5-0541,마장,5호선,상행,14,9,28,6.4
seoul5-0541,마장,5호선,상행,15,10,28,6.4
seoul5-0541,마장,5호선,상행,16,9,30,6.0
seoul5-0541,마장,5호선,상행,17,11,37,4.9
seoul5-0541,마장,5호선,상행,18,17,37,4.9
seoul5-0541,마장,5호선,상행,19,9,35,5.1
seoul5-0541,마장,5호선,상행,20,9,28,6.4
seoul5-0541,마장,5호선,상행,21,10,27,6.7
seoul5-0541,마장,5호선,상행,22,8,22,8.2
seoul5-0541,마장,5호선,상행,23,4,17,10.6
seoul5-0541,마장,5호선,상행,24,5,9,20.0
seoul5-0541,마장,5호선,하행,5,1,9,20.0
seoul5-0541,마장,5호선,하행,6,8,20,9.0
seoul5-0541,마장,5호선,하행,7,11,33,5.5
seoul5-0541,마장,5호선,하행,8,14,43,4.2
seoul5-0541,마장,5호선,하행,9,18,43,4.2
seoul5-0541,마장,5호선,하행,10,11,38,4.7
seoul5-0541,마장,5호선,하행,11,9,30,6.0
seoul5-0541,마장,5호선,하행,12,10,28,6.4
seoul5-0541,마장,5호선,하행,13,9,28,6.4
seoul5-0541,마장,5호선,하행,14,9,27,6.7
seoul5-0541,마장,5호선,하행,15,9,28,6.4
seoul5-0541,마장,5호선,하행,16,10,29,6.2
seoul5-0541,마장,5호선,하행,17,10,38,4.7
seoul5-0541,마장,5호선,하행,18,18,40,4.5
seoul5-0541,마장,5호선,하행,19,12,39,4.6
seoul5-0541,마장,5호선,하행,20,9,30,6.0
seoul5-0541,마장,5호선,하행,21,9,27,6.7
seoul5-0541,마장,5호선,하행,22,9,25,7.2
seoul5-0541,마장,5호선,하행,23,7,22,8.2
seoul5-0541,마장,5호선,하행,24,6,13,13.8
seoul5-0542,답십리,5호선,상행,5,4,14,12.9
seoul5-0542,답십리,5호선,상행,6,10,28,6.4
seoul5-0542,답십리,5호선,상행,7,14,44,4.1
seoul5-0542,답십리,5호선,상행,8,20,47,3.8
seoul5-0542,답십리,5호선,상행,9,13,43,4.2
seoul5-0542,답십리,5호선,상행,10,10,32,5.6
seoul5-0542,답십리,5호선,상행,11,9,28,6.4
seoul5-0542,답십리,5호선,상행,12,9,27,6.7
seoul5-0542,답십리,5호선,상행,13,9,28,6.4
seoul5-0542,답십리,5호선,상행,14,10,28,6.4
seoul5-0542,답십리,5호선,상행,15,9,28,6.4
seoul5-0542,답십리,5호선,상행,16,9,30,6.0
seoul5-0542,답십리,5호선,상행,17,12,37,4.9
seoul5-0542,답십리,5호선,상행,18,16,38,4.7
seoul5-0542,답십리,5호선,상행,19,10,35,5.1
seoul5-0542,답십리,5호선,상행,20,9,28,6.4
seoul5-0542,답십리,5호선,상행,21,9,26,6.9
seoul5-0542,답십리,5호선,상행,22,8,22,8.2
seoul5-0542,답십리,5호선,상행,23,5,17,10.6
seoul5-0542,답십리,5호선,상행,24,4,9,20.0
seoul5-0542,답십리,5호선,하행,5,1,9,20.0
seoul5-0542,답십리,5호선,하행,6,8,19,9.5
seoul5-0542,답십리,5호선,하행,7,10,33,5.5
seoul5-0542,답십리,5호선,하행,8,15,42,4.3
seoul5-0542,답십리,5호선,하행,9,17,44,4.1
seoul5-0542,답십리,5호선,하행,10,12,38,4.7
seoul5-0542,답십리,5호선,하행,11,9,30,6.0
seoul5-0542,답십리,5호선,하행,12,9,28,6.4
seoul5-0542,답십리,5호선,하행,13,10,28,6.4
seoul5-0542,답십리,5호선,하행,14,9,28,6.4
seoul5-0542,답십리,5호선,하행,15,9,27,6.7
seoul5-0542,답십리,5호선,하행,16,9,28,6.4
seoul5-0542,답십리,5호선,하행,17,10,37,4.9
seoul5-0542,답십리,5호선,하행,18,18,41,4.4
seoul5-0542,답십리,5호선,하행,19,13,40,4.5
seoul5-0542,답십리,5호선,하행,20,9,31,5.8
seoul5-0542,답십리,5호선,하행,21,9,27,6.7
seoul5-0542,답십리,5호선,하행,22,9,25,7.2
seoul5-0542,답십리,5호선,하행,23,7,22,8.2
seoul5-0542,답십리,5호선,하행,24,6,13,13.8
seoul5-0543,장한평,5호선,상행,5,4,15,12.0
seoul5-0543,장한평,5호선,상행,6,11,29,6.2
seoul5-0543,장한평,5호선,상행,7,14,45,4.0
seoul5-0543,장한평,5호선,상행,8,20,46,3.9
seoul5-0543,장한평,5호선,상행,9,12,42,4.3
seoul5-0543,장한평,5호선,상행,10,10,31,5.8
seoul5-0543,장한평,5호선,상행,11,9,28,6.4
seoul5-0543,장한평,5호선,상행,12,9,28,6.4
seoul5-0543,장한평,5호선,상행,13,10,28,6.4
seoul5-0543,장한평,5호선,상행,14,9,28,6.4
seoul5-0543,장한평,5호선,상행,15,9,27,6.7
seoul5-0543,장한평,5호선,상행,16,9,31,5.8
seoul5-0543,장한평,5호선,상행,17,13,38,4.7
seoul5-0543,장한평,5호선,상행,18,16,38,4.7
seoul5-0543,장한평,5호선,상행,19,9,34,5.3
seoul5-0543,장한평,5호선,상행,20,9,27,6.7
seoul5-0543,장한평,5호선,상행,21,9,26,6.9
seoul5-0543,장한평,5호선,상행,22,8,22,8.2
seoul5-0543,장한평,5호선,상행,23,5,17,10.6
seoul5-0543,장한평,5호선,상행,24,4,9,20.0
seoul5-0543,장한평,5호선,하행,5,1,8,22.5
seoul5-0543,장한평,5호선,하행,6,7,19,9.5
seoul5-0543,장한평,5호선,하행,7,11,32,5.6
seoul5-0543,장한평,5호선,하행,8,14,42,4.3
seoul5-0543,장한평,5호선,하행,9,17,43,4.2
seoul5-0543,장한평,5호선,하행,10,12,39,4.6
seoul5-0543,장한평,5호선,하행,11,10,31,5.8
seoul5-0543,장한평,5호선,하행,12,9,28,6.4
seoul5-0543,장한평,5호선,하행,13,9,27,6.7
seoul5-0543,장한평,5호선,하행,14,9,28,6.4
seoul5-0543,장한평,5호선,하행,15,10,28,6.4
seoul5-0543,장한평,5호선,하행,16,9,29,6.2
seoul5-0543,장한평,5호선,하행,17,10,36,5.0
seoul5-0543,장한평,5호선,하행,18,17,40,4.5
seoul5-0543,장한평,5호선,하행,19,13,39,4.6
seoul5-0543,장한평,5호선,하행,20,9,32,5.6
seoul5-0543,장한평,5호선,하행,21,10,27,6.7
seoul5-0543,장한평,5호선,하행,22,8,26,6.9
seoul5-0543,장한평,5호선,하행,23,8,22,8.2
seoul5-0543,장한평,5호선,하행,24,6,14,12.9
seoul5-0544,군자(능동),5호선,상행,5,4,15,12.0
seoul5-0544,군자(능동),5호선,상행,6,11,30,6.0
seoul5-0544,군자(능동),5호선,상행,7,15,45,4.0
seoul5-0544,군자(능동),5호선,상행,8,19,46,3.9
seoul5-0544,군자(능동),5호선,상행,9,12,41,4.4
seoul5-0544,군자(능동),5호선,상행,10,10,32,5.6
seoul5-0544,군자(능동),5호선,상행,11,10,29,6.2
seoul5-0544,군자(능동),5호선,상행,12,9,28,6.4
seoul5-0544,군자(능동),5호선,상행,13,9,27,6.7
seoul5-0544,군자(능동),5호선,상행,14,9,28,6.4
seoul5-0544,군자(능동),5호선,상행,15,10,28,6.4
seoul5-0544,군자(능동),5호선,상행,16,9,31,5.8
seoul5-0544,군자(능동),5호선,상행,17,12,37,4.9
seoul5-0544,군자(능동),5호선,상행,18,16,37,4.9
seoul5-0544,군자(능동),5호선,상행,19,9,34,5.3
seoul5-0544,군자(능동),5호선,상행,20,9,28,6.4
seoul5-0544,군자(능동),5호선,상행,21,10,26,6.9
seoul5-0544,군자(능동),5호선,상행,22,7,22,8.2
seoul5-0544,군자(능동),5호선,상행,23,5,16,11.2
seoul5-0544,군자(능동),5호선,상행,24,4,9,20.0
seoul5-0544,군자(능동),5호선,하행,5,2,9,20.0
seoul5-0544,군자(능동),5호선,하행,6,7,19,9.5
seoul5-0544,군자(능동),5호선,하행,7,10,31,5.8
seoul5-0544,군자(능동),5호선,하행,8,14,42,4.3
seoul5-0544,군자(능동),5호선,하행,9,18,44,4.1
seoul5-0544,군자(능동),5호선,하행,10,12,39,4.6
seoul5-0544,군자(능동),5호선,하행,11,9,31,5.8
seoul5-0544,군자(능동),5호선,하행,12,10,28,6.4
seoul5-0544,군자(능동),5호선,하행,13,9,28,6.4
seoul5-0544,군자(능동),5호선,하행,14,9,27,6.7
seoul5-0544,군자(능동),5호선,하행,15,9,28,6.4
seoul5-0544,군자(능동),5호선,하행,16,10,28,6.4
seoul5-0544,군자(능동),5호선,하행,17,9,36,5.0
seoul5-0544,군자(능동),5호선,하행,18,17,40,4.5
seoul5-0544,군자(능동),5호선,하행,19,14,40,4.5
seoul5-0544,군자(능동),5호선,하행,20,9,32,5.6
seoul5-0544,군자(능동),5호선,하행,21,9,27,6.7
seoul5-0544,군자(능동),5호선,하행,22,9,26,6.9
seoul5-0544,군자(능동),5호선,하행,23,8,21,8.6
seoul5-0544,군자(능동),5호선,하행,24,4,12,15.0
seoul5-0545,아차산(어린이대공원후문),5호선,상행,5,4,15,12.0
seoul5-0545,아차산(어린이대공원후문),5호선,상행,6,11,29,6.2
seoul5-0545,아차산(어린이대공원후문),5호선,상행,7,14,45,4.0
seoul5-0545,아차산(어린이대공원후문),5호선,상행,8,20,46,3.9
seoul5-0545,아차산(어린이대공원후문),5호선,상행,9,12,42,4.3
seoul5-0545,아차산(어린이대공원후문),5호선,상행,10,10,31,5.8
seoul5-0545,아차산(어린이대공원후문),5호선,상행,11,9,28,6.4
seoul5-0545,아차산(어린이대공원후문),5호선,상행,12,9,27,6.7
seoul5-0545,아차산(어린이대공원후문),5호선,상행,13,9,28,6.4
seoul5-0545,아차산(어린이대공원후문),5호선,상행,14,10,28,6.4
seoul5-0545,아차산(어린이대공원후문),5호선,상행,15,9,28,6.4
seoul5-0545,아차산(어린이대공원후문),5호선,상행,16,9,31,5.8
seoul5-0545,아차산(어린이대공원후문),5호선,상행,17,13,37,4.9
seoul5-0545,아차산(어린이대공원후문),5호선,상행,18,15,38,4.7
seoul5-0545,아차산(어린이대공원후문),5호선,상행,19,10,34,5.3
seoul5-0545,아차산(어린이대공원후문),5호선,상행,20,9,28,6.4
seoul5-0545,아차산(어린이대공원후문),5호선,상행,21,9,25,7.2
seoul5-0545,아차산(어린이대공원후문),5호선,상행,22,7,22,8.2
seoul5-0545,아차산(어린이대공원후문),5호선,상행,23,6,16,11.2
seoul5-0545,아차산(어린이대공원후문),5호선,상행,24,3,9,20.0
seoul5-0545,아차산(어린이대공원후문),5호선,하행,5,2,9,20.0
seoul5-0545,아차산(어린이대공원후문),5호선,하행,6,7,19,9.5
seoul5-0545,아차산(어린이대공원후문),5호선,하행,7,10,31,5.8
seoul5-0545,아차산(어린이대공원후문),5호선,하행,8,14,41,4.4
seoul5-0545,아차산(어린이대공원후문),5호선,하행,9,17,44,4.1
seoul5-0545,아차산(어린이대공원후문),5호선,하행,10,13,39,4.6
seoul5-0545,아차산(어린이대공원후문),5호선,하행,11,9,31,5.8
seoul5-0545,아차산(어린이대공원후문),5호선,하행,12,9,28,6.4
seoul5-0545,아차산(어린이대공원후문),5호선,하행,13,10,28,6.4
seoul5-0545,아차산(어린이대공원후문),5호선,하행,14,9,28,6.4
seoul5-0545,아차산(어린이대공원후문),5호선,하행,15,9,27,6.7
seoul5-0545,아차산(어린이대공원후문),5호선,하행,16,9,28,6.4
seoul5-0545,아차산(어린이대공원후문),5호선,하행,17,10,36,5.0
seoul5-0545,아차산(어린이대공원후문),5호선,하행,18,17,41,4.4
seoul5-0545,아차산(어린이대공원후문),5호선,하행,19,14,40,4.5
seoul5-0545,아차산(어린이대공원후문),5호선,하행,20,9,32,5.6
seoul5-0545,아차산(어린이대공원후문),5호선,하행,21,9,27,6.7
seoul5-0545,아차산(어린이대공원후문),5호선,하행,22,9,25,7.2
seoul5-0545,아차산(어린이대공원후문),5호선,하행,23,7,21,8.6
seoul5-0545,아차산(어린이대공원후문),5호선,하행,24,5,12,15.0
seoul5-0546,광나루(장신대),5호선,상행,5,4,15,12.0
seoul5-0546,광나루(장신대),5호선,상행,6,11,30,6.0
seoul5-0546,광나루(장신대),5호선,상행,7,15,46,3.9
seoul5-0546,광나루(장신대),5호선,상행,8,20,46,3.9
seoul5-0546,광나루(장신대),5호선,상행,9,11,41,4.4
seoul5-0546,광나루(장신대),5호선,상행,10,10,30,6.0
seoul5-0546,광나루(장신대),5호선,상행,11,9,28,6.4
seoul5-0546,광나루(장신대),5호선,상행,12,9,28,6.4
seoul5-0546,광나루(장신대),5호선,상행,13,10,28,6.4
seoul5-0546,광나루(장신대),5호선,상행,14,9,28,6.4
seoul5-0546,광나루(장신대),5호선,상행,15,9,27,6.7
seoul5-0546,광나루(장신대),5호선,상행,16,9,31,5.8
seoul5-0546,광나루(장신대),5호선,상행,17,13,38,4.7
seoul5-0546,광나루(장신대),5호선,상행,18,16,38,4.7
seoul5-0546,광나루(장신대),5호선,상행,19,9,34,5.3
seoul5-0546,광나루(장신대),5호선,상행,20,9,27,6.7
seoul5-0546,광나루(장신대),5호선,상행,21,9,26,6.9
seoul5-0546,광나루(장신대),5호선,상행,22,8,22,8.2
seoul5-0546,광나루(장신대),5호선,상행,23,5,16,11.2
seoul5-0546,광나루(장신대),5호선,상행,24,3,8,22.5
seoul5-0546,광나루(장신대),5호선,하행,5,2,8,22.5
seoul5-0546,광나루(장신대),5호선,하행,6,6,18,10.0
seoul5-0546,광나루(장신대),5호선,하행,7,10,30,6.0
seoul5-0546,광나루(장신대),5호선,하행,8,14,42,4.3
seoul5-0546,광나루(장신대),5호선,하행,9,18,45,4.0
seoul5-0546,광나루(장신대),5호선,하행,10,13,40,4.5
seoul5-0546,광나루(장신대),5호선,하행,11,9,31,5.8
seoul5-0546,광나루(장신대),5호선,하행,12,9,27,6.7
seoul5-0546,광나루(장신대),5호선,하행,13,9,27,6.7
seoul5-0546,광나루(장신대),5호선,하행,14,9,28,6.4
seoul5-0546,광나루(장신대),5호선,하행,15,10,28,6.4
seoul5-0546,광나루(장신대),5호선,하행,16,9,29,6.2
seoul5-0546,광나루(장신대),5호선,하행,17,10,35,5.1
seoul5-0546,광나루(장신대),5호선,하행,18,16,40,4.5
seoul5-0546,광나루(장신대),5호선,하행,19,14,40,4.5
seoul5-0546,광나루(장신대),5호선,하행,20,10,33,5.5
seoul5-0546,광나루(장신대),5호선,하행,21,9,28,6.4
seoul5-0546,광나루(장신대),5호선,하행,22,9,25,7.2
seoul5-0546,광나루(장신대),5호선,하행,23,7,21,8.6
seoul5-0546,광나루(장신대),5호선,하행,24,5,12,15.0
seoul5-0547,천호(풍납토성),5호선,상행,5,4,16,11.2
seoul5-0547,천호(풍납토성),5호선,상행,6,12,31,5.8
seoul5-0547,천호(풍납토성),5호선,상행,7,15,46,3.9
seoul5-0547,천호(풍납토성),5호선,상행,8,19,46,3.9
seoul5-0547,천호(풍납토성),5호선,상행,9,12,40,4.5
seoul5-0547,천호(풍납토성),5호선,상행,10,9,31,5.8
seoul5-0547,천호(풍납토성),5호선,상행,11,10,28,6.4
seoul5-0547,천호(풍납토성),5호선,상행,12,9,28,6.4
seoul5-0547,천호(풍납토성),5호선,상행,13,9,27,6.7
seoul5-0547,천호(풍납토성),5호선,상행,14,9,28,6.4
seoul5-0547,천호(풍납토성),5호선,상행,15,10,28,6.4
seoul5-0547,천호(풍납토성),5호선,상행,16,9,32,5.6
seoul5-0547,천호(풍납토성),5호선,상행,17,13,37,4.9
seoul5-0547,천호(풍납토성),5호선,상행,18,15,37,4.9
seoul5-0547,천호(풍납토성),5호선,상행,19,9,33,5.5
seoul5-0547,천호(풍납토성),5호선,상행,20,9,27,6.7
seoul5-0547,천호(풍납토성),5호선,상행,21,9,26,6.9
seoul5-0547,천호(풍납토성),5호선,상행,22,8,22,8.2
seoul5-0547,천호(풍납토성),5호선,상행,23,5,16,11.2
seoul5-0547,천호(풍납토성),5호선,상행,24,3,8,22.5
seoul5-0547,천호(풍납토성),5호선,하행,5,2,8,22.5
seoul5-0547,천호(풍납토성),5호선,하행,6,6,18,10.0
seoul5-0547,천호(풍납토성),5호선,하행,7,10,29,6.2
seoul5-0547,천호(풍납토성),5호선,하행,8,13,41,4.4
seoul5-0547,천호(풍납토성),5호선,하행,9,18,44,4.1
seoul5-0547,천호(풍납토성),5호선,하행,10,13,40,4.5
seoul5-0547,천호(풍납토성),5호선,하행,11,9,32,5.6
seoul5-0547,천호(풍납토성),5호선,하행,12,10,28,6.4
seoul5-0547,천호(풍납토성),5호선,하행,13,9,28,6.4
seoul5-0547,천호(풍납토성),5호선,하행,14,9,27,6.7
seoul5-0547,천호(풍납토성),5호선,하행,15,9,27,6.7
seoul5-0547,천호(풍납토성),5호선,하행,16,9,28,6.4
seoul5-0547,천호(풍납토성),5호선,하행,17,10,35,5.1
seoul5-0547,천호(풍납토성),5호선,하행,18,16,41,4.4
seoul5-0547,천호(풍납토성),5호선,하행,19,15,40,4.5
seoul5-0547,천호(풍납토성),5호선,하행,20,9,33,5.5
seoul5-0547,천호(풍납토성),5호선,하행,21,9,27,6.7
seoul5-0547,천호(풍납토성),5호선,하행,22,9,26,6.9
seoul5-0547,천호(풍납토성),5호선,하행,23,8,22,8.2
seoul5-0547,천호(풍납토성),5호선,하행,24,5,13,13.8
seoul5-0548,강동,5호선,상행,5,5,16,11.2
seoul5-0548,강동,5호선,상행,6,11,31,5.8
seoul5-0548,강동,5호선,상행,7,15,46,3.9
seoul5-0548,강동,5호선,상행,8,20,46,3.9
seoul5-0548,강동,5호선,상행,9,11,41,4.4
seoul5-0548,강동,5호선,상행,10,10,30,6.0
seoul5-0548,강동,5호선,상행,11,9,28,6.4
seoul5-0548,강동,5호선,상행,12,9,27,6.7
seoul5-0548,강동,5호선,상행,13,9,28,6.4
seoul5-0548,강동,5호선,상행,14,10,28,6.4
seoul5-0548,강동,5호선,상행,15,9,28,6.4
seoul5-0548,강동,5호선,상행,16,9,32,5.6
seoul5-0548,강동,5호선,상행,17,14,37,4.9
seoul5-0548,강동,5호선,상행,18,14,38,4.7
seoul5-0548,강동,5호선,상행,19,10,33,5.5
seoul5-0548,강동,5호선,상행,20,9,28,6.4
seoul5-0548,강동,5호선,상행,21,9,25,7.2
seoul5-0548,강동,5호선,상행,22,7,21,8.6
seoul5-0548,강동,5호선,상행,23,5,15,12.0
seoul5-0548,강동,5호선,상행,24,3,8,22.5
seoul5-0548,강동,5호선,하행,5,4,16,11.2
seoul5-0548,강동,5호선,하행,6,12,29,6.2
seoul5-0548,강동,5호선,하행,7,13,41,4.4
seoul5-0548,강동,5호선,하행,8,16,47,3.8
seoul5-0548,강동,5호선,하행,9,18,47,3.8
seoul5-0548,강동,5호선,하행,10,13,40,4.5
seoul5-0548,강동,5호선,하행,11,9,31,5.8
seoul5-0548,강동,5호선,하행,12,9,28,6.4
seoul5-0548,강동,5호선,하행,13,10,28,6.4
seoul5-0548,강동,5호선,하행,14,9,28,6.4
seoul5-0548,강동,5호선,하행,15,9,27,6.7
seoul5-0548,강동,5호선,하행,16,9,32,5.6
seoul5-0548,강동,5호선,하행,17,14,39,4.6
seoul5-0548,강동,5호선,하행,18,16,46,3.9
seoul5-0548,강동,5호선,하행,19,16,41,4.4
seoul5-0548,강동,5호선,하행,20,9,34,5.3
seoul5-0548,강동,5호선,하행,21,9,27,6.7
seoul5-0548,강동,5호선,하행,22,9,26,6.9
seoul5-0548,강동,5호선,하행,23,8,22,8.2
seoul5-0548,강동,5호선,하행,24,5,13,13.8
seoul5-0549,길동,5호선,상행,5,2,8,22.5
seoul5-0549,길동,5호선,상행,6,6,20,9.0
seoul5-0549,길동,5호선,상행,7,12,29,6.2
seoul5-0549,길동,5호선,상행,8,11,29,6.2
seoul5-0549,길동,5호선,상행,9,6,22,8.2
seoul5-0549,길동,5호선,상행,10,5,15,12.0
seoul5-0549,길동,5호선,상행,11,4,14,12.9
seoul5-0549,길동,5호선,상행,12,5,14,12.9
seoul5-0549,길동,5호선,상행,13,5,14,12.9
seoul5-0549,길동,5호선,상행,14,4,14,12.9
seoul5-0549,길동,5호선,상행,15,5,13,13.8
seoul5-0549,길동,5호선,상행,16,4,16,11.2
seoul5-0549,길동,5호선,상행,17,7,19,9.5
seoul5-0549,길동,5호선,상행,18,8,19,9.5
seoul5-0549,길동,5호선,상행,19,4,17,10.6
seoul5-0549,길동,5호선,상행,20,5,13,13.8
seoul5-0549,길동,5호선,상행,21,4,13,13.8
seoul5-0549,길동,5호선,상행,22,4,10,18.0
seoul5-0549,길동,5호선,상행,23,2,9,20.0
seoul5-0549,길동,5호선,상행,24,3,5,36.0
seoul5-0549,길동,5호선,하행,5,1,5,36.0
seoul5-0549,길동,5호선,하행,6,4,11,16.4
seoul5-0549,길동,5호선,하행,7,6,18,10.0
seoul5-0549,길동,5호선,하행,8,8,23,7.8
seoul5-0549,길동,5호선,하행,9,9,24,7.5
seoul5-0549,길동,5호선,하행,10,7,20,9.0
seoul5-0549,길동,5호선,하행,11,4,16,11.2
seoul5-0549,길동,5호선,하행,12,5,13,13.8
seoul5-0549,길동,5호선,하행,13,4,14,12.9
seoul5-0549,길동,5호선,하행,14,5,14,12.9
seoul5-0549,길동,5호선,하행,15,5,14,12.9
seoul5-0549,길동,5호선,하행,16,4,14,12.9
seoul5-0549,길동,5호선,하행,17,5,17,10.6
seoul5-0549,길동,5호선,하행,18,8,20,9.0
seoul5-0549,길동,5호선,하행,19,7,20,9.0
seoul5-0549,길동,5호선,하행,20,5,17,10.6
seoul5-0549,길동,5호선,하행,21,5,14,12.9
seoul5-0549,길동,5호선,하행,22,4,13,13.8
seoul5-0549,길동,5호선,하행,23,4,11,16.4
seoul5-0549,길동,5호선,하행,24,3,7,25.7
seoul5-0550,굽은다리(강동구민회관앞),5호선,상행,5,2,8,22.5
seoul5-0550,굽은다리(강동구민회관앞),5호선,상행,6,6,20,9.0
seoul5-0550,굽은다리(강동구민회관앞),5호선,상행,7,12,29,6.2
seoul5-0550,굽은다리(강동구민회관앞),5호선,상행,8,11,29,6.2
seoul5-0550,굽은다리(강동구민회관앞),5호선,상행,9,6,22,8.2
seoul5-0550,굽은다리(강동구민회관앞),5호선,상행,10,5,15,12.0
seoul5-0550,굽은다리(강동구민회관앞),5호선,상행,11,4,14,12.9
seoul5-0550,굽은다리(강동구민회관앞),5호선,상행,12,5,14,12.9
seoul5-0550,굽은다리(강동구민회관앞),5호선,상행,13,5,14,12.9
seoul5-0550,굽은다리(강동구민회관앞),5호선,상행,14,4,14,12.9
seoul5-0550,굽은다리(강동구민회관앞),5호선,상행,15,5,14,12.9
seoul5-0550,굽은다리(강동구민회관앞),5호선,상행,16,5,17,10.6
seoul5-0550,굽은다리(강동구민회관앞),5호선,상행,17,7,19,9.5
seoul5-0550,굽은다리(강동구민회관앞),5호선,상행,18,7,18,10.0
seoul5-0550,굽은다리(강동구민회관앞),5호선,상행,19,4,16,11.2
seoul5-0550,굽은다리(강동구민회관앞),5호선,상행,20,5,13,13.8
seoul5-0550,굽은다리(강동구민회관앞),5호선,상행,21,4,13,13.8
seoul5-0550,굽은다리(강동구민회관앞),5호선,상행,22,4,11,16.4
seoul5-0550,굽은다리(강동구민회관앞),5호선,상행,23,3,9,20.0
seoul5-0550,굽은다리(강동구민회관앞),5호선,상행,24,2,5,36.0
seoul5-0550,굽은다리(강동구민회관앞),5호선,하행,5,1,5,36.0
seoul5-0550,굽은다리(강동구민회관앞),5호선,하행,6,4,11,16.4
seoul5-0550,굽은다리(강동구민회관앞),5호선,하행,7,6,18,10.0
seoul5-0550,굽은다리(강동구민회관앞),5호선,하행,8,8,23,7.8
seoul5-0550,굽은다리(강동구민회관앞),5호선,하행,9,9,23,7.8
seoul5-0550,굽은다리(강동구민회관앞),5호선,하행,10,6,20,9.0
seoul5-0550,굽은다리(강동구민회관앞),5호선,하행,11,5,16,11.2
seoul5-0550,굽은다리(강동구민회관앞),5호선,하행,12,5,14,12.9
seoul5-0550,굽은다리(강동구민회관앞),5호선,하행,13,4,14,12.9
seoul5-0550,굽은다리(강동구민회관앞),5호선,하행,14,5,13,13.8
seoul5-0550,굽은다리(강동구민회관앞),5호선,하행,15,4,14,12.9
seoul5-0550,굽은다리(강동구민회관앞),5호선,하행,16,5,14,12.9
seoul5-0550,굽은다리(강동구민회관앞),5호선,하행,17,5,17,10.6
seoul5-0550,굽은다리(강동구민회관앞),5호선,하행,18,7,20,9.0
seoul5-0550,굽은다리(강동구민회관앞),5호선,하행,19,8,20,9.0
seoul5-0550,굽은다리(강동구민회관앞),5호선,하행,20,5,17,10.6
seoul5-0550,굽은다리(강동구민회관앞),5호선,하행,21,4,14,12.9
seoul5-0550,굽은다리(강동구민회관앞),5호선,하행,22,5,13,13.8
seoul5-0550,굽은다리(강동구민회관앞),5호선,하행,23,4,12,15.0
seoul5-0550,굽은다리(강동구민회관앞),5호선,하행,24,3,7,25.7
seoul5-0551,명일,5호선,상행,5,3,8,22.5
seoul5-0551,명일,5호선,상행,6,5,21,8.6
seoul5-0551,명일,5호선,상행,7,13,29,6.2
seoul5-0551,명일,5호선,상행,8,11,29,6.2
seoul5-0551,명일,5호선,상행,9,5,21,8.6
seoul5-0551,명일,5호선,상행,10,5,15,12.0
seoul5-0551,명일,5호선,상행,11,5,14,12.9
seoul5-0551,명일,5호선,상행,12,4,14,12.9
seoul5-0551,명일,5호선,상행,13,5,13,13.8
seoul5-0551,명일,5호선,상행,14,4,14,12.9
seoul5-0551,명일,5호선,상행,15,5,14,12.9
seoul5-0551,명일,5호선,상행,16,5,17,10.6
seoul5-0551,명일,5호선,상행,17,7,19,9.5
seoul5-0551,명일,5호선,상행,18,7,18,10.0
seoul5-0551,명일,5호선,상행,19,4,16,11.2
seoul5-0551,명일,5호선,상행,20,5,14,12.9
seoul5-0551,명일,5호선,상행,21,5,13,13.8
seoul5-0551,명일,5호선,상행,22,3,11,16.4
seoul5-0551,명일,5호선,상행,23,3,8,22.5
seoul5-0551,명일,5호선,상행,24,2,5,36.0
seoul5-0551,명일,5호선,하행,5,1,5,36.0
seoul5-0551,명일,5호선,하행,6,4,11,16.4
seoul5-0551,명일,5호선,하행,7,6,17,10.6
seoul5-0551,명일,5호선,하행,8,7,22,8.2
seoul5-0551,명일,5호선,하행,9,9,23,7.8
seoul5-0551,명일,5호선,하행,10,7,21,8.6
seoul5-0551,명일,5호선,하행,11,5,16,11.2
seoul5-0551,명일,5호선,하행,12,4,14,12.9
seoul5-0551,명일,5호선,하행,13,5,14,12.9
seoul5-0551,명일,5호선,하행,14,5,14,12.9
seoul5-0551,명일,5호선,하행,15,4,14,12.9
seoul5-0551,명일,5호선,하행,16,5,14,12.9
seoul5-0551,명일,5호선,하행,17,5,17,10.6
seoul5-0551,명일,5호선,하행,18,7,20,9.0
seoul5-0551,명일,5호선,하행,19,8,20,9.0
seoul5-0551,명일,5호선,하행,20,5,17,10.6
seoul5-0551,명일,5호선,하행,21,4,14,12.9
seoul5-0551,명일,5호선,하행,22,5,13,13.8
seoul5-0551,명일,5호선,하행,23,4,12,15.0
seoul5-0551,명일,5호선,하행,24,3,7,25.7
seoul5-0552,고덕,5호선,상행,5,3,9,20.0
seoul5-0552,고덕,5호선,상행,6,6,21,8.6
seoul5-0552,고덕,5호선,상행,7,12,29,6.2
seoul5-0552,고덕,5호선,상행,8,11,28,6.4
seoul5-0552,고덕,5호선,상행,9,5,21,8.6
seoul5-0552,고덕,5호선,상행,10,5,15,12.0
seoul5-0552,고덕,5호선,상행,11,5,14,12.9
seoul5-0552,고덕,5호선,상행,12,4,14,12.9
seoul5-0552,고덕,5호선,상행,13,5,14,12.9
seoul5-0552,고덕,5호선,상행,14,5,14,12.9
seoul5-0552,고덕,5호선,상행,15,4,14,12.9
seoul5-0552,고덕,5호선,상행,16,5,16,11.2
seoul5-0552,고덕,5호선,상행,17,7,19,9.5
seoul5-0552,고덕,5호선,상행,18,7,19,9.5
seoul5-0552,고덕,5호선,상행,19,5,16,11.2
seoul5-0552,고덕,5호선,상행,20,4,14,12.9
seoul5-0552,고덕,5호선,상행,21,5,12,15.0
seoul5-0552,고덕,5호선,상행,22,3,11,16.4
seoul5-0552,고덕,5호선,상행,23,3,8,22.5
seoul5-0552,고덕,5호선,상행,24,2,5,36.0
seoul5-0552,고덕,5호선,하행,5,1,5,36.0
seoul5-0552,고덕,5호선,하행,6,4,11,16.4
seoul5-0552,고덕,5호선,하행,7,6,17,10.6
seoul5-0552,고덕,5호선,하행,8,7,22,8.2
seoul5-0552,고덕,5호선,하행,9,9,23,7.8
seoul5-0552,고덕,5호선,하행,10,7,21,8.6
seoul5-0552,고덕,5호선,하행,11,5,16,11.2
seoul5-0552,고덕,5호선,하행,12,4,14,12.9
seoul5-0552,고덕,5호선,하행,13,5,14,12.9
seoul5-0552,고덕,5호선,하행,14,5,14,12.9
seoul5-0552,고덕,5호선,하행,15,4,14,12.9
seoul5-0552,고덕,5호선,하행,16,5,14,12.9
seoul5-0552,고덕,5호선,하행,17,5,17,10.6
seoul5-0552,고덕,5호선,하행,18,7,20,9.0
seoul5-0552,고덕,5호선,하행,19,8,20,9.0
seoul5-0552,고덕,5호선,하행,20,5,17,10.6
seoul5-0552,고덕,5호선,하행,21,4,14,12.9
seoul5-0552,고덕,5호선,하행,22,5,13,13.8
seoul5-0552,고덕,5호선,하행,23,4,12,15.0
seoul5-0552,고덕,5호선,하행,24,3,7,25.7
seoul5-0553,상일동,5호선,상행,5,3,9,20.0
seoul5-0553,상일동,5호선,상행,6,6,21,8.6
seoul5-0553,상일동,5호선,상행,7,12,29,6.2
seoul5-0553,상일동,5호선,상행,8,11,29,6.2
seoul5-0553,상일동,5호선,상행,9,6,21,8.6
seoul5-0553,상일동,5호선,상행,10,4,15,12.0
seoul5-0553,상일동,5호선,상행,11,5,14,12.9
seoul5-0553,상일동,5호선,상행,12,5,14,12.9
seoul5-0553,상일동,5호선,상행,13,4,14,12.9
seoul5-0553,상일동,5호선,상행,14,5,13,13.8
seoul5-0553,상일동,5호선,상행,15,4,14,12.9
seoul5-0553,상일동,5호선,상행,16,5,17,10.6
seoul5-0553,상일동,5호선,상행,17,8,19,9.5
seoul5-0553,상일동,5호선,상행,18,6,19,9.5
seoul5-0553,상일동,5호선,상행,19,5,15,12.0
seoul5-0553,상일동,5호선,상행,20,4,14,12.9
seoul5-0553,상일동,5호선,상행,21,5,12,15.0
seoul5-0553,상일동,5호선,상행,22,3,11,16.4
seoul5-0553,상일동,5호선,상행,23,3,8,22.5
seoul5-0553,상일동,5호선,상행,24,2,5,36.0
seoul5-0553,상일동,5호선,하행,5,1,5,36.0
seoul5-0553,상일동,5호선,하행,6,4,11,16.4
seoul5-0553,상일동,5호선,하행,7,6,16,11.2
seoul5-0553,상일동,5호선,하행,8,6,18,10.0
seoul5-0553,상일동,5호선,하행,9,6,18,10.0
seoul5-0553,상일동,5호선,하행,10,6,17,10.6
seoul5-0553,상일동,5호선,하행,11,5,15,12.0
seoul5-0553,상일동,5호선,하행,12,4,14,12.9
seoul5-0553,상일동,5호선,하행,13,5,13,13.8
seoul5-0553,상일동,5호선,하행,14,4,14,12.9
seoul5-0553,상일동,5호선,하행,15,5,14,12.9
seoul5-0553,상일동,5호선,하행,16,5,14,12.9
seoul5-0553,상일동,5호선,하행,17,4,16,11.2
seoul5-0553,상일동,5호선,하행,18,7,20,9.0
seoul5-0553,상일동,5호선,하행,19,9,20,9.0
seoul5-0553,상일동,5호선,하행,20,4,18,10.0
seoul5-0553,상일동,5호선,하행,21,5,14,12.9
seoul5-0553,상일동,5호선,하행,22,5,13,13.8
seoul5-0553,상일동,5호선,하행,23,3,11,16.4
seoul5-0553,상일동,5호선,하행,24,3,6,30.0
seoul5-0554,강일,5호선,상행,5,1,5,36.0
seoul5-0554,강일,5호선,상행,6,4,13,13.8
seoul5-0554,강일,5호선,상행,7,8,20,9.0
seoul5-0554,강일,5호선,상행,8,8,22,8.2
seoul5-0554,강일,5호선,상행,9,6,19,9.5
seoul5-0554,강일,5호선,상행,10,5,15,12.0
seoul5-0554,강일,5호선,상행,11,4,14,12.9
seoul5-0554,강일,5호선,상행,12,5,13,13.8
seoul5-0554,강일,5호선,상행,13,4,14,12.9
seoul5-0554,강일,5호선,상행,14,5,14,12.9
seoul5-0554,강일,5호선,상행,15,5,14,12.9
seoul5-0554,강일,5호선,상행,16,4,15,12.0
seoul5-0554,강일,5호선,상행,17,6,15,12.0
seoul5-0554,강일,5호선,상행,18,5,16,11.2
seoul5-0554,강일,5호선,상행,19,5,15,12.0
seoul5-0554,강일,5호선,상행,20,5,14,12.9
seoul5-0554,강일,5호선,상행,21,4,12,15.0
seoul5-0554,강일,5호선,상행,22,3,10,18.0
seoul5-0554,강일,5호선,상행,23,3,8,22.5
seoul5-0554,강일,5호선,상행,24,2,5,36.0
seoul5-0554,강일,5호선,하행,5,1,5,36.0
seoul5-0554,강일,5호선,하행,6,4,10,18.0
seoul5-0554,강일,5호선,하행,7,5,16,11.2
seoul5-0554,강일,5호선,하행,8,7,18,10.0
seoul5-0554,강일,5호선,하행,9,6,19,9.5
seoul5-0554,강일,5호선,하행,10,6,16,11.2
seoul5-0554,강일,5호선,하행,11,4,15,12.0
seoul5-0554,강일,5호선,하행,12,5,14,12.9
seoul5-0554,강일,5호선,하행,13,5,14,12.9
seoul5-0554,강일,5호선,하행,14,4,14,12.9
seoul5-0554,강일,5호선,하행,15,5,13,13.8
seoul5-0554,강일,5호선,하행,16,4,14,12.9
seoul5-0554,강일,5호선,하행,17,5,16,11.2
seoul5-0554,강일,5호선,하행,18,7,21,8.6
seoul5-0554,강일,5호선,하행,19,9,20,9.0
seoul5-0554,강일,5호선,하행,20,4,18,10.0
seoul5-0554,강일,5호선,하행,21,5,13,13.8
seoul5-0554,강일,5호선,하행,22,4,13,13.8
seoul5-0554,강일,5호선,하행,23,4,11,16.4
seoul5-0554,강일,5호선,하행,24,3,7,25.7
seoul5-0555,미사,5호선,상행,5,1,5,36.0
seoul5-0555,미사,5호선,상행,6,4,14,12.9
seoul5-0555,미사,5호선,상행,7,9,21,8.6
seoul5-0555,미사,5호선,상행,8,8,22,8.2
seoul5-0555,미사,5호선,상행,9,5,18,10.0
seoul5-0555,미사,5호선,상행,10,5,14,12.9
seoul5-0555,미사,5호선,상행,11,4,14,12.9
seoul5-0555,미사,5호선,상행,12,5,14,12.9
seoul5-0555,미사,5호선,상행,13,5,14,12.9
seoul5-0555,미사,5호선,상행,14,4,14,12.9
seoul5-0555,미사,5호선,상행,15,5,13,13.8
seoul5-0555,미사,5호선,상행,16,4,15,12.0
seoul5-0555,미사,5호선,상행,17,6,16,11.2
seoul5-0555,미사,5호선,상행,18,6,16,11.2
seoul5-0555,미사,5호선,상행,19,4,15,12.0
seoul5-0555,미사,5호선,상행,20,5,13,13.8
seoul5-0555,미사,5호선,상행,21,4,12,15.0
seoul5-0555,미사,5호선,상행,22,3,10,18.0
seoul5-0555,미사,5호선,상행,23,3,8,22.5
seoul5-0555,미사,5호선,상행,24,2,5,36.0
seoul5-0555,미사,5호선,하행,5,1,5,36.0
seoul5-0555,미사,5호선,하행,6,4,10,18.0
seoul5-0555,미사,5호선,하행,7,5,15,12.0
seoul5-0555,미사,5호선,하행,8,6,17,10.6
seoul5-0555,미사,5호선,하행,9,6,18,10.0
seoul5-0555,미사,5호선,하행,10,6,17,10.6
seoul5-0555,미사,5호선,하행,11,5,16,11.2
seoul5-0555,미사,5호선,하행,12,5,14,12.9
seoul5-0555,미사,5호선,하행,13,4,14,12.9
seoul5-0555,미사,5호선,하행,14,5,14,12.9
seoul5-0555,미사,5호선,하행,15,5,14,12.9
seoul5-0555,미사,5호선,하행,16,4,14,12.9
seoul5-0555,미사,5호선,하행,17,5,15,12.0
seoul5-0555,미사,5호선,하행,18,6,20,9.0
seoul5-0555,미사,5호선,하행,19,9,20,9.0
seoul5-0555,미사,5호선,하행,20,5,19,9.5
seoul5-0555,미사,5호선,하행,21,5,14,12.9
seoul5-0555,미사,5호선,하행,22,4,13,13.8
seoul5-0555,미사,5호선,하행,23,4,11,16.4
seoul5-0555,미사,5호선,하행,24,3,7,25.7
seoul5-0556,하남풍산,5호선,상행,5,2,6,30.0
seoul5-0556,하남풍산,5호선,상행,6,4,14,12.9
seoul5-0556,하남풍산,5호선,상행,7,8,20,9.0
seoul5-0556,하남풍산,5호선,상행,8,8,21,8.6
seoul5-0556,하남풍산,5호선,상행,9,5,18,10.0
seoul5-0556,하남풍산,5호선,상행,10,5,15,12.0
seoul5-0556,하남풍산,5호선,상행,11,5,14,12.9
seoul5-0556,하남풍산,5호선,상행,12,4,14,12.9
seoul5-0556,하남풍산,5호선,상행,13,5,13,13.8
seoul5-0556,하남풍산,5호선,상행,14,4,14,12.9
seoul5-0556,하남풍산,5호선,상행,15,5,14,12.9
seoul5-0556,하남풍산,5호선,상행,16,5,16,11.2
seoul5-0556,하남풍산,5호선,상행,17,6,16,11.2
seoul5-0556,하남풍산,5호선,상행,18,5,15,12.0
seoul5-0556,하남풍산,5호선,상행,19,4,14,12.9
seoul5-0556,하남풍산,5호선,상행,20,5,13,13.8
seoul5-0556,하남풍산,5호선,상행,21,4,12,15.0
seoul5-0556,하남풍산,5호선,상행,22,3,10,18.0
seoul5-0556,하남풍산,5호선,상행,23,3,8,22.5
seoul5-0556,하남풍산,5호선,상행,24,2,5,36.0
seoul5-0556,하남풍산,5호선,하행,6,4,9,20.0
seoul5-0556,하남풍산,5호선,하행,7,5,16,11.2
seoul5-0556,하남풍산,5호선,하행,8,7,18,10.0
seoul5-0556,하남풍산,5호선,하행,9,6,19,9.5
seoul5-0556,하남풍산,5호선,하행,10,6,17,10.6
seoul5-0556,하남풍산,5호선,하행,11,5,16,11.2
seoul5-0556,하남풍산,5호선,하행,12,5,14,12.9
seoul5-0556,하남풍산,5호선,하행,13,4,14,12.9
seoul5-0556,하남풍산,5호선,하행,14,5,13,13.8
seoul5-0556,하남풍산,5호선,하행,15,4,14,12.9
seoul5-0556,하남풍산,5호선,하행,16,5,14,12.9
seoul5-0556,하남풍산,5호선,하행,17,5,16,11.2
seoul5-0556,하남풍산,5호선,하행,18,6,20,9.0
seoul5-0556,하남풍산,5호선,하행,19,9,20,9.0
seoul5-0556,하남풍산,5호선,하행,20,5,18,10.0
seoul5-0556,하남풍산,5호선,하행,21,4,14,12.9
seoul5-0556,하남풍산,5호선,하행,22,5,13,13.8
seoul5-0556,하남풍산,5호선,하행,23,4,12,15.0
seoul5-0556,하남풍산,5호선,하행,24,3,7,25.7
seoul5-0557,하남시청(덕풍∙신장),5호선,상행,5,2,6,30.0
seoul5-0557,하남시청(덕풍∙신장),5호선,상행,6,4,14,12.9
seoul5-0557,하남시청(덕풍∙신장),5호선,상행,7,8,20,9.0
seoul5-0557,하남시청(덕풍∙신장),5호선,상행,8,8,21,8.6
seoul5-0557,하남시청(덕풍∙신장),5호선,상행,9,5,18,10.0
seoul5-0557,하남시청(덕풍∙신장),5호선,상행,10,5,15,12.0
seoul5-0557,하남시청(덕풍∙신장),5호선,상행,11,5,14,12.9
seoul5-0557,하남시청(덕풍∙신장),5호선,상행,12,4,14,12.9
seoul5-0557,하남시청(덕풍∙신장),5호선,상행,13,5,14,12.9
seoul5-0557,하남시청(덕풍∙신장),5호선,상행,14,5,14,12.9
seoul5-0557,하남시청(덕풍∙신장),5호선,상행,15,4,14,12.9
seoul5-0557,하남시청(덕풍∙신장),5호선,상행,16,5,15,12.0
seoul5-0557,하남시청(덕풍∙신장),5호선,상행,17,6,16,11.2
seoul5-0557,하남시청(덕풍∙신장),5호선,상행,18,5,16,11.2
seoul5-0557,하남시청(덕풍∙신장),5호선,상행,19,5,14,12.9
seoul5-0557,하남시청(덕풍∙신장),5호선,상행,20,4,13,13.8
seoul5-0557,하남시청(덕풍∙신장),5호선,상행,21,4,12,15.0
seoul5-0557,하남시청(덕풍∙신장),5호선,상행,22,4,10,18.0
seoul5-0557,하남시청(덕풍∙신장),5호선,상행,23,2,8,22.5
seoul5-0557,하남시청(덕풍∙신장),5호선,상행,24,2,4,45.0
seoul5-0557,하남시청(덕풍∙신장),5호선,하행,6,4,9,20.0
seoul5-0557,하남시청(덕풍∙신장),5호선,하행,7,5,16,11.2
seoul5-0557,하남시청(덕풍∙신장),5호선,하행,8,7,17,10.6
seoul5-0557,하남시청(덕풍∙신장),5호선,하행,9,5,19,9.5
seoul5-0557,하남시청(덕풍∙신장),5호선,하행,10,7,17,10.6
seoul5-0557,하남시청(덕풍∙신장),5호선,하행,11,5,16,11.2
seoul5-0557,하남시청(덕풍∙신장),5호선,하행,12,4,14,12.9
seoul5-0557,하남시청(덕풍∙신장),5호선,하행,13,5,14,12.9
seoul5-0557,하남시청(덕풍∙신장),5호선,하행,14,5,14,12.9
seoul5-0557,하남시청(덕풍∙신장),5호선,하행,15,4,14,12.9
seoul5-0557,하남시청(덕풍∙신장),5호선,하행,16,5,13,13.8
seoul5-0557,하남시청(덕풍∙신장),5호선,하행,17,4,16,11.2
seoul5-0557,하남시청(덕풍∙신장),5호선,하행,18,7,20,9.0
seoul5-0557,하남시청(덕풍∙신장),5호선,하행,19,9,21,8.6
seoul5-0557,하남시청(덕풍∙신장),5호선,하행,20,5,18,10.0
seoul5-0557,하남시청(덕풍∙신장),5호선,하행,21,4,14,12.9
seoul5-0557,하남시청(덕풍∙신장),5호선,하행,22,5,13,13.8
seoul5-0557,하남시청(덕풍∙신장),5호선,하행,23,4,12,15.0
seoul5-0557,하남시청(덕풍∙신장),5호선,하행,24,3,7,25.7
seoul5-0558,하남검단산,5호선,상행,5,2,6,30.0
seoul5-0558,하남검단산,5호선,상행,6,4,14,12.9
seoul5-0558,하남검단산,5호선,상행,7,8,20,9.0
seoul5-0558,하남검단산,5호선,상행,8,8,22,8.2
seoul5-0558,하남검단산,5호선,상행,9,6,18,10.0
seoul5-0558,하남검단산,5호선,상행,10,4,15,12.0
seoul5-0558,하남검단산,5호선,상행,11,5,14,12.9
seoul5-0558,하남검단산,5호선,상행,12,5,14,12.9
seoul5-0558,하남검단산,5호선,상행,13,4,14,12.9
seoul5-0558,하남검단산,5호선,상행,14,5,13,13.8
seoul5-0558,하남검단산,5호선,상행,15,4,14,12.9
seoul5-0558,하남검단산,5호선,상행,16,5,15,12.0
seoul5-0558,하남검단산,5호선,상행,17,6,16,11.2
seoul5-0558,하남검단산,5호선,상행,18,5,16,11.2
seoul5-0558,하남검단산,5호선,상행,19,5,14,12.9
seoul5-0558,하남검단산,5호선,상행,20,4,14,12.9
seoul5-0558,하남검단산,5호선,상행,21,5,12,15.0
seoul5-0558,하남검단산,5호선,상행,22,3,10,18.0
seoul5-0558,하남검단산,5호선,상행,23,2,7,25.7
seoul5-0558,하남검단산,5호선,상행,24,2,4,45.0
seoul5-P549,둔촌동,5호선,상행,5,2,8,22.5
seoul5-P549,둔촌동,5호선,상행,6,6,15,12.0
seoul5-P549,둔촌동,5호선,상행,7,7,22,8.2
seoul5-P549,둔촌동,5호선,상행,8,9,22,8.2
seoul5-P549,둔촌동,5호선,상행,9,6,19,9.5
seoul5-P549,둔촌동,5호선,상행,10,4,15,12.0
seoul5-P549,둔촌동,5호선,상행,11,5,14,12.9
seoul5-P549,둔촌동,5호선,상행,12,5,14,12.9
seoul5-P549,둔촌동,5호선,상행,13,4,14,12.9
seoul5-P549,둔촌동,5호선,상행,14,5,13,13.8
seoul5-P549,둔촌동,5호선,상행,15,4,14,12.9
seoul5-P549,둔촌동,5호선,상행,16,5,16,11.2
seoul5-P549,둔촌동,5호선,상행,17,7,19,9.5
seoul5-P549,둔촌동,5호선,상행,18,7,19,9.5
seoul5-P549,둔촌동,5호선,상행,19,5,16,11.2
seoul5-P549,둔촌동,5호선,상행,20,4,14,12.9
seoul5-P549,둔촌동,5호선,상행,21,5,12,15.0
seoul5-P549,둔촌동,5호선,상행,22,3,11,16.4
seoul5-P549,둔촌동,5호선,상행,23,3,8,22.5
seoul5-P549,둔촌동,5호선,상행,24,2,5,36.0
seoul5-P549,둔촌동,5호선,하행,5,3,10,18.0
seoul5-P549,둔촌동,5호선,하행,6,7,18,10.0
seoul5-P549,둔촌동,5호선,하행,7,8,22,8.2
seoul5-P549,둔촌동,5호선,하행,8,7,24,7.5
seoul5-P549,둔촌동,5호선,하행,9,9,23,7.8
seoul5-P549,둔촌동,5호선,하행,10,7,21,8.6
seoul5-P549,둔촌동,5호선,하행,11,5,16,11.2
seoul5-P549,둔촌동,5호선,하행,12,4,14,12.9
seoul5-P549,둔촌동,5호선,하행,13,5,13,13.8
seoul5-P549,둔촌동,5호선,하행,14,4,14,12.9
seoul5-P549,둔촌동,5호선,하행,15,5,14,12.9
seoul5-P549,둔촌동,5호선,하행,16,5,18,10.0
seoul5-P549,둔촌동,5호선,하행,17,8,22,8.2
seoul5-P549,둔촌동,5호선,하행,18,9,25,7.2
seoul5-P549,둔촌동,5호선,하행,19,8,21,8.6
seoul5-P549,둔촌동,5호선,하행,20,4,17,10.6
seoul5-P549,둔촌동,5호선,하행,21,5,14,12.9
seoul5-P549,둔촌동,5호선,하행,22,5,13,13.8
seoul5-P549,둔촌동,5호선,하행,23,3,11,16.4
seoul5-P549,둔촌동,5호선,하행,24,3,6,30.0
seoul5-P550,올림픽공원(한국체대),5호선,상행,5,2,8,22.5
seoul5-P550,올림픽공원(한국체대),5호선,상행,6,6,16,11.2
seoul5-P550,올림픽공원(한국체대),5호선,상행,7,8,22,8.2
seoul5-P550,올림픽공원(한국체대),5호선,상행,8,8,22,8.2
seoul5-P550,올림픽공원(한국체대),5호선,상행,9,6,18,10.0
seoul5-P550,올림픽공원(한국체대),5호선,상행,10,4,15,12.0
seoul5-P550,올림픽공원(한국체대),5호선,상행,11,5,14,12.9
seoul5-P550,올림픽공원(한국체대),5호선,상행,12,5,14,12.9
seoul5-P550,올림픽공원(한국체대),5호선,상행,13,4,14,12.9
seoul5-P550,올림픽공원(한국체대),5호선,상행,14,5,14,12.9
seoul5-P550,올림픽공원(한국체대),5호선,상행,15,5,14,12.9
seoul5-P550,올림픽공원(한국체대),5호선,상행,16,4,16,11.2
seoul5-P550,올림픽공원(한국체대),5호선,상행,17,7,18,10.0
seoul5-P550,올림픽공원(한국체대),5호선,상행,18,7,19,9.5
seoul5-P550,올림픽공원(한국체대),5호선,상행,19,5,16,11.2
seoul5-P550,올림픽공원(한국체대),5호선,상행,20,4,14,12.9
seoul5-P550,올림픽공원(한국체대),5호선,상행,21,5,12,15.0
seoul5-P550,올림픽공원(한국체대),5호선,상행,22,3,11,16.4
seoul5-P550,올림픽공원(한국체대),5호선,상행,23,3,8,22.5
seoul5-P550,올림픽공원(한국체대),5호선,상행,24,2,5,36.0
seoul5-P550,올림픽공원(한국체대),5호선,하행,5,3,9,20.0
seoul5-P550,올림픽공원(한국체대),5호선,하행,6,6,18,10.0
seoul5-P550,올림픽공원(한국체대),5호선,하행,7,9,21,8.6
seoul5-P550,올림픽공원(한국체대),5호선,하행,8,6,24,7.5
seoul5-P550,올림픽공원(한국체대),5호선,하행,9,9,22,8.2
seoul5-P550,올림픽공원(한국체대),5호선,하행,10,7,20,9.0
seoul5-P550,올림픽공원(한국체대),5호선,하행,11,4,16,11.2
seoul5-P550,올림픽공원(한국체대),5호선,하행,12,5,14,12.9
seoul5-P550,올림픽공원(한국체대),5호선,하행,13,5,14,12.9
seoul5-P550,올림픽공원(한국체대),5호선,하행,14,4,14,12.9
seoul5-P550,올림픽공원(한국체대),5호선,하행,15,5,14,12.9
seoul5-P550,올림픽공원(한국체대),5호선,하행,16,5,18,10.0
seoul5-P550,올림픽공원(한국체대),5호선,하행,17,8,22,8.2
seoul5-P550,올림픽공원(한국체대),5호선,하행,18,9,25,7.2
seoul5-P550,올림픽공원(한국체대),5호선,하행,19,8,21,8.6
seoul5-P550,올림픽공원(한국체대),5호선,하행,20,4,17,10.6
seoul5-P550,올림픽공원(한국체대),5호선,하행,21,5,14,12.9
seoul5-P550,올림픽공원(한국체대),5호선,하행,22,5,13,13.8
seoul5-P550,올림픽공원(한국체대),5호선,하행,23,3,11,16.4
seoul5-P550,올림픽공원(한국체대),5호선,하행,24,3,6,30.0
seoul5-P551,방이,5호선,상행,5,2,8,22.5
seoul5-P551,방이,5호선,상행,6,6,16,11.2
seoul5-P551,방이,5호선,상행,7,8,22,8.2
seoul5-P551,방이,5호선,상행,8,8,22,8.2
seoul5-P551,방이,5호선,상행,9,6,19,9.5
seoul5-P551,방이,5호선,상행,10,5,15,12.0
seoul5-P551,방이,5호선,상행,11,4,14,12.9
seoul5-P551,방이,5호선,상행,12,5,13,13.8
seoul5-P551,방이,5호선,상행,13,4,14,12.9
seoul5-P551,방이,5호선,상행,14,5,14,12.9
seoul5-P551,방이,5호선,상행,15,5,14,12.9
seoul5-P551,방이,5호선,상행,16,4,17,10.6
seoul5-P551,방이,5호선,상행,17,8,18,10.0
seoul5-P551,방이,5호선,상행,18,6,19,9.5
seoul5-P551,방이,5호선,상행,19,5,16,11.2
seoul5-P551,방이,5호선,상행,20,5,14,12.9
seoul5-P551,방이,5호선,상행,21,4,13,13.8
seoul5-P551,방이,5호선,상행,22,4,11,16.4
seoul5-P551,방이,5호선,상행,23,3,8,22.5
seoul5-P551,방이,5호선,상행,24,1,4,45.0
seoul5-P551,방이,5호선,하행,5,3,9,20.0
seoul5-P551,방이,5호선,하행,6,6,17,10.6
seoul5-P551,방이,5호선,하행,7,8,22,8.2
seoul5-P551,방이,5호선,하행,8,8,25,7.2
seoul5-P551,방이,5호선,하행,9,9,24,7.5
seoul5-P551,방이,5호선,하행,10,7,20,9.0
seoul5-P551,방이,5호선,하행,11,4,16,11.2
seoul5-P551,방이,5호선,하행,12,5,14,12.9
seoul5-P551,방이,5호선,하행,13,5,14,12.9
seoul5-P551,방이,5호선,하행,14,4,14,12.9
seoul5-P551,방이,5호선,하행,15,5,13,13.8
seoul5-P551,방이,5호선,하행,16,4,18,10.0
seoul5-P551,방이,5호선,하행,17,9,21,8.6
seoul5-P551,방이,5호선,하행,18,8,26,6.9
seoul5-P551,방이,5호선,하행,19,9,21,8.6
seoul5-P551,방이,5호선,하행,20,4,18,10.0
seoul5-P551,방이,5호선,하행,21,5,13,13.8
seoul5-P551,방이,5호선,하행,22,4,13,13.8
seoul5-P551,방이,5호선,하행,23,4,11,16.4
seoul5-P551,방이,5호선,하행,24,3,7,25.7
seoul5-P552,오금,5호선,상행,5,2,8,22.5
seoul5-P552,오금,5호선,상행,6,6,17,10.6
seoul5-P552,오금,5호선,상행,7,9,22,8.2
seoul5-P552,오금,5호선,상행,8,7,22,8.2
seoul5-P552,오금,5호선,상행,9,6,18,10.0
seoul5-P552,오금,5호선,상행,10,5,15,12.0
seoul5-P552,오금,5호선,상행,11,4,14,12.9
seoul5-P552,오금,5호선,상행,12,5,14,12.9
seoul5-P552,오금,5호선,상행,13,5,14,12.9
seoul5-P552,오금,5호선,상행,14,4,14,12.9
seoul5-P552,오금,5호선,상행,15,5,13,13.8
seoul5-P552,오금,5호선,상행,16,4,17,10.6
seoul5-P552,오금,5호선,상행,17,8,19,9.5
seoul5-P552,오금,5호선,상행,18,7,19,9.5
seoul5-P552,오금,5호선,상행,19,4,16,11.2
seoul5-P552,오금,5호선,상행,20,5,13,13.8
seoul5-P552,오금,5호선,상행,21,4,13,13.8
seoul5-P552,오금,5호선,상행,22,4,11,16.4
seoul5-P552,오금,5호선,상행,23,3,8,22.5
seoul5-P552,오금,5호선,상행,24,1,4,45.0
seoul5-P552,오금,5호선,하행,5,3,9,20.0
seoul5-P552,오금,5호선,하행,6,6,17,10.6
seoul5-P552,오금,5호선,하행,7,8,22,8.2
seoul5-P552,오금,5호선,하행,8,8,24,7.5
seoul5-P552,오금,5호선,하행,9,8,23,7.8
seoul5-P552,오금,5호선,하행,10,7,20,9.0
seoul5-P552,오금,5호선,하행,11,5,17,10.6
seoul5-P552,오금,5호선,하행,12,5,14,12.9
seoul5-P552,오금,5호선,하행,13,4,14,12.9
seoul5-P552,오금,5호선,하행,14,5,14,12.9
seoul5-P552,오금,5호선,하행,15,5,14,12.9
seoul5-P552,오금,5호선,하행,16,4,18,10.0
seoul5-P552,오금,5호선,하행,17,9,21,8.6
seoul5-P552,오금,5호선,하행,18,8,25,7.2
seoul5-P552,오금,5호선,하행,19,8,21,8.6
seoul5-P552,오금,5호선,하행,20,5,18,10.0
seoul5-P552,오금,5호선,하행,21,5,14,12.9
seoul5-P552,오금,5호선,하행,22,4,13,13.8
seoul5-P552,오금,5호선,하행,23,4,11,16.4
seoul5-P552,오금,5호선,하행,24,3,7,25.7
seoul5-P553,개롱,5호선,상행,5,3,8,22.5
seoul5-P553,개롱,5호선,상행,6,5,17,10.6
seoul5-P553,개롱,5호선,상행,7,9,22,8.2
seoul5-P553,개롱,5호선,상행,8,8,22,8.2
seoul5-P553,개롱,5호선,상행,9,5,18,10.0
seoul5-P553,개롱,5호선,상행,10,5,14,12.9
seoul5-P553,개롱,5호선,상행,11,4,14,12.9
seoul5-P553,개롱,5호선,상행,12,5,14,12.9
seoul5-P553,개롱,5호선,상행,13,5,14,12.9
seoul5-P553,개롱,5호선,상행,14,4,14,12.9
seoul5-P553,개롱,5호선,상행,15,5,14,12.9
seoul5-P553,개롱,5호선,상행,16,5,17,10.6
seoul5-P553,개롱,5호선,상행,17,7,19,9.5
seoul5-P553,개롱,5호선,상행,18,7,18,10.0
seoul5-P553,개롱,5호선,상행,19,4,16,11.2
seoul5-P553,개롱,5호선,상행,20,5,13,13.8
seoul5-P553,개롱,5호선,상행,21,4,13,13.8
seoul5-P553,개롱,5호선,상행,22,4,11,16.4
seoul5-P553,개롱,5호선,상행,23,3,8,22.5
seoul5-P553,개롱,5호선,상행,24,1,4,45.0
seoul5-P553,개롱,5호선,하행,5,3,8,22.5
seoul5-P553,개롱,5호선,하행,6,5,17,10.6
seoul5-P553,개롱,5호선,하행,7,9,21,8.6
seoul5-P553,개롱,5호선,하행,8,7,25,7.2
seoul5-P553,개롱,5호선,하행,9,9,23,7.8
seoul5-P553,개롱,5호선,하행,10,7,21,8.6
seoul5-P553,개롱,5호선,하행,11,5,17,10.6
seoul5-P553,개롱,5호선,하행,12,5,14,12.9
seoul5-P553,개롱,5호선,하행,13,4,14,12.9
seoul5-P553,개롱,5호선,하행,14,5,13,13.8
seoul5-P553,개롱,5호선,하행,15,4,14,12.9
seoul5-P553,개롱,5호선,하행,16,5,18,10.0
seoul5-P553,개롱,5호선,하행,17,9,22,8.2
seoul5-P553,개롱,5호선,하행,18,8,25,7.2
seoul5-P553,개롱,5호선,하행,19,8,21,8.6
seoul5-P553,개롱,5호선,하행,20,5,18,10.0
seoul5-P553,개롱,5호선,하행,21,5,14,12.9
seoul5-P553,개롱,5호선,하행,22,4,13,13.8
seoul5-P553,개롱,5호선,하행,23,4,11,16.4
seoul5-P553,개롱,5호선,하행,24,3,7,25.7
seoul5-P554,거여,5호선,상행,5,3,9,20.0
seoul5-P554,거여,5호선,상행,6,6,17,10.6
seoul5-P554,거여,5호선,상행,7,8,22,8.2
seoul5-P554,거여,5호선,상행,8,8,21,8.6
seoul5-P554,거여,5호선,상행,9,5,18,10.0
seoul5-P554,거여,5호선,상행,10,5,15,12.0
seoul5-P554,거여,5호선,상행,11,5,14,12.9
seoul5-P554,거여,5호선,상행,12,4,14,12.9
seoul5-P554,거여,5호선,상행,13,5,13,13.8
seoul5-P554,거여,5호선,상행,14,4,14,12.9
seoul5-P554,거여,5호선,상행,15,5,14,12.9
seoul5-P554,거여,5호선,상행,16,5,17,10.6
seoul5-P554,거여,5호선,상행,17,7,19,9.5
seoul5-P554,거여,5호선,상행,18,7,18,10.0
seoul5-P554,거여,5호선,상행,19,4,16,11.2
seoul5-P554,거여,5호선,상행,20,5,13,13.8
seoul5-P554,거여,5호선,상행,21,4,13,13.8
seoul5-P554,거여,5호선,상행,22,4,11,16.4
seoul5-P554,거여,5호선,상행,23,3,8,22.5
seoul5-P554,거여,5호선,상행,24,1,4,45.0
seoul5-P554,거여,5호선,하행,5,3,8,22.5
seoul5-P554,거여,5호선,하행,6,5,17,10.6
seoul5-P554,거여,5호선,하행,7,9,21,8.6
seoul5-P554,거여,5호선,하행,8,7,25,7.2
seoul5-P554,거여,5호선,하행,9,9,23,7.8
seoul5-P554,거여,5호선,하행,10,7,21,8.6
seoul5-P554,거여,5호선,하행,11,5,16,11.2
seoul5-P554,거여,5호선,하행,12,4,14,12.9
seoul5-P554,거여,5호선,하행,13,5,14,12.9
seoul5-P554,거여,5호선,하행,14,5,14,12.9
seoul5-P554,거여,5호선,하행,15,4,14,12.9
seoul5-P554,거여,5호선,하행,16,5,18,10.0
seoul5-P554,거여,5호선,하행,17,9,21,8.6
seoul5-P554,거여,5호선,하행,18,7,25,7.2
seoul5-P554,거여,5호선,하행,19,9,21,8.6
seoul5-P554,거여,5호선,하행,20,5,18,10.0
seoul5-P554,거여,5호선,하행,21,4,14,12.9
seoul5-P554,거여,5호선,하행,22,5,13,13.8
seoul5-P554,거여,5호선,하행,23,4,12,15.0
seoul5-P554,거여,5호선,하행,24,3,7,25.7
seoul5-P555,마천,5호선,상행,5,3,9,20.0
seoul5-P555,마천,5호선,상행,6,6,17,10.6
seoul5-P555,마천,5호선,상행,7,8,22,8.2
seoul5-P555,마천,5호선,상행,8,8,21,8.6
seoul5-P555,마천,5호선,상행,9,5,18,10.0
seoul5-P555,마천,5호선,상행,10,5,15,12.0
seoul5-P555,마천,5호선,상행,11,5,14,12.9
seoul5-P555,마천,5호선,상행,12,4,14,12.9
seoul5-P555,마천,5호선,상행,13,5,14,12.9
seoul5-P555,마천,5호선,상행,14,5,14,12.9
seoul5-P555,마천,5호선,상행,15,4,14,12.9
seoul5-P555,마천,5호선,상행,16,5,17,10.6
seoul5-P555,마천,5호선,상행,17,8,19,9.5
seoul5-P555,마천,5호선,상행,18,6,19,9.5
seoul5-P555,마천,5호선,상행,19,5,15,12.0
seoul5-P555,마천,5호선,상행,20,4,14,12.9
seoul5-P555,마천,5호선,상행,21,5,12,15.0
seoul5-P555,마천,5호선,상행,22,3,11,16.4
seoul5-P555,마천,5호선,상행,23,3,7,25.7
seoul5-P555,마천,5호선,상행,24,1,4,45.0
seoul6-0610,응암,6호선,,5,2,18,10.0
seoul6-0610,응암,6호선,,6,16,41,4.4
seoul6-0610,응암,6호선,,7,23,69,2.6
seoul6-0610,응암,6호선,,8,30,75,2.4
seoul6-0610,응암,6호선,,9,22,67,2.7
seoul6-0610,응암,6호선,,10,15,52,3.5
seoul6-0610,응암,6호선,,11,15,45,4.0
seoul6-0610,응암,6호선,,12,15,46,3.9
seoul6-0610,응암,6호선,,13,16,45,4.0
seoul6-0610,응암,6호선,,14,14,46,3.9
seoul6-0610,응암,6호선,,15,16,45,4.0
seoul6-0610,응암,6호선,,16,15,50,3.6
seoul6-0610,응암,6호선,,17,19,54,3.3
seoul6-0610,응암,6호선,,18,20,59,3.1
seoul6-0610,응암,6호선,,19,20,58,3.1
seoul6-0610,응암,6호선,,20,18,53,3.4
seoul6-0610,응암,6호선,,21,15,47,3.8
seoul6-0610,응암,6호선,,22,14,42,4.3
seoul6-0610,응암,6호선,,23,13,35,5.1
seoul6-0610,응암,6호선,,24,8,21,8.6
seoul6-0611,역촌,6호선,,5,2,10,18.0
seoul6-0611,역촌,6호선,,6,8,21,8.6
seoul6-0611,역촌,6호선,,7,11,34,5.3
seoul6-0611,역촌,6호선,,8,15,37,4.9
seoul6-0611,역촌,6호선,,9,11,34,5.3
seoul6-0611,역촌,6호선,,10,8,26,6.9
seoul6-0611,역촌,6호선,,11,7,23,7.8
seoul6-0611,역촌,6호선,,12,8,22,8.2
seoul6-0611,역촌,6호선,,13,7,23,7.8
seoul6-0611,역촌,6호선,,14,8,22,8.2
seoul6-0611,역촌,6호선,,15,7,23,7.8
seoul6-0611,역촌,6호선,,16,8,25,7.2
seoul6-0611,역촌,6호선,,17,10,28,6.4
seoul6-0611,역촌,6호선,,18,10,30,6.0
seoul6-0611,역촌,6호선,,19,10,29,6.2
seoul6-0611,역촌,6호선,,20,9,26,6.9
seoul6-0611,역촌,6호선,,21,7,23,7.8
seoul6-0611,역촌,6호선,,22,7,21,8.6
seoul6-0611,역촌,6호선,,23,7,18,10.0
seoul6-0611,역촌,6호선,,24,4,11,16.4
seoul6-0612,불광,6호선,,5,1,10,18.0
seoul6-0612,불광,6호선,,6,9,21,8.6
seoul6-0612,불광,6호선,,7,11,35,5.1
seoul6-0612,불광,6호선,,8,15,37,4.9
seoul6-0612,불광,6호선,,9,11,33,5.5
seoul6-0612,불광,6호선,,10,7,26,6.9
seoul6-0612,불광,6호선,,11,8,23,7.8
seoul6-0612,불광,6호선,,12,8,23,7.8
seoul6-0612,불광,6호선,,13,7,23,7.8
seoul6-0612,불광,6호선,,14,8,22,8.2
seoul6-0612,불광,6호선,,15,7,23,7.8
seoul6-0612,불광,6호선,,16,8,24,7.5
seoul6-0612,불광,6호선,,17,9,27,6.7
seoul6-0612,불광,6호선,,18,10,30,6.0
seoul6-0612,불광,6호선,,19,11,29,6.2
seoul6-0612,불광,6호선,,20,8,27,6.7
seoul6-0612,불광,6호선,,21,8,23,7.8
seoul6-0612,불광,6호선,,22,7,21,8.6
seoul6-0612,불광,6호선,,23,6,18,10.0
seoul6-0612,불광,6호선,,24,5,11,16.4
seoul6-0613,독바위,6호선,,5,1,9,20.0
seoul6-0613,독바위,6호선,,6,8,20,9.0
seoul6-0613,독바위,6호선,,7,11,34,5.3
seoul6-0613,독바위,6호선,,8,15,38,4.7
seoul6-0613,독바위,6호선,,9,12,34,5.3
seoul6-0613,독바위,6호선,,10,7,27,6.7
seoul6-0613,독바위,6호선,,11,8,22,8.2
seoul6-0613,독바위,6호선,,12,7,23,7.8
seoul6-0613,독바위,6호선,,13,8,22,8.2
seoul6-0613,독바위,6호선,,14,7,23,7.8
seoul6-0613,독바위,6호선,,15,8,22,8.2
seoul6-0613,독바위,6호선,,16,7,25,7.2
seoul6-0613,독바위,6호선,,17,10,27,6.7
seoul6-0613,독바위,6호선,,18,10,31,5.8
seoul6-0613,독바위,6호선,,19,11,29,6.2
seoul6-0613,독바위,6호선,,20,8,27,6.7
seoul6-0613,독바위,6호선,,21,8,23,7.8
seoul6-0613,독바위,6호선,,22,7,21,8.6
seoul6-0613,독바위,6호선,,23,6,17,10.6
seoul6-0613,독바위,6호선,,24,4,10,18.0
seoul6-0614,연신내,6호선,,5,1,9,20.0
seoul6-0614,연신내,6호선,,6,8,20,9.0
seoul6-0614,연신내,6호선,,7,11,34,5.3
seoul6-0614,연신내,6호선,,8,15,37,4.9
seoul6-0614,연신내,6호선,,9,11,34,5.3
seoul6-0614,연신내,6호선,,10,8,26,6.9
seoul6-0614,연신내,6호선,,11,7,23,7.8
seoul6-0614,연신내,6호선,,12,8,22,8.2
seoul6-0614,연신내,6호선,,13,7,23,7.8
seoul6-0614,연신내,6호선,,14,8,23,7.8
seoul6-0614,연신내,6호선,,15,8,23,7.8
seoul6-0614,연신내,6호선,,16,7,24,7.5
seoul6-0614,연신내,6호선,,17,9,27,6.7
seoul6-0614,연신내,6호선,,18,11,30,6.0
seoul6-0614,연신내,6호선,,19,10,30,6.0
seoul6-0614,연신내,6호선,,20,9,26,6.9
seoul6-0614,연신내,6호선,,21,7,23,7.8
seoul6-0614,연신내,6호선,,22,7,21,8.6
seoul6-0614,연신내,6호선,,23,7,18,10.0
seoul6-0614,연신내,6호선,,24,4,11,16.4
seoul6-0615,구산,6호선,,5,1,9,20.0
seoul6-0615,구산,6호선,,6,8,19,9.5
seoul6-0615,구산,6호선,,7,10,33,5.5
seoul6-0615,구산,6호선,,8,15,37,4.9
seoul6-0615,구산,6호선,,9,12,35,5.1
seoul6-0615,구산,6호선,,10,8,27,6.7
seoul6-0615,구산,6호선,,11,7,23,7.8
seoul6-0615,구산,6호선,,12,8,22,8.2
seoul6-0615,구산,6호선,,13,7,23,7.8
seoul6-0615,구산,6호선,,14,8,22,8.2
seoul6-0615,구산,6호선,,15,7,23,7.8
seoul6-0615,구산,6호선,,16,8,24,7.5
seoul6-0615,구산,6호선,,17,9,27,6.7
seoul6-0615,구산,6호선,,18,10,30,6.0
seoul6-0615,구산,6호선,,19,11,29,6.2
seoul6-0615,구산,6호선,,20,8,27,6.7
seoul6-0615,구산,6호선,,21,8,23,7.8
seoul6-0615,구산,6호선,,22,7,21,8.6
seoul6-0615,구산,6호선,,23,6,18,10.0
seoul6-0615,구산,6호선,,24,5,11,16.4
seoul6-0616,새절(신사),6호선,,5,2,18,10.0
seoul6-0616,새절(신사),6호선,,6,16,40,4.5
seoul6-0616,새절(신사),6호선,,7,22,68,2.6
seoul6-0616,새절(신사),6호선,,8,30,75,2.4
seoul6-0616,새절(신사),6호선,,9,23,68,2.6
seoul6-0616,새절(신사),6호선,,10,15,54,3.3
seoul6-0616,새절(신사),6호선,,11,16,45,4.0
seoul6-0616,새절(신사),6호선,,12,14,46,3.9
seoul6-0616,새절(신사),6호선,,13,16,44,4.1
seoul6-0616,새절(신사),6호선,,14,14,46,3.9
seoul6-0616,새절(신사),6호선,,15,16,44,4.1
seoul6-0616,새절(신사),6호선,,16,14,49,3.7
seoul6-0616,새절(신사),6호선,,17,19,54,3.3
seoul6-0616,새절(신사),6호선,,18,21,61,3.0
seoul6-0616,새절(신사),6호선,,19,21,59,3.1
seoul6-0616,새절(신사),6호선,,20,17,54,3.3
seoul6-0616,새절(신사),6호선,,21,16,47,3.8
seoul6-0616,새절(신사),6호선,,22,14,42,4.3
seoul6-0616,새절(신사),6호선,,23,12,34,5.3
seoul6-0616,새절(신사),6호선,,24,8,20,9.0
seoul6-0617,증산(명지대앞),6호선,,5,2,19,9.5
seoul6-0617,증산(명지대앞),6호선,,6,17,41,4.4
seoul6-0617,증산(명지대앞),6호선,,7,22,69,2.6
seoul6-0617,증산(명지대앞),6호선,,8,30,75,2.4
seoul6-0617,증산(명지대앞),6호선,,9,23,68,2.6
seoul6-0617,증산(명지대앞),6호선,,10,15,53,3.4
seoul6-0617,증산(명지대앞),6호선,,11,15,46,3.9
seoul6-0617,증산(명지대앞),6호선,,12,16,45,4.0
seoul6-0617,증산(명지대앞),6호선,,13,14,46,3.9
seoul6-0617,증산(명지대앞),6호선,,14,16,45,4.0
seoul6-0617,증산(명지대앞),6호선,,15,15,46,3.9
seoul6-0617,증산(명지대앞),6호선,,16,15,49,3.7
seoul6-0617,증산(명지대앞),6호선,,17,19,54,3.3
seoul6-0617,증산(명지대앞),6호선,,18,20,60,3.0
seoul6-0617,증산(명지대앞),6호선,,19,21,58,3.1
seoul6-0617,증산(명지대앞),6호선,,20,17,53,3.4
seoul6-0617,증산(명지대앞),6호선,,21,15,47,3.8
seoul6-0617,증산(명지대앞),6호선,,22,15,42,4.3
seoul6-0617,증산(명지대앞),6호선,,23,12,36,5.0
seoul6-0617,증산(명지대앞),6호선,,24,9,21,8.6
seoul6-0618,디지털미디어시티,6호선,,5,2,19,9.5
seoul6-0618,디지털미디어시티,6호선,,6,17,41,4.4
seoul6-0618,디지털미디어시티,6호선,,7,22,68,2.6
seoul6-0618,디지털미디어시티,6호선,,8,29,75,2.4
seoul6-0618,디지털미디어시티,6호선,,9,24,69,2.6
seoul6-0618,디지털미디어시티,6호선,,10,16,54,3.3
seoul6-0618,디지털미디어시티,6호선,,11,14,46,3.9
seoul6-0618,디지털미디어시티,6호선,,12,16,44,4.1
seoul6-0618,디지털미디어시티,6호선,,13,14,46,3.9
seoul6-0618,디지털미디어시티,6호선,,14,16,44,4.1
seoul6-0618,디지털미디어시티,6호선,,15,14,46,3.9
seoul6-0618,디지털미디어시티,6호선,,16,16,49,3.7
seoul6-0618,디지털미디어시티,6호선,,17,19,55,3.3
seoul6-0618,디지털미디어시티,6호선,,18,20,60,3.0
seoul6-0618,디지털미디어시티,6호선,,19,21,58,3.1
seoul6-0618,디지털미디어시티,6호선,,20,17,53,3.4
seoul6-0618,디지털미디어시티,6호선,,21,15,46,3.9
seoul6-0618,디지털미디어시티,6호선,,22,14,42,4.3
seoul6-0618,디지털미디어시티,6호선,,23,13,36,5.0
seoul6-0618,디지털미디어시티,6호선,,24,9,22,8.2
seoul6-0619,월드컵경기장(성산),6호선,,5,3,18,10.0
seoul6-0619,월드컵경기장(성산),6호선,,6,15,41,4.4
seoul6-0619,월드컵경기장(성산),6호선,,7,23,68,2.6
seoul6-0619,월드컵경기장(성산),6호선,,8,30,75,2.4
seoul6-0619,월드컵경기장(성산),6호선,,9,22,68,2.6
seoul6-0619,월드컵경기장(성산),6호선,,10,16,53,3.4
seoul6-0619,월드컵경기장(성산),6호선,,11,15,47,3.8
seoul6-0619,월드컵경기장(성산),6호선,,12,16,45,4.0
seoul6-0619,월드컵경기장(성산),6호선,,13,14,46,3.9
seoul6-0619,월드컵경기장(성산),6호선,,14,16,45,4.0
seoul6-0619,월드컵경기장(성산),6호선,,15,15,46,3.9
seoul6-0619,월드컵경기장(성산),6호선,,16,15,49,3.7
seoul6-0619,월드컵경기장(성산),6호선,,17,19,55,3.3
seoul6-0619,월드컵경기장(성산),6호선,,18,21,59,3.1
seoul6-0619,월드컵경기장(성산),6호선,,19,19,58,3.1
seoul6-0619,월드컵경기장(성산),6호선,,20,18,52,3.5
seoul6-0619,월드컵경기장(성산),6호선,,21,15,47,3.8
seoul6-0619,월드컵경기장(성산),6호선,,22,14,41,4.4
seoul6-0619,월드컵경기장(성산),6호선,,23,12,36,5.0
seoul6-0619,월드컵경기장(성산),6호선,,24,10,22,8.2
seoul6-0620,마포구청,6호선,,5,3,19,9.5
seoul6-0620,마포구청,6호선,,6,16,41,4.4
seoul6-0620,마포구청,6호선,,7,22,67,2.7
seoul6-0620,마포구청,6호선,,8,29,75,2.4
seoul6-0620,마포구청,6호선,,9,24,68,2.6
seoul6-0620,마포구청,6호선,,10,15,55,3.3
seoul6-0620,마포구청,6호선,,11,16,45,4.0
seoul6-0620,마포구청,6호선,,12,14,46,3.9
seoul6-0620,마포구청,6호선,,13,16,44,4.1
seoul6-0620,마포구청,6호선,,14,14,46,3.9
seoul6-0620,마포구청,6호선,,15,16,44,4.1
seoul6-0620,마포구청,6호선,,16,14,49,3.7
seoul6-0620,마포구청,6호선,,17,19,54,3.3
seoul6-0620,마포구청,6호선,,18,21,61,3.0
seoul6-0620,마포구청,6호선,,19,21,59,3.1
seoul6-0620,마포구청,6호선,,20,17,53,3.4
seoul6-0620,마포구청,6호선,,21,15,46,3.9
seoul6-0620,마포구청,6호선,,22,14,42,4.3
seoul6-0620,마포구청,6호선,,23,13,36,5.0
seoul6-0620,마포구청,6호선,,24,9,22,8.2
seoul6-0621,망원,6호선,,5,3,19,9.5
seoul6-0621,망원,6호선,,6,16,41,4.4
seoul6-0621,망원,6호선,,7,22,67,2.7
seoul6-0621,망원,6호선,,8,29,75,2.4
seoul6-0621,망원,6호선,,9,24,68,2.6
seoul6-0621,망원,6호선,,10,15,54,3.3
seoul6-0621,망원,6호선,,11,15,45,4.0
seoul6-0621,망원,6호선,,12,15,46,3.9
seoul6-0621,망원,6호선,,13,16,46,3.9
seoul6-0621,망원,6호선,,14,15,46,3.9
seoul6-0621,망원,6호선,,15,15,45,4.0
seoul6-0621,망원,6호선,,16,15,49,3.7
seoul6-0621,망원,6호선,,17,19,54,3.3
seoul6-0621,망원,6호선,,18,20,60,3.0
seoul6-0621,망원,6호선,,19,21,58,3.1
seoul6-0621,망원,6호선,,20,17,53,3.4
seoul6-0621,망원,6호선,,21,15,47,3.8
seoul6-0621,망원,6호선,,22,15,42,4.3
seoul6-0621,망원,6호선,,23,12,36,5.0
seoul6-0621,망원,6호선,,24,9,21,8.6
seoul6-0622,합정,6호선,,5,3,18,10.0
seoul6-0622,합정,6호선,,6,15,41,4.4
seoul6-0622,합정,6호선,,7,23,67,2.7
seoul6-0622,합정,6호선,,8,29,75,2.4
seoul6-0622,합정,6호선,,9,23,69,2.6
seoul6-0622,합정,6호선,,10,17,54,3.3
seoul6-0622,합정,6호선,,11,14,47,3.8
seoul6-0622,합정,6호선,,12,16,44,4.1
seoul6-0622,합정,6호선,,13,14,46,3.9
seoul6-0622,합정,6호선,,14,16,44,4.1
seoul6-0622,합정,6호선,,15,14,46,3.9
seoul6-0622,합정,6호선,,16,16,49,3.7
seoul6-0622,합정,6호선,,17,19,56,3.2
seoul6-0622,합정,6호선,,18,21,59,3.1
seoul6-0622,합정,6호선,,19,19,58,3.1
seoul6-0622,합정,6호선,,20,18,52,3.5
seoul6-0622,합정,6호선,,21,15,47,3.8
seoul6-0622,합정,6호선,,22,14,42,4.3
seoul6-0622,합정,6호선,,23,13,36,5.0
seoul6-0622,합정,6호선,,24,9,22,8.2
seoul6-0623,상수,6호선,,5,4,18,10.0
seoul6-0623,상수,6호선,,6,14,41,4.4
seoul6-0623,상수,6호선,,7,23,66,2.7
seoul6-0623,상수,6호선,,8,29,75,2.4
seoul6-0623,상수,6호선,,9,23,69,2.6
seoul6-0623,상수,6호선,,10,17,54,3.3
seoul6-0623,상수,6호선,,11,14,47,3.8
seoul6-0623,상수,6호선,,12,16,44,4.1
seoul6-0623,상수,6호선,,13,14,46,3.9
seoul6-0623,상수,6호선,,14,16,44,4.1
seoul6-0623,상수,6호선,,15,14,46,3.9
seoul6-0623,상수,6호선,,16,16,48,3.8
seoul6-0623,상수,6호선,,17,18,55,3.3
seoul6-0623,상수,6호선,,18,21,59,3.1
seoul6-0623,상수,6호선,,19,20,59,3.1
seoul6-0623,상수,6호선,,20,18,53,3.4
seoul6-0623,상수,6호선,,21,15,47,3.8
seoul6-0623,상수,6호선,,22,14,42,4.3
seoul6-0623,상수,6호선,,23,13,36,5.0
seoul6-0623,상수,6호선,,24,9,22,8.2
seoul6-0624,광흥창(서강),6호선,,5,4,19,9.5
seoul6-0624,광흥창(서강),6호선,,6,15,41,4.4
seoul6-0624,광흥창(서강),6호선,,7,22,67,2.7
seoul6-0624,광흥창(서강),6호선,,8,30,74,2.4
seoul6-0624,광흥창(서강),6호선,,9,22,68,2.6
seoul6-0624,광흥창(서강),6호선,,10,16,53,3.4
seoul6-0624,광흥창(서강),6호선,,11,15,46,3.9
seoul6-0624,광흥창(서강),6호선,,12,15,46,3.9
seoul6-0624,광흥창(서강),6호선,,13,16,45,4.0
seoul6-0624,광흥창(서강),6호선,,14,14,46,3.9
seoul6-0624,광흥창(서강),6호선,,15,16,45,4.0
seoul6-0624,광흥창(서강),6호선,,16,15,50,3.6
seoul6-0624,광흥창(서강),6호선,,17,19,54,3.3
seoul6-0624,광흥창(서강),6호선,,18,20,60,3.0
seoul6-0624,광흥창(서강),6호선,,19,21,58,3.1
seoul6-0624,광흥창(서강),6호선,,20,17,53,3.4
seoul6-0624,광흥창(서강),6호선,,21,15,46,3.9
seoul6-0624,광흥창(서강),6호선,,22,14,42,4.3
seoul6-0624,광흥창(서강),6호선,,23,13,36,5.0
seoul6-0624,광흥창(서강),6호선,,24,9,22,8.2
seoul6-0625,대흥(서강대앞),6호선,,5,4,19,9.5
seoul6-0625,대흥(서강대앞),6호선,,6,15,41,4.4
seoul6-0625,대흥(서강대앞),6호선,,7,22,66,2.7
seoul6-0625,대흥(서강대앞),6호선,,8,29,74,2.4
seoul6-0625,대흥(서강대앞),6호선,,9,23,68,2.6
seoul6-0625,대흥(서강대앞),6호선,,10,16,55,3.3
seoul6-0625,대흥(서강대앞),6호선,,11,16,46,3.9
seoul6-0625,대흥(서강대앞),6호선,,12,14,46,3.9
seoul6-0625,대흥(서강대앞),6호선,,13,16,44,4.1
seoul6-0625,대흥(서강대앞),6호선,,14,14,46,3.9
seoul6-0625,대흥(서강대앞),6호선,,15,16,45,4.0
seoul6-0625,대흥(서강대앞),6호선,,16,15,50,3.6
seoul6-0625,대흥(서강대앞),6호선,,17,19,55,3.3
seoul6-0625,대흥(서강대앞),6호선,,18,21,60,3.0
seoul6-0625,대흥(서강대앞),6호선,,19,20,58,3.1
seoul6-0625,대흥(서강대앞),6호선,,20,17,52,3.5
seoul6-0625,대흥(서강대앞),6호선,,21,15,46,3.9
seoul6-0625,대흥(서강대앞),6호선,,22,14,42,4.3
seoul6-0625,대흥(서강대앞),6호선,,23,13,35,5.1
seoul6-0625,대흥(서강대앞),6호선,,24,8,21,8.6
seoul6-0626,공덕,6호선,,5,3,17,10.6
seoul6-0626,공덕,6호선,,6,14,40,4.5
seoul6-0626,공덕,6호선,,7,23,66,2.7
seoul6-0626,공덕,6호선,,8,29,75,2.4
seoul6-0626,공덕,6호선,,9,23,68,2.6
seoul6-0626,공덕,6호선,,10,16,54,3.3
seoul6-0626,공덕,6호선,,11,15,47,3.8
seoul6-0626,공덕,6호선,,12,16,45,4.0
seoul6-0626,공덕,6호선,,13,14,46,3.9
seoul6-0626,공덕,6호선,,14,16,45,4.0
seoul6-0626,공덕,6호선,,15,15,46,3.9
seoul6-0626,공덕,6호선,,16,15,48,3.8
seoul6-0626,공덕,6호선,,17,18,54,3.3
seoul6-0626,공덕,6호선,,18,21,59,3.1
seoul6-0626,공덕,6호선,,19,20,58,3.1
seoul6-0626,공덕,6호선,,20,17,53,3.4
seoul6-0626,공덕,6호선,,21,16,46,3.9
seoul6-0626,공덕,6호선,,22,13,43,4.2
seoul6-0626,공덕,6호선,,23,14,34,5.3
seoul6-0626,공덕,6호선,,24,7,21,8.6
seoul6-0627,효창공원앞,6호선,,5,3,17,10.6
seoul6-0627,효창공원앞,6호선,,6,14,39,4.6
seoul6-0627,효창공원앞,6호선,,7,22,65,2.8
seoul6-0627,효창공원앞,6호선,,8,29,74,2.4
seoul6-0627,효창공원앞,6호선,,9,23,69,2.6
seoul6-0627,효창공원앞,6호선,,10,17,54,3.3
seoul6-0627,효창공원앞,6호선,,11,14,47,3.8
seoul6-0627,효창공원앞,6호선,,12,16,44,4.1
seoul6-0627,효창공원앞,6호선,,13,14,46,3.9
seoul6-0627,효창공원앞,6호선,,14,16,44,4.1
seoul6-0627,효창공원앞,6호선,,15,14,47,3.8
seoul6-0627,효창공원앞,6호선,,16,17,49,3.7
seoul6-0627,효창공원앞,6호선,,17,18,55,3.3
seoul6-0627,효창공원앞,6호선,,18,20,59,3.1
seoul6-0627,효창공원앞,6호선,,19,21,58,3.1
seoul6-0627,효창공원앞,6호선,,20,17,53,3.4
seoul6-0627,효창공원앞,6호선,,21,15,46,3.9
seoul6-0627,효창공원앞,6호선,,22,14,42,4.3
seoul6-0627,효창공원앞,6호선,,23,13,35,5.1
seoul6-0627,효창공원앞,6호선,,24,8,21,8.6
seoul6-0628,삼각지(전쟁기념관),6호선,,5,3,17,10.6
seoul6-0628,삼각지(전쟁기념관),6호선,,6,14,40,4.5
seoul6-0628,삼각지(전쟁기념관),6호선,,7,23,65,2.8
seoul6-0628,삼각지(전쟁기념관),6호선,,8,28,74,2.4
seoul6-0628,삼각지(전쟁기념관),6호선,,9,23,67,2.7
seoul6-0628,삼각지(전쟁기념관),6호선,,10,16,54,3.3
seoul6-0628,삼각지(전쟁기념관),6호선,,11,15,46,3.9
seoul6-0628,삼각지(전쟁기념관),6호선,,12,15,46,3.9
seoul6-0628,삼각지(전쟁기념관),6호선,,13,16,45,4.0
seoul6-0628,삼각지(전쟁기념관),6호선,,14,14,46,3.9
seoul6-0628,삼각지(전쟁기념관),6호선,,15,16,46,3.9
seoul6-0628,삼각지(전쟁기념관),6호선,,16,16,50,3.6
seoul6-0628,삼각지(전쟁기념관),6호선,,17,18,55,3.3
seoul6-0628,삼각지(전쟁기념관),6호선,,18,21,59,3.1
seoul6-0628,삼각지(전쟁기념관),6호선,,19,20,58,3.1
seoul6-0628,삼각지(전쟁기념관),6호선,,20,17,52,3.5
seoul6-0628,삼각지(전쟁기념관),6호선,,21,15,46,3.9
seoul6-0628,삼각지(전쟁기념관),6호선,,22,14,42,4.3
seoul6-0628,삼각지(전쟁기념관),6호선,,23,13,35,5.1
seoul6-0628,삼각지(전쟁기념관),6호선,,24,8,21,8.6
seoul6-0629,녹사평(용산구청),6호선,,5,3,18,10.0
seoul6-0629,녹사평(용산구청),6호선,,6,15,40,4.5
seoul6-0629,녹사평(용산구청),6호선,,7,22,65,2.8
seoul6-0629,녹사평(용산구청),6호선,,8,28,73,2.5
seoul6-0629,녹사평(용산구청),6호선,,9,23,67,2.7
seoul6-0629,녹사평(용산구청),6호선,,10,16,55,3.3
seoul6-0629,녹사평(용산구청),6호선,,11,16,46,3.9
seoul6-0629,녹사평(용산구청),6호선,,12,14,46,3.9
seoul6-0629,녹사평(용산구청),6호선,,13,16,44,4.1
seoul6-0629,녹사평(용산구청),6호선,,14,14,46,3.9
seoul6-0629,녹사평(용산구청),6호선,,15,16,45,4.0
seoul6-0629,녹사평(용산구청),6호선,,16,15,49,3.7
seoul6-0629,녹사평(용산구청),6호선,,17,18,54,3.3
seoul6-0629,녹사평(용산구청),6호선,,18,21,59,3.1
seoul6-0629,녹사평(용산구청),6호선,,19,20,58,3.1
seoul6-0629,녹사평(용산구청),6호선,,20,17,53,3.4
seoul6-0629,녹사평(용산구청),6호선,,21,16,47,3.8
seoul6-0629,녹사평(용산구청),6호선,,22,14,44,4.1
seoul6-0629,녹사평(용산구청),6호선,,23,14,35,5.1
seoul6-0629,녹사평(용산구청),6호선,,24,7,21,8.6
seoul6-0630,이태원,6호선,,5,4,17,10.6
seoul6-0630,이태원,6호선,,6,13,40,4.5
seoul6-0630,이태원,6호선,,7,23,64,2.8
seoul6-0630,이태원,6호선,,8,28,74,2.4
seoul6-0630,이태원,6호선,,9,23,67,2.7
seoul6-0630,이태원,6호선,,10,16,54,3.3
seoul6-0630,이태원,6호선,,11,15,47,3.8
seoul6-0630,이태원,6호선,,12,16,45,4.0
seoul6-0630,이태원,6호선,,13,14,46,3.9
seoul6-0630,이태원,6호선,,14,16,45,4.0
seoul6-0630,이태원,6호선,,15,15,46,3.9
seoul6-0630,이태원,6호선,,16,15,49,3.7
seoul6-0630,이태원,6호선,,17,19,54,3.3
seoul6-0630,이태원,6호선,,18,20,59,3.1
seoul6-0630,이태원,6호선,,19,20,57,3.2
seoul6-0630,이태원,6호선,,20,17,53,3.4
seoul6-0630,이태원,6호선,,21,16,47,3.8
seoul6-0630,이태원,6호선,,22,14,43,4.2
seoul6-0630,이태원,6호선,,23,13,35,5.1
seoul6-0630,이태원,6호선,,24,8,21,8.6
seoul6-0631,한강진,6호선,,5,4,17,10.6
seoul6-0631,한강진,6호선,,6,13,40,4.5
seoul6-0631,한강진,6호선,,7,23,64,2.8
seoul6-0631,한강진,6호선,,8,28,74,2.4
seoul6-0631,한강진,6호선,,9,23,68,2.6
seoul6-0631,한강진,6호선,,10,17,54,3.3
seoul6-0631,한강진,6호선,,11,14,47,3.8
seoul6-0631,한강진,6호선,,12,16,44,4.1
seoul6-0631,한강진,6호선,,13,14,46,3.9
seoul6-0631,한강진,6호선,,14,16,44,4.1
seoul6-0631,한강진,6호선,,15,14,47,3.8
seoul6-0631,한강진,6호선,,16,17,49,3.7
seoul6-0631,한강진,6호선,,17,18,56,3.2
seoul6-0631,한강진,6호선,,18,21,59,3.1
seoul6-0631,한강진,6호선,,19,20,58,3.1
seoul6-0631,한강진,6호선,,20,17,52,3.5
seoul6-0631,한강진,6호선,,21,15,45,4.0
seoul6-0631,한강진,6호선,,22,13,42,4.3
seoul6-0631,한강진,6호선,,23,14,34,5.3
seoul6-0631,한강진,6호선,,24,7,21,8.6
seoul6-0632,버티고개,6호선,,5,3,16,11.2
seoul6-0632,버티고개,6호선,,6,13,40,4.5
seoul6-0632,버티고개,6호선,,7,24,64,2.8
seoul6-0632,버티고개,6호선,,8,27,74,2.4
seoul6-0632,버티고개,6호선,,9,23,66,2.7
seoul6-0632,버티고개,6호선,,10,16,54,3.3
seoul6-0632,버티고개,6호선,,11,15,46,3.9
seoul6-0632,버티고개,6호선,,12,15,45,4.0
seoul6-0632,버티고개,6호선,,13,15,46,3.9
seoul6-0632,버티고개,6호선,,14,16,46,3.9
seoul6-0632,버티고개,6호선,,15,15,47,3.8
seoul6-0632,버티고개,6호선,,16,16,48,3.8
seoul6-0632,버티고개,6호선,,17,17,55,3.3
seoul6-0632,버티고개,6호선,,18,22,58,3.1
seoul6-0632,버티고개,6호선,,19,19,59,3.1
seoul6-0632,버티고개,6호선,,20,18,52,3.5
seoul6-0632,버티고개,6호선,,21,15,47,3.8
seoul6-0632,버티고개,6호선,,22,14,42,4.3
seoul6-0632,버티고개,6호선,,23,13,35,5.1
seoul6-0632,버티고개,6호선,,24,8,21,8.6
seoul6-0633,약수,6호선,,5,3,17,10.6
seoul6-0633,약수,6호선,,6,14,39,4.6
seoul6-0633,약수,6호선,,7,22,63,2.9
seoul6-0633,약수,6호선,,8,27,73,2.5
seoul6-0633,약수,6호선,,9,24,67,2.7
seoul6-0633,약수,6호선,,10,16,56,3.2
seoul6-0633,약수,6호선,,11,16,46,3.9
seoul6-0633,약수,6호선,,12,14,46,3.9
seoul6-0633,약수,6호선,,13,16,44,4.1
seoul6-0633,약수,6호선,,14,14,46,3.9
seoul6-0633,약수,6호선,,15,16,45,4.0
seoul6-0633,약수,6호선,,16,15,49,3.7
seoul6-0633,약수,6호선,,17,18,54,3.3
seoul6-0633,약수,6호선,,18,21,59,3.1
seoul6-0633,약수,6호선,,19,20,58,3.1
seoul6-0633,약수,6호선,,20,17,53,3.4
seoul6-0633,약수,6호선,,21,16,47,3.8
seoul6-0633,약수,6호선,,22,14,43,4.2
seoul6-0633,약수,6호선,,23,13,35,5.1
seoul6-0633,약수,6호선,,24,8,21,8.6
seoul6-0634,청구,6호선,,5,4,16,11.2
seoul6-0634,청구,6호선,,6,12,40,4.5
seoul6-0634,청구,6호선,,7,24,62,2.9
seoul6-0634,청구,6호선,,8,26,74,2.4
seoul6-0634,청구,6호선,,9,24,66,2.7
seoul6-0634,청구,6호선,,10,16,55,3.3
seoul6-0634,청구,6호선,,11,15,46,3.9
seoul6-0634,청구,6호선,,12,15,46,3.9
seoul6-0634,청구,6호선,,13,16,46,3.9
seoul6-0634,청구,6호선,,14,15,46,3.9
seoul6-0634,청구,6호선,,15,15,46,3.9
seoul6-0634,청구,6호선,,16,16,49,3.7
seoul6-0634,청구,6호선,,17,18,55,3.3
seoul6-0634,청구,6호선,,18,21,58,3.1
seoul6-0634,청구,6호선,,19,19,57,3.2
seoul6-0634,청구,6호선,,20,17,51,3.5
seoul6-0634,청구,6호선,,21,15,47,3.8
seoul6-0634,청구,6호선,,22,15,43,4.2
seoul6-0634,청구,6호선,,23,13,36,5.0
seoul6-0634,청구,6호선,,24,8,21,8.6
seoul6-0635,신당,6호선,,5,4,16,11.2
seoul6-0635,신당,6호선,,6,12,40,4.5
seoul6-0635,신당,6호선,,7,24,62,2.9
seoul6-0635,신당,6호선,,8,26,73,2.5
seoul6-0635,신당,6호선,,9,23,66,2.7
seoul6-0635,신당,6호선,,10,17,55,3.3
seoul6-0635,신당,6호선,,11,15,48,3.8
seoul6-0635,신당,6호선,,12,16,45,4.0
seoul6-0635,신당,6호선,,13,14,46,3.9
seoul6-0635,신당,6호선,,14,16,44,4.1
seoul6-0635,신당,6호선,,15,14,47,3.8
seoul6-0635,신당,6호선,,16,17,49,3.7
seoul6-0635,신당,6호선,,17,18,56,3.2
seoul6-0635,신당,6호선,,18,21,58,3.1
seoul6-0635,신당,6호선,,19,19,57,3.2
seoul6-0635,신당,6호선,,20,17,52,3.5
seoul6-0635,신당,6호선,,21,16,47,3.8
seoul6-0635,신당,6호선,,22,14,43,4.2
seoul6-0635,신당,6호선,,23,13,35,5.1
seoul6-0635,신당,6호선,,24,8,21,8.6
seoul6-0636,동묘앞,6호선,,5,4,17,10.6
seoul6-0636,동묘앞,6호선,,6,13,40,4.5
seoul6-0636,동묘앞,6호선,,7,23,62,2.9
seoul6-0636,동묘앞,6호선,,8,26,72,2.5
seoul6-0636,동묘앞,6호선,,9,23,67,2.7
seoul6-0636,동묘앞,6호선,,10,18,55,3.3
seoul6-0636,동묘앞,6호선,,11,14,48,3.8
seoul6-0636,동묘앞,6호선,,12,16,44,4.1
seoul6-0636,동묘앞,6호선,,13,14,46,3.9
seoul6-0636,동묘앞,6호선,,14,16,44,4.1
seoul6-0636,동묘앞,6호선,,15,14,47,3.8
seoul6-0636,동묘앞,6호선,,16,17,48,3.8
seoul6-0636,동묘앞,6호선,,17,17,55,3.3
seoul6-0636,동묘앞,6호선,,18,21,58,3.1
seoul6-0636,동묘앞,6호선,,19,20,59,3.1
seoul6-0636,동묘앞,6호선,,20,18,53,3.4
seoul6-0636,동묘앞,6호선,,21,15,46,3.9
seoul6-0636,동묘앞,6호선,,22,13,41,4.4
seoul6-0636,동묘앞,6호선,,23,13,35,5.1
seoul6-0636,동묘앞,6호선,,24,9,22,8.2
seoul6-0637,창신,6호선,,5,4,17,10.6
seoul6-0637,창신,6호선,,6,13,40,4.5
seoul6-0637,창신,6호선,,7,23,62,2.9
seoul6-0637,창신,6호선,,8,26,72,2.5
seoul6-0637,창신,6호선,,9,23,66,2.7
seoul6-0637,창신,6호선,,10,17,56,3.2
seoul6-0637,창신,6호선,,11,16,47,3.8
seoul6-0637,창신,6호선,,12,14,46,3.9
seoul6-0637,창신,6호선,,13,16,44,4.1
seoul6-0637,창신,6호선,,14,14,46,3.9
seoul6-0637,창신,6호선,,15,16,47,3.8
seoul6-0637,창신,6호선,,16,17,50,3.6
seoul6-0637,창신,6호선,,17,17,54,3.3
seoul6-0637,창신,6호선,,18,20,57,3.2
seoul6-0637,창신,6호선,,19,20,57,3.2
seoul6-0637,창신,6호선,,20,17,53,3.4
seoul6-0637,창신,6호선,,21,16,46,3.9
seoul6-0637,창신,6호선,,22,13,42,4.3
seoul6-0637,창신,6호선,,23,13,35,5.1
seoul6-0637,창신,6호선,,24,9,22,8.2
seoul6-0638,보문,6호선,,5,4,18,10.0
seoul6-0638,보문,6호선,,6,14,40,4.5
seoul6-0638,보문,6호선,,7,22,62,2.9
seoul6-0638,보문,6호선,,8,26,71,2.5
seoul6-0638,보문,6호선,,9,23,66,2.7
seoul6-0638,보문,6호선,,10,17,56,3.2
seoul6-0638,보문,6호선,,11,16,47,3.8
seoul6-0638,보문,6호선,,12,14,46,3.9
seoul6-0638,보문,6호선,,13,16,44,4.1
seoul6-0638,보문,6호선,,14,14,46,3.9
seoul6-0638,보문,6호선,,15,16,46,3.9
seoul6-0638,보문,6호선,,16,16,50,3.6
seoul6-0638,보문,6호선,,17,18,55,3.3
seoul6-0638,보문,6호선,,18,21,57,3.2
seoul6-0638,보문,6호선,,19,18,57,3.2
seoul6-0638,보문,6호선,,20,18,52,3.5
seoul6-0638,보문,6호선,,21,16,47,3.8
seoul6-0638,보문,6호선,,22,13,43,4.2
seoul6-0638,보문,6호선,,23,14,35,5.1
seoul6-0638,보문,6호선,,24,8,22,8.2
seoul6-0639,안암(고대병원앞),6호선,,5,5,17,10.6
seoul6-0639,안암(고대병원앞),6호선,,6,12,41,4.4
seoul6-0639,안암(고대병원앞),6호선,,7,24,61,3.0
seoul6-0639,안암(고대병원앞),6호선,,8,25,72,2.5
seoul6-0639,안암(고대병원앞),6호선,,9,23,65,2.8
seoul6-0639,안암(고대병원앞),6호선,,10,17,55,3.3
seoul6-0639,안암(고대병원앞),6호선,,11,15,47,3.8
seoul6-0639,안암(고대병원앞),6호선,,12,15,46,3.9
seoul6-0639,안암(고대병원앞),6호선,,13,16,46,3.9
seoul6-0639,안암(고대병원앞),6호선,,14,15,46,3.9
seoul6-0639,안암(고대병원앞),6호선,,15,15,46,3.9
seoul6-0639,안암(고대병원앞),6호선,,16,16,49,3.7
seoul6-0639,안암(고대병원앞),6호선,,17,18,55,3.3
seoul6-0639,안암(고대병원앞),6호선,,18,21,58,3.1
seoul6-0639,안암(고대병원앞),6호선,,19,19,57,3.2
seoul6-0639,안암(고대병원앞),6호선,,20,17,51,3.5
seoul6-0639,안암(고대병원앞),6호선,,21,15,47,3.8
seoul6-0639,안암(고대병원앞),6호선,,22,15,43,4.2
seoul6-0639,안암(고대병원앞),6호선,,23,13,36,5.0
seoul6-0639,안암(고대병원앞),6호선,,24,8,21,8.6
seoul6-0640,고려대(종암),6호선,,5,4,16,11.2
seoul6-0640,고려대(종암),6호선,,6,12,39,4.6
seoul6-0640,고려대(종암),6호선,,7,23,60,3.0
seoul6-0640,고려대(종암),6호선,,8,25,71,2.5
seoul6-0640,고려대(종암),6호선,,9,23,67,2.7
seoul6-0640,고려대(종암),6호선,,10,19,56,3.2
seoul6-0640,고려대(종암),6호선,,11,14,49,3.7
seoul6-0640,고려대(종암),6호선,,12,16,44,4.1
seoul6-0640,고려대(종암),6호선,,13,14,46,3.9
seoul6-0640,고려대(종암),6호선,,14,16,44,4.1
seoul6-0640,고려대(종암),6호선,,15,14,47,3.8
seoul6-0640,고려대(종암),6호선,,16,17,48,3.8
seoul6-0640,고려대(종암),6호선,,17,17,55,3.3
seoul6-0640,고려대(종암),6호선,,18,21,58,3.1
seoul6-0640,고려대(종암),6호선,,19,20,59,3.1
seoul6-0640,고려대(종암),6호선,,20,18,53,3.4
seoul6-0640,고려대(종암),6호선,,21,15,47,3.8
seoul6-0640,고려대(종암),6호선,,22,14,42,4.3
seoul6-0640,고려대(종암),6호선,,23,13,36,5.0
seoul6-0640,고려대(종암),6호선,,24,9,22,8.2
seoul6-0641,월곡(동덕여대),6호선,,5,4,17,10.6
seoul6-0641,월곡(동덕여대),6호선,,6,13,40,4.5
seoul6-0641,월곡(동덕여대),6호선,,7,23,61,3.0
seoul6-0641,월곡(동덕여대),6호선,,8,25,70,2.6
seoul6-0641,월곡(동덕여대),6호선,,9,22,65,2.8
seoul6-0641,월곡(동덕여대),6호선,,10,18,55,3.3
seoul6-0641,월곡(동덕여대),6호선,,11,15,48,3.8
seoul6-0641,월곡(동덕여대),6호선,,12,15,45,4.0
seoul6-0641,월곡(동덕여대),6호선,,13,15,46,3.9
seoul6-0641,월곡(동덕여대),6호선,,14,16,46,3.9
seoul6-0641,월곡(동덕여대),6호선,,15,15,48,3.8
seoul6-0641,월곡(동덕여대),6호선,,16,17,49,3.7
seoul6-0641,월곡(동덕여대),6호선,,17,17,55,3.3
seoul6-0641,월곡(동덕여대),6호선,,18,21,56,3.2
seoul6-0641,월곡(동덕여대),6호선,,19,18,57,3.2
seoul6-0641,월곡(동덕여대),6호선,,20,18,52,3.5
seoul6-0641,월곡(동덕여대),6호선,,21,16,47,3.8
seoul6-0641,월곡(동덕여대),6호선,,22,13,42,4.3
seoul6-0641,월곡(동덕여대),6호선,,23,13,36,5.0
seoul6-0641,월곡(동덕여대),6호선,,24,10,23,7.8
seoul6-0642,상월곡(한국과학기술연구원),6호선,,5,5,17,10.6
seoul6-0642,상월곡(한국과학기술연구원),6호선,,6,12,40,4.5
seoul6-0642,상월곡(한국과학기술연구원),6호선,,7,23,59,3.1
seoul6-0642,상월곡(한국과학기술연구원),6호선,,8,24,70,2.6
seoul6-0642,상월곡(한국과학기술연구원),6호선,,9,23,65,2.8
seoul6-0642,상월곡(한국과학기술연구원),6호선,,10,18,57,3.2
seoul6-0642,상월곡(한국과학기술연구원),6호선,,11,16,48,3.8
seoul6-0642,상월곡(한국과학기술연구원),6호선,,12,14,46,3.9
seoul6-0642,상월곡(한국과학기술연구원),6호선,,13,16,44,4.1
seoul6-0642,상월곡(한국과학기술연구원),6호선,,14,14,46,3.9
seoul6-0642,상월곡(한국과학기술연구원),6호선,,15,16,46,3.9
seoul6-0642,상월곡(한국과학기술연구원),6호선,,16,16,50,3.6
seoul6-0642,상월곡(한국과학기술연구원),6호선,,17,18,55,3.3
seoul6-0642,상월곡(한국과학기술연구원),6호선,,18,21,57,3.2
seoul6-0642,상월곡(한국과학기술연구원),6호선,,19,18,57,3.2
seoul6-0642,상월곡(한국과학기술연구원),6호선,,20,18,52,3.5
seoul6-0642,상월곡(한국과학기술연구원),6호선,,21,16,47,3.8
seoul6-0642,상월곡(한국과학기술연구원),6호선,,22,13,42,4.3
seoul6-0642,상월곡(한국과학기술연구원),6호선,,23,13,36,5.0
seoul6-0642,상월곡(한국과학기술연구원),6호선,,24,10,23,7.8
seoul6-0643,돌곶이,6호선,,5,4,16,11.2
seoul6-0643,돌곶이,6호선,,6,12,39,4.6
seoul6-0643,돌곶이,6호선,,7,23,59,3.1
seoul6-0643,돌곶이,6호선,,8,24,70,2.6
seoul6-0643,돌곶이,6호선,,9,23,65,2.8
seoul6-0643,돌곶이,6호선,,10,18,57,3.2
seoul6-0643,돌곶이,6호선,,11,16,48,3.8
seoul6-0643,돌곶이,6호선,,12,14,46,3.9
seoul6-0643,돌곶이,6호선,,13,16,44,4.1
seoul6-0643,돌곶이,6호선,,14,14,46,3.9
seoul6-0643,돌곶이,6호선,,15,16,46,3.9
seoul6-0643,돌곶이,6호선,,16,16,50,3.6
seoul6-0643,돌곶이,6호선,,17,18,54,3.3
seoul6-0643,돌곶이,6호선,,18,20,58,3.1
seoul6-0643,돌곶이,6호선,,19,20,57,3.2
seoul6-0643,돌곶이,6호선,,20,17,53,3.4
seoul6-0643,돌곶이,6호선,,21,16,47,3.8
seoul6-0643,돌곶이,6호선,,22,14,42,4.3
seoul6-0643,돌곶이,6호선,,23,12,36,5.0
seoul6-0643,돌곶이,6호선,,24,10,22,8.2
seoul6-0644,석계,6호선,,5,4,16,11.2
seoul6-0644,석계,6호선,,6,12,39,4.6
seoul6-0644,석계,6호선,,7,23,59,3.1
seoul6-0644,석계,6호선,,8,24,70,2.6
seoul6-0644,석계,6호선,,9,23,65,2.8
seoul6-0644,석계,6호선,,10,18,56,3.2
seoul6-0644,석계,6호선,,11,15,49,3.7
seoul6-0644,석계,6호선,,12,16,45,4.0
seoul6-0644,석계,6호선,,13,14,46,3.9
seoul6-0644,석계,6호선,,14,16,44,4.1
seoul6-0644,석계,6호선,,15,14,48,3.8
seoul6-0644,석계,6호선,,16,18,50,3.6
seoul6-0644,석계,6호선,,17,18,55,3.3
seoul6-0644,석계,6호선,,18,19,56,3.2
seoul6-0644,석계,6호선,,19,19,56,3.2
seoul6-0644,석계,6호선,,20,18,52,3.5
seoul6-0644,석계,6호선,,21,15,48,3.8
seoul6-0644,석계,6호선,,22,15,42,4.3
seoul6-0644,석계,6호선,,23,12,37,4.9
seoul6-0644,석계,6호선,,24,10,22,8.2
seoul6-0645,태릉입구,6호선,,5,4,16,11.2
seoul6-0645,태릉입구,6호선,,6,12,39,4.6
seoul6-0645,태릉입구,6호선,,7,23,59,3.1
seoul6-0645,태릉입구,6호선,,8,24,69,2.6
seoul6-0645,태릉입구,6호선,,9,22,65,2.8
seoul6-0645,태릉입구,6호선,,10,19,56,3.2
seoul6-0645,태릉입구,6호선,,11,15,50,3.6
seoul6-0645,태릉입구,6호선,,12,16,45,4.0
seoul6-0645,태릉입구,6호선,,13,14,46,3.9
seoul6-0645,태릉입구,6호선,,14,16,44,4.1
seoul6-0645,태릉입구,6호선,,15,14,48,3.8
seoul6-0645,태릉입구,6호선,,16,18,49,3.7
seoul6-0645,태릉입구,6호선,,17,17,56,3.2
seoul6-0645,태릉입구,6호선,,18,21,56,3.2
seoul6-0645,태릉입구,6호선,,19,18,57,3.2
seoul6-0645,태릉입구,6호선,,20,18,52,3.5
seoul6-0645,태릉입구,6호선,,21,16,48,3.8
seoul6-0645,태릉입구,6호선,,22,14,42,4.3
seoul6-0645,태릉입구,6호선,,23,12,36,5.0
seoul6-0645,태릉입구,6호선,,24,10,22,8.2
seoul6-0646,화랑대(서울여대입구),6호선,,5,5,17,10.6
seoul6-0646,화랑대(서울여대입구),6호선,,6,12,40,4.5
seoul6-0646,화랑대(서울여대입구),6호선,,7,23,58,3.1
seoul6-0646,화랑대(서울여대입구),6호선,,8,23,68,2.6
seoul6-0646,화랑대(서울여대입구),6호선,,9,22,64,2.8
seoul6-0646,화랑대(서울여대입구),6호선,,10,19,57,3.2
seoul6-0646,화랑대(서울여대입구),6호선,,11,16,49,3.7
seoul6-0646,화랑대(서울여대입구),6호선,,12,14,46,3.9
seoul6-0646,화랑대(서울여대입구),6호선,,13,16,44,4.1
seoul6-0646,화랑대(서울여대입구),6호선,,14,14,46,3.9
seoul6-0646,화랑대(서울여대입구),6호선,,15,16,47,3.8
seoul6-0646,화랑대(서울여대입구),6호선,,16,17,50,3.6
seoul6-0646,화랑대(서울여대입구),6호선,,17,17,54,3.3
seoul6-0646,화랑대(서울여대입구),6호선,,18,20,56,3.2
seoul6-0646,화랑대(서울여대입구),6호선,,19,19,57,3.2
seoul6-0646,화랑대(서울여대입구),6호선,,20,18,53,3.4
seoul6-0646,화랑대(서울여대입구),6호선,,21,16,47,3.8
seoul6-0646,화랑대(서울여대입구),6호선,,22,13,41,4.4
seoul6-0646,화랑대(서울여대입구),6호선,,23,12,36,5.0
seoul6-0646,화랑대(서울여대입구),6호선,,24,11,23,7.8
seoul6-0647,봉화산(서울의료원),6호선,,5,5,17,10.6
seoul6-0647,봉화산(서울의료원),6호선,,6,12,36,5.0
seoul6-0647,봉화산(서울의료원),6호선,,7,19,47,3.8
seoul6-0647,봉화산(서울의료원),6호선,,8,16,46,3.9
seoul6-0647,봉화산(서울의료원),6호선,,9,11,36,5.0
seoul6-0647,봉화산(서울의료원),6호선,,10,9,31,5.8
seoul6-0647,봉화산(서울의료원),6호선,,11,11,29,6.2
seoul6-0647,봉화산(서울의료원),6호선,,12,9,31,5.8
seoul6-0647,봉화산(서울의료원),6호선,,13,11,29,6.2
seoul6-0647,봉화산(서울의료원),6호선,,14,9,31,5.8
seoul6-0647,봉화산(서울의료원),6호선,,15,11,31,5.8
seoul6-0647,봉화산(서울의료원),6호선,,16,11,36,5.0
seoul6-0647,봉화산(서울의료원),6호선,,17,14,40,4.5
seoul6-0647,봉화산(서울의료원),6호선,,18,15,40,4.5
seoul6-0647,봉화산(서울의료원),6호선,,19,11,37,4.9
seoul6-0647,봉화산(서울의료원),6호선,,20,11,31,5.8
seoul6-0647,봉화산(서울의료원),6호선,,21,9,29,6.2
seoul6-0647,봉화산(서울의료원),6호선,,22,9,28,6.4
seoul6-0647,봉화산(서울의료원),6호선,,23,10,24,7.5
seoul6-0647,봉화산(서울의료원),6호선,,24,5,15,12.0
seoul6-0648,신내,6호선,,5,1,5,36.0
seoul6-0648,신내,6호선,,6,4,10,18.0
seoul6-0648,신내,6호선,,7,5,13,13.8
seoul6-0648,신내,6호선,,8,4,12,15.0
seoul6-0648,신내,6호선,,9,3,9,20.0
seoul6-0648,신내,6호선,,10,2,8,22.5
seoul6-0648,신내,6호선,,11,3,7,25.7
seoul6-0648,신내,6호선,,12,2,8,22.5
seoul6-0648,신내,6호선,,13,3,7,25.7
seoul6-0648,신내,6호선,,14,2,8,22.5
seoul6-0648,신내,6호선,,15,3,7,25.7
seoul6-0648,신내,6호선,,16,2,8,22.5
seoul6-0648,신내,6호선,,17,3,10,18.0
seoul6-0648,신내,6호선,,18,5,10,18.0
seoul6-0648,신내,6호선,,19,2,11,16.4
seoul6-0648,신내,6호선,,20,4,9,20.0
seoul6-0648,신내,6호선,,21,3,9,20.0
seoul6-0648,신내,6호선,,22,2,9,20.0
seoul6-0648,신내,6호선,,23,4,8,22.5
seoul6-0648,신내,6호선,,24,2,6,30.0
incheon7-3753,까치울,7호선,상행,5,1,6,30.0
incheon7-3753,까치울,7호선,상행,6,5,17,10.6
incheon7-3753,까치울,7호선,상행,7,11,31,5.8
incheon7-3753,까치울,7호선,상행,8,15,35,5.1
incheon7-3753,까치울,7호선,상행,9,9,30,6.0
incheon7-3753,까치울,7호선,상행,10,6,20,9.0
incheon7-3753,까치울,7호선,상행,11,5,16,11.2
incheon7-3753,까치울,7호선,상행,12,5,15,12.0
incheon7-3753,까치울,7호선,상행,13,5,15,12.0
incheon7-3753,까치울,7호선,상행,14,5,15,12.0
incheon7-3753,까치울,7호선,상행,15,5,16,11.2
incheon7-3753,까치울,7호선,상행,16,6,16,11.2
incheon7-3753,까치울,7호선,상행,17,5,21,8.6
incheon7-3753,까치울,7호선,상행,18,10,26,6.9
incheon7-3753,까치울,7호선,상행,19,11,29,6.2
incheon7-3753,까치울,7호선,상행,20,8,25,7.2
incheon7-3753,까치울,7호선,상행,21,6,18,10.0
incheon7-3753,까치울,7호선,상행,22,4,14,12.9
incheon7-3753,까치울,7호선,상행,23,4,11,16.4
incheon7-3753,까치울,7호선,상행,24,3,7,25.7
incheon7-3753,까치울,7호선,하행,17,2,14,12.9
incheon7-3753,까치울,7호선,하행,18,12,22,8.2
incheon7-3753,까치울,7호선,하행,19,8,26,6.9
incheon7-3753,까치울,7호선,하행,20,6,19,9.5
incheon7-3753,까치울,7호선,하행,21,5,15,12.0
incheon7-3753,까치울,7호선,하행,22,4,12,15.0
incheon7-3753,까치울,7호선,하행,23,3,10,18.0
incheon7-3753,까치울,7호선,하행,24,3,6,30.0
incheon7-3754,부천종합운동장,7호선,상행,5,1,6,30.0
incheon7-3754,부천종합운동장,7호선,상행,6,5,18,10.0
incheon7-3754,부천종합운동장,7호선,상행,7,12,32,5.6
incheon7-3754,부천종합운동장,7호선,상행,8,15,36,5.0
incheon7-3754,부천종합운동장,7호선,상행,9,9,30,6.0
incheon7-3754,부천종합운동장,7호선,상행,10,6,20,9.0
incheon7-3754,부천종합운동장,7호선,상행,11,5,16,11.2
incheon7-3754,부천종합운동장,7호선,상행,12,5,15,12.0
incheon7-3754,부천종합운동장,7호선,상행,13,5,15,12.0
incheon7-3754,부천종합운동장,7호선,상행,14,5,15,12.0
incheon7-3754,부천종합운동장,7호선,상행,15,5,15,12.0
incheon7-3754,부천종합운동장,7호선,상행,16,5,16,11.2
incheon7-3754,부천종합운동장,7호선,상행,17,6,20,9.0
incheon7-3754,부천종합운동장,7호선,상행,18,9,26,6.9
incheon7-3754,부천종합운동장,7호선,상행,19,11,28,6.4
incheon7-3754,부천종합운동장,7호선,상행,20,8,25,7.2
incheon7-3754,부천종합운동장,7호선,상행,21,6,19,9.5
incheon7-3754,부천종합운동장,7호선,상행,22,5,14,12.9
incheon7-3754,부천종합운동장,7호선,상행,23,3,11,16.4
incheon7-3754,부천종합운동장,7호선,상행,24,3,6,30.0
incheon7-3754,부천종합운동장,7호선,하행,17,1,14,12.9
incheon7-3754,부천종합운동장,7호선,하행,18,13,22,8.2
incheon7-3754,부천종합운동장,7호선,하행,19,8,27,6.7
incheon7-3754,부천종합운동장,7호선,하행,20,6,19,9.5
incheon7-3754,부천종합운동장,7호선,하행,21,5,15,12.0
incheon7-3754,부천종합운동장,7호선,하행,22,4,12,15.0
incheon7-3754,부천종합운동장,7호선,하행,23,3,10,18.0
incheon7-3754,부천종합운동장,7호선,하행,24,3,6,30.0
incheon7-3755,춘의,7호선,상행,5,2,7,25.7
incheon7-3755,춘의,7호선,상행,6,5,18,10.0
incheon7-3755,춘의,7호선,상행,7,11,31,5.8
incheon7-3755,춘의,7호선,상행,8,15,35,5.1
incheon7-3755,춘의,7호선,상행,9,9,30,6.0
incheon7-3755,춘의,7호선,상행,10,6,20,9.0
incheon7-3755,춘의,7호선,상행,11,5,16,11.2
incheon7-3755,춘의,7호선,상행,12,5,15,12.0
incheon7-3755,춘의,7호선,상행,13,5,15,12.0
incheon7-3755,춘의,7호선,상행,14,5,15,12.0
incheon7-3755,춘의,7호선,상행,15,5,15,12.0
incheon7-3755,춘의,7호선,상행,16,5,16,11.2
incheon7-3755,춘의,7호선,상행,17,6,21,8.6
incheon7-3755,춘의,7호선,상행,18,10,27,6.7
incheon7-3755,춘의,7호선,상행,19,11,28,6.4
incheon7-3755,춘의,7호선,상행,20,7,24,7.5
incheon7-3755,춘의,7호선,상행,21,6,18,10.0
incheon7-3755,춘의,7호선,상행,22,5,15,12.0
incheon7-3755,춘의,7호선,상행,23,4,11,16.4
incheon7-3755,춘의,7호선,상행,24,2,6,30.0
incheon7-3755,춘의,7호선,하행,17,1,13,13.8
incheon7-3755,춘의,7호선,하행,18,12,22,8.2
incheon7-3755,춘의,7호선,하행,19,9,27,6.7
incheon7-3755,춘의,7호선,하행,20,6,20,9.0
incheon7-3755,춘의,7호선,하행,21,5,15,12.0
incheon7-3755,춘의,7호선,하행,22,4,12,15.0
incheon7-3755,춘의,7호선,하행,23,3,10,18.0
incheon7-3755,춘의,7호선,하행,24,3,6,30.0
incheon7-3756,신중동,7호선,상행,5,2,7,25.7
incheon7-3756,신중동,7호선,상행,6,5,19,9.5
incheon7-3756,신중동,7호선,상행,7,12,32,5.6
incheon7-3756,신중동,7호선,상행,8,15,35,5.1
incheon7-3756,신중동,7호선,상행,9,8,29,6.2
incheon7-3756,신중동,7호선,상행,10,6,19,9.5
incheon7-3756,신중동,7호선,상행,11,5,16,11.2
incheon7-3756,신중동,7호선,상행,12,5,15,12.0
incheon7-3756,신중동,7호선,상행,13,5,15,12.0
incheon7-3756,신중동,7호선,상행,14,5,15,12.0
incheon7-3756,신중동,7호선,상행,15,5,15,12.0
incheon7-3756,신중동,7호선,상행,16,5,16,11.2
incheon7-3756,신중동,7호선,상행,17,6,21,8.6
incheon7-3756,신중동,7호선,상행,18,10,27,6.7
incheon7-3756,신중동,7호선,상행,19,11,28,6.4
incheon7-3756,신중동,7호선,상행,20,7,24,7.5
incheon7-3756,신중동,7호선,상행,21,6,18,10.0
incheon7-3756,신중동,7호선,상행,22,5,15,12.0
incheon7-3756,신중동,7호선,상행,23,4,11,16.4
incheon7-3756,신중동,7호선,상행,24,2,6,30.0
incheon7-3756,신중동,7호선,하행,17,1,13,13.8
incheon7-3756,신중동,7호선,하행,18,12,22,8.2
incheon7-3756,신중동,7호선,하행,19,9,27,6.7
incheon7-3756,신중동,7호선,하행,20,6,20,9.0
incheon7-3756,신중동,7호선,하행,21,5,15,12.0
incheon7-3756,신중동,7호선,하행,22,4,12,15.0
incheon7-3756,신중동,7호선,하행,23,3,10,18.0
incheon7-3756,신중동,7호선,하행,24,3,6,30.0
incheon7-3757,부천시청,7호선,상행,5,2,7,25.7
incheon7-3757,부천시청,7호선,상행,6,5,19,9.5
incheon7-3757,부천시청,7호선,상행,7,12,32,5.6
incheon7-3757,부천시청,7호선,상행,8,15,35,5.1
incheon7-3757,부천시청,7호선,상행,9,8,29,6.2
incheon7-3757,부천시청,7호선,상행,10,6,19,9.5
incheon7-3757,부천시청,7호선,상행,11,5,16,11.2
incheon7-3757,부천시청,7호선,상행,12,5,15,12.0
incheon7-3757,부천시청,7호선,상행,13,5,15,12.0
incheon7-3757,부천시청,7호선,상행,14,5,15,12.0
incheon7-3757,부천시청,7호선,상행,15,5,15,12.0
incheon7-3757,부천시청,7호선,상행,16,5,16,11.2
incheon7-3757,부천시청,7호선,상행,17,6,21,8.6
incheon7-3757,부천시청,7호선,상행,18,10,27,6.7
incheon7-3757,부천시청,7호선,상행,19,11,29,6.2
incheon7-3757,부천시청,7호선,상행,20,8,24,7.5
incheon7-3757,부천시청,7호선,상행,21,5,18,10.0
incheon7-3757,부천시청,7호선,상행,22,5,14,12.9
incheon7-3757,부천시청,7호선,상행,23,4,11,16.4
incheon7-3757,부천시청,7호선,상행,24,2,6,30.0
incheon7-3757,부천시청,7호선,하행,18,13,21,8.6
incheon7-3757,부천시청,7호선,하행,19,8,28,6.4
incheon7-3757,부천시청,7호선,하행,20,7,20,9.0
incheon7-3757,부천시청,7호선,하행,21,5,16,11.2
incheon7-3757,부천시청,7호선,하행,22,4,12,15.0
incheon7-3757,부천시청,7호선,하행,23,3,10,18.0
incheon7-3757,부천시청,7호선,하행,24,3,6,30.0
incheon7-3758,상동,7호선,상행,5,2,7,25.7
incheon7-3758,상동,7호선,상행,6,5,20,9.0
incheon7-3758,상동,7호선,상행,7,13,32,5.6
incheon7-3758,상동,7호선,상행,8,14,35,5.1
incheon7-3758,상동,7호선,상행,9,8,28,6.4
incheon7-3758,상동,7호선,상행,10,6,19,9.5
incheon7-3758,상동,7호선,상행,11,5,16,11.2
incheon7-3758,상동,7호선,상행,12,5,15,12.0
incheon7-3758,상동,7호선,상행,13,5,15,12.0
incheon7-3758,상동,7호선,상행,14,5,15,12.0
incheon7-3758,상동,7호선,상행,15,5,15,12.0
incheon7-3758,상동,7호선,상행,16,5,16,11.2
incheon7-3758,상동,7호선,상행,17,6,22,8.2
incheon7-3758,상동,7호선,상행,18,11,27,6.7
incheon7-3758,상동,7호선,상행,19,10,29,6.2
incheon7-3758,상동,7호선,상행,20,8,23,7.8
incheon7-3758,상동,7호선,상행,21,5,18,10.0
incheon7-3758,상동,7호선,상행,22,5,14,12.9
incheon7-3758,상동,7호선,상행,23,4,11,16.4
incheon7-3758,상동,7호선,상행,24,2,6,30.0
incheon7-3758,상동,7호선,하행,18,12,21,8.6
incheon7-3758,상동,7호선,하행,19,9,27,6.7
incheon7-3758,상동,7호선,하행,20,6,20,9.0
incheon7-3758,상동,7호선,하행,21,5,16,11.2
incheon7-3758,상동,7호선,하행,22,5,13,13.8
incheon7-3758,상동,7호선,하행,23,3,11,16.4
incheon7-3758,상동,7호선,하행,24,3,6,30.0
seoul7-0709,장암,7호선,하행,16,4,9,20.0
seoul7-0709,장암,7호선,하행,17,5,13,13.8
seoul7-0709,장암,7호선,하행,18,4,14,12.9
seoul7-0709,장암,7호선,하행,19,5,14,12.9
seoul7-0709,장암,7호선,하행,20,5,13,13.8
seoul7-0709,장암,7호선,하행,21,3,11,16.4
seoul7-0709,장암,7호선,하행,22,3,8,22.5
seoul7-0709,장암,7호선,하행,23,2,7,25.7
seoul7-0709,장암,7호선,하행,24,2,4,45.0
seoul7-0710,도봉산,7호선,상행,5,1,6,30.0
seoul7-0710,도봉산,7호선,상행,6,5,11,16.4
seoul7-0710,도봉산,7호선,상행,7,5,16,11.2
seoul7-0710,도봉산,7호선,상행,8,6,15,12.0
seoul7-0710,도봉산,7호선,상행,9,4,15,12.0
seoul7-0710,도봉산,7호선,상행,10,5,14,12.9
seoul7-0710,도봉산,7호선,상행,11,5,15,12.0
seoul7-0710,도봉산,7호선,상행,12,5,15,12.0
seoul7-0710,도봉산,7호선,상행,13,5,15,12.0
seoul7-0710,도봉산,7호선,상행,14,5,15,12.0
seoul7-0710,도봉산,7호선,상행,15,5,15,12.0
seoul7-0710,도봉산,7호선,상행,16,5,15,12.0
seoul7-0710,도봉산,7호선,상행,17,5,15,12.0
seoul7-0710,도봉산,7호선,상행,18,5,14,12.9
seoul7-0710,도봉산,7호선,상행,19,4,14,12.9
seoul7-0710,도봉산,7호선,상행,20,5,12,15.0
seoul7-0710,도봉산,7호선,상행,21,3,11,16.4
seoul7-0710,도봉산,7호선,상행,22,3,8,22.5
seoul7-0710,도봉산,7호선,상행,23,2,7,25.7
seoul7-0710,도봉산,7호선,상행,24,2,4,45.0
seoul7-0710,도봉산,7호선,하행,16,7,22,8.2
seoul7-0710,도봉산,7호선,하행,17,15,34,5.3
seoul7-0710,도봉산,7호선,하행,18,12,38,4.7
seoul7-0710,도봉산,7호선,하행,19,11,32,5.6
seoul7-0710,도봉산,7호선,하행,20,9,28,6.4
seoul7-0710,도봉산,7호선,하행,21,8,23,7.8
seoul7-0710,도봉산,7호선,하행,22,6,19,9.5
seoul7-0710,도봉산,7호선,하행,23,5,13,13.8
seoul7-0710,도봉산,7호선,하행,24,2,7,25.7
seoul7-0711,수락산,7호선,상행,5,2,7,25.7
seoul7-0711,수락산,7호선,상행,6,5,15,12.0
seoul7-0711,수락산,7호선,상행,7,8,25,7.2
seoul7-0711,수락산,7호선,상행,8,12,35,5.1
seoul7-0711,수락산,7호선,상행,9,15,40,4.5
seoul7-0711,수락산,7호선,상행,10,13,39,4.6
seoul7-0711,수락산,7호선,상행,11,11,34,5.3
seoul7-0711,수락산,7호선,상행,12,10,31,5.8
seoul7-0711,수락산,7호선,상행,13,10,30,6.0
seoul7-0711,수락산,7호선,상행,14,10,30,6.0
seoul7-0711,수락산,7호선,상행,15,10,30,6.0
seoul7-0711,수락산,7호선,상행,16,10,30,6.0
seoul7-0711,수락산,7호선,상행,17,10,32,5.6
seoul7-0711,수락산,7호선,상행,18,12,40,4.5
seoul7-0711,수락산,7호선,상행,19,18,42,4.3
seoul7-0711,수락산,7호선,상행,20,12,39,4.6
seoul7-0711,수락산,7호선,상행,21,9,30,6.0
seoul7-0711,수락산,7호선,상행,22,9,26,6.9
seoul7-0711,수락산,7호선,상행,23,8,21,8.6
seoul7-0711,수락산,7호선,상행,24,4,12,15.0
seoul7-0711,수락산,7호선,하행,16,6,22,8.2
seoul7-0711,수락산,7호선,하행,17,16,34,5.3
seoul7-0711,수락산,7호선,하행,18,12,39,4.6
seoul7-0711,수락산,7호선,하행,19,11,32,5.6
seoul7-0711,수락산,7호선,하행,20,9,27,6.7
seoul7-0711,수락산,7호선,하행,21,7,22,8.2
seoul7-0711,수락산,7호선,하행,22,6,19,9.5
seoul7-0711,수락산,7호선,하행,23,6,14,12.9
seoul7-0711,수락산,7호선,하행,24,2,8,22.5
seoul7-0712,마들,7호선,상행,5,2,7,25.7
seoul7-0712,마들,7호선,상행,6,5,15,12.0
seoul7-0712,마들,7호선,상행,7,8,25,7.2
seoul7-0712,마들,7호선,상행,8,12,37,4.9
seoul7-0712,마들,7호선,상행,9,17,42,4.3
seoul7-0712,마들,7호선,상행,10,13,40,4.5
seoul7-0712,마들,7호선,상행,11,10,33,5.5
seoul7-0712,마들,7호선,상행,12,10,30,6.0
seoul7-0712,마들,7호선,상행,13,10,30,6.0
seoul7-0712,마들,7호선,상행,14,10,30,6.0
seoul7-0712,마들,7호선,상행,15,10,30,6.0
seoul7-0712,마들,7호선,상행,16,10,30,6.0
seoul7-0712,마들,7호선,상행,17,10,32,5.6
seoul7-0712,마들,7호선,상행,18,12,40,4.5
seoul7-0712,마들,7호선,상행,19,18,43,4.2
seoul7-0712,마들,7호선,상행,20,13,40,4.5
seoul7-0712,마들,7호선,상행,21,9,30,6.0
seoul7-0712,마들,7호선,상행,22,8,25,7.2
seoul7-0712,마들,7호선,상행,23,8,20,9.0
seoul7-0712,마들,7호선,상행,24,4,12,15.0
seoul7-0712,마들,7호선,하행,16,5,21,8.6
seoul7-0712,마들,7호선,하행,17,16,33,5.5
seoul7-0712,마들,7호선,하행,18,12,39,4.6
seoul7-0712,마들,7호선,하행,19,11,33,5.5
seoul7-0712,마들,7호선,하행,20,10,28,6.4
seoul7-0712,마들,7호선,하행,21,7,23,7.8
seoul7-0712,마들,7호선,하행,22,6,19,9.5
seoul7-0712,마들,7호선,하행,23,6,14,12.9
seoul7-0712,마들,7호선,하행,24,2,8,22.5
seoul7-0713,노원,7호선,상행,5,2,7,25.7
seoul7-0713,노원,7호선,상행,6,5,15,12.0
seoul7-0713,노원,7호선,상행,7,8,26,6.9
seoul7-0713,노원,7호선,상행,8,13,37,4.9
seoul7-0713,노원,7호선,상행,9,16,42,4.3
seoul7-0713,노원,7호선,상행,10,13,39,4.6
seoul7-0713,노원,7호선,상행,11,10,33,5.5
seoul7-0713,노원,7호선,상행,12,10,30,6.0
seoul7-0713,노원,7호선,상행,13,10,30,6.0
seoul7-0713,노원,7호선,상행,14,10,30,6.0
seoul7-0713,노원,7호선,상행,15,10,30,6.0
seoul7-0713,노원,7호선,상행,16,10,30,6.0
seoul7-0713,노원,7호선,상행,17,10,33,5.5
seoul7-0713,노원,7호선,상행,18,13,41,4.4
seoul7-0713,노원,7호선,상행,19,18,43,4.2
seoul7-0713,노원,7호선,상행,20,12,39,4.6
seoul7-0713,노원,7호선,상행,21,9,29,6.2
seoul7-0713,노원,7호선,상행,22,8,25,7.2
seoul7-0713,노원,7호선,상행,23,8,20,9.0
seoul7-0713,노원,7호선,상행,24,4,12,15.0
seoul7-0713,노원,7호선,하행,16,5,20,9.0
seoul7-0713,노원,7호선,하행,17,15,33,5.5
seoul7-0713,노원,7호선,하행,18,13,39,4.6
seoul7-0713,노원,7호선,하행,19,11,33,5.5
seoul7-0713,노원,7호선,하행,20,9,28,6.4
seoul7-0713,노원,7호선,하행,21,8,23,7.8
seoul7-0713,노원,7호선,하행,22,6,19,9.5
seoul7-0713,노원,7호선,하행,23,5,14,12.9
seoul7-0713,노원,7호선,하행,24,3,8,22.5
seoul7-0714,중계,7호선,상행,5,2,7,25.7
seoul7-0714,중계,7호선,상행,6,5,16,11.2
seoul7-0714,중계,7호선,상행,7,9,26,6.9
seoul7-0714,중계,7호선,상행,8,12,38,4.7
seoul7-0714,중계,7호선,상행,9,17,42,4.3
seoul7-0714,중계,7호선,상행,10,13,40,4.5
seoul7-0714,중계,7호선,상행,11,10,33,5.5
seoul7-0714,중계,7호선,상행,12,10,30,6.0
seoul7-0714,중계,7호선,상행,13,10,30,6.0
seoul7-0714,중계,7호선,상행,14,10,30,6.0
seoul7-0714,중계,7호선,상행,15,10,30,6.0
seoul7-0714,중계,7호선,상행,16,10,30,6.0
seoul7-0714,중계,7호선,상행,17,10,32,5.6
seoul7-0714,중계,7호선,상행,18,12,40,4.5
seoul7-0714,중계,7호선,상행,19,18,42,4.3
seoul7-0714,중계,7호선,상행,20,12,39,4.6
seoul7-0714,중계,7호선,상행,21,9,30,6.0
seoul7-0714,중계,7호선,상행,22,9,25,7.2
seoul7-0714,중계,7호선,상행,23,7,20,9.0
seoul7-0714,중계,7호선,상행,24,4,11,16.4
seoul7-0714,중계,7호선,하행,16,5,20,9.0
seoul7-0714,중계,7호선,하행,17,15,33,5.5
seoul7-0714,중계,7호선,하행,18,13,39,4.6
seoul7-0714,중계,7호선,하행,19,11,33,5.5
seoul7-0714,중계,7호선,하행,20,9,28,6.4
seoul7-0714,중계,7호선,하행,21,8,23,7.8
seoul7-0714,중계,7호선,하행,22,6,19,9.5
seoul7-0714,중계,7호선,하행,23,5,14,12.9
seoul7-0714,중계,7호선,하행,24,3,8,22.5
seoul7-0715,하계,7호선,상행,5,2,7,25.7
seoul7-0715,하계,7호선,상행,6,5,16,11.2
seoul7-0715,하계,7호선,상행,7,9,26,6.9
seoul7-0715,하계,7호선,상행,8,12,38,4.7
seoul7-0715,하계,7호선,상행,9,17,42,4.3
seoul7-0715,하계,7호선,상행,10,13,40,4.5
seoul7-0715,하계,7호선,상행,11,10,33,5.5
seoul7-0715,하계,7호선,상행,12,10,30,6.0
seoul7-0715,하계,7호선,상행,13,10,30,6.0
seoul7-0715,하계,7호선,상행,14,10,30,6.0
seoul7-0715,하계,7호선,상행,15,10,30,6.0
seoul7-0715,하계,7호선,상행,16,10,30,6.0
seoul7-0715,하계,7호선,상행,17,10,33,5.5
seoul7-0715,하계,7호선,상행,18,13,41,4.4
seoul7-0715,하계,7호선,상행,19,18,43,4.2
seoul7-0715,하계,7호선,상행,20,12,39,4.6
seoul7-0715,하계,7호선,상행,21,9,29,6.2
seoul7-0715,하계,7호선,상행,22,8,24,7.5
seoul7-0715,하계,7호선,상행,23,7,19,9.5
seoul7-0715,하계,7호선,상행,24,4,11,16.4
seoul7-0715,하계,7호선,하행,16,4,19,9.5
seoul7-0715,하계,7호선,하행,17,15,32,5.6
seoul7-0715,하계,7호선,하행,18,13,39,4.6
seoul7-0715,하계,7호선,하행,19,11,34,5.3
seoul7-0715,하계,7호선,하행,20,10,28,6.4
seoul7-0715,하계,7호선,하행,21,7,24,7.5
seoul7-0715,하계,7호선,하행,22,7,19,9.5
seoul7-0715,하계,7호선,하행,23,5,15,12.0
seoul7-0715,하계,7호선,하행,24,3,8,22.5
seoul7-0716,공릉(서울과학기술대),7호선,상행,5,2,7,25.7
seoul7-0716,공릉(서울과학기술대),7호선,상행,6,5,16,11.2
seoul7-0716,공릉(서울과학기술대),7호선,상행,7,9,27,6.7
seoul7-0716,공릉(서울과학기술대),7호선,상행,8,13,39,4.6
seoul7-0716,공릉(서울과학기술대),7호선,상행,9,17,42,4.3
seoul7-0716,공릉(서울과학기술대),7호선,상행,10,12,39,4.6
seoul7-0716,공릉(서울과학기술대),7호선,상행,11,10,32,5.6
seoul7-0716,공릉(서울과학기술대),7호선,상행,12,10,30,6.0
seoul7-0716,공릉(서울과학기술대),7호선,상행,13,10,30,6.0
seoul7-0716,공릉(서울과학기술대),7호선,상행,14,10,30,6.0
seoul7-0716,공릉(서울과학기술대),7호선,상행,15,10,30,6.0
seoul7-0716,공릉(서울과학기술대),7호선,상행,16,10,30,6.0
seoul7-0716,공릉(서울과학기술대),7호선,상행,17,10,33,5.5
seoul7-0716,공릉(서울과학기술대),7호선,상행,18,13,41,4.4
seoul7-0716,공릉(서울과학기술대),7호선,상행,19,18,43,4.2
seoul7-0716,공릉(서울과학기술대),7호선,상행,20,12,39,4.6
seoul7-0716,공릉(서울과학기술대),7호선,상행,21,9,29,6.2
seoul7-0716,공릉(서울과학기술대),7호선,상행,22,8,24,7.5
seoul7-0716,공릉(서울과학기술대),7호선,상행,23,7,19,9.5
seoul7-0716,공릉(서울과학기술대),7호선,상행,24,4,11,16.4
seoul7-0716,공릉(서울과학기술대),7호선,하행,16,4,19,9.5
seoul7-0716,공릉(서울과학기술대),7호선,하행,17,15,32,5.6
seoul7-0716,공릉(서울과학기술대),7호선,하행,18,13,39,4.6
seoul7-0716,공릉(서울과학기술대),7호선,하행,19,11,34,5.3
seoul7-0716,공릉(서울과학기술대),7호선,하행,20,10,28,6.4
seoul7-0716,공릉(서울과학기술대),7호선,하행,21,7,23,7.8
seoul7-0716,공릉(서울과학기술대),7호선,하행,22,6,19,9.5
seoul7-0716,공릉(서울과학기술대),7호선,하행,23,6,15,12.0
seoul7-0716,공릉(서울과학기술대),7호선,하행,24,3,9,20.0
seoul7-0717,태릉입구,7호선,상행,5,2,8,22.5
seoul7-0717,태릉입구,7호선,상행,6,6,17,10.6
seoul7-0717,태릉입구,7호선,상행,7,9,27,6.7
seoul7-0717,태릉입구,7호선,상행,8,12,38,4.7
seoul7-0717,태릉입구,7호선,상행,9,17,42,4.3
seoul7-0717,태릉입구,7호선,상행,10,13,40,4.5
seoul7-0717,태릉입구,7호선,상행,11,10,33,5.5
seoul7-0717,태릉입구,7호선,상행,12,10,30,6.0
seoul7-0717,태릉입구,7호선,상행,13,10,30,6.0
seoul7-0717,태릉입구,7호선,상행,14,10,30,6.0
seoul7-0717,태릉입구,7호선,상행,15,10,30,6.0
seoul7-0717,태릉입구,7호선,상행,16,10,30,6.0
seoul7-0717,태릉입구,7호선,상행,17,10,33,5.5
seoul7-0717,태릉입구,7호선,상행,18,13,40,4.5
seoul7-0717,태릉입구,7호선,상행,19,17,42,4.3
seoul7-0717,태릉입구,7호선,상행,20,12,38,4.7
seoul7-0717,태릉입구,7호선,상행,21,9,29,6.2
seoul7-0717,태릉입구,7호선,상행,22,8,25,7.2
seoul7-0717,태릉입구,7호선,상행,23,8,19,9.5
seoul7-0717,태릉입구,7호선,상행,24,3,11,16.4
seoul7-0717,태릉입구,7호선,하행,16,4,18,10.0
seoul7-0717,태릉입구,7호선,하행,17,14,32,5.6
seoul7-0717,태릉입구,7호선,하행,18,14,39,4.6
seoul7-0717,태릉입구,7호선,하행,19,11,34,5.3
seoul7-0717,태릉입구,7호선,하행,20,9,28,6.4
seoul7-0717,태릉입구,7호선,하행,21,8,23,7.8
seoul7-0717,태릉입구,7호선,하행,22,6,20,9.0
seoul7-0717,태릉입구,7호선,하행,23,6,15,12.0
seoul7-0717,태릉입구,7호선,하행,24,3,9,20.0
seoul7-0718,먹골,7호선,상행,5,1,7,25.7
seoul7-0718,먹골,7호선,상행,6,6,16,11.2
seoul7-0718,먹골,7호선,상행,7,9,28,6.4
seoul7-0718,먹골,7호선,상행,8,13,38,4.7
seoul7-0718,먹골,7호선,상행,9,16,42,4.3
seoul7-0718,먹골,7호선,상행,10,13,39,4.6
seoul7-0718,먹골,7호선,상행,11,10,33,5.5
seoul7-0718,먹골,7호선,상행,12,10,30,6.0
seoul7-0718,먹골,7호선,상행,13,10,30,6.0
seoul7-0718,먹골,7호선,상행,14,10,30,6.0
seoul7-0718,먹골,7호선,상행,15,10,30,6.0
seoul7-0718,먹골,7호선,상행,16,10,30,6.0
seoul7-0718,먹골,7호선,상행,17,10,33,5.5
seoul7-0718,먹골,7호선,상행,18,13,41,4.4
seoul7-0718,먹골,7호선,상행,19,18,42,4.3
seoul7-0718,먹골,7호선,상행,20,11,38,4.7
seoul7-0718,먹골,7호선,상행,21,9,28,6.4
seoul7-0718,먹골,7호선,상행,22,8,25,7.2
seoul7-0718,먹골,7호선,상행,23,8,20,9.0
seoul7-0718,먹골,7호선,상행,24,4,12,15.0
seoul7-0718,먹골,7호선,하행,16,3,18,10.0
seoul7-0718,먹골,7호선,하행,17,15,31,5.8
seoul7-0718,먹골,7호선,하행,18,13,39,4.6
seoul7-0718,먹골,7호선,하행,19,11,34,5.3
seoul7-0718,먹골,7호선,하행,20,10,29,6.2
seoul7-0718,먹골,7호선,하행,21,8,24,7.5
seoul7-0718,먹골,7호선,하행,22,6,20,9.0
seoul7-0718,먹골,7호선,하행,23,6,15,12.0
seoul7-0718,먹골,7호선,하행,24,3,9,20.0
seoul7-0719,중화,7호선,상행,5,2,7,25.7
seoul7-0719,중화,7호선,상행,6,5,16,11.2
seoul7-0719,중화,7호선,상행,7,9,27,6.7
seoul7-0719,중화,7호선,상행,8,13,39,4.6
seoul7-0719,중화,7호선,상행,9,17,42,4.3
seoul7-0719,중화,7호선,상행,10,12,39,4.6
seoul7-0719,중화,7호선,상행,11,10,32,5.6
seoul7-0719,중화,7호선,상행,12,10,30,6.0
seoul7-0719,중화,7호선,상행,13,10,30,6.0
seoul7-0719,중화,7호선,상행,14,10,30,6.0
seoul7-0719,중화,7호선,상행,15,10,30,6.0
seoul7-0719,중화,7호선,상행,16,10,30,6.0
seoul7-0719,중화,7호선,상행,17,10,34,5.3
seoul7-0719,중화,7호선,상행,18,14,41,4.4
seoul7-0719,중화,7호선,상행,19,17,43,4.2
seoul7-0719,중화,7호선,상행,20,12,37,4.9
seoul7-0719,중화,7호선,상행,21,8,29,6.2
seoul7-0719,중화,7호선,상행,22,9,24,7.5
seoul7-0719,중화,7호선,상행,23,7,20,9.0
seoul7-0719,중화,7호선,상행,24,4,11,16.4
seoul7-0719,중화,7호선,하행,16,3,17,10.6
seoul7-0719,중화,7호선,하행,17,14,31,5.8
seoul7-0719,중화,7호선,하행,18,14,39,4.6
seoul7-0719,중화,7호선,하행,19,11,35,5.1
seoul7-0719,중화,7호선,하행,20,10,29,6.2
seoul7-0719,중화,7호선,하행,21,8,24,7.5
seoul7-0719,중화,7호선,하행,22,6,20,9.0
seoul7-0719,중화,7호선,하행,23,6,15,12.0
seoul7-0719,중화,7호선,하행,24,3,9,20.0
seoul7-0720,상봉,7호선,상행,5,2,7,25.7
seoul7-0720,상봉,7호선,상행,6,5,17,10.6
seoul7-0720,상봉,7호선,상행,7,10,28,6.4
seoul7-0720,상봉,7호선,상행,8,13,39,4.6
seoul7-0720,상봉,7호선,상행,9,16,42,4.3
seoul7-0720,상봉,7호선,상행,10,13,39,4.6
seoul7-0720,상봉,7호선,상행,11,10,33,5.5
seoul7-0720,상봉,7호선,상행,12,10,30,6.0
seoul7-0720,상봉,7호선,상행,13,10,30,6.0
seoul7-0720,상봉,7호선,상행,14,10,30,6.0
seoul7-0720,상봉,7호선,상행,15,10,30,6.0
seoul7-0720,상봉,7호선,상행,16,10,30,6.0
seoul7-0720,상봉,7호선,상행,17,10,34,5.3
seoul7-0720,상봉,7호선,상행,18,14,41,4.4
seoul7-0720,상봉,7호선,상행,19,17,42,4.3
seoul7-0720,상봉,7호선,상행,20,11,37,4.9
seoul7-0720,상봉,7호선,상행,21,9,28,6.4
seoul7-0720,상봉,7호선,상행,22,8,24,7.5
seoul7-0720,상봉,7호선,상행,23,7,19,9.5
seoul7-0720,상봉,7호선,상행,24,4,11,16.4
seoul7-0720,상봉,7호선,하행,16,3,16,11.2
seoul7-0720,상봉,7호선,하행,17,13,30,6.0
seoul7-0720,상봉,7호선,하행,18,14,39,4.6
seoul7-0720,상봉,7호선,하행,19,12,36,5.0
seoul7-0720,상봉,7호선,하행,20,10,30,6.0
seoul7-0720,상봉,7호선,하행,21,8,24,7.5
seoul7-0720,상봉,7호선,하행,22,6,20,9.0
seoul7-0720,상봉,7호선,하행,23,6,15,12.0
seoul7-0720,상봉,7호선,하행,24,3,9,20.0
seoul7-0721,면목,7호선,상행,5,2,8,22.5
seoul7-0721,면목,7호선,상행,6,6,17,10.6
seoul7-0721,면목,7호선,상행,7,9,28,6.4
seoul7-0721,면목,7호선,상행,8,13,39,4.6
seoul7-0721,면목,7호선,상행,9,17,42,4.3
seoul7-0721,면목,7호선,상행,10,12,39,4.6
seoul7-0721,면목,7호선,상행,11,10,32,5.6
seoul7-0721,면목,7호선,상행,12,10,30,6.0
seoul7-0721,면목,7호선,상행,13,10,30,6.0
seoul7-0721,면목,7호선,상행,14,10,30,6.0
seoul7-0721,면목,7호선,상행,15,10,30,6.0
seoul7-0721,면목,7호선,상행,16,10,30,6.0
seoul7-0721,면목,7호선,상행,17,10,34,5.3
seoul7-0721,면목,7호선,상행,18,14,41,4.4
seoul7-0721,면목,7호선,상행,19,17,42,4.3
seoul7-0721,면목,7호선,상행,20,11,37,4.9
seoul7-0721,면목,7호선,상행,21,9,28,6.4
seoul7-0721,면목,7호선,상행,22,8,24,7.5
seoul7-0721,면목,7호선,상행,23,7,19,9.5
seoul7-0721,면목,7호선,상행,24,4,11,16.4
seoul7-0721,면목,7호선,하행,16,2,16,11.2
seoul7-0721,면목,7호선,하행,17,14,30,6.0
seoul7-0721,면목,7호선,하행,18,14,40,4.5
seoul7-0721,면목,7호선,하행,19,12,35,5.1
seoul7-0721,면목,7호선,하행,20,9,29,6.2
seoul7-0721,면목,7호선,하행,21,8,23,7.8
seoul7-0721,면목,7호선,하행,22,6,21,8.6
seoul7-0721,면목,7호선,하행,23,7,16,11.2
seoul7-0721,면목,7호선,하행,24,3,10,18.0
seoul7-0722,사가정,7호선,상행,5,2,8,22.5
seoul7-0722,사가정,7호선,상행,6,6,17,10.6
seoul7-0722,사가정,7호선,상행,7,9,29,6.2
seoul7-0722,사가정,7호선,상행,8,14,39,4.6
seoul7-0722,사가정,7호선,상행,9,16,42,4.3
seoul7-0722,사가정,7호선,상행,10,12,38,4.7
seoul7-0722,사가정,7호선,상행,11,10,32,5.6
seoul7-0722,사가정,7호선,상행,12,10,30,6.0
seoul7-0722,사가정,7호선,상행,13,10,30,6.0
seoul7-0722,사가정,7호선,상행,14,10,30,6.0
seoul7-0722,사가정,7호선,상행,15,10,30,6.0
seoul7-0722,사가정,7호선,상행,16,10,30,6.0
seoul7-0722,사가정,7호선,상행,17,10,35,5.1
seoul7-0722,사가정,7호선,상행,18,15,41,4.4
seoul7-0722,사가정,7호선,상행,19,16,43,4.2
seoul7-0722,사가정,7호선,상행,20,12,36,5.0
seoul7-0722,사가정,7호선,상행,21,8,28,6.4
seoul7-0722,사가정,7호선,상행,22,8,23,7.8
seoul7-0722,사가정,7호선,상행,23,7,19,9.5
seoul7-0722,사가정,7호선,상행,24,4,11,16.4
seoul7-0722,사가정,7호선,하행,16,2,15,12.0
seoul7-0722,사가정,7호선,하행,17,13,30,6.0
seoul7-0722,사가정,7호선,하행,18,15,39,4.6
seoul7-0722,사가정,7호선,하행,19,11,36,5.0
seoul7-0722,사가정,7호선,하행,20,10,29,6.2
seoul7-0722,사가정,7호선,하행,21,8,24,7.5
seoul7-0722,사가정,7호선,하행,22,6,20,9.0
seoul7-0722,사가정,7호선,하행,23,6,16,11.2
seoul7-0722,사가정,7호선,하행,24,4,10,18.0
seoul7-0723,용마산(용마폭포공원),7호선,상행,5,2,8,22.5
seoul7-0723,용마산(용마폭포공원),7호선,상행,6,6,18,10.0
seoul7-0723,용마산(용마폭포공원),7호선,상행,7,10,29,6.2
seoul7-0723,용마산(용마폭포공원),7호선,상행,8,13,40,4.5
seoul7-0723,용마산(용마폭포공원),7호선,상행,9,17,41,4.4
seoul7-0723,용마산(용마폭포공원),7호선,상행,10,11,38,4.7
seoul7-0723,용마산(용마폭포공원),7호선,상행,11,10,31,5.8
seoul7-0723,용마산(용마폭포공원),7호선,상행,12,10,30,6.0
seoul7-0723,용마산(용마폭포공원),7호선,상행,13,10,30,6.0
seoul7-0723,용마산(용마폭포공원),7호선,상행,14,10,30,6.0
seoul7-0723,용마산(용마폭포공원),7호선,상행,15,10,30,6.0
seoul7-0723,용마산(용마폭포공원),7호선,상행,16,10,31,5.8
seoul7-0723,용마산(용마폭포공원),7호선,상행,17,11,35,5.1
seoul7-0723,용마산(용마폭포공원),7호선,상행,18,14,42,4.3
seoul7-0723,용마산(용마폭포공원),7호선,상행,19,17,42,4.3
seoul7-0723,용마산(용마폭포공원),7호선,상행,20,11,37,4.9
seoul7-0723,용마산(용마폭포공원),7호선,상행,21,9,28,6.4
seoul7-0723,용마산(용마폭포공원),7호선,상행,22,8,23,7.8
seoul7-0723,용마산(용마폭포공원),7호선,상행,23,6,18,10.0
seoul7-0723,용마산(용마폭포공원),7호선,상행,24,4,10,18.0
seoul7-0723,용마산(용마폭포공원),7호선,하행,16,2,15,12.0
seoul7-0723,용마산(용마폭포공원),7호선,하행,17,13,29,6.2
seoul7-0723,용마산(용마폭포공원),7호선,하행,18,14,39,4.6
seoul7-0723,용마산(용마폭포공원),7호선,하행,19,12,36,5.0
seoul7-0723,용마산(용마폭포공원),7호선,하행,20,10,30,6.0
seoul7-0723,용마산(용마폭포공원),7호선,하행,21,8,24,7.5
seoul7-0723,용마산(용마폭포공원),7호선,하행,22,6,20,9.0
seoul7-0723,용마산(용마폭포공원),7호선,하행,23,6,16,11.2
seoul7-0723,용마산(용마폭포공원),7호선,하행,24,4,10,18.0
seoul7-0724,중곡,7호선,상행,5,2,8,22.5
seoul7-0724,중곡,7호선,상행,6,6,18,10.0
seoul7-0724,중곡,7호선,상행,7,10,30,6.0
seoul7-0724,중곡,7호선,상행,8,14,40,4.5
seoul7-0724,중곡,7호선,상행,9,16,42,4.3
seoul7-0724,중곡,7호선,상행,10,12,38,4.7
seoul7-0724,중곡,7호선,상행,11,10,32,5.6
seoul7-0724,중곡,7호선,상행,12,10,30,6.0
seoul7-0724,중곡,7호선,상행,13,10,30,6.0
seoul7-0724,중곡,7호선,상행,14,10,30,6.0
seoul7-0724,중곡,7호선,상행,15,10,30,6.0
seoul7-0724,중곡,7호선,상행,16,10,30,6.0
seoul7-0724,중곡,7호선,상행,17,10,35,5.1
seoul7-0724,중곡,7호선,상행,18,15,41,4.4
seoul7-0724,중곡,7호선,상행,19,16,42,4.3
seoul7-0724,중곡,7호선,상행,20,11,36,5.0
seoul7-0724,중곡,7호선,상행,21,9,28,6.4
seoul7-0724,중곡,7호선,상행,22,8,24,7.5
seoul7-0724,중곡,7호선,상행,23,7,18,10.0
seoul7-0724,중곡,7호선,상행,24,3,10,18.0
seoul7-0724,중곡,7호선,하행,16,2,14,12.9
seoul7-0724,중곡,7호선,하행,17,12,29,6.2
seoul7-0724,중곡,7호선,하행,18,15,39,4.6
seoul7-0724,중곡,7호선,하행,19,12,37,4.9
seoul7-0724,중곡,7호선,하행,20,10,30,6.0
seoul7-0724,중곡,7호선,하행,21,8,24,7.5
seoul7-0724,중곡,7호선,하행,22,6,20,9.0
seoul7-0724,중곡,7호선,하행,23,6,16,11.2
seoul7-0724,중곡,7호선,하행,24,4,10,18.0
seoul7-0725,군자(능동),7호선,상행,5,3,8,22.5
seoul7-0725,군자(능동),7호선,상행,6,5,18,10.0
seoul7-0725,군자(능동),7호선,상행,7,10,29,6.2
seoul7-0725,군자(능동),7호선,상행,8,14,41,4.4
seoul7-0725,군자(능동),7호선,상행,9,17,42,4.3
seoul7-0725,군자(능동),7호선,상행,10,11,38,4.7
seoul7-0725,군자(능동),7호선,상행,11,10,31,5.8
seoul7-0725,군자(능동),7호선,상행,12,10,30,6.0
seoul7-0725,군자(능동),7호선,상행,13,10,30,6.0
seoul7-0725,군자(능동),7호선,상행,14,10,30,6.0
seoul7-0725,군자(능동),7호선,상행,15,10,30,6.0
seoul7-0725,군자(능동),7호선,상행,16,10,30,6.0
seoul7-0725,군자(능동),7호선,상행,17,10,35,5.1
seoul7-0725,군자(능동),7호선,상행,18,15,41,4.4
seoul7-0725,군자(능동),7호선,상행,19,16,43,4.2
seoul7-0725,군자(능동),7호선,상행,20,12,36,5.0
seoul7-0725,군자(능동),7호선,상행,21,8,28,6.4
seoul7-0725,군자(능동),7호선,상행,22,8,23,7.8
seoul7-0725,군자(능동),7호선,상행,23,7,18,10.0
seoul7-0725,군자(능동),7호선,상행,24,3,10,18.0
seoul7-0725,군자(능동),7호선,하행,16,1,14,12.9
seoul7-0725,군자(능동),7호선,하행,17,13,29,6.2
seoul7-0725,군자(능동),7호선,하행,18,15,39,4.6
seoul7-0725,군자(능동),7호선,하행,19,11,36,5.0
seoul7-0725,군자(능동),7호선,하행,20,10,30,6.0
seoul7-0725,군자(능동),7호선,하행,21,9,25,7.2
seoul7-0725,군자(능동),7호선,하행,22,6,21,8.6
seoul7-0725,군자(능동),7호선,하행,23,6,16,11.2
seoul7-0725,군자(능동),7호선,하행,24,4,10,18.0
seoul7-0726,어린이대공원(세종대),7호선,상행,5,3,9,20.0
seoul7-0726,어린이대공원(세종대),7호선,상행,6,6,19,9.5
seoul7-0726,어린이대공원(세종대),7호선,상행,7,10,30,6.0
seoul7-0726,어린이대공원(세종대),7호선,상행,8,14,40,4.5
seoul7-0726,어린이대공원(세종대),7호선,상행,9,16,41,4.4
seoul7-0726,어린이대공원(세종대),7호선,상행,10,11,37,4.9
seoul7-0726,어린이대공원(세종대),7호선,상행,11,10,31,5.8
seoul7-0726,어린이대공원(세종대),7호선,상행,12,10,30,6.0
seoul7-0726,어린이대공원(세종대),7호선,상행,13,10,30,6.0
seoul7-0726,어린이대공원(세종대),7호선,상행,14,10,30,6.0
seoul7-0726,어린이대공원(세종대),7호선,상행,15,10,30,6.0
seoul7-0726,어린이대공원(세종대),7호선,상행,16,10,31,5.8
seoul7-0726,어린이대공원(세종대),7호선,상행,17,11,36,5.0
seoul7-0726,어린이대공원(세종대),7호선,상행,18,15,42,4.3
seoul7-0726,어린이대공원(세종대),7호선,상행,19,16,42,4.3
seoul7-0726,어린이대공원(세종대),7호선,상행,20,11,35,5.1
seoul7-0726,어린이대공원(세종대),7호선,상행,21,8,27,6.7
seoul7-0726,어린이대공원(세종대),7호선,상행,22,8,23,7.8
seoul7-0726,어린이대공원(세종대),7호선,상행,23,7,18,10.0
seoul7-0726,어린이대공원(세종대),7호선,상행,24,3,10,18.0
seoul7-0726,어린이대공원(세종대),7호선,하행,16,1,13,13.8
seoul7-0726,어린이대공원(세종대),7호선,하행,17,12,28,6.4
seoul7-0726,어린이대공원(세종대),7호선,하행,18,15,39,4.6
seoul7-0726,어린이대공원(세종대),7호선,하행,19,12,37,4.9
seoul7-0726,어린이대공원(세종대),7호선,하행,20,10,30,6.0
seoul7-0726,어린이대공원(세종대),7호선,하행,21,8,24,7.5
seoul7-0726,어린이대공원(세종대),7호선,하행,22,6,21,8.6
seoul7-0726,어린이대공원(세종대),7호선,하행,23,7,17,10.6
seoul7-0726,어린이대공원(세종대),7호선,하행,24,4,11,16.4
seoul7-0727,건대입구,7호선,상행,5,3,9,20.0
seoul7-0727,건대입구,7호선,상행,6,6,19,9.5
seoul7-0727,건대입구,7호선,상행,7,10,30,6.0
seoul7-0727,건대입구,7호선,상행,8,14,41,4.4
seoul7-0727,건대입구,7호선,상행,9,17,42,4.3
seoul7-0727,건대입구,7호선,상행,10,11,38,4.7
seoul7-0727,건대입구,7호선,상행,11,10,31,5.8
seoul7-0727,건대입구,7호선,상행,12,10,30,6.0
seoul7-0727,건대입구,7호선,상행,13,10,30,6.0
seoul7-0727,건대입구,7호선,상행,14,10,30,6.0
seoul7-0727,건대입구,7호선,상행,15,10,30,6.0
seoul7-0727,건대입구,7호선,상행,16,10,30,6.0
seoul7-0727,건대입구,7호선,상행,17,10,36,5.0
seoul7-0727,건대입구,7호선,상행,18,16,41,4.4
seoul7-0727,건대입구,7호선,상행,19,15,42,4.3
seoul7-0727,건대입구,7호선,상행,20,11,35,5.1
seoul7-0727,건대입구,7호선,상행,21,9,28,6.4
seoul7-0727,건대입구,7호선,상행,22,8,23,7.8
seoul7-0727,건대입구,7호선,상행,23,6,17,10.6
seoul7-0727,건대입구,7호선,상행,24,3,9,20.0
seoul7-0727,건대입구,7호선,하행,16,1,13,13.8
seoul7-0727,건대입구,7호선,하행,17,12,28,6.4
seoul7-0727,건대입구,7호선,하행,18,15,39,4.6
seoul7-0727,건대입구,7호선,하행,19,12,37,4.9
seoul7-0727,건대입구,7호선,하행,20,10,30,6.0
seoul7-0727,건대입구,7호선,하행,21,8,24,7.5
seoul7-0727,건대입구,7호선,하행,22,6,20,9.0
seoul7-0727,건대입구,7호선,하행,23,6,16,11.2
seoul7-0727,건대입구,7호선,하행,24,4,10,18.0
seoul7-0728,자양(뚝섬한강공원),7호선,상행,5,2,8,22.5
seoul7-0728,자양(뚝섬한강공원),7호선,상행,6,6,18,10.0
seoul7-0728,자양(뚝섬한강공원),7호선,상행,7,10,31,5.8
seoul7-0728,자양(뚝섬한강공원),7호선,상행,8,15,41,4.4
seoul7-0728,자양(뚝섬한강공원),7호선,상행,9,16,42,4.3
seoul7-0728,자양(뚝섬한강공원),7호선,상행,10,11,37,4.9
seoul7-0728,자양(뚝섬한강공원),7호선,상행,11,10,31,5.8
seoul7-0728,자양(뚝섬한강공원),7호선,상행,12,10,30,6.0
seoul7-0728,자양(뚝섬한강공원),7호선,상행,13,10,30,6.0
seoul7-0728,자양(뚝섬한강공원),7호선,상행,14,10,30,6.0
seoul7-0728,자양(뚝섬한강공원),7호선,상행,15,10,30,6.0
seoul7-0728,자양(뚝섬한강공원),7호선,상행,16,10,30,6.0
seoul7-0728,자양(뚝섬한강공원),7호선,상행,17,10,36,5.0
seoul7-0728,자양(뚝섬한강공원),7호선,상행,18,16,42,4.3
seoul7-0728,자양(뚝섬한강공원),7호선,상행,19,16,42,4.3
seoul7-0728,자양(뚝섬한강공원),7호선,상행,20,10,35,5.1
seoul7-0728,자양(뚝섬한강공원),7호선,상행,21,9,27,6.7
seoul7-0728,자양(뚝섬한강공원),7호선,상행,22,8,23,7.8
seoul7-0728,자양(뚝섬한강공원),7호선,상행,23,6,18,10.0
seoul7-0728,자양(뚝섬한강공원),7호선,상행,24,4,10,18.0
seoul7-0728,자양(뚝섬한강공원),7호선,하행,17,13,27,6.7
seoul7-0728,자양(뚝섬한강공원),7호선,하행,18,14,39,4.6
seoul7-0728,자양(뚝섬한강공원),7호선,하행,19,12,36,5.0
seoul7-0728,자양(뚝섬한강공원),7호선,하행,20,10,31,5.8
seoul7-0728,자양(뚝섬한강공원),7호선,하행,21,9,25,7.2
seoul7-0728,자양(뚝섬한강공원),7호선,하행,22,6,21,8.6
seoul7-0728,자양(뚝섬한강공원),7호선,하행,23,6,16,11.2
seoul7-0728,자양(뚝섬한강공원),7호선,하행,24,4,10,18.0
seoul7-0729,청담,7호선,상행,5,2,9,20.0
seoul7-0729,청담,7호선,상행,6,7,19,9.5
seoul7-0729,청담,7호선,상행,7,10,32,5.6
seoul7-0729,청담,7호선,상행,8,15,40,4.5
seoul7-0729,청담,7호선,상행,9,15,41,4.4
seoul7-0729,청담,7호선,상행,10,11,36,5.0
seoul7-0729,청담,7호선,상행,11,10,31,5.8
seoul7-0729,청담,7호선,상행,12,10,30,6.0
seoul7-0729,청담,7호선,상행,13,10,30,6.0
seoul7-0729,청담,7호선,상행,14,10,30,6.0
seoul7-0729,청담,7호선,상행,15,10,30,6.0
seoul7-0729,청담,7호선,상행,16,10,31,5.8
seoul7-0729,청담,7호선,상행,17,11,37,4.9
seoul7-0729,청담,7호선,상행,18,16,42,4.3
seoul7-0729,청담,7호선,상행,19,15,42,4.3
seoul7-0729,청담,7호선,상행,20,11,34,5.3
seoul7-0729,청담,7호선,상행,21,8,27,6.7
seoul7-0729,청담,7호선,상행,22,8,22,8.2
seoul7-0729,청담,7호선,상행,23,6,18,10.0
seoul7-0729,청담,7호선,상행,24,4,10,18.0
seoul7-0729,청담,7호선,하행,17,12,27,6.7
seoul7-0729,청담,7호선,하행,18,15,39,4.6
seoul7-0729,청담,7호선,하행,19,12,37,4.9
seoul7-0729,청담,7호선,하행,20,10,30,6.0
seoul7-0729,청담,7호선,하행,21,8,25,7.2
seoul7-0729,청담,7호선,하행,22,7,21,8.6
seoul7-0729,청담,7호선,하행,23,6,16,11.2
seoul7-0729,청담,7호선,하행,24,3,9,20.0
seoul7-0730,강남구청,7호선,상행,5,1,8,22.5
seoul7-0730,강남구청,7호선,상행,6,7,18,10.0
seoul7-0730,강남구청,7호선,상행,7,10,33,5.5
seoul7-0730,강남구청,7호선,상행,8,16,41,4.4
seoul7-0730,강남구청,7호선,상행,9,15,42,4.3
seoul7-0730,강남구청,7호선,상행,10,11,36,5.0
seoul7-0730,강남구청,7호선,상행,11,10,31,5.8
seoul7-0730,강남구청,7호선,상행,12,10,30,6.0
seoul7-0730,강남구청,7호선,상행,13,10,30,6.0
seoul7-0730,강남구청,7호선,상행,14,10,30,6.0
seoul7-0730,강남구청,7호선,상행,15,10,30,6.0
seoul7-0730,강남구청,7호선,상행,16,10,31,5.8
seoul7-0730,강남구청,7호선,상행,17,11,37,4.9
seoul7-0730,강남구청,7호선,상행,18,16,42,4.3
seoul7-0730,강남구청,7호선,상행,19,15,41,4.4
seoul7-0730,강남구청,7호선,상행,20,10,34,5.3
seoul7-0730,강남구청,7호선,상행,21,9,27,6.7
seoul7-0730,강남구청,7호선,상행,22,8,22,8.2
seoul7-0730,강남구청,7호선,상행,23,5,18,10.0
seoul7-0730,강남구청,7호선,상행,24,5,10,18.0
seoul7-0730,강남구청,7호선,하행,17,11,26,6.9
seoul7-0730,강남구청,7호선,하행,18,15,38,4.7
seoul7-0730,강남구청,7호선,하행,19,12,38,4.7
seoul7-0730,강남구청,7호선,하행,20,11,31,5.8
seoul7-0730,강남구청,7호선,하행,21,8,26,6.9
seoul7-0730,강남구청,7호선,하행,22,7,21,8.6
seoul7-0730,강남구청,7호선,하행,23,6,16,11.2
seoul7-0730,강남구청,7호선,하행,24,3,9,20.0
seoul7-0731,학동,7호선,상행,5,2,8,22.5
seoul7-0731,학동,7호선,상행,6,6,19,9.5
seoul7-0731,학동,7호선,상행,7,11,33,5.5
seoul7-0731,학동,7호선,상행,8,16,41,4.4
seoul7-0731,학동,7호선,상행,9,14,41,4.4
seoul7-0731,학동,7호선,상행,10,11,35,5.1
seoul7-0731,학동,7호선,상행,11,10,31,5.8
seoul7-0731,학동,7호선,상행,12,10,30,6.0
seoul7-0731,학동,7호선,상행,13,10,30,6.0
seoul7-0731,학동,7호선,상행,14,10,30,6.0
seoul7-0731,학동,7호선,상행,15,10,30,6.0
seoul7-0731,학동,7호선,상행,16,10,31,5.8
seoul7-0731,학동,7호선,상행,17,11,38,4.7
seoul7-0731,학동,7호선,상행,18,17,42,4.3
seoul7-0731,학동,7호선,상행,19,14,41,4.4
seoul7-0731,학동,7호선,상행,20,10,33,5.5
seoul7-0731,학동,7호선,상행,21,9,27,6.7
seoul7-0731,학동,7호선,상행,22,8,22,8.2
seoul7-0731,학동,7호선,상행,23,5,18,10.0
seoul7-0731,학동,7호선,상행,24,5,10,18.0
seoul7-0731,학동,7호선,하행,17,11,26,6.9
seoul7-0731,학동,7호선,하행,18,15,38,4.7
seoul7-0731,학동,7호선,하행,19,12,37,4.9
seoul7-0731,학동,7호선,하행,20,10,31,5.8
seoul7-0731,학동,7호선,하행,21,9,25,7.2
seoul7-0731,학동,7호선,하행,22,6,22,8.2
seoul7-0731,학동,7호선,하행,23,7,16,11.2
seoul7-0731,학동,7호선,하행,24,3,10,18.0
seoul7-0732,논현,7호선,상행,5,2,9,20.0
seoul7-0732,논현,7호선,상행,6,7,19,9.5
seoul7-0732,논현,7호선,상행,7,10,33,5.5
seoul7-0732,논현,7호선,상행,8,16,41,4.4
seoul7-0732,논현,7호선,상행,9,15,41,4.4
seoul7-0732,논현,7호선,상행,10,10,35,5.1
seoul7-0732,논현,7호선,상행,11,10,30,6.0
seoul7-0732,논현,7호선,상행,12,10,30,6.0
seoul7-0732,논현,7호선,상행,13,10,30,6.0
seoul7-0732,논현,7호선,상행,14,10,30,6.0
seoul7-0732,논현,7호선,상행,15,10,30,6.0
seoul7-0732,논현,7호선,상행,16,10,31,5.8
seoul7-0732,논현,7호선,상행,17,11,38,4.7
seoul7-0732,논현,7호선,상행,18,17,42,4.3
seoul7-0732,논현,7호선,상행,19,14,42,4.3
seoul7-0732,논현,7호선,상행,20,11,33,5.5
seoul7-0732,논현,7호선,상행,21,8,27,6.7
seoul7-0732,논현,7호선,상행,22,8,22,8.2
seoul7-0732,논현,7호선,상행,23,6,18,10.0
seoul7-0732,논현,7호선,상행,24,4,10,18.0
seoul7-0732,논현,7호선,하행,17,11,26,6.9
seoul7-0732,논현,7호선,하행,18,15,38,4.7
seoul7-0732,논현,7호선,하행,19,12,37,4.9
seoul7-0732,논현,7호선,하행,20,10,31,5.8
seoul7-0732,논현,7호선,하행,21,9,25,7.2
seoul7-0732,논현,7호선,하행,22,6,21,8.6
seoul7-0732,논현,7호선,하행,23,6,16,11.2
seoul7-0732,논현,7호선,하행,24,4,10,18.0
seoul7-0733,반포,7호선,상행,5,2,9,20.0
seoul7-0733,반포,7호선,상행,6,7,19,9.5
seoul7-0733,반포,7호선,상행,7,10,34,5.3
seoul7-0733,반포,7호선,상행,8,17,41,4.4
seoul7-0733,반포,7호선,상행,9,14,42,4.3
seoul7-0733,반포,7호선,상행,10,11,35,5.1
seoul7-0733,반포,7호선,상행,11,10,31,5.8
seoul7-0733,반포,7호선,상행,12,10,30,6.0
seoul7-0733,반포,7호선,상행,13,10,30,6.0
seoul7-0733,반포,7호선,상행,14,10,30,6.0
seoul7-0733,반포,7호선,상행,15,10,30,6.0
seoul7-0733,반포,7호선,상행,16,10,31,5.8
seoul7-0733,반포,7호선,상행,17,11,38,4.7
seoul7-0733,반포,7호선,상행,18,17,42,4.3
seoul7-0733,반포,7호선,상행,19,14,41,4.4
seoul7-0733,반포,7호선,상행,20,10,32,5.6
seoul7-0733,반포,7호선,상행,21,8,26,6.9
seoul7-0733,반포,7호선,상행,22,8,22,8.2
seoul7-0733,반포,7호선,상행,23,6,18,10.0
seoul7-0733,반포,7호선,상행,24,4,10,18.0
seoul7-0733,반포,7호선,하행,17,10,25,7.2
seoul7-0733,반포,7호선,하행,18,15,37,4.9
seoul7-0733,반포,7호선,하행,19,12,38,4.7
seoul7-0733,반포,7호선,하행,20,11,31,5.8
seoul7-0733,반포,7호선,하행,21,8,26,6.9
seoul7-0733,반포,7호선,하행,22,7,21,8.6
seoul7-0733,반포,7호선,하행,23,6,17,10.6
seoul7-0733,반포,7호선,하행,24,4,10,18.0
seoul7-0734,고속터미널,7호선,상행,5,2,9,20.0
seoul7-0734,고속터미널,7호선,상행,6,7,20,9.0
seoul7-0734,고속터미널,7호선,상행,7,11,34,5.3
seoul7-0734,고속터미널,7호선,상행,8,16,41,4.4
seoul7-0734,고속터미널,7호선,상행,9,14,41,4.4
seoul7-0734,고속터미널,7호선,상행,10,11,35,5.1
seoul7-0734,고속터미널,7호선,상행,11,10,31,5.8
seoul7-0734,고속터미널,7호선,상행,12,10,30,6.0
seoul7-0734,고속터미널,7호선,상행,13,10,30,6.0
seoul7-0734,고속터미널,7호선,상행,14,10,30,6.0
seoul7-0734,고속터미널,7호선,상행,15,10,30,6.0
seoul7-0734,고속터미널,7호선,상행,16,10,31,5.8
seoul7-0734,고속터미널,7호선,상행,17,11,39,4.6
seoul7-0734,고속터미널,7호선,상행,18,18,42,4.3
seoul7-0734,고속터미널,7호선,상행,19,13,41,4.4
seoul7-0734,고속터미널,7호선,상행,20,10,31,5.8
seoul7-0734,고속터미널,7호선,상행,21,8,26,6.9
seoul7-0734,고속터미널,7호선,상행,22,8,22,8.2
seoul7-0734,고속터미널,7호선,상행,23,6,18,10.0
seoul7-0734,고속터미널,7호선,상행,24,4,10,18.0
seoul7-0734,고속터미널,7호선,하행,17,10,25,7.2
seoul7-0734,고속터미널,7호선,하행,18,15,37,4.9
seoul7-0734,고속터미널,7호선,하행,19,12,37,4.9
seoul7-0734,고속터미널,7호선,하행,20,10,31,5.8
seoul7-0734,고속터미널,7호선,하행,21,9,26,6.9
seoul7-0734,고속터미널,7호선,하행,22,7,22,8.2
seoul7-0734,고속터미널,7호선,하행,23,6,17,10.6
seoul7-0734,고속터미널,7호선,하행,24,4,10,18.0
seoul7-0735,내방,7호선,상행,5,2,10,18.0
seoul7-0735,내방,7호선,상행,6,8,21,8.6
seoul7-0735,내방,7호선,상행,7,11,35,5.1
seoul7-0735,내방,7호선,상행,8,16,41,4.4
seoul7-0735,내방,7호선,상행,9,14,41,4.4
seoul7-0735,내방,7호선,상행,10,11,35,5.1
seoul7-0735,내방,7호선,상행,11,10,31,5.8
seoul7-0735,내방,7호선,상행,12,10,30,6.0
seoul7-0735,내방,7호선,상행,13,10,30,6.0
seoul7-0735,내방,7호선,상행,14,10,30,6.0
seoul7-0735,내방,7호선,상행,15,10,30,6.0
seoul7-0735,내방,7호선,상행,16,10,31,5.8
seoul7-0735,내방,7호선,상행,17,11,38,4.7
seoul7-0735,내방,7호선,상행,18,17,42,4.3
seoul7-0735,내방,7호선,상행,19,14,41,4.4
seoul7-0735,내방,7호선,상행,20,10,32,5.6
seoul7-0735,내방,7호선,상행,21,8,26,6.9
seoul7-0735,내방,7호선,상행,22,8,21,8.6
seoul7-0735,내방,7호선,상행,23,5,17,10.6
seoul7-0735,내방,7호선,상행,24,4,9,20.0
seoul7-0735,내방,7호선,하행,17,9,24,7.5
seoul7-0735,내방,7호선,하행,18,15,36,5.0
seoul7-0735,내방,7호선,하행,19,12,38,4.7
seoul7-0735,내방,7호선,하행,20,11,32,5.6
seoul7-0735,내방,7호선,하행,21,9,27,6.7
seoul7-0735,내방,7호선,하행,22,7,22,8.2
seoul7-0735,내방,7호선,하행,23,6,16,11.2
seoul7-0735,내방,7호선,하행,24,3,9,20.0
seoul7-0736,이수,7호선,상행,5,1,9,20.0
seoul7-0736,이수,7호선,상행,6,8,20,9.0
seoul7-0736,이수,7호선,상행,7,11,36,5.0
seoul7-0736,이수,7호선,상행,8,17,41,4.4
seoul7-0736,이수,7호선,상행,9,13,41,4.4
seoul7-0736,이수,7호선,상행,10,11,34,5.3
seoul7-0736,이수,7호선,상행,11,10,31,5.8
seoul7-0736,이수,7호선,상행,12,10,30,6.0
seoul7-0736,이수,7호선,상행,13,10,30,6.0
seoul7-0736,이수,7호선,상행,14,10,30,6.0
seoul7-0736,이수,7호선,상행,15,10,30,6.0
seoul7-0736,이수,7호선,상행,16,10,31,5.8
seoul7-0736,이수,7호선,상행,17,11,39,4.6
seoul7-0736,이수,7호선,상행,18,18,42,4.3
seoul7-0736,이수,7호선,상행,19,13,41,4.4
seoul7-0736,이수,7호선,상행,20,10,31,5.8
seoul7-0736,이수,7호선,상행,21,8,26,6.9
seoul7-0736,이수,7호선,상행,22,8,21,8.6
seoul7-0736,이수,7호선,상행,23,5,18,10.0
seoul7-0736,이수,7호선,상행,24,5,10,18.0
seoul7-0736,이수,7호선,하행,17,8,24,7.5
seoul7-0736,이수,7호선,하행,18,16,36,5.0
seoul7-0736,이수,7호선,하행,19,12,38,4.7
seoul7-0736,이수,7호선,하행,20,10,32,5.6
seoul7-0736,이수,7호선,하행,21,10,26,6.9
seoul7-0736,이수,7호선,하행,22,6,23,7.8
seoul7-0736,이수,7호선,하행,23,7,16,11.2
seoul7-0736,이수,7호선,하행,24,3,10,18.0
seoul7-0737,남성,7호선,상행,5,2,9,20.0
seoul7-0737,남성,7호선,상행,6,7,21,8.6
seoul7-0737,남성,7호선,상행,7,12,35,5.1
seoul7-0737,남성,7호선,상행,8,16,42,4.3
seoul7-0737,남성,7호선,상행,9,14,40,4.5
seoul7-0737,남성,7호선,상행,10,10,34,5.3
seoul7-0737,남성,7호선,상행,11,10,30,6.0
seoul7-0737,남성,7호선,상행,12,10,30,6.0
seoul7-0737,남성,7호선,상행,13,10,30,6.0
seoul7-0737,남성,7호선,상행,14,10,30,6.0
seoul7-0737,남성,7호선,상행,15,10,30,6.0
seoul7-0737,남성,7호선,상행,16,10,32,5.6
seoul7-0737,남성,7호선,상행,17,12,40,4.5
seoul7-0737,남성,7호선,상행,18,18,42,4.3
seoul7-0737,남성,7호선,상행,19,12,40,4.5
seoul7-0737,남성,7호선,상행,20,10,30,6.0
seoul7-0737,남성,7호선,상행,21,8,26,6.9
seoul7-0737,남성,7호선,상행,22,8,21,8.6
seoul7-0737,남성,7호선,상행,23,5,18,10.0
seoul7-0737,남성,7호선,상행,24,5,10,18.0
seoul7-0737,남성,7호선,하행,17,8,23,7.8
seoul7-0737,남성,7호선,하행,18,15,35,5.1
seoul7-0737,남성,7호선,하행,19,12,38,4.7
seoul7-0737,남성,7호선,하행,20,11,32,5.6
seoul7-0737,남성,7호선,하행,21,9,27,6.7
seoul7-0737,남성,7호선,하행,22,7,22,8.2
seoul7-0737,남성,7호선,하행,23,6,17,10.6
seoul7-0737,남성,7호선,하행,24,4,10,18.0
seoul7-0738,숭실대입구(살피재),7호선,상행,5,2,10,18.0
seoul7-0738,숭실대입구(살피재),7호선,상행,6,8,22,8.2
seoul7-0738,숭실대입구(살피재),7호선,상행,7,12,36,5.0
seoul7-0738,숭실대입구(살피재),7호선,상행,8,16,41,4.4
seoul7-0738,숭실대입구(살피재),7호선,상행,9,13,40,4.5
seoul7-0738,숭실대입구(살피재),7호선,상행,10,11,34,5.3
seoul7-0738,숭실대입구(살피재),7호선,상행,11,10,31,5.8
seoul7-0738,숭실대입구(살피재),7호선,상행,12,10,30,6.0
seoul7-0738,숭실대입구(살피재),7호선,상행,13,10,30,6.0
seoul7-0738,숭실대입구(살피재),7호선,상행,14,10,30,6.0
seoul7-0738,숭실대입구(살피재),7호선,상행,15,10,30,6.0
seoul7-0738,숭실대입구(살피재),7호선,상행,16,10,31,5.8
seoul7-0738,숭실대입구(살피재),7호선,상행,17,11,40,4.5
seoul7-0738,숭실대입구(살피재),7호선,상행,18,19,42,4.3
seoul7-0738,숭실대입구(살피재),7호선,상행,19,12,41,4.4
seoul7-0738,숭실대입구(살피재),7호선,상행,20,10,30,6.0
seoul7-0738,숭실대입구(살피재),7호선,상행,21,8,26,6.9
seoul7-0738,숭실대입구(살피재),7호선,상행,22,8,21,8.6
seoul7-0738,숭실대입구(살피재),7호선,상행,23,5,17,10.6
seoul7-0738,숭실대입구(살피재),7호선,상행,24,4,9,20.0
seoul7-0738,숭실대입구(살피재),7호선,하행,17,7,23,7.8
seoul7-0738,숭실대입구(살피재),7호선,하행,18,16,35,5.1
seoul7-0738,숭실대입구(살피재),7호선,하행,19,12,39,4.6
seoul7-0738,숭실대입구(살피재),7호선,하행,20,11,32,5.6
seoul7-0738,숭실대입구(살피재),7호선,하행,21,9,27,6.7
seoul7-0738,숭실대입구(살피재),7호선,하행,22,7,22,8.2
seoul7-0738,숭실대입구(살피재),7호선,하행,23,6,17,10.6
seoul7-0738,숭실대입구(살피재),7호선,하행,24,4,10,18.0
seoul7-0739,상도,7호선,상행,5,2,10,18.0
seoul7-0739,상도,7호선,상행,6,8,22,8.2
seoul7-0739,상도,7호선,상행,7,12,36,5.0
seoul7-0739,상도,7호선,상행,8,16,42,4.3
seoul7-0739,상도,7호선,상행,9,14,40,4.5
seoul7-0739,상도,7호선,상행,10,10,34,5.3
seoul7-0739,상도,7호선,상행,11,10,30,6.0
seoul7-0739,상도,7호선,상행,12,10,30,6.0
seoul7-0739,상도,7호선,상행,13,10,30,6.0
seoul7-0739,상도,7호선,상행,14,10,30,6.0
seoul7-0739,상도,7호선,상행,15,10,30,6.0
seoul7-0739,상도,7호선,상행,16,10,32,5.6
seoul7-0739,상도,7호선,상행,17,12,40,4.5
seoul7-0739,상도,7호선,상행,18,18,42,4.3
seoul7-0739,상도,7호선,상행,19,12,40,4.5
seoul7-0739,상도,7호선,상행,20,10,30,6.0
seoul7-0739,상도,7호선,상행,21,8,26,6.9
seoul7-0739,상도,7호선,상행,22,8,21,8.6
seoul7-0739,상도,7호선,상행,23,5,17,10.6
seoul7-0739,상도,7호선,상행,24,4,9,20.0
seoul7-0739,상도,7호선,하행,17,7,22,8.2
seoul7-0739,상도,7호선,하행,18,15,35,5.1
seoul7-0739,상도,7호선,하행,19,13,38,4.7
seoul7-0739,상도,7호선,하행,20,10,33,5.5
seoul7-0739,상도,7호선,하행,21,10,27,6.7
seoul7-0739,상도,7호선,하행,22,7,23,7.8
seoul7-0739,상도,7호선,하행,23,6,17,10.6
seoul7-0739,상도,7호선,하행,24,4,10,18.0
seoul7-0740,장승배기,7호선,상행,5,2,10,18.0
seoul7-0740,장승배기,7호선,상행,6,8,22,8.2
seoul7-0740,장승배기,7호선,상행,7,12,37,4.9
seoul7-0740,장승배기,7호선,상행,8,17,42,4.3
seoul7-0740,장승배기,7호선,상행,9,13,40,4.5
seoul7-0740,장승배기,7호선,상행,10,10,33,5.5
seoul7-0740,장승배기,7호선,상행,11,10,30,6.0
seoul7-0740,장승배기,7호선,상행,12,10,30,6.0
seoul7-0740,장승배기,7호선,상행,13,10,30,6.0
seoul7-0740,장승배기,7호선,상행,14,10,30,6.0
seoul7-0740,장승배기,7호선,상행,15,10,30,6.0
seoul7-0740,장승배기,7호선,상행,16,10,32,5.6
seoul7-0740,장승배기,7호선,상행,17,12,41,4.4
seoul7-0740,장승배기,7호선,상행,18,19,43,4.2
seoul7-0740,장승배기,7호선,상행,19,12,40,4.5
seoul7-0740,장승배기,7호선,상행,20,9,29,6.2
seoul7-0740,장승배기,7호선,상행,21,8,25,7.2
seoul7-0740,장승배기,7호선,상행,22,8,21,8.6
seoul7-0740,장승배기,7호선,상행,23,5,17,10.6
seoul7-0740,장승배기,7호선,상행,24,4,9,20.0
seoul7-0740,장승배기,7호선,하행,17,7,22,8.2
seoul7-0740,장승배기,7호선,하행,18,15,34,5.3
seoul7-0740,장승배기,7호선,하행,19,12,38,4.7
seoul7-0740,장승배기,7호선,하행,20,11,32,5.6
seoul7-0740,장승배기,7호선,하행,21,9,28,6.4
seoul7-0740,장승배기,7호선,하행,22,8,23,7.8
seoul7-0740,장승배기,7호선,하행,23,6,18,10.0
seoul7-0740,장승배기,7호선,하행,24,4,10,18.0
seoul7-0741,신대방삼거리,7호선,상행,5,3,11,16.4
seoul7-0741,신대방삼거리,7호선,상행,6,8,23,7.8
seoul7-0741,신대방삼거리,7호선,상행,7,12,36,5.0
seoul7-0741,신대방삼거리,7호선,상행,8,16,41,4.4
seoul7-0741,신대방삼거리,7호선,상행,9,13,40,4.5
seoul7-0741,신대방삼거리,7호선,상행,10,11,34,5.3
seoul7-0741,신대방삼거리,7호선,상행,11,10,31,5.8
seoul7-0741,신대방삼거리,7호선,상행,12,10,30,6.0
seoul7-0741,신대방삼거리,7호선,상행,13,10,30,6.0
seoul7-0741,신대방삼거리,7호선,상행,14,10,30,6.0
seoul7-0741,신대방삼거리,7호선,상행,15,10,30,6.0
seoul7-0741,신대방삼거리,7호선,상행,16,10,32,5.6
seoul7-0741,신대방삼거리,7호선,상행,17,12,40,4.5
seoul7-0741,신대방삼거리,7호선,상행,18,18,42,4.3
seoul7-0741,신대방삼거리,7호선,상행,19,12,39,4.6
seoul7-0741,신대방삼거리,7호선,상행,20,9,30,6.0
seoul7-0741,신대방삼거리,7호선,상행,21,9,26,6.9
seoul7-0741,신대방삼거리,7호선,상행,22,8,21,8.6
seoul7-0741,신대방삼거리,7호선,상행,23,4,16,11.2
seoul7-0741,신대방삼거리,7호선,상행,24,4,8,22.5
seoul7-0741,신대방삼거리,7호선,하행,17,6,21,8.6
seoul7-0741,신대방삼거리,7호선,하행,18,15,34,5.3
seoul7-0741,신대방삼거리,7호선,하행,19,13,39,4.6
seoul7-0741,신대방삼거리,7호선,하행,20,11,33,5.5
seoul7-0741,신대방삼거리,7호선,하행,21,9,27,6.7
seoul7-0741,신대방삼거리,7호선,하행,22,7,22,8.2
seoul7-0741,신대방삼거리,7호선,하행,23,6,18,10.0
seoul7-0741,신대방삼거리,7호선,하행,24,5,11,16.4
seoul7-0742,보라매,7호선,상행,5,3,11,16.4
seoul7-0742,보라매,7호선,상행,6,8,23,7.8
seoul7-0742,보라매,7호선,상행,7,12,37,4.9
seoul7-0742,보라매,7호선,상행,8,17,42,4.3
seoul7-0742,보라매,7호선,상행,9,13,40,4.5
seoul7-0742,보라매,7호선,상행,10,10,33,5.5
seoul7-0742,보라매,7호선,상행,11,10,30,6.0
seoul7-0742,보라매,7호선,상행,12,10,30,6.0
seoul7-0742,보라매,7호선,상행,13,10,30,6.0
seoul7-0742,보라매,7호선,상행,14,10,30,6.0
seoul7-0742,보라매,7호선,상행,15,10,30,6.0
seoul7-0742,보라매,7호선,상행,16,10,32,5.6
seoul7-0742,보라매,7호선,상행,17,12,41,4.4
seoul7-0742,보라매,7호선,상행,18,19,42,4.3
seoul7-0742,보라매,7호선,상행,19,11,40,4.5
seoul7-0742,보라매,7호선,상행,20,10,29,6.2
seoul7-0742,보라매,7호선,상행,21,8,26,6.9
seoul7-0742,보라매,7호선,상행,22,8,20,9.0
seoul7-0742,보라매,7호선,상행,23,4,16,11.2
seoul7-0742,보라매,7호선,상행,24,4,8,22.5
seoul7-0742,보라매,7호선,하행,17,6,21,8.6
seoul7-0742,보라매,7호선,하행,18,15,33,5.5
seoul7-0742,보라매,7호선,하행,19,12,38,4.7
seoul7-0742,보라매,7호선,하행,20,11,33,5.5
seoul7-0742,보라매,7호선,하행,21,10,28,6.4
seoul7-0742,보라매,7호선,하행,22,7,23,7.8
seoul7-0742,보라매,7호선,하행,23,6,18,10.0
seoul7-0742,보라매,7호선,하행,24,5,11,16.4
seoul7-0743,신풍,7호선,상행,5,3,11,16.4
seoul7-0743,신풍,7호선,상행,6,8,24,7.5
seoul7-0743,신풍,7호선,상행,7,13,37,4.9
seoul7-0743,신풍,7호선,상행,8,16,42,4.3
seoul7-0743,신풍,7호선,상행,9,13,39,4.6
seoul7-0743,신풍,7호선,상행,10,10,33,5.5
seoul7-0743,신풍,7호선,상행,11,10,30,6.0
seoul7-0743,신풍,7호선,상행,12,10,30,6.0
seoul7-0743,신풍,7호선,상행,13,10,30,6.0
seoul7-0743,신풍,7호선,상행,14,10,30,6.0
seoul7-0743,신풍,7호선,상행,15,10,30,6.0
seoul7-0743,신풍,7호선,상행,16,10,33,5.5
seoul7-0743,신풍,7호선,상행,17,13,41,4.4
seoul7-0743,신풍,7호선,상행,18,18,43,4.2
seoul7-0743,신풍,7호선,상행,19,12,39,4.6
seoul7-0743,신풍,7호선,상행,20,9,29,6.2
seoul7-0743,신풍,7호선,상행,21,8,25,7.2
seoul7-0743,신풍,7호선,상행,22,8,21,8.6
seoul7-0743,신풍,7호선,상행,23,5,16,11.2
seoul7-0743,신풍,7호선,상행,24,3,8,22.5
seoul7-0743,신풍,7호선,하행,17,5,20,9.0
seoul7-0743,신풍,7호선,하행,18,15,33,5.5
seoul7-0743,신풍,7호선,하행,19,13,39,4.6
seoul7-0743,신풍,7호선,하행,20,11,34,5.3
seoul7-0743,신풍,7호선,하행,21,10,28,6.4
seoul7-0743,신풍,7호선,하행,22,7,23,7.8
seoul7-0743,신풍,7호선,하행,23,6,17,10.6
seoul7-0743,신풍,7호선,하행,24,4,10,18.0
seoul7-0744,대림(구로구청),7호선,상행,5,2,11,16.4
seoul7-0744,대림(구로구청),7호선,상행,6,9,24,7.5
seoul7-0744,대림(구로구청),7호선,상행,7,13,38,4.7
seoul7-0744,대림(구로구청),7호선,상행,8,16,42,4.3
seoul7-0744,대림(구로구청),7호선,상행,9,13,39,4.6
seoul7-0744,대림(구로구청),7호선,상행,10,10,33,5.5
seoul7-0744,대림(구로구청),7호선,상행,11,10,30,6.0
seoul7-0744,대림(구로구청),7호선,상행,12,10,30,6.0
seoul7-0744,대림(구로구청),7호선,상행,13,10,30,6.0
seoul7-0744,대림(구로구청),7호선,상행,14,10,30,6.0
seoul7-0744,대림(구로구청),7호선,상행,15,10,30,6.0
seoul7-0744,대림(구로구청),7호선,상행,16,10,33,5.5
seoul7-0744,대림(구로구청),7호선,상행,17,13,40,4.5
seoul7-0744,대림(구로구청),7호선,상행,18,17,42,4.3
seoul7-0744,대림(구로구청),7호선,상행,19,12,38,4.7
seoul7-0744,대림(구로구청),7호선,상행,20,9,29,6.2
seoul7-0744,대림(구로구청),7호선,상행,21,8,25,7.2
seoul7-0744,대림(구로구청),7호선,상행,22,8,21,8.6
seoul7-0744,대림(구로구청),7호선,상행,23,5,16,11.2
seoul7-0744,대림(구로구청),7호선,상행,24,3,8,22.5
seoul7-0744,대림(구로구청),7호선,하행,17,5,19,9.5
seoul7-0744,대림(구로구청),7호선,하행,18,14,32,5.6
seoul7-0744,대림(구로구청),7호선,하행,19,13,39,4.6
seoul7-0744,대림(구로구청),7호선,하행,20,12,34,5.3
seoul7-0744,대림(구로구청),7호선,하행,21,9,29,6.2
seoul7-0744,대림(구로구청),7호선,하행,22,8,23,7.8
seoul7-0744,대림(구로구청),7호선,하행,23,6,18,10.0
seoul7-0744,대림(구로구청),7호선,하행,24,4,10,18.0
seoul7-0745,남구로,7호선,상행,5,2,11,16.4
seoul7-0745,남구로,7호선,상행,6,9,24,7.5
seoul7-0745,남구로,7호선,상행,7,13,39,4.6
seoul7-0745,남구로,7호선,상행,8,17,42,4.3
seoul7-0745,남구로,7호선,상행,9,12,39,4.6
seoul7-0745,남구로,7호선,상행,10,10,32,5.6
seoul7-0745,남구로,7호선,상행,11,10,30,6.0
seoul7-0745,남구로,7호선,상행,12,10,30,6.0
seoul7-0745,남구로,7호선,상행,13,10,30,6.0
seoul7-0745,남구로,7호선,상행,14,10,30,6.0
seoul7-0745,남구로,7호선,상행,15,10,30,6.0
seoul7-0745,남구로,7호선,상행,16,10,33,5.5
seoul7-0745,남구로,7호선,상행,17,13,41,4.4
seoul7-0745,남구로,7호선,상행,18,18,43,4.2
seoul7-0745,남구로,7호선,상행,19,12,39,4.6
seoul7-0745,남구로,7호선,상행,20,9,29,6.2
seoul7-0745,남구로,7호선,상행,21,8,24,7.5
seoul7-0745,남구로,7호선,상행,22,7,20,9.0
seoul7-0745,남구로,7호선,상행,23,5,15,12.0
seoul7-0745,남구로,7호선,상행,24,3,8,22.5
seoul7-0745,남구로,7호선,하행,17,4,19,9.5
seoul7-0745,남구로,7호선,하행,18,15,32,5.6
seoul7-0745,남구로,7호선,하행,19,13,39,4.6
seoul7-0745,남구로,7호선,하행,20,11,34,5.3
seoul7-0745,남구로,7호선,하행,21,10,28,6.4
seoul7-0745,남구로,7호선,하행,22,7,24,7.5
seoul7-0745,남구로,7호선,하행,23,7,18,10.0
seoul7-0745,남구로,7호선,하행,24,4,11,16.4
seoul7-0746,가산디지털단지,7호선,상행,5,2,12,15.0
seoul7-0746,가산디지털단지,7호선,상행,6,10,25,7.2
seoul7-0746,가산디지털단지,7호선,상행,7,13,39,4.6
seoul7-0746,가산디지털단지,7호선,상행,8,16,41,4.4
seoul7-0746,가산디지털단지,7호선,상행,9,12,38,4.7
seoul7-0746,가산디지털단지,7호선,상행,10,10,32,5.6
seoul7-0746,가산디지털단지,7호선,상행,11,10,30,6.0
seoul7-0746,가산디지털단지,7호선,상행,12,10,30,6.0
seoul7-0746,가산디지털단지,7호선,상행,13,10,30,6.0
seoul7-0746,가산디지털단지,7호선,상행,14,10,30,6.0
seoul7-0746,가산디지털단지,7호선,상행,15,10,30,6.0
seoul7-0746,가산디지털단지,7호선,상행,16,10,34,5.3
seoul7-0746,가산디지털단지,7호선,상행,17,14,41,4.4
seoul7-0746,가산디지털단지,7호선,상행,18,17,43,4.2
seoul7-0746,가산디지털단지,7호선,상행,19,12,38,4.7
seoul7-0746,가산디지털단지,7호선,상행,20,9,29,6.2
seoul7-0746,가산디지털단지,7호선,상행,21,8,24,7.5
seoul7-0746,가산디지털단지,7호선,상행,22,7,20,9.0
seoul7-0746,가산디지털단지,7호선,상행,23,5,15,12.0
seoul7-0746,가산디지털단지,7호선,상행,24,3,8,22.5
seoul7-0746,가산디지털단지,7호선,하행,17,4,18,10.0
seoul7-0746,가산디지털단지,7호선,하행,18,14,32,5.6
seoul7-0746,가산디지털단지,7호선,하행,19,14,39,4.6
seoul7-0746,가산디지털단지,7호선,하행,20,11,35,5.1
seoul7-0746,가산디지털단지,7호선,하행,21,10,28,6.4
seoul7-0746,가산디지털단지,7호선,하행,22,7,23,7.8
seoul7-0746,가산디지털단지,7호선,하행,23,6,18,10.0
seoul7-0746,가산디지털단지,7호선,하행,24,5,11,16.4
seoul7-0747,철산,7호선,상행,5,3,12,15.0
seoul7-0747,철산,7호선,상행,6,9,25,7.2
seoul7-0747,철산,7호선,상행,7,13,39,4.6
seoul7-0747,철산,7호선,상행,8,17,42,4.3
seoul7-0747,철산,7호선,상행,9,12,39,4.6
seoul7-0747,철산,7호선,상행,10,10,32,5.6
seoul7-0747,철산,7호선,상행,11,10,30,6.0
seoul7-0747,철산,7호선,상행,12,10,30,6.0
seoul7-0747,철산,7호선,상행,13,10,30,6.0
seoul7-0747,철산,7호선,상행,14,10,30,6.0
seoul7-0747,철산,7호선,상행,15,10,30,6.0
seoul7-0747,철산,7호선,상행,16,10,34,5.3
seoul7-0747,철산,7호선,상행,17,14,41,4.4
seoul7-0747,철산,7호선,상행,18,17,42,4.3
seoul7-0747,철산,7호선,상행,19,11,37,4.9
seoul7-0747,철산,7호선,상행,20,9,28,6.4
seoul7-0747,철산,7호선,상행,21,8,25,7.2
seoul7-0747,철산,7호선,상행,22,8,21,8.6
seoul7-0747,철산,7호선,상행,23,5,15,12.0
seoul7-0747,철산,7호선,상행,24,2,7,25.7
seoul7-0747,철산,7호선,하행,17,3,17,10.6
seoul7-0747,철산,7호선,하행,18,14,31,5.8
seoul7-0747,철산,7호선,하행,19,14,40,4.5
seoul7-0747,철산,7호선,하행,20,12,35,5.1
seoul7-0747,철산,7호선,하행,21,9,29,6.2
seoul7-0747,철산,7호선,하행,22,8,23,7.8
seoul7-0747,철산,7호선,하행,23,6,19,9.5
seoul7-0747,철산,7호선,하행,24,5,11,16.4
seoul7-0748,광명사거리,7호선,상행,5,3,12,15.0
seoul7-0748,광명사거리,7호선,상행,6,9,26,6.9
seoul7-0748,광명사거리,7호선,상행,7,14,39,4.6
seoul7-0748,광명사거리,7호선,상행,8,16,42,4.3
seoul7-0748,광명사거리,7호선,상행,9,12,38,4.7
seoul7-0748,광명사거리,7호선,상행,10,10,32,5.6
seoul7-0748,광명사거리,7호선,상행,11,10,30,6.0
seoul7-0748,광명사거리,7호선,상행,12,10,30,6.0
seoul7-0748,광명사거리,7호선,상행,13,10,30,6.0
seoul7-0748,광명사거리,7호선,상행,14,10,30,6.0
seoul7-0748,광명사거리,7호선,상행,15,10,30,6.0
seoul7-0748,광명사거리,7호선,상행,16,10,35,5.1
seoul7-0748,광명사거리,7호선,상행,17,15,41,4.4
seoul7-0748,광명사거리,7호선,상행,18,16,43,4.2
seoul7-0748,광명사거리,7호선,상행,19,12,36,5.0
seoul7-0748,광명사거리,7호선,상행,20,8,29,6.2
seoul7-0748,광명사거리,7호선,상행,21,9,24,7.5
seoul7-0748,광명사거리,7호선,상행,22,7,21,8.6
seoul7-0748,광명사거리,7호선,상행,23,5,14,12.9
seoul7-0748,광명사거리,7호선,상행,24,2,7,25.7
seoul7-0748,광명사거리,7호선,하행,17,3,16,11.2
seoul7-0748,광명사거리,7호선,하행,18,13,31,5.8
seoul7-0748,광명사거리,7호선,하행,19,15,39,4.6
seoul7-0748,광명사거리,7호선,하행,20,11,36,5.0
seoul7-0748,광명사거리,7호선,하행,21,10,29,6.2
seoul7-0748,광명사거리,7호선,하행,22,8,24,7.5
seoul7-0748,광명사거리,7호선,하행,23,6,19,9.5
seoul7-0748,광명사거리,7호선,하행,24,5,11,16.4
seoul7-0749,천왕,7호선,상행,5,3,13,13.8
seoul7-0749,천왕,7호선,상행,6,10,27,6.7
seoul7-0749,천왕,7호선,상행,7,14,40,4.5
seoul7-0749,천왕,7호선,상행,8,16,42,4.3
seoul7-0749,천왕,7호선,상행,9,12,38,4.7
seoul7-0749,천왕,7호선,상행,10,10,32,5.6
seoul7-0749,천왕,7호선,상행,11,10,30,6.0
seoul7-0749,천왕,7호선,상행,12,10,30,6.0
seoul7-0749,천왕,7호선,상행,13,10,30,6.0
seoul7-0749,천왕,7호선,상행,14,10,30,6.0
seoul7-0749,천왕,7호선,상행,15,10,30,6.0
seoul7-0749,천왕,7호선,상행,16,10,34,5.3
seoul7-0749,천왕,7호선,상행,17,14,41,4.4
seoul7-0749,천왕,7호선,상행,18,17,42,4.3
seoul7-0749,천왕,7호선,상행,19,11,37,4.9
seoul7-0749,천왕,7호선,상행,20,9,28,6.4
seoul7-0749,천왕,7호선,상행,21,8,24,7.5
seoul7-0749,천왕,7호선,상행,22,7,20,9.0
seoul7-0749,천왕,7호선,상행,23,5,14,12.9
seoul7-0749,천왕,7호선,상행,24,2,7,25.7
seoul7-0749,천왕,7호선,하행,17,3,16,11.2
seoul7-0749,천왕,7호선,하행,18,13,30,6.0
seoul7-0749,천왕,7호선,하행,19,14,39,4.6
seoul7-0749,천왕,7호선,하행,20,12,36,5.0
seoul7-0749,천왕,7호선,하행,21,10,30,6.0
seoul7-0749,천왕,7호선,하행,22,8,24,7.5
seoul7-0749,천왕,7호선,하행,23,6,19,9.5
seoul7-0749,천왕,7호선,하행,24,5,11,16.4
seoul7-0750,온수(성공회대입구),7호선,상행,5,4,13,13.8
seoul7-0750,온수(성공회대입구),7호선,상행,6,9,27,6.7
seoul7-0750,온수(성공회대입구),7호선,상행,7,14,40,4.5
seoul7-0750,온수(성공회대입구),7호선,상행,8,17,42,4.3
seoul7-0750,온수(성공회대입구),7호선,상행,9,11,38,4.7
seoul7-0750,온수(성공회대입구),7호선,상행,10,10,31,5.8
seoul7-0750,온수(성공회대입구),7호선,상행,11,10,30,6.0
seoul7-0750,온수(성공회대입구),7호선,상행,12,10,30,6.0
seoul7-0750,온수(성공회대입구),7호선,상행,13,10,30,6.0
seoul7-0750,온수(성공회대입구),7호선,상행,14,10,30,6.0
seoul7-0750,온수(성공회대입구),7호선,상행,15,10,30,6.0
seoul7-0750,온수(성공회대입구),7호선,상행,16,10,35,5.1
seoul7-0750,온수(성공회대입구),7호선,상행,17,15,41,4.4
seoul7-0750,온수(성공회대입구),7호선,상행,18,16,42,4.3
seoul7-0750,온수(성공회대입구),7호선,상행,19,11,36,5.0
seoul7-0750,온수(성공회대입구),7호선,상행,20,9,28,6.4
seoul7-0750,온수(성공회대입구),7호선,상행,21,8,24,7.5
seoul7-0750,온수(성공회대입구),7호선,상행,22,7,20,9.0
seoul7-0750,온수(성공회대입구),7호선,상행,23,5,14,12.9
seoul7-0750,온수(성공회대입구),7호선,상행,24,2,7,25.7
seoul7-0750,온수(성공회대입구),7호선,하행,17,2,15,12.0
seoul7-0750,온수(성공회대입구),7호선,하행,18,13,23,7.8
seoul7-0750,온수(성공회대입구),7호선,하행,19,8,26,6.9
seoul7-0750,온수(성공회대입구),7호선,하행,20,5,18,10.0
seoul7-0750,온수(성공회대입구),7호선,하행,21,5,14,12.9
seoul7-0750,온수(성공회대입구),7호선,하행,22,4,12,15.0
seoul7-0750,온수(성공회대입구),7호선,하행,23,3,10,18.0
seoul7-0750,온수(성공회대입구),7호선,하행,24,3,6,30.0
metro8-804,별내역,8호선,하행,5,3,11,16.4
metro8-804,별내역,8호선,하행,6,8,23,7.8
metro8-804,별내역,8호선,하행,7,12,32,5.6
metro8-804,별내역,8호선,하행,8,12,34,5.3
metro8-804,별내역,8호선,하행,9,10,30,6.0
metro8-804,별내역,8호선,하행,10,8,26,6.9
metro8-804,별내역,8호선,하행,11,8,23,7.8
metro8-804,별내역,8호선,하행,12,7,23,7.8
metro8-804,별내역,8호선,하행,13,8,22,8.2
metro8-804,별내역,8호선,하행,14,7,23,7.8
metro8-804,별내역,8호선,하행,15,8,22,8.2
metro8-804,별내역,8호선,하행,16,7,25,7.2
metro8-804,별내역,8호선,하행,17,10,29,6.2
metro8-804,별내역,8호선,하행,18,12,33,5.5
metro8-804,별내역,8호선,하행,19,11,32,5.6
metro8-804,별내역,8호선,하행,20,9,27,6.7
metro8-804,별내역,8호선,하행,21,7,21,8.6
metro8-804,별내역,8호선,하행,22,5,16,11.2
metro8-804,별내역,8호선,하행,23,4,12,15.0
metro8-804,별내역,8호선,하행,24,3,7,25.7
metro8-805,다산역,8호선,상행,5,2,11,16.4
metro8-805,다산역,8호선,상행,6,9,24,7.5
metro8-805,다산역,8호선,상행,7,13,33,5.5
metro8-805,다산역,8호선,상행,8,11,34,5.3
metro8-805,다산역,8호선,상행,9,10,29,6.2
metro8-805,다산역,8호선,상행,10,8,25,7.2
metro8-805,다산역,8호선,상행,11,7,23,7.8
metro8-805,다산역,8호선,상행,12,8,22,8.2
metro8-805,다산역,8호선,상행,13,7,23,7.8
metro8-805,다산역,8호선,상행,14,8,22,8.2
metro8-805,다산역,8호선,상행,15,7,23,7.8
metro8-805,다산역,8호선,상행,16,8,25,7.2
metro8-805,다산역,8호선,상행,17,10,30,6.0
metro8-805,다산역,8호선,상행,18,12,32,5.6
metro8-805,다산역,8호선,상행,19,10,31,5.8
metro8-805,다산역,8호선,상행,20,9,26,6.9
metro8-805,다산역,8호선,상행,21,7,22,8.2
metro8-805,다산역,8호선,상행,22,6,17,10.6
metro8-805,다산역,8호선,상행,23,4,14,12.9
metro8-805,다산역,8호선,상행,24,4,8,22.5
metro8-805,다산역,8호선,하행,5,3,10,18.0
metro8-805,다산역,8호선,하행,6,7,22,8.2
metro8-805,다산역,8호선,하행,7,12,31,5.8
metro8-805,다산역,8호선,하행,8,12,34,5.3
metro8-805,다산역,8호선,하행,9,10,31,5.8
metro8-805,다산역,8호선,하행,10,9,26,6.9
metro8-805,다산역,8호선,하행,11,7,24,7.5
metro8-805,다산역,8호선,하행,12,8,22,8.2
metro8-805,다산역,8호선,하행,13,7,23,7.8
metro8-805,다산역,8호선,하행,14,8,22,8.2
metro8-805,다산역,8호선,하행,15,7,23,7.8
metro8-805,다산역,8호선,하행,16,8,24,7.5
metro8-805,다산역,8호선,하행,17,9,29,6.2
metro8-805,다산역,8호선,하행,18,12,32,5.6
metro8-805,다산역,8호선,하행,19,11,33,5.5
metro8-805,다산역,8호선,하행,20,10,28,6.4
metro8-805,다산역,8호선,하행,21,7,22,8.2
metro8-805,다산역,8호선,하행,22,5,16,11.2
metro8-805,다산역,8호선,하행,23,4,12,15.0
metro8-805,다산역,8호선,하행,24,3,7,25.7
seoul8-0809,암사역사공원,8호선,상행,5,3,13,13.8
seoul8-0809,암사역사공원,8호선,상행,6,10,26,6.9
seoul8-0809,암사역사공원,8호선,상행,7,13,34,5.3
seoul8-0809,암사역사공원,8호선,상행,8,11,33,5.5
seoul8-0809,암사역사공원,8호선,상행,9,9,28,6.4
seoul8-0809,암사역사공원,8호선,상행,10,8,25,7.2
seoul8-0809,암사역사공원,8호선,상행,11,8,23,7.8
seoul8-0809,암사역사공원,8호선,상행,12,7,23,7.8
seoul8-0809,암사역사공원,8호선,상행,13,8,22,8.2
seoul8-0809,암사역사공원,8호선,상행,14,7,23,7.8
seoul8-0809,암사역사공원,8호선,상행,15,8,22,8.2
seoul8-0809,암사역사공원,8호선,상행,16,7,26,6.9
seoul8-0809,암사역사공원,8호선,상행,17,11,30,6.0
seoul8-0809,암사역사공원,8호선,상행,18,12,33,5.5
seoul8-0809,암사역사공원,8호선,상행,19,10,31,5.8
seoul8-0809,암사역사공원,8호선,상행,20,9,25,7.2
seoul8-0809,암사역사공원,8호선,상행,21,6,21,8.6
seoul8-0809,암사역사공원,8호선,상행,22,6,16,11.2
seoul8-0809,암사역사공원,8호선,상행,23,4,13,13.8
seoul8-0809,암사역사공원,8호선,상행,24,3,7,25.7
seoul8-0809,암사역사공원,8호선,하행,5,3,9,20.0
seoul8-0809,암사역사공원,8호선,하행,6,6,21,8.6
seoul8-0809,암사역사공원,8호선,하행,7,12,30,6.0
seoul8-0809,암사역사공원,8호선,하행,8,12,34,5.3
seoul8-0809,암사역사공원,8호선,하행,9,10,31,5.8
seoul8-0809,암사역사공원,8호선,하행,10,9,27,6.7
seoul8-0809,암사역사공원,8호선,하행,11,8,24,7.5
seoul8-0809,암사역사공원,8호선,하행,12,7,23,7.8
seoul8-0809,암사역사공원,8호선,하행,13,8,22,8.2
seoul8-0809,암사역사공원,8호선,하행,14,7,23,7.8
seoul8-0809,암사역사공원,8호선,하행,15,8,22,8.2
seoul8-0809,암사역사공원,8호선,하행,16,7,24,7.5
seoul8-0809,암사역사공원,8호선,하행,17,9,27,6.7
seoul8-0809,암사역사공원,8호선,하행,18,11,32,5.6
seoul8-0809,암사역사공원,8호선,하행,19,12,33,5.5
seoul8-0809,암사역사공원,8호선,하행,20,10,29,6.2
seoul8-0809,암사역사공원,8호선,하행,21,7,23,7.8
seoul8-0809,암사역사공원,8호선,하행,22,6,17,10.6
seoul8-0809,암사역사공원,8호선,하행,23,4,14,12.9
seoul8-0809,암사역사공원,8호선,하행,24,4,8,22.5
seoul8-0810,암사,8호선,상행,5,3,14,12.9
seoul8-0810,암사,8호선,상행,6,11,26,6.9
seoul8-0810,암사,8호선,상행,7,12,34,5.3
seoul8-0810,암사,8호선,상행,8,11,33,5.5
seoul8-0810,암사,8호선,상행,9,10,28,6.4
seoul8-0810,암사,8호선,상행,10,7,25,7.2
seoul8-0810,암사,8호선,상행,11,8,22,8.2
seoul8-0810,암사,8호선,상행,12,7,23,7.8
seoul8-0810,암사,8호선,상행,13,8,22,8.2
seoul8-0810,암사,8호선,상행,14,7,23,7.8
seoul8-0810,암사,8호선,상행,15,8,23,7.8
seoul8-0810,암사,8호선,상행,16,8,26,6.9
seoul8-0810,암사,8호선,상행,17,10,30,6.0
seoul8-0810,암사,8호선,상행,18,12,33,5.5
seoul8-0810,암사,8호선,상행,19,11,31,5.8
seoul8-0810,암사,8호선,상행,20,8,26,6.9
seoul8-0810,암사,8호선,상행,21,7,20,9.0
seoul8-0810,암사,8호선,상행,22,5,16,11.2
seoul8-0810,암사,8호선,상행,23,4,12,15.0
seoul8-0810,암사,8호선,상행,24,3,7,25.7
seoul8-0810,암사,8호선,하행,5,3,9,20.0
seoul8-0810,암사,8호선,하행,6,6,21,8.6
seoul8-0810,암사,8호선,하행,7,12,31,5.8
seoul8-0810,암사,8호선,하행,8,13,35,5.1
seoul8-0810,암사,8호선,하행,9,10,32,5.6
seoul8-0810,암사,8호선,하행,10,9,26,6.9
seoul8-0810,암사,8호선,하행,11,7,24,7.5
seoul8-0810,암사,8호선,하행,12,8,22,8.2
seoul8-0810,암사,8호선,하행,13,7,23,7.8
seoul8-0810,암사,8호선,하행,14,8,22,8.2
seoul8-0810,암사,8호선,하행,15,7,23,7.8
seoul8-0810,암사,8호선,하행,16,8,24,7.5
seoul8-0810,암사,8호선,하행,17,9,28,6.4
seoul8-0810,암사,8호선,하행,18,11,32,5.6
seoul8-0810,암사,8호선,하행,19,12,32,5.6
seoul8-0810,암사,8호선,하행,20,9,29,6.2
seoul8-0810,암사,8호선,하행,21,8,23,7.8
seoul8-0810,암사,8호선,하행,22,6,18,10.0
seoul8-0810,암사,8호선,하행,23,4,13,13.8
seoul8-0810,암사,8호선,하행,24,3,7,25.7
seoul8-0811,천호(풍납토성),8호선,상행,5,2,13,13.8
seoul8-0811,천호(풍납토성),8호선,상행,6,11,26,6.9
seoul8-0811,천호(풍납토성),8호선,상행,7,13,35,5.1
seoul8-0811,천호(풍납토성),8호선,상행,8,11,33,5.5
seoul8-0811,천호(풍납토성),8호선,상행,9,9,28,6.4
seoul8-0811,천호(풍납토성),8호선,상행,10,8,24,7.5
seoul8-0811,천호(풍납토성),8호선,상행,11,7,23,7.8
seoul8-0811,천호(풍납토성),8호선,상행,12,8,22,8.2
seoul8-0811,천호(풍납토성),8호선,상행,13,7,23,7.8
seoul8-0811,천호(풍납토성),8호선,상행,14,8,22,8.2
seoul8-0811,천호(풍납토성),8호선,상행,15,7,23,7.8
seoul8-0811,천호(풍납토성),8호선,상행,16,8,26,6.9
seoul8-0811,천호(풍납토성),8호선,상행,17,11,31,5.8
seoul8-0811,천호(풍납토성),8호선,상행,18,12,33,5.5
seoul8-0811,천호(풍납토성),8호선,상행,19,10,30,6.0
seoul8-0811,천호(풍납토성),8호선,상행,20,8,25,7.2
seoul8-0811,천호(풍납토성),8호선,상행,21,7,20,9.0
seoul8-0811,천호(풍납토성),8호선,상행,22,5,16,11.2
seoul8-0811,천호(풍납토성),8호선,상행,23,4,13,13.8
seoul8-0811,천호(풍납토성),8호선,상행,24,4,8,22.5
seoul8-0811,천호(풍납토성),8호선,하행,5,3,9,20.0
seoul8-0811,천호(풍납토성),8호선,하행,6,6,20,9.0
seoul8-0811,천호(풍납토성),8호선,하행,7,11,30,6.0
seoul8-0811,천호(풍납토성),8호선,하행,8,13,34,5.3
seoul8-0811,천호(풍납토성),8호선,하행,9,10,32,5.6
seoul8-0811,천호(풍납토성),8호선,하행,10,9,27,6.7
seoul8-0811,천호(풍납토성),8호선,하행,11,8,25,7.2
seoul8-0811,천호(풍납토성),8호선,하행,12,8,23,7.8
seoul8-0811,천호(풍납토성),8호선,하행,13,7,23,7.8
seoul8-0811,천호(풍납토성),8호선,하행,14,8,22,8.2
seoul8-0811,천호(풍납토성),8호선,하행,15,7,23,7.8
seoul8-0811,천호(풍납토성),8호선,하행,16,8,23,7.8
seoul8-0811,천호(풍납토성),8호선,하행,17,8,27,6.7
seoul8-0811,천호(풍납토성),8호선,하행,18,11,31,5.8
seoul8-0811,천호(풍납토성),8호선,하행,19,12,33,5.5
seoul8-0811,천호(풍납토성),8호선,하행,20,10,30,6.0
seoul8-0811,천호(풍납토성),8호선,하행,21,8,24,7.5
seoul8-0811,천호(풍납토성),8호선,하행,22,6,18,10.0
seoul8-0811,천호(풍납토성),8호선,하행,23,4,13,13.8
seoul8-0811,천호(풍납토성),8호선,하행,24,3,7,25.7
seoul8-0812,강동구청,8호선,상행,5,3,13,13.8
seoul8-0812,강동구청,8호선,상행,6,10,26,6.9
seoul8-0812,강동구청,8호선,상행,7,13,34,5.3
seoul8-0812,강동구청,8호선,상행,8,11,33,5.5
seoul8-0812,강동구청,8호선,상행,9,9,28,6.4
seoul8-0812,강동구청,8호선,상행,10,8,24,7.5
seoul8-0812,강동구청,8호선,상행,11,7,23,7.8
seoul8-0812,강동구청,8호선,상행,12,8,22,8.2
seoul8-0812,강동구청,8호선,상행,13,7,23,7.8
seoul8-0812,강동구청,8호선,상행,14,8,22,8.2
seoul8-0812,강동구청,8호선,상행,15,7,23,7.8
seoul8-0812,강동구청,8호선,상행,16,8,26,6.9
seoul8-0812,강동구청,8호선,상행,17,11,31,5.8
seoul8-0812,강동구청,8호선,상행,18,12,34,5.3
seoul8-0812,강동구청,8호선,상행,19,11,31,5.8
seoul8-0812,강동구청,8호선,상행,20,8,25,7.2
seoul8-0812,강동구청,8호선,상행,21,6,19,9.5
seoul8-0812,강동구청,8호선,상행,22,5,15,12.0
seoul8-0812,강동구청,8호선,상행,23,4,13,13.8
seoul8-0812,강동구청,8호선,상행,24,4,8,22.5
seoul8-0812,강동구청,8호선,하행,5,3,9,20.0
seoul8-0812,강동구청,8호선,하행,6,6,20,9.0
seoul8-0812,강동구청,8호선,하행,7,11,30,6.0
seoul8-0812,강동구청,8호선,하행,8,13,34,5.3
seoul8-0812,강동구청,8호선,하행,9,10,32,5.6
seoul8-0812,강동구청,8호선,하행,10,9,27,6.7
seoul8-0812,강동구청,8호선,하행,11,8,24,7.5
seoul8-0812,강동구청,8호선,하행,12,7,23,7.8
seoul8-0812,강동구청,8호선,하행,13,8,22,8.2
seoul8-0812,강동구청,8호선,하행,14,7,23,7.8
seoul8-0812,강동구청,8호선,하행,15,8,22,8.2
seoul8-0812,강동구청,8호선,하행,16,7,24,7.5
seoul8-0812,강동구청,8호선,하행,17,9,27,6.7
seoul8-0812,강동구청,8호선,하행,18,11,32,5.6
seoul8-0812,강동구청,8호선,하행,19,12,33,5.5
seoul8-0812,강동구청,8호선,하행,20,10,30,6.0
seoul8-0812,강동구청,8호선,하행,21,8,24,7.5
seoul8-0812,강동구청,8호선,하행,22,6,18,10.0
seoul8-0812,강동구청,8호선,하행,23,4,13,13.8
seoul8-0812,강동구청,8호선,하행,24,3,7,25.7
seoul8-0813,몽촌토성(평화의문),8호선,상행,5,3,14,12.9
seoul8-0813,몽촌토성(평화의문),8호선,상행,6,11,27,6.7
seoul8-0813,몽촌토성(평화의문),8호선,상행,7,13,35,5.1
seoul8-0813,몽촌토성(평화의문),8호선,상행,8,11,33,5.5
seoul8-0813,몽촌토성(평화의문),8호선,상행,9,9,27,6.7
seoul8-0813,몽촌토성(평화의문),8호선,상행,10,7,24,7.5
seoul8-0813,몽촌토성(평화의문),8호선,상행,11,8,22,8.2
seoul8-0813,몽촌토성(평화의문),8호선,상행,12,7,23,7.8
seoul8-0813,몽촌토성(평화의문),8호선,상행,13,8,22,8.2
seoul8-0813,몽촌토성(평화의문),8호선,상행,14,7,23,7.8
seoul8-0813,몽촌토성(평화의문),8호선,상행,15,8,23,7.8
seoul8-0813,몽촌토성(평화의문),8호선,상행,16,8,27,6.7
seoul8-0813,몽촌토성(평화의문),8호선,상행,17,11,31,5.8
seoul8-0813,몽촌토성(평화의문),8호선,상행,18,12,33,5.5
seoul8-0813,몽촌토성(평화의문),8호선,상행,19,10,30,6.0
seoul8-0813,몽촌토성(평화의문),8호선,상행,20,8,24,7.5
seoul8-0813,몽촌토성(평화의문),8호선,상행,21,6,19,9.5
seoul8-0813,몽촌토성(평화의문),8호선,상행,22,5,15,12.0
seoul8-0813,몽촌토성(평화의문),8호선,상행,23,4,13,13.8
seoul8-0813,몽촌토성(평화의문),8호선,상행,24,4,8,22.5
seoul8-0813,몽촌토성(평화의문),8호선,하행,5,3,8,22.5
seoul8-0813,몽촌토성(평화의문),8호선,하행,6,5,19,9.5
seoul8-0813,몽촌토성(평화의문),8호선,하행,7,11,29,6.2
seoul8-0813,몽촌토성(평화의문),8호선,하행,8,13,35,5.1
seoul8-0813,몽촌토성(평화의문),8호선,하행,9,11,33,5.5
seoul8-0813,몽촌토성(평화의문),8호선,하행,10,9,28,6.4
seoul8-0813,몽촌토성(평화의문),8호선,하행,11,8,24,7.5
seoul8-0813,몽촌토성(평화의문),8호선,하행,12,7,23,7.8
seoul8-0813,몽촌토성(평화의문),8호선,하행,13,8,22,8.2
seoul8-0813,몽촌토성(평화의문),8호선,하행,14,7,23,7.8
seoul8-0813,몽촌토성(평화의문),8호선,하행,15,8,22,8.2
seoul8-0813,몽촌토성(평화의문),8호선,하행,16,7,23,7.8
seoul8-0813,몽촌토성(평화의문),8호선,하행,17,8,26,6.9
seoul8-0813,몽촌토성(평화의문),8호선,하행,18,11,31,5.8
seoul8-0813,몽촌토성(평화의문),8호선,하행,19,12,33,5.5
seoul8-0813,몽촌토성(평화의문),8호선,하행,20,10,30,6.0
seoul8-0813,몽촌토성(평화의문),8호선,하행,21,8,24,7.5
seoul8-0813,몽촌토성(평화의문),8호선,하행,22,6,19,9.5
seoul8-0813,몽촌토성(평화의문),8호선,하행,23,5,14,12.9
seoul8-0813,몽촌토성(평화의문),8호선,하행,24,3,8,22.5
seoul8-0814,잠실(송파구청),8호선,상행,5,3,14,12.9
seoul8-0814,잠실(송파구청),8호선,상행,6,11,27,6.7
seoul8-0814,잠실(송파구청),8호선,상행,7,13,35,5.1
seoul8-0814,잠실(송파구청),8호선,상행,8,11,33,5.5
seoul8-0814,잠실(송파구청),8호선,상행,9,9,27,6.7
seoul8-0814,잠실(송파구청),8호선,상행,10,7,24,7.5
seoul8-0814,잠실(송파구청),8호선,상행,11,8,22,8.2
seoul8-0814,잠실(송파구청),8호선,상행,12,7,23,7.8
seoul8-0814,잠실(송파구청),8호선,상행,13,8,22,8.2
seoul8-0814,잠실(송파구청),8호선,상행,14,7,23,7.8
seoul8-0814,잠실(송파구청),8호선,상행,15,8,23,7.8
seoul8-0814,잠실(송파구청),8호선,상행,16,8,27,6.7
seoul8-0814,잠실(송파구청),8호선,상행,17,11,31,5.8
seoul8-0814,잠실(송파구청),8호선,상행,18,12,33,5.5
seoul8-0814,잠실(송파구청),8호선,상행,19,10,30,6.0
seoul8-0814,잠실(송파구청),8호선,상행,20,8,24,7.5
seoul8-0814,잠실(송파구청),8호선,상행,21,6,19,9.5
seoul8-0814,잠실(송파구청),8호선,상행,22,5,15,12.0
seoul8-0814,잠실(송파구청),8호선,상행,23,4,13,13.8
seoul8-0814,잠실(송파구청),8호선,상행,24,4,8,22.5
seoul8-0814,잠실(송파구청),8호선,하행,5,3,8,22.5
seoul8-0814,잠실(송파구청),8호선,하행,6,5,19,9.5
seoul8-0814,잠실(송파구청),8호선,하행,7,11,29,6.2
seoul8-0814,잠실(송파구청),8호선,하행,8,13,34,5.3
seoul8-0814,잠실(송파구청),8호선,하행,9,10,33,5.5
seoul8-0814,잠실(송파구청),8호선,하행,10,10,27,6.7
seoul8-0814,잠실(송파구청),8호선,하행,11,7,25,7.2
seoul8-0814,잠실(송파구청),8호선,하행,12,8,22,8.2
seoul8-0814,잠실(송파구청),8호선,하행,13,7,23,7.8
seoul8-0814,잠실(송파구청),8호선,하행,14,8,22,8.2
seoul8-0814,잠실(송파구청),8호선,하행,15,7,23,7.8
seoul8-0814,잠실(송파구청),8호선,하행,16,8,23,7.8
seoul8-0814,잠실(송파구청),8호선,하행,17,8,27,6.7
seoul8-0814,잠실(송파구청),8호선,하행,18,11,31,5.8
seoul8-0814,잠실(송파구청),8호선,하행,19,12,33,5.5
seoul8-0814,잠실(송파구청),8호선,하행,20,10,30,6.0
seoul8-0814,잠실(송파구청),8호선,하행,21,8,24,7.5
seoul8-0814,잠실(송파구청),8호선,하행,22,6,19,9.5
seoul8-0814,잠실(송파구청),8호선,하행,23,5,14,12.9
seoul8-0814,잠실(송파구청),8호선,하행,24,3,8,22.5
seoul8-0815,석촌,8호선,상행,5,3,14,12.9
seoul8-0815,석촌,8호선,상행,6,11,27,6.7
seoul8-0815,석촌,8호선,상행,7,13,34,5.3
seoul8-0815,석촌,8호선,상행,8,10,32,5.6
seoul8-0815,석촌,8호선,상행,9,9,27,6.7
seoul8-0815,석촌,8호선,상행,10,8,24,7.5
seoul8-0815,석촌,8호선,상행,11,7,23,7.8
seoul8-0815,석촌,8호선,상행,12,8,22,8.2
seoul8-0815,석촌,8호선,상행,13,7,23,7.8
seoul8-0815,석촌,8호선,상행,14,8,22,8.2
seoul8-0815,석촌,8호선,상행,15,7,24,7.5
seoul8-0815,석촌,8호선,상행,16,9,27,6.7
seoul8-0815,석촌,8호선,상행,17,11,32,5.6
seoul8-0815,석촌,8호선,상행,18,12,33,5.5
seoul8-0815,석촌,8호선,상행,19,10,29,6.2
seoul8-0815,석촌,8호선,상행,20,7,24,7.5
seoul8-0815,석촌,8호선,상행,21,7,19,9.5
seoul8-0815,석촌,8호선,상행,22,5,16,11.2
seoul8-0815,석촌,8호선,상행,23,4,13,13.8
seoul8-0815,석촌,8호선,상행,24,4,8,22.5
seoul8-0815,석촌,8호선,하행,5,2,8,22.5
seoul8-0815,석촌,8호선,하행,6,6,19,9.5
seoul8-0815,석촌,8호선,하행,7,11,29,6.2
seoul8-0815,석촌,8호선,하행,8,12,34,5.3
seoul8-0815,석촌,8호선,하행,9,11,32,5.6
seoul8-0815,석촌,8호선,하행,10,9,28,6.4
seoul8-0815,석촌,8호선,하행,11,8,25,7.2
seoul8-0815,석촌,8호선,하행,12,8,23,7.8
seoul8-0815,석촌,8호선,하행,13,7,23,7.8
seoul8-0815,석촌,8호선,하행,14,8,22,8.2
seoul8-0815,석촌,8호선,하행,15,7,22,8.2
seoul8-0815,석촌,8호선,하행,16,7,23,7.8
seoul8-0815,석촌,8호선,하행,17,9,26,6.9
seoul8-0815,석촌,8호선,하행,18,10,31,5.8
seoul8-0815,석촌,8호선,하행,19,12,33,5.5
seoul8-0815,석촌,8호선,하행,20,11,31,5.8
seoul8-0815,석촌,8호선,하행,21,8,25,7.2
seoul8-0815,석촌,8호선,하행,22,6,19,9.5
seoul8-0815,석촌,8호선,하행,23,5,14,12.9
seoul8-0815,석촌,8호선,하행,24,3,8,22.5
seoul8-0816,송파,8호선,상행,5,3,14,12.9
seoul8-0816,송파,8호선,상행,6,11,27,6.7
seoul8-0816,송파,8호선,상행,7,13,35,5.1
seoul8-0816,송파,8호선,상행,8,11,32,5.6
seoul8-0816,송파,8호선,상행,9,8,27,6.7
seoul8-0816,송파,8호선,상행,10,8,23,7.8
seoul8-0816,송파,8호선,상행,11,7,23,7.8
seoul8-0816,송파,8호선,상행,12,8,22,8.2
seoul8-0816,송파,8호선,상행,13,7,23,7.8
seoul8-0816,송파,8호선,상행,14,8,22,8.2
seoul8-0816,송파,8호선,상행,15,7,24,7.5
seoul8-0816,송파,8호선,상행,16,9,27,6.7
seoul8-0816,송파,8호선,상행,17,11,32,5.6
seoul8-0816,송파,8호선,상행,18,12,33,5.5
seoul8-0816,송파,8호선,상행,19,10,30,6.0
seoul8-0816,송파,8호선,상행,20,8,24,7.5
seoul8-0816,송파,8호선,상행,21,6,19,9.5
seoul8-0816,송파,8호선,상행,22,5,15,12.0
seoul8-0816,송파,8호선,상행,23,4,13,13.8
seoul8-0816,송파,8호선,상행,24,4,8,22.5
seoul8-0816,송파,8호선,하행,5,2,8,22.5
seoul8-0816,송파,8호선,하행,6,6,18,10.0
seoul8-0816,송파,8호선,하행,7,10,29,6.2
seoul8-0816,송파,8호선,하행,8,13,34,5.3
seoul8-0816,송파,8호선,하행,9,11,33,5.5
seoul8-0816,송파,8호선,하행,10,9,28,6.4
seoul8-0816,송파,8호선,하행,11,8,24,7.5
seoul8-0816,송파,8호선,하행,12,7,23,7.8
seoul8-0816,송파,8호선,하행,13,8,22,8.2
seoul8-0816,송파,8호선,하행,14,7,23,7.8
seoul8-0816,송파,8호선,하행,15,8,22,8.2
seoul8-0816,송파,8호선,하행,16,7,23,7.8
seoul8-0816,송파,8호선,하행,17,8,26,6.9
seoul8-0816,송파,8호선,하행,18,11,31,5.8
seoul8-0816,송파,8호선,하행,19,12,33,5.5
seoul8-0816,송파,8호선,하행,20,10,31,5.8
seoul8-0816,송파,8호선,하행,21,9,25,7.2
seoul8-0816,송파,8호선,하행,22,6,19,9.5
seoul8-0816,송파,8호선,하행,23,4,14,12.9
seoul8-0816,송파,8호선,하행,24,4,8,22.5
seoul8-0817,가락시장,8호선,상행,5,3,15,12.0
seoul8-0817,가락시장,8호선,상행,6,12,27,6.7
seoul8-0817,가락시장,8호선,상행,7,12,35,5.1
seoul8-0817,가락시장,8호선,상행,8,11,32,5.6
seoul8-0817,가락시장,8호선,상행,9,9,27,6.7
seoul8-0817,가락시장,8호선,상행,10,7,24,7.5
seoul8-0817,가락시장,8호선,상행,11,8,22,8.2
seoul8-0817,가락시장,8호선,상행,12,7,23,7.8
seoul8-0817,가락시장,8호선,상행,13,8,22,8.2
seoul8-0817,가락시장,8호선,상행,14,7,23,7.8
seoul8-0817,가락시장,8호선,상행,15,8,23,7.8
seoul8-0817,가락시장,8호선,상행,16,8,28,6.4
seoul8-0817,가락시장,8호선,상행,17,12,31,5.8
seoul8-0817,가락시장,8호선,상행,18,11,33,5.5
seoul8-0817,가락시장,8호선,상행,19,10,29,6.2
seoul8-0817,가락시장,8호선,상행,20,8,24,7.5
seoul8-0817,가락시장,8호선,상행,21,6,19,9.5
seoul8-0817,가락시장,8호선,상행,22,5,15,12.0
seoul8-0817,가락시장,8호선,상행,23,4,13,13.8
seoul8-0817,가락시장,8호선,상행,24,4,8,22.5
seoul8-0817,가락시장,8호선,하행,5,3,8,22.5
seoul8-0817,가락시장,8호선,하행,6,5,19,9.5
seoul8-0817,가락시장,8호선,하행,7,11,29,6.2
seoul8-0817,가락시장,8호선,하행,8,13,34,5.3
seoul8-0817,가락시장,8호선,하행,9,10,33,5.5
seoul8-0817,가락시장,8호선,하행,10,10,28,6.4
seoul8-0817,가락시장,8호선,하행,11,8,25,7.2
seoul8-0817,가락시장,8호선,하행,12,7,23,7.8
seoul8-0817,가락시장,8호선,하행,13,8,22,8.2
seoul8-0817,가락시장,8호선,하행,14,7,23,7.8
seoul8-0817,가락시장,8호선,하행,15,8,22,8.2
seoul8-0817,가락시장,8호선,하행,16,7,23,7.8
seoul8-0817,가락시장,8호선,하행,17,8,26,6.9
seoul8-0817,가락시장,8호선,하행,18,11,31,5.8
seoul8-0817,가락시장,8호선,하행,19,12,33,5.5
seoul8-0817,가락시장,8호선,하행,20,10,30,6.0
seoul8-0817,가락시장,8호선,하행,21,8,25,7.2
seoul8-0817,가락시장,8호선,하행,22,7,19,9.5
seoul8-0817,가락시장,8호선,하행,23,4,14,12.9
seoul8-0817,가락시장,8호선,하행,24,3,7,25.7
seoul8-0818,문정,8호선,상행,5,2,14,12.9
seoul8-0818,문정,8호선,상행,6,12,27,6.7
seoul8-0818,문정,8호선,상행,7,13,35,5.1
seoul8-0818,문정,8호선,상행,8,10,32,5.6
seoul8-0818,문정,8호선,상행,9,9,26,6.9
seoul8-0818,문정,8호선,상행,10,7,24,7.5
seoul8-0818,문정,8호선,상행,11,8,22,8.2
seoul8-0818,문정,8호선,상행,12,7,23,7.8
seoul8-0818,문정,8호선,상행,13,8,22,8.2
seoul8-0818,문정,8호선,상행,14,7,23,7.8
seoul8-0818,문정,8호선,상행,15,8,24,7.5
seoul8-0818,문정,8호선,상행,16,9,28,6.4
seoul8-0818,문정,8호선,상행,17,11,32,5.6
seoul8-0818,문정,8호선,상행,18,12,32,5.6
seoul8-0818,문정,8호선,상행,19,9,29,6.2
seoul8-0818,문정,8호선,상행,20,8,23,7.8
seoul8-0818,문정,8호선,상행,21,6,19,9.5
seoul8-0818,문정,8호선,상행,22,5,15,12.0
seoul8-0818,문정,8호선,상행,23,4,13,13.8
seoul8-0818,문정,8호선,상행,24,4,8,22.5
seoul8-0818,문정,8호선,하행,5,3,8,22.5
seoul8-0818,문정,8호선,하행,6,5,18,10.0
seoul8-0818,문정,8호선,하행,7,10,28,6.4
seoul8-0818,문정,8호선,하행,8,13,34,5.3
seoul8-0818,문정,8호선,하행,9,11,34,5.3
seoul8-0818,문정,8호선,하행,10,10,28,6.4
seoul8-0818,문정,8호선,하행,11,7,25,7.2
seoul8-0818,문정,8호선,하행,12,8,22,8.2
seoul8-0818,문정,8호선,하행,13,7,23,7.8
seoul8-0818,문정,8호선,하행,14,8,22,8.2
seoul8-0818,문정,8호선,하행,15,7,23,7.8
seoul8-0818,문정,8호선,하행,16,8,23,7.8
seoul8-0818,문정,8호선,하행,17,8,26,6.9
seoul8-0818,문정,8호선,하행,18,10,30,6.0
seoul8-0818,문정,8호선,하행,19,12,33,5.5
seoul8-0818,문정,8호선,하행,20,11,31,5.8
seoul8-0818,문정,8호선,하행,21,8,26,6.9
seoul8-0818,문정,8호선,하행,22,7,19,9.5
seoul8-0818,문정,8호선,하행,23,4,14,12.9
seoul8-0818,문정,8호선,하행,24,3,7,25.7
seoul8-0819,장지,8호선,상행,5,3,15,12.0
seoul8-0819,장지,8호선,상행,6,12,27,6.7
seoul8-0819,장지,8호선,상행,7,12,35,5.1
seoul8-0819,장지,8호선,상행,8,11,31,5.8
seoul8-0819,장지,8호선,상행,9,8,27,6.7
seoul8-0819,장지,8호선,상행,10,8,23,7.8
seoul8-0819,장지,8호선,상행,11,7,23,7.8
seoul8-0819,장지,8호선,상행,12,8,22,8.2
seoul8-0819,장지,8호선,상행,13,7,23,7.8
seoul8-0819,장지,8호선,상행,14,8,22,8.2
seoul8-0819,장지,8호선,상행,15,7,24,7.5
seoul8-0819,장지,8호선,상행,16,9,27,6.7
seoul8-0819,장지,8호선,상행,17,11,32,5.6
seoul8-0819,장지,8호선,상행,18,12,33,5.5
seoul8-0819,장지,8호선,상행,19,10,29,6.2
seoul8-0819,장지,8호선,상행,20,7,23,7.8
seoul8-0819,장지,8호선,상행,21,6,18,10.0
seoul8-0819,장지,8호선,상행,22,5,15,12.0
seoul8-0819,장지,8호선,상행,23,4,13,13.8
seoul8-0819,장지,8호선,상행,24,4,8,22.5
seoul8-0819,장지,8호선,하행,5,3,8,22.5
seoul8-0819,장지,8호선,하행,6,5,18,10.0
seoul8-0819,장지,8호선,하행,7,10,28,6.4
seoul8-0819,장지,8호선,하행,8,13,34,5.3
seoul8-0819,장지,8호선,하행,9,11,33,5.5
seoul8-0819,장지,8호선,하행,10,9,28,6.4
seoul8-0819,장지,8호선,하행,11,8,25,7.2
seoul8-0819,장지,8호선,하행,12,8,23,7.8
seoul8-0819,장지,8호선,하행,13,7,23,7.8
seoul8-0819,장지,8호선,하행,14,8,22,8.2
seoul8-0819,장지,8호선,하행,15,7,23,7.8
seoul8-0819,장지,8호선,하행,16,8,23,7.8
seoul8-0819,장지,8호선,하행,17,8,26,6.9
seoul8-0819,장지,8호선,하행,18,10,30,6.0
seoul8-0819,장지,8호선,하행,19,12,33,5.5
seoul8-0819,장지,8호선,하행,20,11,31,5.8
seoul8-0819,장지,8호선,하행,21,8,25,7.2
seoul8-0819,장지,8호선,하행,22,6,19,9.5
seoul8-0819,장지,8호선,하행,23,5,14,12.9
seoul8-0819,장지,8호선,하행,24,3,8,22.5
seoul8-0820,복정,8호선,상행,5,3,15,12.0
seoul8-0820,복정,8호선,상행,6,12,27,6.7
seoul8-0820,복정,8호선,상행,7,12,35,5.1
seoul8-0820,복정,8호선,상행,8,11,31,5.8
seoul8-0820,복정,8호선,상행,9,8,27,6.7
seoul8-0820,복정,8호선,상행,10,8,23,7.8
seoul8-0820,복정,8호선,상행,11,7,23,7.8
seoul8-0820,복정,8호선,상행,12,8,22,8.2
seoul8-0820,복정,8호선,상행,13,7,23,7.8
seoul8-0820,복정,8호선,상행,14,8,22,8.2
seoul8-0820,복정,8호선,상행,15,7,24,7.5
seoul8-0820,복정,8호선,상행,16,9,28,6.4
seoul8-0820,복정,8호선,상행,17,12,32,5.6
seoul8-0820,복정,8호선,상행,18,11,33,5.5
seoul8-0820,복정,8호선,상행,19,10,28,6.4
seoul8-0820,복정,8호선,상행,20,7,24,7.5
seoul8-0820,복정,8호선,상행,21,7,18,10.0
seoul8-0820,복정,8호선,상행,22,4,15,12.0
seoul8-0820,복정,8호선,상행,23,4,12,15.0
seoul8-0820,복정,8호선,상행,24,4,8,22.5
seoul8-0820,복정,8호선,하행,5,3,8,22.5
seoul8-0820,복정,8호선,하행,6,5,18,10.0
seoul8-0820,복정,8호선,하행,7,10,27,6.7
seoul8-0820,복정,8호선,하행,8,12,33,5.5
seoul8-0820,복정,8호선,하행,9,11,33,5.5
seoul8-0820,복정,8호선,하행,10,10,29,6.2
seoul8-0820,복정,8호선,하행,11,8,25,7.2
seoul8-0820,복정,8호선,하행,12,7,23,7.8
seoul8-0820,복정,8호선,하행,13,8,22,8.2
seoul8-0820,복정,8호선,하행,14,7,23,7.8
seoul8-0820,복정,8호선,하행,15,8,22,8.2
seoul8-0820,복정,8호선,하행,16,7,23,7.8
seoul8-0820,복정,8호선,하행,17,8,26,6.9
seoul8-0820,복정,8호선,하행,18,11,31,5.8
seoul8-0820,복정,8호선,하행,19,12,33,5.5
seoul8-0820,복정,8호선,하행,20,10,31,5.8
seoul8-0820,복정,8호선,하행,21,9,25,7.2
seoul8-0820,복정,8호선,하행,22,6,20,9.0
seoul8-0820,복정,8호선,하행,23,5,14,12.9
seoul8-0820,복정,8호선,하행,24,3,8,22.5
seoul8-0821,남위례,8호선,상행,5,3,15,12.0
seoul8-0821,남위례,8호선,상행,6,12,28,6.4
seoul8-0821,남위례,8호선,상행,7,13,35,5.1
seoul8-0821,남위례,8호선,상행,8,10,32,5.6
seoul8-0821,남위례,8호선,상행,9,9,26,6.9
seoul8-0821,남위례,8호선,상행,10,7,24,7.5
seoul8-0821,남위례,8호선,상행,11,8,22,8.2
seoul8-0821,남위례,8호선,상행,12,7,23,7.8
seoul8-0821,남위례,8호선,상행,13,8,22,8.2
seoul8-0821,남위례,8호선,상행,14,7,23,7.8
seoul8-0821,남위례,8호선,상행,15,8,24,7.5
seoul8-0821,남위례,8호선,상행,16,9,28,6.4
seoul8-0821,남위례,8호선,상행,17,11,32,5.6
seoul8-0821,남위례,8호선,상행,18,12,32,5.6
seoul8-0821,남위례,8호선,상행,19,9,29,6.2
seoul8-0821,남위례,8호선,상행,20,8,23,7.8
seoul8-0821,남위례,8호선,상행,21,6,18,10.0
seoul8-0821,남위례,8호선,상행,22,4,14,12.9
seoul8-0821,남위례,8호선,상행,23,4,12,15.0
seoul8-0821,남위례,8호선,상행,24,4,8,22.5
seoul8-0821,남위례,8호선,하행,5,2,8,22.5
seoul8-0821,남위례,8호선,하행,6,6,17,10.6
seoul8-0821,남위례,8호선,하행,7,9,28,6.4
seoul8-0821,남위례,8호선,하행,8,13,33,5.5
seoul8-0821,남위례,8호선,하행,9,11,34,5.3
seoul8-0821,남위례,8호선,하행,10,10,29,6.2
seoul8-0821,남위례,8호선,하행,11,8,25,7.2
seoul8-0821,남위례,8호선,하행,12,7,23,7.8
seoul8-0821,남위례,8호선,하행,13,8,22,8.2
seoul8-0821,남위례,8호선,하행,14,7,23,7.8
seoul8-0821,남위례,8호선,하행,15,8,22,8.2
seoul8-0821,남위례,8호선,하행,16,7,23,7.8
seoul8-0821,남위례,8호선,하행,17,8,25,7.2
seoul8-0821,남위례,8호선,하행,18,10,30,6.0
seoul8-0821,남위례,8호선,하행,19,12,33,5.5
seoul8-0821,남위례,8호선,하행,20,11,31,5.8
seoul8-0821,남위례,8호선,하행,21,8,26,6.9
seoul8-0821,남위례,8호선,하행,22,7,20,9.0
seoul8-0821,남위례,8호선,하행,23,5,15,12.0
seoul8-0821,남위례,8호선,하행,24,3,8,22.5
seoul8-0822,산성,8호선,상행,5,4,16,11.2
seoul8-0822,산성,8호선,상행,6,12,28,6.4
seoul8-0822,산성,8호선,상행,7,12,35,5.1
seoul8-0822,산성,8호선,상행,8,11,31,5.8
seoul8-0822,산성,8호선,상행,9,8,26,6.9
seoul8-0822,산성,8호선,상행,10,7,23,7.8
seoul8-0822,산성,8호선,상행,11,8,22,8.2
seoul8-0822,산성,8호선,상행,12,7,23,7.8
seoul8-0822,산성,8호선,상행,13,8,22,8.2
seoul8-0822,산성,8호선,상행,14,7,23,7.8
seoul8-0822,산성,8호선,상행,15,8,24,7.5
seoul8-0822,산성,8호선,상행,16,9,29,6.2
seoul8-0822,산성,8호선,상행,17,12,32,5.6
seoul8-0822,산성,8호선,상행,18,11,33,5.5
seoul8-0822,산성,8호선,상행,19,10,28,6.4
seoul8-0822,산성,8호선,상행,20,7,23,7.8
seoul8-0822,산성,8호선,상행,21,6,18,10.0
seoul8-0822,산성,8호선,상행,22,5,14,12.9
seoul8-0822,산성,8호선,상행,23,3,12,15.0
seoul8-0822,산성,8호선,상행,24,4,7,25.7
seoul8-0822,산성,8호선,하행,5,2,8,22.5
seoul8-0822,산성,8호선,하행,6,6,17,10.6
seoul8-0822,산성,8호선,하행,7,9,28,6.4
seoul8-0822,산성,8호선,하행,8,13,33,5.5
seoul8-0822,산성,8호선,하행,9,11,33,5.5
seoul8-0822,산성,8호선,하행,10,9,28,6.4
seoul8-0822,산성,8호선,하행,11,8,25,7.2
seoul8-0822,산성,8호선,하행,12,8,23,7.8
seoul8-0822,산성,8호선,하행,13,7,23,7.8
seoul8-0822,산성,8호선,하행,14,8,22,8.2
seoul8-0822,산성,8호선,하행,15,7,23,7.8
seoul8-0822,산성,8호선,하행,16,8,23,7.8
seoul8-0822,산성,8호선,하행,17,8,26,6.9
seoul8-0822,산성,8호선,하행,18,10,30,6.0
seoul8-0822,산성,8호선,하행,19,12,32,5.6
seoul8-0822,산성,8호선,하행,20,10,31,5.8
seoul8-0822,산성,8호선,하행,21,9,26,6.9
seoul8-0822,산성,8호선,하행,22,7,21,8.6
seoul8-0822,산성,8호선,하행,23,5,15,12.0
seoul8-0822,산성,8호선,하행,24,3,8,22.5
seoul8-0823,남한산성입구(성남법원·검찰청),8호선,상행,5,4,17,10.6
seoul8-0823,남한산성입구(성남법원·검찰청),8호선,상행,6,13,29,6.2
seoul8-0823,남한산성입구(성남법원·검찰청),8호선,상행,7,12,35,5.1
seoul8-0823,남한산성입구(성남법원·검찰청),8호선,상행,8,10,30,6.0
seoul8-0823,남한산성입구(성남법원·검찰청),8호선,상행,9,8,26,6.9
seoul8-0823,남한산성입구(성남법원·검찰청),8호선,상행,10,8,23,7.8
seoul8-0823,남한산성입구(성남법원·검찰청),8호선,상행,11,7,23,7.8
seoul8-0823,남한산성입구(성남법원·검찰청),8호선,상행,12,8,22,8.2
seoul8-0823,남한산성입구(성남법원·검찰청),8호선,상행,13,7,23,7.8
seoul8-0823,남한산성입구(성남법원·검찰청),8호선,상행,14,8,22,8.2
seoul8-0823,남한산성입구(성남법원·검찰청),8호선,상행,15,7,24,7.5
seoul8-0823,남한산성입구(성남법원·검찰청),8호선,상행,16,9,28,6.4
seoul8-0823,남한산성입구(성남법원·검찰청),8호선,상행,17,12,33,5.5
seoul8-0823,남한산성입구(성남법원·검찰청),8호선,상행,18,12,33,5.5
seoul8-0823,남한산성입구(성남법원·검찰청),8호선,상행,19,9,28,6.4
seoul8-0823,남한산성입구(성남법원·검찰청),8호선,상행,20,7,22,8.2
seoul8-0823,남한산성입구(성남법원·검찰청),8호선,상행,21,6,18,10.0
seoul8-0823,남한산성입구(성남법원·검찰청),8호선,상행,22,5,15,12.0
seoul8-0823,남한산성입구(성남법원·검찰청),8호선,상행,23,4,12,15.0
seoul8-0823,남한산성입구(성남법원·검찰청),8호선,상행,24,3,7,25.7
seoul8-0823,남한산성입구(성남법원·검찰청),8호선,하행,5,2,7,25.7
seoul8-0823,남한산성입구(성남법원·검찰청),8호선,하행,6,5,16,11.2
seoul8-0823,남한산성입구(성남법원·검찰청),8호선,하행,7,9,27,6.7
seoul8-0823,남한산성입구(성남법원·검찰청),8호선,하행,8,13,33,5.5
seoul8-0823,남한산성입구(성남법원·검찰청),8호선,하행,9,11,34,5.3
seoul8-0823,남한산성입구(성남법원·검찰청),8호선,하행,10,10,29,6.2
seoul8-0823,남한산성입구(성남법원·검찰청),8호선,하행,11,8,26,6.9
seoul8-0823,남한산성입구(성남법원·검찰청),8호선,하행,12,8,23,7.8
seoul8-0823,남한산성입구(성남법원·검찰청),8호선,하행,13,7,23,7.8
seoul8-0823,남한산성입구(성남법원·검찰청),8호선,하행,14,8,22,8.2
seoul8-0823,남한산성입구(성남법원·검찰청),8호선,하행,15,7,23,7.8
seoul8-0823,남한산성입구(성남법원·검찰청),8호선,하행,16,8,22,8.2
seoul8-0823,남한산성입구(성남법원·검찰청),8호선,하행,17,7,25,7.2
seoul8-0823,남한산성입구(성남법원·검찰청),8호선,하행,18,10,29,6.2
seoul8-0823,남한산성입구(성남법원·검찰청),8호선,하행,19,12,33,5.5
seoul8-0823,남한산성입구(성남법원·검찰청),8호선,하행,20,11,32,5.6
seoul8-0823,남한산성입구(성남법원·검찰청),8호선,하행,21,9,27,6.7
seoul8-0823,남한산성입구(성남법원·검찰청),8호선,하행,22,7,20,9.0
seoul8-0823,남한산성입구(성남법원·검찰청),8호선,하행,23,4,15,12.0
seoul8-0823,남한산성입구(성남법원·검찰청),8호선,하행,24,4,8,22.5
seoul8-0824,단대오거리,8호선,상행,5,4,17,10.6
seoul8-0824,단대오거리,8호선,상행,6,13,29,6.2
seoul8-0824,단대오거리,8호선,상행,7,12,35,5.1
seoul8-0824,단대오거리,8호선,상행,8,10,30,6.0
seoul8-0824,단대오거리,8호선,상행,9,8,26,6.9
seoul8-0824,단대오거리,8호선,상행,10,8,23,7.8
seoul8-0824,단대오거리,8호선,상행,11,7,23,7.8
seoul8-0824,단대오거리,8호선,상행,12,8,22,8.2
seoul8-0824,단대오거리,8호선,상행,13,7,23,7.8
seoul8-0824,단대오거리,8호선,상행,14,8,22,8.2
seoul8-0824,단대오거리,8호선,상행,15,7,25,7.2
seoul8-0824,단대오거리,8호선,상행,16,10,28,6.4
seoul8-0824,단대오거리,8호선,상행,17,11,33,5.5
seoul8-0824,단대오거리,8호선,상행,18,12,32,5.6
seoul8-0824,단대오거리,8호선,상행,19,9,28,6.4
seoul8-0824,단대오거리,8호선,상행,20,7,22,8.2
seoul8-0824,단대오거리,8호선,상행,21,6,18,10.0
seoul8-0824,단대오거리,8호선,상행,22,5,15,12.0
seoul8-0824,단대오거리,8호선,상행,23,4,12,15.0
seoul8-0824,단대오거리,8호선,상행,24,3,7,25.7
seoul8-0824,단대오거리,8호선,하행,5,2,7,25.7
seoul8-0824,단대오거리,8호선,하행,6,5,16,11.2
seoul8-0824,단대오거리,8호선,하행,7,9,27,6.7
seoul8-0824,단대오거리,8호선,하행,8,13,33,5.5
seoul8-0824,단대오거리,8호선,하행,9,11,34,5.3
seoul8-0824,단대오거리,8호선,하행,10,10,29,6.2
seoul8-0824,단대오거리,8호선,하행,11,8,25,7.2
seoul8-0824,단대오거리,8호선,하행,12,7,23,7.8
seoul8-0824,단대오거리,8호선,하행,13,8,22,8.2
seoul8-0824,단대오거리,8호선,하행,14,7,23,7.8
seoul8-0824,단대오거리,8호선,하행,15,8,22,8.2
seoul8-0824,단대오거리,8호선,하행,16,7,23,7.8
seoul8-0824,단대오거리,8호선,하행,17,8,25,7.2
seoul8-0824,단대오거리,8호선,하행,18,10,30,6.0
seoul8-0824,단대오거리,8호선,하행,19,12,33,5.5
seoul8-0824,단대오거리,8호선,하행,20,11,32,5.6
seoul8-0824,단대오거리,8호선,하행,21,9,26,6.9
seoul8-0824,단대오거리,8호선,하행,22,6,20,9.0
seoul8-0824,단대오거리,8호선,하행,23,5,15,12.0
seoul8-0824,단대오거리,8호선,하행,24,4,9,20.0
seoul8-0825,신흥,8호선,상행,5,5,17,10.6
seoul8-0825,신흥,8호선,상행,6,12,29,6.2
seoul8-0825,신흥,8호선,상행,7,12,35,5.1
seoul8-0825,신흥,8호선,상행,8,11,31,5.8
seoul8-0825,신흥,8호선,상행,9,8,26,6.9
seoul8-0825,신흥,8호선,상행,10,7,23,7.8
seoul8-0825,신흥,8호선,상행,11,8,22,8.2
seoul8-0825,신흥,8호선,상행,12,7,23,7.8
seoul8-0825,신흥,8호선,상행,13,8,22,8.2
seoul8-0825,신흥,8호선,상행,14,7,23,7.8
seoul8-0825,신흥,8호선,상행,15,8,24,7.5
seoul8-0825,신흥,8호선,상행,16,9,29,6.2
seoul8-0825,신흥,8호선,상행,17,12,32,5.6
seoul8-0825,신흥,8호선,상행,18,11,32,5.6
seoul8-0825,신흥,8호선,상행,19,9,28,6.4
seoul8-0825,신흥,8호선,상행,20,8,22,8.2
seoul8-0825,신흥,8호선,상행,21,5,18,10.0
seoul8-0825,신흥,8호선,상행,22,5,14,12.9
seoul8-0825,신흥,8호선,상행,23,4,12,15.0
seoul8-0825,신흥,8호선,상행,24,3,7,25.7
seoul8-0825,신흥,8호선,하행,5,2,7,25.7
seoul8-0825,신흥,8호선,하행,6,5,16,11.2
seoul8-0825,신흥,8호선,하행,7,9,26,6.9
seoul8-0825,신흥,8호선,하행,8,12,33,5.5
seoul8-0825,신흥,8호선,하행,9,12,34,5.3
seoul8-0825,신흥,8호선,하행,10,10,30,6.0
seoul8-0825,신흥,8호선,하행,11,8,25,7.2
seoul8-0825,신흥,8호선,하행,12,7,23,7.8
seoul8-0825,신흥,8호선,하행,13,8,22,8.2
seoul8-0825,신흥,8호선,하행,14,7,23,7.8
seoul8-0825,신흥,8호선,하행,15,8,22,8.2
seoul8-0825,신흥,8호선,하행,16,7,23,7.8
seoul8-0825,신흥,8호선,하행,17,8,24,7.5
seoul8-0825,신흥,8호선,하행,18,9,29,6.2
seoul8-0825,신흥,8호선,하행,19,12,32,5.6
seoul8-0825,신흥,8호선,하행,20,11,32,5.6
seoul8-0825,신흥,8호선,하행,21,9,27,6.7
seoul8-0825,신흥,8호선,하행,22,7,21,8.6
seoul8-0825,신흥,8호선,하행,23,5,16,11.2
seoul8-0825,신흥,8호선,하행,24,4,9,20.0
seoul8-0826,수진,8호선,상행,5,5,18,10.0
seoul8-0826,수진,8호선,상행,6,13,30,6.0
seoul8-0826,수진,8호선,상행,7,12,35,5.1
seoul8-0826,수진,8호선,상행,8,10,30,6.0
seoul8-0826,수진,8호선,상행,9,8,25,7.2
seoul8-0826,수진,8호선,상행,10,7,23,7.8
seoul8-0826,수진,8호선,상행,11,8,22,8.2
seoul8-0826,수진,8호선,상행,12,7,23,7.8
seoul8-0826,수진,8호선,상행,13,8,22,8.2
seoul8-0826,수진,8호선,상행,14,7,23,7.8
seoul8-0826,수진,8호선,상행,15,8,24,7.5
seoul8-0826,수진,8호선,상행,16,9,29,6.2
seoul8-0826,수진,8호선,상행,17,12,32,5.6
seoul8-0826,수진,8호선,상행,18,11,33,5.5
seoul8-0826,수진,8호선,상행,19,10,28,6.4
seoul8-0826,수진,8호선,상행,20,7,23,7.8
seoul8-0826,수진,8호선,상행,21,6,17,10.6
seoul8-0826,수진,8호선,상행,22,4,13,13.8
seoul8-0826,수진,8호선,상행,23,3,10,18.0
seoul8-0826,수진,8호선,상행,24,3,6,30.0
seoul8-0826,수진,8호선,하행,5,1,7,25.7
seoul8-0826,수진,8호선,하행,6,6,15,12.0
seoul8-0826,수진,8호선,하행,7,8,27,6.7
seoul8-0826,수진,8호선,하행,8,13,32,5.6
seoul8-0826,수진,8호선,하행,9,11,34,5.3
seoul8-0826,수진,8호선,하행,10,10,29,6.2
seoul8-0826,수진,8호선,하행,11,8,26,6.9
seoul8-0826,수진,8호선,하행,12,8,23,7.8
seoul8-0826,수진,8호선,하행,13,7,23,7.8
seoul8-0826,수진,8호선,하행,14,8,22,8.2
seoul8-0826,수진,8호선,하행,15,7,23,7.8
seoul8-0826,수진,8호선,하행,16,8,23,7.8
seoul8-0826,수진,8호선,하행,17,8,25,7.2
seoul8-0826,수진,8호선,하행,18,9,29,6.2
seoul8-0826,수진,8호선,하행,19,12,32,5.6
seoul8-0826,수진,8호선,하행,20,11,32,5.6
seoul8-0826,수진,8호선,하행,21,9,27,6.7
seoul8-0826,수진,8호선,하행,22,7,21,8.6
seoul8-0826,수진,8호선,하행,23,5,16,11.2
seoul8-0826,수진,8호선,하행,24,4,9,20.0
seoul8-0827,모란,8호선,상행,5,5,18,10.0
seoul8-0827,모란,8호선,상행,6,13,30,6.0
seoul8-0827,모란,8호선,상행,7,12,35,5.1
seoul8-0827,모란,8호선,상행,8,10,30,6.0
seoul8-0827,모란,8호선,상행,9,8,25,7.2
seoul8-0827,모란,8호선,상행,10,7,23,7.8
seoul8-0827,모란,8호선,상행,11,8,22,8.2
seoul8-0827,모란,8호선,상행,12,7,23,7.8
seoul8-0827,모란,8호선,상행,13,8,22,8.2
seoul8-0827,모란,8호선,상행,14,7,23,7.8
seoul8-0827,모란,8호선,상행,15,8,24,7.5
seoul8-0827,모란,8호선,상행,16,9,29,6.2
seoul8-0827,모란,8호선,상행,17,12,33,5.5
seoul8-0827,모란,8호선,상행,18,12,33,5.5
seoul8-0827,모란,8호선,상행,19,9,28,6.4
seoul8-0827,모란,8호선,상행,20,7,22,8.2
seoul8-0827,모란,8호선,상행,21,6,17,10.6
seoul8-0827,모란,8호선,상행,22,4,14,12.9
seoul8-0827,모란,8호선,상행,23,4,11,16.4
seoul8-0827,모란,8호선,상행,24,3,7,25.7
seoul8-806,동구릉,8호선,상행,5,2,11,16.4
seoul8-806,동구릉,8호선,상행,6,9,24,7.5
seoul8-806,동구릉,8호선,상행,7,13,33,5.5
seoul8-806,동구릉,8호선,상행,8,11,34,5.3
seoul8-806,동구릉,8호선,상행,9,10,29,6.2
seoul8-806,동구릉,8호선,상행,10,8,25,7.2
seoul8-806,동구릉,8호선,상행,11,7,23,7.8
seoul8-806,동구릉,8호선,상행,12,8,22,8.2
seoul8-806,동구릉,8호선,상행,13,7,23,7.8
seoul8-806,동구릉,8호선,상행,14,8,22,8.2
seoul8-806,동구릉,8호선,상행,15,7,23,7.8
seoul8-806,동구릉,8호선,상행,16,8,25,7.2
seoul8-806,동구릉,8호선,상행,17,10,30,6.0
seoul8-806,동구릉,8호선,상행,18,12,33,5.5
seoul8-806,동구릉,8호선,상행,19,11,32,5.6
seoul8-806,동구릉,8호선,상행,20,9,26,6.9
seoul8-806,동구릉,8호선,상행,21,6,21,8.6
seoul8-806,동구릉,8호선,상행,22,6,16,11.2
seoul8-806,동구릉,8호선,상행,23,4,14,12.9
seoul8-806,동구릉,8호선,상행,24,4,8,22.5
seoul8-806,동구릉,8호선,하행,5,2,9,20.0
seoul8-806,동구릉,8호선,하행,6,7,22,8.2
seoul8-806,동구릉,8호선,하행,7,13,32,5.6
seoul8-806,동구릉,8호선,하행,8,12,35,5.1
seoul8-806,동구릉,8호선,하행,9,10,30,6.0
seoul8-806,동구릉,8호선,하행,10,8,26,6.9
seoul8-806,동구릉,8호선,하행,11,8,23,7.8
seoul8-806,동구릉,8호선,하행,12,7,23,7.8
seoul8-806,동구릉,8호선,하행,13,8,22,8.2
seoul8-806,동구릉,8호선,하행,14,7,23,7.8
seoul8-806,동구릉,8호선,하행,15,8,22,8.2
seoul8-806,동구릉,8호선,하행,16,7,25,7.2
seoul8-806,동구릉,8호선,하행,17,10,28,6.4
seoul8-806,동구릉,8호선,하행,18,11,33,5.5
seoul8-806,동구릉,8호선,하행,19,12,32,5.6
seoul8-806,동구릉,8호선,하행,20,9,28,6.4
seoul8-806,동구릉,8호선,하행,21,7,22,8.2
seoul8-806,동구릉,8호선,하행,22,6,17,10.6
seoul8-806,동구릉,8호선,하행,23,4,13,13.8
seoul8-806,동구릉,8호선,하행,24,3,7,25.7
seoul8-807,구리(구리전통시장),8호선,상행,5,2,12,15.0
seoul8-807,구리(구리전통시장),8호선,상행,6,10,24,7.5
seoul8-807,구리(구리전통시장),8호선,상행,7,12,34,5.3
seoul8-807,구리(구리전통시장),8호선,상행,8,12,34,5.3
seoul8-807,구리(구리전통시장),8호선,상행,9,10,29,6.2
seoul8-807,구리(구리전통시장),8호선,상행,10,7,25,7.2
seoul8-807,구리(구리전통시장),8호선,상행,11,8,22,8.2
seoul8-807,구리(구리전통시장),8호선,상행,12,7,23,7.8
seoul8-807,구리(구리전통시장),8호선,상행,13,8,22,8.2
seoul8-807,구리(구리전통시장),8호선,상행,14,7,23,7.8
seoul8-807,구리(구리전통시장),8호선,상행,15,8,22,8.2
seoul8-807,구리(구리전통시장),8호선,상행,16,7,26,6.9
seoul8-807,구리(구리전통시장),8호선,상행,17,11,30,6.0
seoul8-807,구리(구리전통시장),8호선,상행,18,12,33,5.5
seoul8-807,구리(구리전통시장),8호선,상행,19,10,31,5.8
seoul8-807,구리(구리전통시장),8호선,상행,20,9,26,6.9
seoul8-807,구리(구리전통시장),8호선,상행,21,7,21,8.6
seoul8-807,구리(구리전통시장),8호선,상행,22,5,16,11.2
seoul8-807,구리(구리전통시장),8호선,상행,23,4,13,13.8
seoul8-807,구리(구리전통시장),8호선,상행,24,4,8,22.5
seoul8-807,구리(구리전통시장),8호선,하행,5,3,10,18.0
seoul8-807,구리(구리전통시장),8호선,하행,6,7,22,8.2
seoul8-807,구리(구리전통시장),8호선,하행,7,12,31,5.8
seoul8-807,구리(구리전통시장),8호선,하행,8,12,35,5.1
seoul8-807,구리(구리전통시장),8호선,하행,9,11,31,5.8
seoul8-807,구리(구리전통시장),8호선,하행,10,8,27,6.7
seoul8-807,구리(구리전통시장),8호선,하행,11,8,23,7.8
seoul8-807,구리(구리전통시장),8호선,하행,12,7,23,7.8
seoul8-807,구리(구리전통시장),8호선,하행,13,8,22,8.2
seoul8-807,구리(구리전통시장),8호선,하행,14,7,23,7.8
seoul8-807,구리(구리전통시장),8호선,하행,15,8,22,8.2
seoul8-807,구리(구리전통시장),8호선,하행,16,7,24,7.5
seoul8-807,구리(구리전통시장),8호선,하행,17,9,28,6.4
seoul8-807,구리(구리전통시장),8호선,하행,18,12,32,5.6
seoul8-807,구리(구리전통시장),8호선,하행,19,11,33,5.5
seoul8-807,구리(구리전통시장),8호선,하행,20,10,28,6.4
seoul8-807,구리(구리전통시장),8호선,하행,21,7,23,7.8
seoul8-807,구리(구리전통시장),8호선,하행,22,6,17,10.6
seoul8-807,구리(구리전통시장),8호선,하행,23,4,13,13.8
seoul8-807,구리(구리전통시장),8호선,하행,24,3,7,25.7
seoul8-808,장자호수공원,8호선,상행,5,3,12,15.0
seoul8-808,장자호수공원,8호선,상행,6,9,25,7.2
seoul8-808,장자호수공원,8호선,상행,7,13,33,5.5
seoul8-808,장자호수공원,8호선,상행,8,11,34,5.3
seoul8-808,장자호수공원,8호선,상행,9,10,29,6.2
seoul8-808,장자호수공원,8호선,상행,10,8,25,7.2
seoul8-808,장자호수공원,8호선,상행,11,7,23,7.8
seoul8-808,장자호수공원,8호선,상행,12,8,22,8.2
seoul8-808,장자호수공원,8호선,상행,13,7,23,7.8
seoul8-808,장자호수공원,8호선,상행,14,8,22,8.2
seoul8-808,장자호수공원,8호선,상행,15,7,23,7.8
seoul8-808,장자호수공원,8호선,상행,16,8,25,7.2
seoul8-808,장자호수공원,8호선,상행,17,10,30,6.0
seoul8-808,장자호수공원,8호선,상행,18,12,33,5.5
seoul8-808,장자호수공원,8호선,상행,19,11,31,5.8
seoul8-808,장자호수공원,8호선,상행,20,8,26,6.9
seoul8-808,장자호수공원,8호선,상행,21,7,20,9.0
seoul8-808,장자호수공원,8호선,상행,22,5,17,10.6
seoul8-808,장자호수공원,8호선,상행,23,5,13,13.8
seoul8-808,장자호수공원,8호선,상행,24,3,8,22.5
seoul8-808,장자호수공원,8호선,하행,5,3,10,18.0
seoul8-808,장자호수공원,8호선,하행,6,7,22,8.2
seoul8-808,장자호수공원,8호선,하행,7,12,31,5.8
seoul8-808,장자호수공원,8호선,하행,8,12,34,5.3
seoul8-808,장자호수공원,8호선,하행,9,10,31,5.8
seoul8-808,장자호수공원,8호선,하행,10,9,26,6.9
seoul8-808,장자호수공원,8호선,하행,11,7,24,7.5
seoul8-808,장자호수공원,8호선,하행,12,8,22,8.2
seoul8-808,장자호수공원,8호선,하행,13,7,23,7.8
seoul8-808,장자호수공원,8호선,하행,14,8,22,8.2
seoul8-808,장자호수공원,8호선,하행,15,7,23,7.8
seoul8-808,장자호수공원,8호선,하행,16,8,24,7.5
seoul8-808,장자호수공원,8호선,하행,17,9,28,6.4
seoul8-808,장자호수공원,8호선,하행,18,11,32,5.6
seoul8-808,장자호수공원,8호선,하행,19,12,32,5.6
seoul8-808,장자호수공원,8호선,하행,20,9,29,6.2
seoul8-808,장자호수공원,8호선,하행,21,8,23,7.8
seoul8-808,장자호수공원,8호선,하행,22,6,17,10.6
seoul8-808,장자호수공원,8호선,하행,23,3,13,13.8
seoul8-808,장자호수공원,8호선,하행,24,4,7,25.7
metro9-4126,언주,9호선,상행,5,2,6,30.0
metro9-4126,언주,9호선,상행,6,4,12,15.0
metro9-4126,언주,9호선,상행,7,6,18,10.0
metro9-4126,언주,9호선,상행,8,8,24,7.5
metro9-4126,언주,9호선,상행,9,10,26,6.9
metro9-4126,언주,9호선,상행,10,8,23,7.8
metro9-4126,언주,9호선,상행,11,5,19,9.5
metro9-4126,언주,9호선,상행,12,6,16,11.2
metro9-4126,언주,9호선,상행,13,5,16,11.2
metro9-4126,언주,9호선,상행,14,5,16,11.2
metro9-4126,언주,9호선,상행,15,6,16,11.2
metro9-4126,언주,9호선,상행,16,5,17,10.6
metro9-4126,언주,9호선,상행,17,6,19,9.5
metro9-4126,언주,9호선,상행,18,8,23,7.8
metro9-4126,언주,9호선,상행,19,9,25,7.2
metro9-4126,언주,9호선,상행,20,8,24,7.5
metro9-4126,언주,9호선,상행,21,7,21,8.6
metro9-4126,언주,9호선,상행,22,6,18,10.0
metro9-4126,언주,9호선,상행,23,5,17,10.6
metro9-4126,언주,9호선,상행,24,6,11,16.4
metro9-4126,언주,9호선,하행,5,3,8,22.5
metro9-4126,언주,9호선,하행,6,5,16,11.2
metro9-4126,언주,9호선,하행,7,8,22,8.2
metro9-4126,언주,9호선,하행,8,9,25,7.2
metro9-4126,언주,9호선,하행,9,8,22,8.2
metro9-4126,언주,9호선,하행,10,5,19,9.5
metro9-4126,언주,9호선,하행,11,6,16,11.2
metro9-4126,언주,9호선,하행,12,5,17,10.6
metro9-4126,언주,9호선,하행,13,6,16,11.2
metro9-4126,언주,9호선,하행,14,5,16,11.2
metro9-4126,언주,9호선,하행,15,5,17,10.6
metro9-4126,언주,9호선,하행,16,7,19,9.5
metro9-4126,언주,9호선,하행,17,7,23,7.8
metro9-4126,언주,9호선,하행,18,9,25,7.2
metro9-4126,언주,9호선,하행,19,9,24,7.5
metro9-4126,언주,9호선,하행,20,6,21,8.6
metro9-4126,언주,9호선,하행,21,6,17,10.6
metro9-4126,언주,9호선,하행,22,5,17,10.6
metro9-4126,언주,9호선,하행,23,6,16,11.2
metro9-4126,언주,9호선,하행,24,5,11,16.4
metro9-4127,선정릉,9호선,상행,5,2,11,16.4
metro9-4127,선정릉,9호선,상행,6,9,22,8.2
metro9-4127,선정릉,9호선,상행,7,11,36,5.0
metro9-4127,선정릉,9호선,상행,8,16,46,3.9
metro9-4127,선정릉,9호선,상행,9,19,50,3.6
metro9-4127,선정릉,9호선,상행,10,15,45,4.0
metro9-4127,선정릉,9호선,상행,11,11,36,5.0
metro9-4127,선정릉,9호선,상행,12,10,32,5.6
metro9-4127,선정릉,9호선,상행,13,11,32,5.6
metro9-4127,선정릉,9호선,상행,14,11,32,5.6
metro9-4127,선정릉,9호선,상행,15,10,32,5.6
metro9-4127,선정릉,9호선,상행,16,11,33,5.5
metro9-4127,선정릉,9호선,상행,17,12,39,4.6
metro9-4127,선정릉,9호선,상행,18,16,45,4.0
metro9-4127,선정릉,9호선,상행,19,17,50,3.6
metro9-4127,선정릉,9호선,상행,20,17,46,3.9
metro9-4127,선정릉,9호선,상행,21,12,40,4.5
metro9-4127,선정릉,9호선,상행,22,11,34,5.3
metro9-4127,선정릉,9호선,상행,23,11,31,5.8
metro9-4127,선정릉,9호선,상행,24,9,20,9.0
metro9-4127,선정릉,9호선,하행,5,4,14,12.9
metro9-4127,선정릉,9호선,하행,6,10,29,6.2
metro9-4127,선정릉,9호선,하행,7,15,44,4.1
metro9-4127,선정릉,9호선,하행,8,19,49,3.7
metro9-4127,선정릉,9호선,하행,9,15,45,4.0
metro9-4127,선정릉,9호선,하행,10,11,37,4.9
metro9-4127,선정릉,9호선,하행,11,11,33,5.5
metro9-4127,선정릉,9호선,하행,12,11,32,5.6
metro9-4127,선정릉,9호선,하행,13,10,32,5.6
metro9-4127,선정릉,9호선,하행,14,11,32,5.6
metro9-4127,선정릉,9호선,하행,15,11,33,5.5
metro9-4127,선정릉,9호선,하행,16,11,37,4.9
metro9-4127,선정릉,9호선,하행,17,15,44,4.1
metro9-4127,선정릉,9호선,하행,18,18,50,3.6
metro9-4127,선정릉,9호선,하행,19,17,48,3.8
metro9-4127,선정릉,9호선,하행,20,13,41,4.4
metro9-4127,선정릉,9호선,하행,21,11,35,5.1
metro9-4127,선정릉,9호선,하행,22,11,33,5.5
metro9-4127,선정릉,9호선,하행,23,11,28,6.4
metro9-4127,선정릉,9호선,하행,24,6,17,10.6
metro9-4128,삼성중앙,9호선,상행,5,2,7,25.7
metro9-4128,삼성중앙,9호선,상행,6,5,13,13.8
metro9-4128,삼성중앙,9호선,상행,7,6,19,9.5
metro9-4128,삼성중앙,9호선,상행,8,8,24,7.5
metro9-4128,삼성중앙,9호선,상행,9,10,25,7.2
metro9-4128,삼성중앙,9호선,상행,10,7,23,7.8
metro9-4128,삼성중앙,9호선,상행,11,6,18,10.0
metro9-4128,삼성중앙,9호선,상행,12,5,16,11.2
metro9-4128,삼성중앙,9호선,상행,13,5,16,11.2
metro9-4128,삼성중앙,9호선,상행,14,6,16,11.2
metro9-4128,삼성중앙,9호선,상행,15,5,16,11.2
metro9-4128,삼성중앙,9호선,상행,16,5,17,10.6
metro9-4128,삼성중앙,9호선,상행,17,7,20,9.0
metro9-4128,삼성중앙,9호선,상행,18,8,24,7.5
metro9-4128,삼성중앙,9호선,상행,19,9,25,7.2
metro9-4128,삼성중앙,9호선,상행,20,8,24,7.5
metro9-4128,삼성중앙,9호선,상행,21,7,20,9.0
metro9-4128,삼성중앙,9호선,상행,22,5,17,10.6
metro9-4128,삼성중앙,9호선,상행,23,5,16,11.2
metro9-4128,삼성중앙,9호선,상행,24,6,11,16.4
metro9-4128,삼성중앙,9호선,하행,5,2,7,25.7
metro9-4128,삼성중앙,9호선,하행,6,5,15,12.0
metro9-4128,삼성중앙,9호선,하행,7,8,22,8.2
metro9-4128,삼성중앙,9호선,하행,8,9,26,6.9
metro9-4128,삼성중앙,9호선,하행,9,9,23,7.8
metro9-4128,삼성중앙,9호선,하행,10,5,19,9.5
metro9-4128,삼성중앙,9호선,하행,11,5,16,11.2
metro9-4128,삼성중앙,9호선,하행,12,6,16,11.2
metro9-4128,삼성중앙,9호선,하행,13,5,17,10.6
metro9-4128,삼성중앙,9호선,하행,14,6,16,11.2
metro9-4128,삼성중앙,9호선,하행,15,5,17,10.6
metro9-4128,삼성중앙,9호선,하행,16,6,19,9.5
metro9-4128,삼성중앙,9호선,하행,17,8,23,7.8
metro9-4128,삼성중앙,9호선,하행,18,9,25,7.2
metro9-4128,삼성중앙,9호선,하행,19,8,24,7.5
metro9-4128,삼성중앙,9호선,하행,20,7,20,9.0
metro9-4128,삼성중앙,9호선,하행,21,5,18,10.0
metro9-4128,삼성중앙,9호선,하행,22,6,16,11.2
metro9-4128,삼성중앙,9호선,하행,23,5,17,10.6
metro9-4128,삼성중앙,9호선,하행,24,6,11,16.4
metro9-4129,봉은사,9호선,상행,5,2,12,15.0
metro9-4129,봉은사,9호선,상행,6,10,23,7.8
metro9-4129,봉은사,9호선,상행,7,11,37,4.9
metro9-4129,봉은사,9호선,상행,8,16,46,3.9
metro9-4129,봉은사,9호선,상행,9,19,49,3.7
metro9-4129,봉은사,9호선,상행,10,14,44,4.1
metro9-4129,봉은사,9호선,상행,11,11,36,5.0
metro9-4129,봉은사,9호선,상행,12,11,33,5.5
metro9-4129,봉은사,9호선,상행,13,11,32,5.6
metro9-4129,봉은사,9호선,상행,14,10,32,5.6
metro9-4129,봉은사,9호선,상행,15,11,32,5.6
metro9-4129,봉은사,9호선,상행,16,11,33,5.5
metro9-4129,봉은사,9호선,상행,17,11,39,4.6
metro9-4129,봉은사,9호선,상행,18,17,45,4.0
metro9-4129,봉은사,9호선,상행,19,17,51,3.5
metro9-4129,봉은사,9호선,상행,20,17,46,3.9
metro9-4129,봉은사,9호선,상행,21,12,40,4.5
metro9-4129,봉은사,9호선,상행,22,11,34,5.3
metro9-4129,봉은사,9호선,상행,23,11,30,6.0
metro9-4129,봉은사,9호선,상행,24,8,19,9.5
metro9-4129,봉은사,9호선,하행,5,3,13,13.8
metro9-4129,봉은사,9호선,하행,6,10,28,6.4
metro9-4129,봉은사,9호선,하행,7,15,44,4.1
metro9-4129,봉은사,9호선,하행,8,19,49,3.7
metro9-4129,봉은사,9호선,하행,9,15,46,3.9
metro9-4129,봉은사,9호선,하행,10,12,37,4.9
metro9-4129,봉은사,9호선,하행,11,10,33,5.5
metro9-4129,봉은사,9호선,하행,12,11,32,5.6
metro9-4129,봉은사,9호선,하행,13,11,32,5.6
metro9-4129,봉은사,9호선,하행,14,10,32,5.6
metro9-4129,봉은사,9호선,하행,15,11,33,5.5
metro9-4129,봉은사,9호선,하행,16,12,37,4.9
metro9-4129,봉은사,9호선,하행,17,14,44,4.1
metro9-4129,봉은사,9호선,하행,18,18,49,3.7
metro9-4129,봉은사,9호선,하행,19,17,48,3.8
metro9-4129,봉은사,9호선,하행,20,13,41,4.4
metro9-4129,봉은사,9호선,하행,21,11,35,5.1
metro9-4129,봉은사,9호선,하행,22,11,33,5.5
metro9-4129,봉은사,9호선,하행,23,11,29,6.2
metro9-4129,봉은사,9호선,하행,24,7,18,10.0
metro9-4130,종합운동장,9호선,상행,5,2,12,15.0
metro9-4130,종합운동장,9호선,상행,6,10,23,7.8
metro9-4130,종합운동장,9호선,상행,7,11,38,4.7
metro9-4130,종합운동장,9호선,상행,8,17,47,3.8
metro9-4130,종합운동장,9호선,상행,9,19,50,3.6
metro9-4130,종합운동장,9호선,상행,10,14,43,4.2
metro9-4130,종합운동장,9호선,상행,11,10,35,5.1
metro9-4130,종합운동장,9호선,상행,12,11,32,5.6
metro9-4130,종합운동장,9호선,상행,13,11,32,5.6
metro9-4130,종합운동장,9호선,상행,14,10,32,5.6
metro9-4130,종합운동장,9호선,상행,15,11,32,5.6
metro9-4130,종합운동장,9호선,상행,16,11,34,5.3
metro9-4130,종합운동장,9호선,상행,17,12,39,4.6
metro9-4130,종합운동장,9호선,상행,18,16,46,3.9
metro9-4130,종합운동장,9호선,상행,19,18,50,3.6
metro9-4130,종합운동장,9호선,상행,20,16,46,3.9
metro9-4130,종합운동장,9호선,상행,21,12,39,4.6
metro9-4130,종합운동장,9호선,상행,22,11,34,5.3
metro9-4130,종합운동장,9호선,상행,23,11,30,6.0
metro9-4130,종합운동장,9호선,상행,24,8,19,9.5
metro9-4130,종합운동장,9호선,하행,5,3,13,13.8
metro9-4130,종합운동장,9호선,하행,6,10,27,6.7
metro9-4130,종합운동장,9호선,하행,7,14,43,4.2
metro9-4130,종합운동장,9호선,하행,8,19,49,3.7
metro9-4130,종합운동장,9호선,하행,9,16,46,3.9
metro9-4130,종합운동장,9호선,하행,10,11,38,4.7
metro9-4130,종합운동장,9호선,하행,11,11,32,5.6
metro9-4130,종합운동장,9호선,하행,12,10,32,5.6
metro9-4130,종합운동장,9호선,하행,13,11,32,5.6
metro9-4130,종합운동장,9호선,하행,14,11,33,5.5
metro9-4130,종합운동장,9호선,하행,15,11,33,5.5
metro9-4130,종합운동장,9호선,하행,16,11,37,4.9
metro9-4130,종합운동장,9호선,하행,17,15,43,4.2
metro9-4130,종합운동장,9호선,하행,18,17,50,3.6
metro9-4130,종합운동장,9호선,하행,19,18,48,3.8
metro9-4130,종합운동장,9호선,하행,20,13,42,4.3
metro9-4130,종합운동장,9호선,하행,21,11,34,5.3
metro9-4130,종합운동장,9호선,하행,22,10,33,5.5
metro9-4130,종합운동장,9호선,하행,23,12,29,6.2
metro9-4130,종합운동장,9호선,하행,24,7,19,9.5
metro9-4131,삼전,9호선,상행,5,3,7,25.7
metro9-4131,삼전,9호선,상행,6,4,14,12.9
metro9-4131,삼전,9호선,상행,7,7,19,9.5
metro9-4131,삼전,9호선,상행,8,8,25,7.2
metro9-4131,삼전,9호선,상행,9,10,25,7.2
metro9-4131,삼전,9호선,상행,10,7,22,8.2
metro9-4131,삼전,9호선,상행,11,5,18,10.0
metro9-4131,삼전,9호선,상행,12,6,16,11.2
metro9-4131,삼전,9호선,상행,13,5,16,11.2
metro9-4131,삼전,9호선,상행,14,5,16,11.2
metro9-4131,삼전,9호선,상행,15,6,16,11.2
metro9-4131,삼전,9호선,상행,16,5,18,10.0
metro9-4131,삼전,9호선,상행,17,7,20,9.0
metro9-4131,삼전,9호선,상행,18,8,24,7.5
metro9-4131,삼전,9호선,상행,19,9,25,7.2
metro9-4131,삼전,9호선,상행,20,8,23,7.8
metro9-4131,삼전,9호선,상행,21,6,20,9.0
metro9-4131,삼전,9호선,상행,22,6,17,10.6
metro9-4131,삼전,9호선,상행,23,5,16,11.2
metro9-4131,삼전,9호선,상행,24,5,10,18.0
metro9-4131,삼전,9호선,하행,5,3,8,22.5
metro9-4131,삼전,9호선,하행,6,5,15,12.0
metro9-4131,삼전,9호선,하행,7,7,21,8.6
metro9-4131,삼전,9호선,하행,8,9,25,7.2
metro9-4131,삼전,9호선,하행,9,9,23,7.8
metro9-4131,삼전,9호선,하행,10,5,20,9.0
metro9-4131,삼전,9호선,하행,11,6,16,11.2
metro9-4131,삼전,9호선,하행,12,5,17,10.6
metro9-4131,삼전,9호선,하행,13,6,16,11.2
metro9-4131,삼전,9호선,하행,14,5,16,11.2
metro9-4131,삼전,9호선,하행,15,5,17,10.6
metro9-4131,삼전,9호선,하행,16,7,19,9.5
metro9-4131,삼전,9호선,하행,17,7,22,8.2
metro9-4131,삼전,9호선,하행,18,8,24,7.5
metro9-4131,삼전,9호선,하행,19,9,24,7.5
metro9-4131,삼전,9호선,하행,20,7,22,8.2
metro9-4131,삼전,9호선,하행,21,6,18,10.0
metro9-4131,삼전,9호선,하행,22,5,17,10.6
metro9-4131,삼전,9호선,하행,23,6,16,11.2
metro9-4131,삼전,9호선,하행,24,5,11,16.4
metro9-4132,석촌고분,9호선,상행,5,2,6,30.0
metro9-4132,석촌고분,9호선,상행,6,4,13,13.8
metro9-4132,석촌고분,9호선,상행,7,7,20,9.0
metro9-4132,석촌고분,9호선,상행,8,9,25,7.2
metro9-4132,석촌고분,9호선,상행,9,9,25,7.2
metro9-4132,석촌고분,9호선,상행,10,7,22,8.2
metro9-4132,석촌고분,9호선,상행,11,6,18,10.0
metro9-4132,석촌고분,9호선,상행,12,5,16,11.2
metro9-4132,석촌고분,9호선,상행,13,5,16,11.2
metro9-4132,석촌고분,9호선,상행,14,6,16,11.2
metro9-4132,석촌고분,9호선,상행,15,5,16,11.2
metro9-4132,석촌고분,9호선,상행,16,5,17,10.6
metro9-4132,석촌고분,9호선,상행,17,7,20,9.0
metro9-4132,석촌고분,9호선,상행,18,8,24,7.5
metro9-4132,석촌고분,9호선,상행,19,9,25,7.2
metro9-4132,석촌고분,9호선,상행,20,8,23,7.8
metro9-4132,석촌고분,9호선,상행,21,6,20,9.0
metro9-4132,석촌고분,9호선,상행,22,6,17,10.6
metro9-4132,석촌고분,9호선,상행,23,5,17,10.6
metro9-4132,석촌고분,9호선,상행,24,6,11,16.4
metro9-4132,석촌고분,9호선,하행,5,3,8,22.5
metro9-4132,석촌고분,9호선,하행,6,5,15,12.0
metro9-4132,석촌고분,9호선,하행,7,7,21,8.6
metro9-4132,석촌고분,9호선,하행,8,9,25,7.2
metro9-4132,석촌고분,9호선,하행,9,9,23,7.8
metro9-4132,석촌고분,9호선,하행,10,5,20,9.0
metro9-4132,석촌고분,9호선,하행,11,6,16,11.2
metro9-4132,석촌고분,9호선,하행,12,5,16,11.2
metro9-4132,석촌고분,9호선,하행,13,5,16,11.2
metro9-4132,석촌고분,9호선,하행,14,6,16,11.2
metro9-4132,석촌고분,9호선,하행,15,5,17,10.6
metro9-4132,석촌고분,9호선,하행,16,6,18,10.0
metro9-4132,석촌고분,9호선,하행,17,7,22,8.2
metro9-4132,석촌고분,9호선,하행,18,9,25,7.2
metro9-4132,석촌고분,9호선,하행,19,9,25,7.2
metro9-4132,석촌고분,9호선,하행,20,7,22,8.2
metro9-4132,석촌고분,9호선,하행,21,6,18,10.0
metro9-4132,석촌고분,9호선,하행,22,5,16,11.2
metro9-4132,석촌고분,9호선,하행,23,5,16,11.2
metro9-4132,석촌고분,9호선,하행,24,6,11,16.4
metro9-4133,석촌,9호선,상행,5,2,12,15.0
metro9-4133,석촌,9호선,상행,6,10,23,7.8
metro9-4133,석촌,9호선,상행,7,11,39,4.6
metro9-4133,석촌,9호선,상행,8,18,48,3.8
metro9-4133,석촌,9호선,상행,9,19,49,3.7
metro9-4133,석촌,9호선,상행,10,12,43,4.2
metro9-4133,석촌,9호선,상행,11,12,34,5.3
metro9-4133,석촌,9호선,상행,12,10,33,5.5
metro9-4133,석촌,9호선,상행,13,11,32,5.6
metro9-4133,석촌,9호선,상행,14,11,32,5.6
metro9-4133,석촌,9호선,상행,15,10,32,5.6
metro9-4133,석촌,9호선,상행,16,11,33,5.5
metro9-4133,석촌,9호선,상행,17,12,40,4.5
metro9-4133,석촌,9호선,상행,18,17,46,3.9
metro9-4133,석촌,9호선,상행,19,17,50,3.6
metro9-4133,석촌,9호선,상행,20,16,46,3.9
metro9-4133,석촌,9호선,상행,21,13,39,4.6
metro9-4133,석촌,9호선,상행,22,10,34,5.3
metro9-4133,석촌,9호선,상행,23,11,29,6.2
metro9-4133,석촌,9호선,상행,24,8,19,9.5
metro9-4133,석촌,9호선,하행,5,3,13,13.8
metro9-4133,석촌,9호선,하행,6,10,26,6.9
metro9-4133,석촌,9호선,하행,7,13,42,4.3
metro9-4133,석촌,9호선,하행,8,19,49,3.7
metro9-4133,석촌,9호선,하행,9,17,47,3.8
metro9-4133,석촌,9호선,하행,10,11,38,4.7
metro9-4133,석촌,9호선,하행,11,10,33,5.5
metro9-4133,석촌,9호선,하행,12,12,32,5.6
metro9-4133,석촌,9호선,하행,13,10,33,5.5
metro9-4133,석촌,9호선,하행,14,11,32,5.6
metro9-4133,석촌,9호선,하행,15,11,33,5.5
metro9-4133,석촌,9호선,하행,16,11,36,5.0
metro9-4133,석촌,9호선,하행,17,14,43,4.2
metro9-4133,석촌,9호선,하행,18,18,49,3.7
metro9-4133,석촌,9호선,하행,19,17,49,3.7
metro9-4133,석촌,9호선,하행,20,14,41,4.4
metro9-4133,석촌,9호선,하행,21,10,36,5.0
metro9-4133,석촌,9호선,하행,22,12,32,5.6
metro9-4133,석촌,9호선,하행,23,10,30,6.0
metro9-4133,석촌,9호선,하행,24,8,18,10.0
metro9-4134,송파나루,9호선,상행,5,2,7,25.7
metro9-4134,송파나루,9호선,상행,6,5,13,13.8
metro9-4134,송파나루,9호선,상행,7,6,20,9.0
metro9-4134,송파나루,9호선,상행,8,9,25,7.2
metro9-4134,송파나루,9호선,상행,9,10,25,7.2
metro9-4134,송파나루,9호선,상행,10,6,22,8.2
metro9-4134,송파나루,9호선,상행,11,6,17,10.6
metro9-4134,송파나루,9호선,상행,12,5,17,10.6
metro9-4134,송파나루,9호선,상행,13,6,16,11.2
metro9-4134,송파나루,9호선,상행,14,5,16,11.2
metro9-4134,송파나루,9호선,상행,15,5,16,11.2
metro9-4134,송파나루,9호선,상행,16,6,17,10.6
metro9-4134,송파나루,9호선,상행,17,6,21,8.6
metro9-4134,송파나루,9호선,상행,18,9,23,7.8
metro9-4134,송파나루,9호선,상행,19,8,25,7.2
metro9-4134,송파나루,9호선,상행,20,8,23,7.8
metro9-4134,송파나루,9호선,상행,21,7,20,9.0
metro9-4134,송파나루,9호선,상행,22,5,18,10.0
metro9-4134,송파나루,9호선,상행,23,6,16,11.2
metro9-4134,송파나루,9호선,상행,24,5,11,16.4
metro9-4134,송파나루,9호선,하행,5,2,7,25.7
metro9-4134,송파나루,9호선,하행,6,5,14,12.9
metro9-4134,송파나루,9호선,하행,7,7,21,8.6
metro9-4134,송파나루,9호선,하행,8,9,25,7.2
metro9-4134,송파나루,9호선,하행,9,9,24,7.5
metro9-4134,송파나루,9호선,하행,10,6,20,9.0
metro9-4134,송파나루,9호선,하행,11,5,16,11.2
metro9-4134,송파나루,9호선,하행,12,5,16,11.2
metro9-4134,송파나루,9호선,하행,13,6,16,11.2
metro9-4134,송파나루,9호선,하행,14,5,17,10.6
metro9-4134,송파나루,9호선,하행,15,6,16,11.2
metro9-4134,송파나루,9호선,하행,16,5,18,10.0
metro9-4134,송파나루,9호선,하행,17,7,21,8.6
metro9-4134,송파나루,9호선,하행,18,9,25,7.2
metro9-4134,송파나루,9호선,하행,19,9,26,6.9
metro9-4134,송파나루,9호선,하행,20,8,22,8.2
metro9-4134,송파나루,9호선,하행,21,5,18,10.0
metro9-4134,송파나루,9호선,하행,22,5,16,11.2
metro9-4134,송파나루,9호선,하행,23,6,17,10.6
metro9-4134,송파나루,9호선,하행,24,6,12,15.0
metro9-4135,한성백제,9호선,상행,5,2,7,25.7
metro9-4135,한성백제,9호선,상행,6,5,14,12.9
metro9-4135,한성백제,9호선,상행,7,7,21,8.6
metro9-4135,한성백제,9호선,상행,8,9,25,7.2
metro9-4135,한성백제,9호선,상행,9,9,25,7.2
metro9-4135,한성백제,9호선,상행,10,7,21,8.6
metro9-4135,한성백제,9호선,상행,11,5,18,10.0
metro9-4135,한성백제,9호선,상행,12,6,16,11.2
metro9-4135,한성백제,9호선,상행,13,5,16,11.2
metro9-4135,한성백제,9호선,상행,14,5,16,11.2
metro9-4135,한성백제,9호선,상행,15,6,16,11.2
metro9-4135,한성백제,9호선,상행,16,5,18,10.0
metro9-4135,한성백제,9호선,상행,17,7,20,9.0
metro9-4135,한성백제,9호선,상행,18,8,24,7.5
metro9-4135,한성백제,9호선,상행,19,9,25,7.2
metro9-4135,한성백제,9호선,상행,20,8,23,7.8
metro9-4135,한성백제,9호선,상행,21,6,20,9.0
metro9-4135,한성백제,9호선,상행,22,6,17,10.6
metro9-4135,한성백제,9호선,상행,23,5,16,11.2
metro9-4135,한성백제,9호선,상행,24,5,10,18.0
metro9-4135,한성백제,9호선,하행,5,2,7,25.7
metro9-4135,한성백제,9호선,하행,6,5,13,13.8
metro9-4135,한성백제,9호선,하행,7,6,21,8.6
metro9-4135,한성백제,9호선,하행,8,10,25,7.2
metro9-4135,한성백제,9호선,하행,9,9,25,7.2
metro9-4135,한성백제,9호선,하행,10,6,20,9.0
metro9-4135,한성백제,9호선,하행,11,5,16,11.2
metro9-4135,한성백제,9호선,하행,12,5,16,11.2
metro9-4135,한성백제,9호선,하행,13,6,16,11.2
metro9-4135,한성백제,9호선,하행,14,5,16,11.2
metro9-4135,한성백제,9호선,하행,15,5,16,11.2
metro9-4135,한성백제,9호선,하행,16,6,18,10.0
metro9-4135,한성백제,9호선,하행,17,7,22,8.2
metro9-4135,한성백제,9호선,하행,18,9,25,7.2
metro9-4135,한성백제,9호선,하행,19,9,25,7.2
metro9-4135,한성백제,9호선,하행,20,7,22,8.2
metro9-4135,한성백제,9호선,하행,21,6,18,10.0
metro9-4135,한성백제,9호선,하행,22,5,17,10.6
metro9-4135,한성백제,9호선,하행,23,6,17,10.6
metro9-4135,한성백제,9호선,하행,24,6,12,15.0
metro9-4136,올림픽공원(한국체대),9호선,상행,5,3,13,13.8
metro9-4136,올림픽공원(한국체대),9호선,상행,6,10,25,7.2
metro9-4136,올림픽공원(한국체대),9호선,상행,7,12,40,4.5
metro9-4136,올림픽공원(한국체대),9호선,상행,8,18,48,3.8
metro9-4136,올림픽공원(한국체대),9호선,상행,9,18,49,3.7
metro9-4136,올림픽공원(한국체대),9호선,상행,10,13,41,4.4
metro9-4136,올림픽공원(한국체대),9호선,상행,11,10,34,5.3
metro9-4136,올림픽공원(한국체대),9호선,상행,12,11,32,5.6
metro9-4136,올림픽공원(한국체대),9호선,상행,13,11,32,5.6
metro9-4136,올림픽공원(한국체대),9호선,상행,14,10,32,5.6
metro9-4136,올림픽공원(한국체대),9호선,상행,15,11,32,5.6
metro9-4136,올림픽공원(한국체대),9호선,상행,16,11,35,5.1
metro9-4136,올림픽공원(한국체대),9호선,상행,17,13,41,4.4
metro9-4136,올림픽공원(한국체대),9호선,상행,18,17,47,3.8
metro9-4136,올림픽공원(한국체대),9호선,상행,19,17,50,3.6
metro9-4136,올림픽공원(한국체대),9호선,상행,20,16,44,4.1
metro9-4136,올림픽공원(한국체대),9호선,상행,21,11,39,4.6
metro9-4136,올림픽공원(한국체대),9호선,상행,22,12,33,5.5
metro9-4136,올림픽공원(한국체대),9호선,상행,23,10,29,6.2
metro9-4136,올림픽공원(한국체대),9호선,상행,24,7,17,10.6
metro9-4136,올림픽공원(한국체대),9호선,하행,5,2,12,15.0
metro9-4136,올림픽공원(한국체대),9호선,하행,6,10,24,7.5
metro9-4136,올림픽공원(한국체대),9호선,하행,7,12,41,4.4
metro9-4136,올림픽공원(한국체대),9호선,하행,8,19,49,3.7
metro9-4136,올림픽공원(한국체대),9호선,하행,9,18,48,3.8
metro9-4136,올림픽공원(한국체대),9호선,하행,10,11,40,4.5
metro9-4136,올림픽공원(한국체대),9호선,하행,11,11,32,5.6
metro9-4136,올림픽공원(한국체대),9호선,하행,12,10,32,5.6
metro9-4136,올림픽공원(한국체대),9호선,하행,13,11,32,5.6
metro9-4136,올림픽공원(한국체대),9호선,하행,14,11,32,5.6
metro9-4136,올림픽공원(한국체대),9호선,하행,15,10,33,5.5
metro9-4136,올림픽공원(한국체대),9호선,하행,16,12,35,5.1
metro9-4136,올림픽공원(한국체대),9호선,하행,17,13,43,4.2
metro9-4136,올림픽공원(한국체대),9호선,하행,18,18,48,3.8
metro9-4136,올림픽공원(한국체대),9호선,하행,19,17,49,3.7
metro9-4136,올림픽공원(한국체대),9호선,하행,20,14,43,4.2
metro9-4136,올림픽공원(한국체대),9호선,하행,21,12,36,5.0
metro9-4136,올림픽공원(한국체대),9호선,하행,22,10,34,5.3
metro9-4136,올림픽공원(한국체대),9호선,하행,23,12,30,6.0
metro9-4136,올림픽공원(한국체대),9호선,하행,24,8,20,9.0
metro9-4137,둔촌오륜,9호선,상행,5,3,8,22.5
metro9-4137,둔촌오륜,9호선,상행,6,5,14,12.9
metro9-4137,둔촌오륜,9호선,상행,7,6,20,9.0
metro9-4137,둔촌오륜,9호선,상행,8,9,25,7.2
metro9-4137,둔촌오륜,9호선,상행,9,10,25,7.2
metro9-4137,둔촌오륜,9호선,상행,10,6,22,8.2
metro9-4137,둔촌오륜,9호선,상행,11,6,17,10.6
metro9-4137,둔촌오륜,9호선,상행,12,5,16,11.2
metro9-4137,둔촌오륜,9호선,상행,13,5,16,11.2
metro9-4137,둔촌오륜,9호선,상행,14,6,16,11.2
metro9-4137,둔촌오륜,9호선,상행,15,5,16,11.2
metro9-4137,둔촌오륜,9호선,상행,16,5,17,10.6
metro9-4137,둔촌오륜,9호선,상행,17,7,21,8.6
metro9-4137,둔촌오륜,9호선,상행,18,9,25,7.2
metro9-4137,둔촌오륜,9호선,상행,19,9,25,7.2
metro9-4137,둔촌오륜,9호선,상행,20,7,23,7.8
metro9-4137,둔촌오륜,9호선,상행,21,7,19,9.5
metro9-4137,둔촌오륜,9호선,상행,22,5,17,10.6
metro9-4137,둔촌오륜,9호선,상행,23,5,15,12.0
metro9-4137,둔촌오륜,9호선,상행,24,5,10,18.0
metro9-4137,둔촌오륜,9호선,하행,5,2,7,25.7
metro9-4137,둔촌오륜,9호선,하행,6,5,12,15.0
metro9-4137,둔촌오륜,9호선,하행,7,5,20,9.0
metro9-4137,둔촌오륜,9호선,하행,8,10,24,7.5
metro9-4137,둔촌오륜,9호선,하행,9,9,25,7.2
metro9-4137,둔촌오륜,9호선,하행,10,6,20,9.0
metro9-4137,둔촌오륜,9호선,하행,11,5,17,10.6
metro9-4137,둔촌오륜,9호선,하행,12,6,16,11.2
metro9-4137,둔촌오륜,9호선,하행,13,5,17,10.6
metro9-4137,둔촌오륜,9호선,하행,14,6,16,11.2
metro9-4137,둔촌오륜,9호선,하행,15,5,16,11.2
metro9-4137,둔촌오륜,9호선,하행,16,5,18,10.0
metro9-4137,둔촌오륜,9호선,하행,17,8,21,8.6
metro9-4137,둔촌오륜,9호선,하행,18,8,25,7.2
metro9-4137,둔촌오륜,9호선,하행,19,9,25,7.2
metro9-4137,둔촌오륜,9호선,하행,20,8,22,8.2
metro9-4137,둔촌오륜,9호선,하행,21,5,19,9.5
metro9-4137,둔촌오륜,9호선,하행,22,6,16,11.2
metro9-4137,둔촌오륜,9호선,하행,23,5,17,10.6
metro9-4137,둔촌오륜,9호선,하행,24,6,12,15.0
metro9-4137,둔촌오륜,9호선,하행,25,1,7,25.7
metro9-4138,중앙보훈병원,9호선,상행,5,4,14,12.9
metro9-4138,중앙보훈병원,9호선,상행,6,10,26,6.9
metro9-4138,중앙보훈병원,9호선,상행,7,12,40,4.5
metro9-4138,중앙보훈병원,9호선,상행,8,18,48,3.8
metro9-4138,중앙보훈병원,9호선,상행,9,18,48,3.8
metro9-4138,중앙보훈병원,9호선,상행,10,12,41,4.4
metro9-4138,중앙보훈병원,9호선,상행,11,11,34,5.3
metro9-4138,중앙보훈병원,9호선,상행,12,11,33,5.5
metro9-4138,중앙보훈병원,9호선,상행,13,11,32,5.6
metro9-4138,중앙보훈병원,9호선,상행,14,10,32,5.6
metro9-4138,중앙보훈병원,9호선,상행,15,11,32,5.6
metro9-4138,중앙보훈병원,9호선,상행,16,11,35,5.1
metro9-4138,중앙보훈병원,9호선,상행,17,13,41,4.4
metro9-4138,중앙보훈병원,9호선,상행,18,17,48,3.8
metro9-4138,중앙보훈병원,9호선,상행,19,18,49,3.7
metro9-4138,중앙보훈병원,9호선,상행,20,14,44,4.1
metro9-4138,중앙보훈병원,9호선,상행,21,12,37,4.9
metro9-4138,중앙보훈병원,9호선,상행,22,11,34,5.3
metro9-4138,중앙보훈병원,9호선,상행,23,11,28,6.4
metro9-4138,중앙보훈병원,9호선,상행,24,6,17,10.6
seoul9-4101,개화,9호선,하행,5,3,11,16.4
seoul9-4101,개화,9호선,하행,6,8,21,8.6
seoul9-4101,개화,9호선,하행,7,10,25,7.2
seoul9-4101,개화,9호선,하행,8,7,23,7.8
seoul9-4101,개화,9호선,하행,9,6,18,10.0
seoul9-4101,개화,9호선,하행,10,5,16,11.2
seoul9-4101,개화,9호선,하행,11,5,16,11.2
seoul9-4101,개화,9호선,하행,12,6,16,11.2
seoul9-4101,개화,9호선,하행,13,5,16,11.2
seoul9-4101,개화,9호선,하행,14,5,17,10.6
seoul9-4101,개화,9호선,하행,15,7,20,9.0
seoul9-4101,개화,9호선,하행,16,8,24,7.5
seoul9-4101,개화,9호선,하행,17,9,25,7.2
seoul9-4101,개화,9호선,하행,18,8,23,7.8
seoul9-4101,개화,9호선,하행,19,6,20,9.0
seoul9-4101,개화,9호선,하행,20,6,17,10.6
seoul9-4101,개화,9호선,하행,21,5,17,10.6
seoul9-4101,개화,9호선,하행,22,6,16,11.2
seoul9-4101,개화,9호선,하행,23,5,15,12.0
seoul9-4101,개화,9호선,하행,24,4,9,20.0
seoul9-4102,김포공항,9호선,상행,5,2,6,30.0
seoul9-4102,김포공항,9호선,상행,6,4,11,16.4
seoul9-4102,김포공항,9호선,상행,7,5,15,12.0
seoul9-4102,김포공항,9호선,상행,8,6,19,9.5
seoul9-4102,김포공항,9호선,상행,9,8,23,7.8
seoul9-4102,김포공항,9호선,상행,10,9,25,7.2
seoul9-4102,김포공항,9호선,상행,11,8,23,7.8
seoul9-4102,김포공항,9호선,상행,12,6,19,9.5
seoul9-4102,김포공항,9호선,상행,13,5,16,11.2
seoul9-4102,김포공항,9호선,상행,14,5,16,11.2
seoul9-4102,김포공항,9호선,상행,15,6,16,11.2
seoul9-4102,김포공항,9호선,상행,16,5,16,11.2
seoul9-4102,김포공항,9호선,상행,17,5,16,11.2
seoul9-4102,김포공항,9호선,상행,18,6,19,9.5
seoul9-4102,김포공항,9호선,상행,19,8,23,7.8
seoul9-4102,김포공항,9호선,상행,20,9,26,6.9
seoul9-4102,김포공항,9호선,상행,21,9,25,7.2
seoul9-4102,김포공항,9호선,상행,22,7,21,8.6
seoul9-4102,김포공항,9호선,상행,23,5,17,10.6
seoul9-4102,김포공항,9호선,상행,24,5,11,16.4
seoul9-4102,김포공항,9호선,상행,25,1,6,30.0
seoul9-4102,김포공항,9호선,하행,5,6,20,9.0
seoul9-4102,김포공항,9호선,하행,6,14,39,4.6
seoul9-4102,김포공항,9호선,하행,7,19,49,3.7
seoul9-4102,김포공항,9호선,하행,8,16,46,3.9
seoul9-4102,김포공항,9호선,하행,9,11,37,4.9
seoul9-4102,김포공항,9호선,하행,10,10,32,5.6
seoul9-4102,김포공항,9호선,하행,11,11,32,5.6
seoul9-4102,김포공항,9호선,하행,12,11,33,5.5
seoul9-4102,김포공항,9호선,하행,13,11,33,5.5
seoul9-4102,김포공항,9호선,하행,14,11,33,5.5
seoul9-4102,김포공항,9호선,하행,15,11,36,5.0
seoul9-4102,김포공항,9호선,하행,16,14,43,4.2
seoul9-4102,김포공항,9호선,하행,17,18,50,3.6
seoul9-4102,김포공항,9호선,하행,18,18,49,3.7
seoul9-4102,김포공항,9호선,하행,19,13,41,4.4
seoul9-4102,김포공항,9호선,하행,20,10,34,5.3
seoul9-4102,김포공항,9호선,하행,21,11,32,5.6
seoul9-4102,김포공항,9호선,하행,22,11,31,5.8
seoul9-4102,김포공항,9호선,하행,23,9,24,7.5
seoul9-4102,김포공항,9호선,하행,24,4,13,13.8
seoul9-4103,공항시장,9호선,상행,5,2,6,30.0
seoul9-4103,공항시장,9호선,상행,6,4,11,16.4
seoul9-4103,공항시장,9호선,상행,7,5,15,12.0
seoul9-4103,공항시장,9호선,상행,8,6,19,9.5
seoul9-4103,공항시장,9호선,상행,9,8,23,7.8
seoul9-4103,공항시장,9호선,상행,10,9,25,7.2
seoul9-4103,공항시장,9호선,상행,11,8,23,7.8
seoul9-4103,공항시장,9호선,상행,12,6,19,9.5
seoul9-4103,공항시장,9호선,상행,13,5,17,10.6
seoul9-4103,공항시장,9호선,상행,14,6,16,11.2
seoul9-4103,공항시장,9호선,상행,15,5,16,11.2
seoul9-4103,공항시장,9호선,상행,16,5,16,11.2
seoul9-4103,공항시장,9호선,상행,17,6,17,10.6
seoul9-4103,공항시장,9호선,상행,18,6,20,9.0
seoul9-4103,공항시장,9호선,상행,19,8,22,8.2
seoul9-4103,공항시장,9호선,상행,20,8,25,7.2
seoul9-4103,공항시장,9호선,상행,21,9,24,7.5
seoul9-4103,공항시장,9호선,상행,22,7,21,8.6
seoul9-4103,공항시장,9호선,상행,23,5,18,10.0
seoul9-4103,공항시장,9호선,상행,24,6,11,16.4
seoul9-4103,공항시장,9호선,하행,5,2,10,18.0
seoul9-4103,공항시장,9호선,하행,6,8,20,9.0
seoul9-4103,공항시장,9호선,하행,7,10,25,7.2
seoul9-4103,공항시장,9호선,하행,8,7,23,7.8
seoul9-4103,공항시장,9호선,하행,9,6,18,10.0
seoul9-4103,공항시장,9호선,하행,10,5,17,10.6
seoul9-4103,공항시장,9호선,하행,11,6,16,11.2
seoul9-4103,공항시장,9호선,하행,12,5,16,11.2
seoul9-4103,공항시장,9호선,하행,13,5,16,11.2
seoul9-4103,공항시장,9호선,하행,14,6,17,10.6
seoul9-4103,공항시장,9호선,하행,15,6,20,9.0
seoul9-4103,공항시장,9호선,하행,16,8,23,7.8
seoul9-4103,공항시장,9호선,하행,17,9,25,7.2
seoul9-4103,공항시장,9호선,하행,18,8,24,7.5
seoul9-4103,공항시장,9호선,하행,19,7,20,9.0
seoul9-4103,공항시장,9호선,하행,20,5,18,10.0
seoul9-4103,공항시장,9호선,하행,21,6,16,11.2
seoul9-4103,공항시장,9호선,하행,22,5,17,10.6
seoul9-4103,공항시장,9호선,하행,23,6,15,12.0
seoul9-4103,공항시장,9호선,하행,24,4,10,18.0
seoul9-4104,신방화,9호선,상행,5,2,6,30.0
seoul9-4104,신방화,9호선,상행,6,4,11,16.4
seoul9-4104,신방화,9호선,상행,7,5,15,12.0
seoul9-4104,신방화,9호선,상행,8,6,19,9.5
seoul9-4104,신방화,9호선,상행,9,8,24,7.5
seoul9-4104,신방화,9호선,상행,10,10,26,6.9
seoul9-4104,신방화,9호선,상행,11,8,23,7.8
seoul9-4104,신방화,9호선,상행,12,5,18,10.0
seoul9-4104,신방화,9호선,상행,13,5,16,11.2
seoul9-4104,신방화,9호선,상행,14,6,16,11.2
seoul9-4104,신방화,9호선,상행,15,5,16,11.2
seoul9-4104,신방화,9호선,상행,16,5,16,11.2
seoul9-4104,신방화,9호선,상행,17,6,17,10.6
seoul9-4104,신방화,9호선,상행,18,6,20,9.0
seoul9-4104,신방화,9호선,상행,19,8,23,7.8
seoul9-4104,신방화,9호선,상행,20,9,25,7.2
seoul9-4104,신방화,9호선,상행,21,8,24,7.5
seoul9-4104,신방화,9호선,상행,22,7,20,9.0
seoul9-4104,신방화,9호선,상행,23,5,18,10.0
seoul9-4104,신방화,9호선,상행,24,6,11,16.4
seoul9-4104,신방화,9호선,하행,5,2,10,18.0
seoul9-4104,신방화,9호선,하행,6,8,19,9.5
seoul9-4104,신방화,9호선,하행,7,9,25,7.2
seoul9-4104,신방화,9호선,하행,8,8,23,7.8
seoul9-4104,신방화,9호선,하행,9,6,19,9.5
seoul9-4104,신방화,9호선,하행,10,5,17,10.6
seoul9-4104,신방화,9호선,하행,11,6,16,11.2
seoul9-4104,신방화,9호선,하행,12,5,16,11.2
seoul9-4104,신방화,9호선,하행,13,5,16,11.2
seoul9-4104,신방화,9호선,하행,14,6,17,10.6
seoul9-4104,신방화,9호선,하행,15,6,20,9.0
seoul9-4104,신방화,9호선,하행,16,8,22,8.2
seoul9-4104,신방화,9호선,하행,17,8,25,7.2
seoul9-4104,신방화,9호선,하행,18,9,24,7.5
seoul9-4104,신방화,9호선,하행,19,7,21,8.6
seoul9-4104,신방화,9호선,하행,20,5,18,10.0
seoul9-4104,신방화,9호선,하행,21,6,16,11.2
seoul9-4104,신방화,9호선,하행,22,5,16,11.2
seoul9-4104,신방화,9호선,하행,23,5,15,12.0
seoul9-4104,신방화,9호선,하행,24,5,10,18.0
seoul9-4105,마곡나루(서울식물원),9호선,상행,5,2,9,20.0
seoul9-4105,마곡나루(서울식물원),9호선,상행,6,7,17,10.6
seoul9-4105,마곡나루(서울식물원),9호선,상행,7,8,27,6.7
seoul9-4105,마곡나루(서울식물원),9호선,상행,8,12,38,4.7
seoul9-4105,마곡나루(서울식물원),9호선,상행,9,18,48,3.8
seoul9-4105,마곡나루(서울식물원),9호선,상행,10,18,50,3.6
seoul9-4105,마곡나루(서울식물원),9호선,상행,11,14,42,4.3
seoul9-4105,마곡나루(서울식물원),9호선,상행,12,10,35,5.1
seoul9-4105,마곡나루(서울식물원),9호선,상행,13,11,32,5.6
seoul9-4105,마곡나루(서울식물원),9호선,상행,14,11,32,5.6
seoul9-4105,마곡나루(서울식물원),9호선,상행,15,10,32,5.6
seoul9-4105,마곡나루(서울식물원),9호선,상행,16,11,32,5.6
seoul9-4105,마곡나루(서울식물원),9호선,상행,17,11,34,5.3
seoul9-4105,마곡나루(서울식물원),9호선,상행,18,12,40,4.5
seoul9-4105,마곡나루(서울식물원),9호선,상행,19,17,46,3.9
seoul9-4105,마곡나루(서울식물원),9호선,상행,20,17,51,3.5
seoul9-4105,마곡나루(서울식물원),9호선,상행,21,17,45,4.0
seoul9-4105,마곡나루(서울식물원),9호선,상행,22,11,40,4.5
seoul9-4105,마곡나루(서울식물원),9호선,상행,23,12,33,5.5
seoul9-4105,마곡나루(서울식물원),9호선,상행,24,10,23,7.8
seoul9-4105,마곡나루(서울식물원),9호선,상행,25,1,11,16.4
seoul9-4105,마곡나루(서울식물원),9호선,하행,5,6,19,9.5
seoul9-4105,마곡나루(서울식물원),9호선,하행,6,13,39,4.6
seoul9-4105,마곡나루(서울식물원),9호선,하행,7,20,49,3.7
seoul9-4105,마곡나루(서울식물원),9호선,하행,8,16,47,3.8
seoul9-4105,마곡나루(서울식물원),9호선,하행,9,11,38,4.7
seoul9-4105,마곡나루(서울식물원),9호선,하행,10,11,32,5.6
seoul9-4105,마곡나루(서울식물원),9호선,하행,11,10,33,5.5
seoul9-4105,마곡나루(서울식물원),9호선,하행,12,12,32,5.6
seoul9-4105,마곡나루(서울식물원),9호선,하행,13,10,32,5.6
seoul9-4105,마곡나루(서울식물원),9호선,하행,14,10,33,5.5
seoul9-4105,마곡나루(서울식물원),9호선,하행,15,13,36,5.0
seoul9-4105,마곡나루(서울식물원),9호선,하행,16,13,44,4.1
seoul9-4105,마곡나루(서울식물원),9호선,하행,17,18,48,3.8
seoul9-4105,마곡나루(서울식물원),9호선,하행,18,17,48,3.8
seoul9-4105,마곡나루(서울식물원),9호선,하행,19,13,42,4.3
seoul9-4105,마곡나루(서울식물원),9호선,하행,20,12,35,5.1
seoul9-4105,마곡나루(서울식물원),9호선,하행,21,10,34,5.3
seoul9-4105,마곡나루(서울식물원),9호선,하행,22,12,30,6.0
seoul9-4105,마곡나루(서울식물원),9호선,하행,23,8,25,7.2
seoul9-4105,마곡나루(서울식물원),9호선,하행,24,5,13,13.8
seoul9-4106,양천향교,9호선,상행,5,3,7,25.7
seoul9-4106,양천향교,9호선,상행,6,4,11,16.4
seoul9-4106,양천향교,9호선,상행,7,4,15,12.0
seoul9-4106,양천향교,9호선,상행,8,7,19,9.5
seoul9-4106,양천향교,9호선,상행,9,8,25,7.2
seoul9-4106,양천향교,9호선,상행,10,10,25,7.2
seoul9-4106,양천향교,9호선,상행,11,7,22,8.2
seoul9-4106,양천향교,9호선,상행,12,5,18,10.0
seoul9-4106,양천향교,9호선,상행,13,6,16,11.2
seoul9-4106,양천향교,9호선,상행,14,5,16,11.2
seoul9-4106,양천향교,9호선,상행,15,5,16,11.2
seoul9-4106,양천향교,9호선,상행,16,6,16,11.2
seoul9-4106,양천향교,9호선,상행,17,5,17,10.6
seoul9-4106,양천향교,9호선,상행,18,6,20,9.0
seoul9-4106,양천향교,9호선,상행,19,9,23,7.8
seoul9-4106,양천향교,9호선,상행,20,8,26,6.9
seoul9-4106,양천향교,9호선,상행,21,9,23,7.8
seoul9-4106,양천향교,9호선,상행,22,6,21,8.6
seoul9-4106,양천향교,9호선,상행,23,6,17,10.6
seoul9-4106,양천향교,9호선,상행,24,5,12,15.0
seoul9-4106,양천향교,9호선,상행,25,1,6,30.0
seoul9-4106,양천향교,9호선,하행,5,3,10,18.0
seoul9-4106,양천향교,9호선,하행,6,7,20,9.0
seoul9-4106,양천향교,9호선,하행,7,10,25,7.2
seoul9-4106,양천향교,9호선,하행,8,8,23,7.8
seoul9-4106,양천향교,9호선,하행,9,5,19,9.5
seoul9-4106,양천향교,9호선,하행,10,6,16,11.2
seoul9-4106,양천향교,9호선,하행,11,5,17,10.6
seoul9-4106,양천향교,9호선,하행,12,6,16,11.2
seoul9-4106,양천향교,9호선,하행,13,5,16,11.2
seoul9-4106,양천향교,9호선,하행,14,5,17,10.6
seoul9-4106,양천향교,9호선,하행,15,7,19,9.5
seoul9-4106,양천향교,9호선,하행,16,7,23,7.8
seoul9-4106,양천향교,9호선,하행,17,9,24,7.5
seoul9-4106,양천향교,9호선,하행,18,8,24,7.5
seoul9-4106,양천향교,9호선,하행,19,7,21,8.6
seoul9-4106,양천향교,9호선,하행,20,6,18,10.0
seoul9-4106,양천향교,9호선,하행,21,5,17,10.6
seoul9-4106,양천향교,9호선,하행,22,6,16,11.2
seoul9-4106,양천향교,9호선,하행,23,5,16,11.2
seoul9-4106,양천향교,9호선,하행,24,5,10,18.0
seoul9-4107,가양,9호선,상행,5,3,9,20.0
seoul9-4107,가양,9호선,상행,6,6,19,9.5
seoul9-4107,가양,9호선,상행,7,10,28,6.4
seoul9-4107,가양,9호선,상행,8,12,39,4.6
seoul9-4107,가양,9호선,상행,9,17,47,3.8
seoul9-4107,가양,9호선,상행,10,18,48,3.8
seoul9-4107,가양,9호선,상행,11,13,43,4.2
seoul9-4107,가양,9호선,상행,12,12,35,5.1
seoul9-4107,가양,9호선,상행,13,10,33,5.5
seoul9-4107,가양,9호선,상행,14,11,32,5.6
seoul9-4107,가양,9호선,상행,15,11,32,5.6
seoul9-4107,가양,9호선,상행,16,10,32,5.6
seoul9-4107,가양,9호선,상행,17,11,34,5.3
seoul9-4107,가양,9호선,상행,18,13,40,4.5
seoul9-4107,가양,9호선,상행,19,16,47,3.8
seoul9-4107,가양,9호선,상행,20,18,49,3.7
seoul9-4107,가양,9호선,상행,21,15,46,3.9
seoul9-4107,가양,9호선,상행,22,13,38,4.7
seoul9-4107,가양,9호선,상행,23,10,35,5.1
seoul9-4107,가양,9호선,상행,24,12,22,8.2
seoul9-4107,가양,9호선,하행,5,5,17,10.6
seoul9-4107,가양,9호선,하행,6,12,37,4.9
seoul9-4107,가양,9호선,하행,7,20,49,3.7
seoul9-4107,가양,9호선,하행,8,17,48,3.8
seoul9-4107,가양,9호선,하행,9,11,38,4.7
seoul9-4107,가양,9호선,하행,10,10,33,5.5
seoul9-4107,가양,9호선,하행,11,12,32,5.6
seoul9-4107,가양,9호선,하행,12,10,32,5.6
seoul9-4107,가양,9호선,하행,13,10,32,5.6
seoul9-4107,가양,9호선,하행,14,12,33,5.5
seoul9-4107,가양,9호선,하행,15,11,36,5.0
seoul9-4107,가양,9호선,하행,16,13,42,4.3
seoul9-4107,가양,9호선,하행,17,18,49,3.7
seoul9-4107,가양,9호선,하행,18,18,50,3.6
seoul9-4107,가양,9호선,하행,19,14,42,4.3
seoul9-4107,가양,9호선,하행,20,10,36,5.0
seoul9-4107,가양,9호선,하행,21,12,32,5.6
seoul9-4107,가양,9호선,하행,22,10,32,5.6
seoul9-4107,가양,9호선,하행,23,10,24,7.5
seoul9-4107,가양,9호선,하행,24,4,14,12.9
seoul9-4108,증미,9호선,상행,5,2,6,30.0
seoul9-4108,증미,9호선,상행,6,4,11,16.4
seoul9-4108,증미,9호선,상행,7,5,15,12.0
seoul9-4108,증미,9호선,상행,8,6,20,9.0
seoul9-4108,증미,9호선,상행,9,9,25,7.2
seoul9-4108,증미,9호선,상행,10,10,26,6.9
seoul9-4108,증미,9호선,상행,11,7,22,8.2
seoul9-4108,증미,9호선,상행,12,5,17,10.6
seoul9-4108,증미,9호선,상행,13,5,16,11.2
seoul9-4108,증미,9호선,상행,14,6,16,11.2
seoul9-4108,증미,9호선,상행,15,5,16,11.2
seoul9-4108,증미,9호선,상행,16,5,16,11.2
seoul9-4108,증미,9호선,상행,17,6,17,10.6
seoul9-4108,증미,9호선,상행,18,6,21,8.6
seoul9-4108,증미,9호선,상행,19,9,23,7.8
seoul9-4108,증미,9호선,상행,20,8,25,7.2
seoul9-4108,증미,9호선,상행,21,8,23,7.8
seoul9-4108,증미,9호선,상행,22,7,20,9.0
seoul9-4108,증미,9호선,상행,23,5,18,10.0
seoul9-4108,증미,9호선,상행,24,6,11,16.4
seoul9-4108,증미,9호선,하행,5,2,9,20.0
seoul9-4108,증미,9호선,하행,6,7,18,10.0
seoul9-4108,증미,9호선,하행,7,9,25,7.2
seoul9-4108,증미,9호선,하행,8,9,24,7.5
seoul9-4108,증미,9호선,하행,9,6,20,9.0
seoul9-4108,증미,9호선,하행,10,5,16,11.2
seoul9-4108,증미,9호선,하행,11,5,16,11.2
seoul9-4108,증미,9호선,하행,12,6,16,11.2
seoul9-4108,증미,9호선,하행,13,5,17,10.6
seoul9-4108,증미,9호선,하행,14,6,17,10.6
seoul9-4108,증미,9호선,하행,15,6,19,9.5
seoul9-4108,증미,9호선,하행,16,7,22,8.2
seoul9-4108,증미,9호선,하행,17,9,24,7.5
seoul9-4108,증미,9호선,하행,18,8,25,7.2
seoul9-4108,증미,9호선,하행,19,8,21,8.6
seoul9-4108,증미,9호선,하행,20,5,19,9.5
seoul9-4108,증미,9호선,하행,21,6,16,11.2
seoul9-4108,증미,9호선,하행,22,5,17,10.6
seoul9-4108,증미,9호선,하행,23,6,15,12.0
seoul9-4108,증미,9호선,하행,24,4,10,18.0
seoul9-4109,등촌,9호선,상행,5,2,6,30.0
seoul9-4109,등촌,9호선,상행,6,4,11,16.4
seoul9-4109,등촌,9호선,상행,7,5,16,11.2
seoul9-4109,등촌,9호선,상행,8,7,20,9.0
seoul9-4109,등촌,9호선,상행,9,8,25,7.2
seoul9-4109,등촌,9호선,상행,10,10,25,7.2
seoul9-4109,등촌,9호선,상행,11,7,22,8.2
seoul9-4109,등촌,9호선,상행,12,5,18,10.0
seoul9-4109,등촌,9호선,상행,13,6,16,11.2
seoul9-4109,등촌,9호선,상행,14,5,16,11.2
seoul9-4109,등촌,9호선,상행,15,5,16,11.2
seoul9-4109,등촌,9호선,상행,16,6,16,11.2
seoul9-4109,등촌,9호선,상행,17,5,17,10.6
seoul9-4109,등촌,9호선,상행,18,6,20,9.0
seoul9-4109,등촌,9호선,상행,19,9,24,7.5
seoul9-4109,등촌,9호선,상행,20,9,26,6.9
seoul9-4109,등촌,9호선,상행,21,8,23,7.8
seoul9-4109,등촌,9호선,상행,22,6,20,9.0
seoul9-4109,등촌,9호선,상행,23,6,17,10.6
seoul9-4109,등촌,9호선,상행,24,5,11,16.4
seoul9-4109,등촌,9호선,하행,5,2,9,20.0
seoul9-4109,등촌,9호선,하행,6,7,18,10.0
seoul9-4109,등촌,9호선,하행,7,9,25,7.2
seoul9-4109,등촌,9호선,하행,8,9,24,7.5
seoul9-4109,등촌,9호선,하행,9,6,20,9.0
seoul9-4109,등촌,9호선,하행,10,5,16,11.2
seoul9-4109,등촌,9호선,하행,11,5,16,11.2
seoul9-4109,등촌,9호선,하행,12,6,16,11.2
seoul9-4109,등촌,9호선,하행,13,5,16,11.2
seoul9-4109,등촌,9호선,하행,14,5,16,11.2
seoul9-4109,등촌,9호선,하행,15,6,19,9.5
seoul9-4109,등촌,9호선,하행,16,8,22,8.2
seoul9-4109,등촌,9호선,하행,17,8,25,7.2
seoul9-4109,등촌,9호선,하행,18,9,24,7.5
seoul9-4109,등촌,9호선,하행,19,7,22,8.2
seoul9-4109,등촌,9호선,하행,20,6,18,10.0
seoul9-4109,등촌,9호선,하행,21,5,17,10.6
seoul9-4109,등촌,9호선,하행,22,6,16,11.2
seoul9-4109,등촌,9호선,하행,23,5,16,11.2
seoul9-4109,등촌,9호선,하행,24,5,10,18.0
seoul9-4110,염창,9호선,상행,5,2,9,20.0
seoul9-4110,염창,9호선,상행,6,7,18,10.0
seoul9-4110,염창,9호선,상행,7,9,29,6.2
seoul9-4110,염창,9호선,상행,8,13,40,4.5
seoul9-4110,염창,9호선,상행,9,18,49,3.7
seoul9-4110,염창,9호선,상행,10,18,49,3.7
seoul9-4110,염창,9호선,상행,11,13,41,4.4
seoul9-4110,염창,9호선,상행,12,10,34,5.3
seoul9-4110,염창,9호선,상행,13,11,32,5.6
seoul9-4110,염창,9호선,상행,14,11,32,5.6
seoul9-4110,염창,9호선,상행,15,10,32,5.6
seoul9-4110,염창,9호선,상행,16,11,32,5.6
seoul9-4110,염창,9호선,상행,17,11,35,5.1
seoul9-4110,염창,9호선,상행,18,13,41,4.4
seoul9-4110,염창,9호선,상행,19,17,48,3.8
seoul9-4110,염창,9호선,상행,20,18,50,3.6
seoul9-4110,염창,9호선,상행,21,15,44,4.1
seoul9-4110,염창,9호선,상행,22,11,37,4.9
seoul9-4110,염창,9호선,상행,23,11,33,5.5
seoul9-4110,염창,9호선,상행,24,11,22,8.2
seoul9-4110,염창,9호선,하행,5,5,17,10.6
seoul9-4110,염창,9호선,하행,6,12,36,5.0
seoul9-4110,염창,9호선,하행,7,19,49,3.7
seoul9-4110,염창,9호선,하행,8,18,48,3.8
seoul9-4110,염창,9호선,하행,9,11,40,4.5
seoul9-4110,염창,9호선,하행,10,11,32,5.6
seoul9-4110,염창,9호선,하행,11,10,33,5.5
seoul9-4110,염창,9호선,하행,12,12,32,5.6
seoul9-4110,염창,9호선,하행,13,10,33,5.5
seoul9-4110,염창,9호선,하행,14,11,32,5.6
seoul9-4110,염창,9호선,하행,15,11,35,5.1
seoul9-4110,염창,9호선,하행,16,13,41,4.4
seoul9-4110,염창,9호선,하행,17,17,48,3.8
seoul9-4110,염창,9호선,하행,18,18,50,3.6
seoul9-4110,염창,9호선,하행,19,15,44,4.1
seoul9-4110,염창,9호선,하행,20,11,36,5.0
seoul9-4110,염창,9호선,하행,21,10,33,5.5
seoul9-4110,염창,9호선,하행,22,12,31,5.8
seoul9-4110,염창,9호선,하행,23,9,26,6.9
seoul9-4110,염창,9호선,하행,24,5,14,12.9
seoul9-4111,신목동,9호선,상행,5,2,7,25.7
seoul9-4111,신목동,9호선,상행,6,5,12,15.0
seoul9-4111,신목동,9호선,상행,7,5,16,11.2
seoul9-4111,신목동,9호선,상행,8,6,20,9.0
seoul9-4111,신목동,9호선,상행,9,9,25,7.2
seoul9-4111,신목동,9호선,상행,10,10,25,7.2
seoul9-4111,신목동,9호선,상행,11,6,21,8.6
seoul9-4111,신목동,9호선,상행,12,5,17,10.6
seoul9-4111,신목동,9호선,상행,13,6,16,11.2
seoul9-4111,신목동,9호선,상행,14,5,16,11.2
seoul9-4111,신목동,9호선,상행,15,5,16,11.2
seoul9-4111,신목동,9호선,상행,16,6,16,11.2
seoul9-4111,신목동,9호선,상행,17,5,18,10.0
seoul9-4111,신목동,9호선,상행,18,7,21,8.6
seoul9-4111,신목동,9호선,상행,19,9,24,7.5
seoul9-4111,신목동,9호선,상행,20,8,25,7.2
seoul9-4111,신목동,9호선,상행,21,8,22,8.2
seoul9-4111,신목동,9호선,상행,22,6,20,9.0
seoul9-4111,신목동,9호선,상행,23,6,17,10.6
seoul9-4111,신목동,9호선,상행,24,5,12,15.0
seoul9-4111,신목동,9호선,상행,25,1,6,30.0
seoul9-4111,신목동,9호선,하행,5,3,9,20.0
seoul9-4111,신목동,9호선,하행,6,6,18,10.0
seoul9-4111,신목동,9호선,하행,7,9,25,7.2
seoul9-4111,신목동,9호선,하행,8,10,24,7.5
seoul9-4111,신목동,9호선,하행,9,5,21,8.6
seoul9-4111,신목동,9호선,하행,10,6,16,11.2
seoul9-4111,신목동,9호선,하행,11,5,16,11.2
seoul9-4111,신목동,9호선,하행,12,5,16,11.2
seoul9-4111,신목동,9호선,하행,13,6,16,11.2
seoul9-4111,신목동,9호선,하행,14,5,17,10.6
seoul9-4111,신목동,9호선,하행,15,6,18,10.0
seoul9-4111,신목동,9호선,하행,16,7,22,8.2
seoul9-4111,신목동,9호선,하행,17,9,25,7.2
seoul9-4111,신목동,9호선,하행,18,9,25,7.2
seoul9-4111,신목동,9호선,하행,19,7,21,8.6
seoul9-4111,신목동,9호선,하행,20,5,18,10.0
seoul9-4111,신목동,9호선,하행,21,6,16,11.2
seoul9-4111,신목동,9호선,하행,22,5,17,10.6
seoul9-4111,신목동,9호선,하행,23,6,16,11.2
seoul9-4111,신목동,9호선,하행,24,5,11,16.4
seoul9-4112,선유도,9호선,상행,5,3,7,25.7
seoul9-4112,선유도,9호선,상행,6,4,12,15.0
seoul9-4112,선유도,9호선,상행,7,5,15,12.0
seoul9-4112,선유도,9호선,상행,8,6,20,9.0
seoul9-4112,선유도,9호선,상행,9,9,25,7.2
seoul9-4112,선유도,9호선,상행,10,10,25,7.2
seoul9-4112,선유도,9호선,상행,11,6,22,8.2
seoul9-4112,선유도,9호선,상행,12,6,17,10.6
seoul9-4112,선유도,9호선,상행,13,5,17,10.6
seoul9-4112,선유도,9호선,상행,14,6,16,11.2
seoul9-4112,선유도,9호선,상행,15,5,16,11.2
seoul9-4112,선유도,9호선,상행,16,5,16,11.2
seoul9-4112,선유도,9호선,상행,17,6,17,10.6
seoul9-4112,선유도,9호선,상행,18,6,21,8.6
seoul9-4112,선유도,9호선,상행,19,9,24,7.5
seoul9-4112,선유도,9호선,상행,20,9,25,7.2
seoul9-4112,선유도,9호선,상행,21,7,23,7.8
seoul9-4112,선유도,9호선,상행,22,7,19,9.5
seoul9-4112,선유도,9호선,상행,23,5,18,10.0
seoul9-4112,선유도,9호선,상행,24,6,11,16.4
seoul9-4112,선유도,9호선,하행,5,3,9,20.0
seoul9-4112,선유도,9호선,하행,6,6,18,10.0
seoul9-4112,선유도,9호선,하행,7,9,24,7.5
seoul9-4112,선유도,9호선,하행,8,9,24,7.5
seoul9-4112,선유도,9호선,하행,9,6,20,9.0
seoul9-4112,선유도,9호선,하행,10,5,17,10.6
seoul9-4112,선유도,9호선,하행,11,6,16,11.2
seoul9-4112,선유도,9호선,하행,12,5,16,11.2
seoul9-4112,선유도,9호선,하행,13,5,16,11.2
seoul9-4112,선유도,9호선,하행,14,6,16,11.2
seoul9-4112,선유도,9호선,하행,15,5,19,9.5
seoul9-4112,선유도,9호선,하행,16,8,21,8.6
seoul9-4112,선유도,9호선,하행,17,8,25,7.2
seoul9-4112,선유도,9호선,하행,18,9,25,7.2
seoul9-4112,선유도,9호선,하행,19,8,22,8.2
seoul9-4112,선유도,9호선,하행,20,5,19,9.5
seoul9-4112,선유도,9호선,하행,21,6,16,11.2
seoul9-4112,선유도,9호선,하행,22,5,17,10.6
seoul9-4112,선유도,9호선,하행,23,6,16,11.2
seoul9-4112,선유도,9호선,하행,24,5,11,16.4
seoul9-4113,당산,9호선,상행,5,3,10,18.0
seoul9-4113,당산,9호선,상행,6,7,20,9.0
seoul9-4113,당산,9호선,상행,7,10,30,6.0
seoul9-4113,당산,9호선,상행,8,13,41,4.4
seoul9-4113,당산,9호선,상행,9,18,48,3.8
seoul9-4113,당산,9호선,상행,10,17,48,3.8
seoul9-4113,당산,9호선,상행,11,13,40,4.5
seoul9-4113,당산,9호선,상행,12,10,34,5.3
seoul9-4113,당산,9호선,상행,13,11,32,5.6
seoul9-4113,당산,9호선,상행,14,11,32,5.6
seoul9-4113,당산,9호선,상행,15,10,32,5.6
seoul9-4113,당산,9호선,상행,16,11,32,5.6
seoul9-4113,당산,9호선,상행,17,11,36,5.0
seoul9-4113,당산,9호선,상행,18,14,42,4.3
seoul9-4113,당산,9호선,상행,19,17,48,3.8
seoul9-4113,당산,9호선,상행,20,17,48,3.8
seoul9-4113,당산,9호선,상행,21,14,43,4.2
seoul9-4113,당산,9호선,상행,22,12,37,4.9
seoul9-4113,당산,9호선,상행,23,11,34,5.3
seoul9-4113,당산,9호선,상행,24,11,22,8.2
seoul9-4113,당산,9호선,하행,5,5,16,11.2
seoul9-4113,당산,9호선,하행,6,11,35,5.1
seoul9-4113,당산,9호선,하행,7,19,49,3.7
seoul9-4113,당산,9호선,하행,8,19,49,3.7
seoul9-4113,당산,9호선,하행,9,11,41,4.4
seoul9-4113,당산,9호선,하행,10,11,32,5.6
seoul9-4113,당산,9호선,하행,11,10,32,5.6
seoul9-4113,당산,9호선,하행,12,11,32,5.6
seoul9-4113,당산,9호선,하행,13,11,33,5.5
seoul9-4113,당산,9호선,하행,14,11,33,5.5
seoul9-4113,당산,9호선,하행,15,11,34,5.3
seoul9-4113,당산,9호선,하행,16,12,41,4.4
seoul9-4113,당산,9호선,하행,17,18,48,3.8
seoul9-4113,당산,9호선,하행,18,18,50,3.6
seoul9-4113,당산,9호선,하행,19,14,44,4.1
seoul9-4113,당산,9호선,하행,20,12,37,4.9
seoul9-4113,당산,9호선,하행,21,11,33,5.5
seoul9-4113,당산,9호선,하행,22,10,32,5.6
seoul9-4113,당산,9호선,하행,23,11,25,7.2
seoul9-4113,당산,9호선,하행,24,4,15,12.0
seoul9-4114,국회의사당,9호선,상행,5,2,6,30.0
seoul9-4114,국회의사당,9호선,상행,6,4,11,16.4
seoul9-4114,국회의사당,9호선,상행,7,5,16,11.2
seoul9-4114,국회의사당,9호선,상행,8,7,21,8.6
seoul9-4114,국회의사당,9호선,상행,9,9,26,6.9
seoul9-4114,국회의사당,9호선,상행,10,10,25,7.2
seoul9-4114,국회의사당,9호선,상행,11,6,21,8.6
seoul9-4114,국회의사당,9호선,상행,12,5,17,10.6
seoul9-4114,국회의사당,9호선,상행,13,6,16,11.2
seoul9-4114,국회의사당,9호선,상행,14,5,16,11.2
seoul9-4114,국회의사당,9호선,상행,15,5,16,11.2
seoul9-4114,국회의사당,9호선,상행,16,6,16,11.2
seoul9-4114,국회의사당,9호선,상행,17,5,18,10.0
seoul9-4114,국회의사당,9호선,상행,18,7,21,8.6
seoul9-4114,국회의사당,9호선,상행,19,9,24,7.5
seoul9-4114,국회의사당,9호선,상행,20,8,25,7.2
seoul9-4114,국회의사당,9호선,상행,21,8,22,8.2
seoul9-4114,국회의사당,9호선,상행,22,6,20,9.0
seoul9-4114,국회의사당,9호선,상행,23,6,17,10.6
seoul9-4114,국회의사당,9호선,상행,24,5,11,16.4
seoul9-4114,국회의사당,9호선,하행,5,2,8,22.5
seoul9-4114,국회의사당,9호선,하행,6,6,17,10.6
seoul9-4114,국회의사당,9호선,하행,7,9,25,7.2
seoul9-4114,국회의사당,9호선,하행,8,10,25,7.2
seoul9-4114,국회의사당,9호선,하행,9,6,21,8.6
seoul9-4114,국회의사당,9호선,하행,10,5,16,11.2
seoul9-4114,국회의사당,9호선,하행,11,5,16,11.2
seoul9-4114,국회의사당,9호선,하행,12,6,16,11.2
seoul9-4114,국회의사당,9호선,하행,13,5,16,11.2
seoul9-4114,국회의사당,9호선,하행,14,5,16,11.2
seoul9-4114,국회의사당,9호선,하행,15,6,18,10.0
seoul9-4114,국회의사당,9호선,하행,16,7,22,8.2
seoul9-4114,국회의사당,9호선,하행,17,9,25,7.2
seoul9-4114,국회의사당,9호선,하행,18,9,25,7.2
seoul9-4114,국회의사당,9호선,하행,19,7,22,8.2
seoul9-4114,국회의사당,9호선,하행,20,6,18,10.0
seoul9-4114,국회의사당,9호선,하행,21,5,17,10.6
seoul9-4114,국회의사당,9호선,하행,22,6,16,11.2
seoul9-4114,국회의사당,9호선,하행,23,5,16,11.2
seoul9-4114,국회의사당,9호선,하행,24,5,10,18.0
seoul9-4115,여의도,9호선,상행,5,2,9,20.0
seoul9-4115,여의도,9호선,상행,6,7,19,9.5
seoul9-4115,여의도,9호선,상행,7,10,30,6.0
seoul9-4115,여의도,9호선,상행,8,13,42,4.3
seoul9-4115,여의도,9호선,상행,9,19,50,3.6
seoul9-4115,여의도,9호선,상행,10,18,48,3.8
seoul9-4115,여의도,9호선,상행,11,11,40,4.5
seoul9-4115,여의도,9호선,상행,12,11,33,5.5
seoul9-4115,여의도,9호선,상행,13,11,33,5.5
seoul9-4115,여의도,9호선,상행,14,11,32,5.6
seoul9-4115,여의도,9호선,상행,15,10,32,5.6
seoul9-4115,여의도,9호선,상행,16,11,32,5.6
seoul9-4115,여의도,9호선,상행,17,11,35,5.1
seoul9-4115,여의도,9호선,상행,18,13,42,4.3
seoul9-4115,여의도,9호선,상행,19,18,49,3.7
seoul9-4115,여의도,9호선,상행,20,18,49,3.7
seoul9-4115,여의도,9호선,상행,21,13,43,4.2
seoul9-4115,여의도,9호선,상행,22,12,36,5.0
seoul9-4115,여의도,9호선,상행,23,11,33,5.5
seoul9-4115,여의도,9호선,상행,24,10,21,8.6
seoul9-4115,여의도,9호선,하행,5,5,17,10.6
seoul9-4115,여의도,9호선,하행,6,12,35,5.1
seoul9-4115,여의도,9호선,하행,7,18,48,3.8
seoul9-4115,여의도,9호선,하행,8,18,48,3.8
seoul9-4115,여의도,9호선,하행,9,12,41,4.4
seoul9-4115,여의도,9호선,하행,10,11,34,5.3
seoul9-4115,여의도,9호선,하행,11,11,33,5.5
seoul9-4115,여의도,9호선,하행,12,11,32,5.6
seoul9-4115,여의도,9호선,하행,13,10,32,5.6
seoul9-4115,여의도,9호선,하행,14,11,32,5.6
seoul9-4115,여의도,9호선,하행,15,11,35,5.1
seoul9-4115,여의도,9호선,하행,16,13,40,4.5
seoul9-4115,여의도,9호선,하행,17,16,47,3.8
seoul9-4115,여의도,9호선,하행,18,18,50,3.6
seoul9-4115,여의도,9호선,하행,19,16,45,4.0
seoul9-4115,여의도,9호선,하행,20,11,38,4.7
seoul9-4115,여의도,9호선,하행,21,11,33,5.5
seoul9-4115,여의도,9호선,하행,22,11,32,5.6
seoul9-4115,여의도,9호선,하행,23,10,26,6.9
seoul9-4115,여의도,9호선,하행,24,5,15,12.0
seoul9-4116,샛강,9호선,상행,5,2,7,25.7
seoul9-4116,샛강,9호선,상행,6,5,12,15.0
seoul9-4116,샛강,9호선,상행,7,5,16,11.2
seoul9-4116,샛강,9호선,상행,8,6,21,8.6
seoul9-4116,샛강,9호선,상행,9,10,25,7.2
seoul9-4116,샛강,9호선,상행,10,9,25,7.2
seoul9-4116,샛강,9호선,상행,11,6,20,9.0
seoul9-4116,샛강,9호선,상행,12,5,17,10.6
seoul9-4116,샛강,9호선,상행,13,6,16,11.2
seoul9-4116,샛강,9호선,상행,14,5,16,11.2
seoul9-4116,샛강,9호선,상행,15,5,16,11.2
seoul9-4116,샛강,9호선,상행,16,6,16,11.2
seoul9-4116,샛강,9호선,상행,17,5,18,10.0
seoul9-4116,샛강,9호선,상행,18,7,21,8.6
seoul9-4116,샛강,9호선,상행,19,9,25,7.2
seoul9-4116,샛강,9호선,상행,20,9,25,7.2
seoul9-4116,샛강,9호선,상행,21,7,22,8.2
seoul9-4116,샛강,9호선,상행,22,6,19,9.5
seoul9-4116,샛강,9호선,상행,23,6,18,10.0
seoul9-4116,샛강,9호선,상행,24,6,12,15.0
seoul9-4116,샛강,9호선,하행,5,3,8,22.5
seoul9-4116,샛강,9호선,하행,6,5,17,10.6
seoul9-4116,샛강,9호선,하행,7,9,24,7.5
seoul9-4116,샛강,9호선,하행,8,10,25,7.2
seoul9-4116,샛강,9호선,하행,9,6,22,8.2
seoul9-4116,샛강,9호선,하행,10,6,17,10.6
seoul9-4116,샛강,9호선,하행,11,5,16,11.2
seoul9-4116,샛강,9호선,하행,12,5,16,11.2
seoul9-4116,샛강,9호선,하행,13,6,16,11.2
seoul9-4116,샛강,9호선,하행,14,5,17,10.6
seoul9-4116,샛강,9호선,하행,15,6,17,10.6
seoul9-4116,샛강,9호선,하행,16,6,21,8.6
seoul9-4116,샛강,9호선,하행,17,9,24,7.5
seoul9-4116,샛강,9호선,하행,18,9,25,7.2
seoul9-4116,샛강,9호선,하행,19,7,22,8.2
seoul9-4116,샛강,9호선,하행,20,6,19,9.5
seoul9-4116,샛강,9호선,하행,21,6,17,10.6
seoul9-4116,샛강,9호선,하행,22,5,17,10.6
seoul9-4116,샛강,9호선,하행,23,6,16,11.2
seoul9-4116,샛강,9호선,하행,24,5,11,16.4
seoul9-4117,노량진,9호선,상행,5,2,10,18.0
seoul9-4117,노량진,9호선,상행,6,8,20,9.0
seoul9-4117,노량진,9호선,상행,7,10,32,5.6
seoul9-4117,노량진,9호선,상행,8,14,43,4.2
seoul9-4117,노량진,9호선,상행,9,19,50,3.6
seoul9-4117,노량진,9호선,상행,10,17,47,3.8
seoul9-4117,노량진,9호선,상행,11,11,39,4.6
seoul9-4117,노량진,9호선,상행,12,11,32,5.6
seoul9-4117,노량진,9호선,상행,13,10,33,5.5
seoul9-4117,노량진,9호선,상행,14,12,32,5.6
seoul9-4117,노량진,9호선,상행,15,10,32,5.6
seoul9-4117,노량진,9호선,상행,16,10,32,5.6
seoul9-4117,노량진,9호선,상행,17,12,36,5.0
seoul9-4117,노량진,9호선,상행,18,14,44,4.1
seoul9-4117,노량진,9호선,상행,19,18,49,3.7
seoul9-4117,노량진,9호선,상행,20,17,49,3.7
seoul9-4117,노량진,9호선,상행,21,14,42,4.3
seoul9-4117,노량진,9호선,상행,22,11,35,5.1
seoul9-4117,노량진,9호선,상행,23,10,32,5.6
seoul9-4117,노량진,9호선,상행,24,11,21,8.6
seoul9-4117,노량진,9호선,하행,5,5,15,12.0
seoul9-4117,노량진,9호선,하행,6,10,33,5.5
seoul9-4117,노량진,9호선,하행,7,18,48,3.8
seoul9-4117,노량진,9호선,하행,8,20,50,3.6
seoul9-4117,노량진,9호선,하행,9,12,42,4.3
seoul9-4117,노량진,9호선,하행,10,10,33,5.5
seoul9-4117,노량진,9호선,하행,11,11,32,5.6
seoul9-4117,노량진,9호선,하행,12,11,32,5.6
seoul9-4117,노량진,9호선,하행,13,10,32,5.6
seoul9-4117,노량진,9호선,하행,14,11,32,5.6
seoul9-4117,노량진,9호선,하행,15,11,34,5.3
seoul9-4117,노량진,9호선,하행,16,12,40,4.5
seoul9-4117,노량진,9호선,하행,17,17,47,3.8
seoul9-4117,노량진,9호선,하행,18,18,50,3.6
seoul9-4117,노량진,9호선,하행,19,15,45,4.0
seoul9-4117,노량진,9호선,하행,20,12,38,4.7
seoul9-4117,노량진,9호선,하행,21,11,34,5.3
seoul9-4117,노량진,9호선,하행,22,11,33,5.5
seoul9-4117,노량진,9호선,하행,23,11,27,6.7
seoul9-4117,노량진,9호선,하행,24,5,16,11.2
seoul9-4118,노들,9호선,상행,5,3,7,25.7
seoul9-4118,노들,9호선,상행,6,4,12,15.0
seoul9-4118,노들,9호선,상행,7,5,16,11.2
seoul9-4118,노들,9호선,상행,8,7,22,8.2
seoul9-4118,노들,9호선,상행,9,10,26,6.9
seoul9-4118,노들,9호선,상행,10,9,25,7.2
seoul9-4118,노들,9호선,상행,11,6,20,9.0
seoul9-4118,노들,9호선,상행,12,5,16,11.2
seoul9-4118,노들,9호선,상행,13,5,16,11.2
seoul9-4118,노들,9호선,상행,14,6,16,11.2
seoul9-4118,노들,9호선,상행,15,5,16,11.2
seoul9-4118,노들,9호선,상행,16,5,16,11.2
seoul9-4118,노들,9호선,상행,17,6,18,10.0
seoul9-4118,노들,9호선,상행,18,7,22,8.2
seoul9-4118,노들,9호선,상행,19,9,25,7.2
seoul9-4118,노들,9호선,상행,20,9,25,7.2
seoul9-4118,노들,9호선,상행,21,7,22,8.2
seoul9-4118,노들,9호선,상행,22,6,18,10.0
seoul9-4118,노들,9호선,상행,23,5,17,10.6
seoul9-4118,노들,9호선,상행,24,6,11,16.4
seoul9-4118,노들,9호선,하행,5,2,8,22.5
seoul9-4118,노들,9호선,하행,6,6,17,10.6
seoul9-4118,노들,9호선,하행,7,9,24,7.5
seoul9-4118,노들,9호선,하행,8,9,25,7.2
seoul9-4118,노들,9호선,하행,9,7,21,8.6
seoul9-4118,노들,9호선,하행,10,5,17,10.6
seoul9-4118,노들,9호선,하행,11,5,16,11.2
seoul9-4118,노들,9호선,하행,12,6,16,11.2
seoul9-4118,노들,9호선,하행,13,5,17,10.6
seoul9-4118,노들,9호선,하행,14,6,16,11.2
seoul9-4118,노들,9호선,하행,15,5,18,10.0
seoul9-4118,노들,9호선,하행,16,7,20,9.0
seoul9-4118,노들,9호선,하행,17,8,24,7.5
seoul9-4118,노들,9호선,하행,18,9,25,7.2
seoul9-4118,노들,9호선,하행,19,8,23,7.8
seoul9-4118,노들,9호선,하행,20,6,20,9.0
seoul9-4118,노들,9호선,하행,21,6,17,10.6
seoul9-4118,노들,9호선,하행,22,5,16,11.2
seoul9-4118,노들,9호선,하행,23,5,16,11.2
seoul9-4118,노들,9호선,하행,24,6,11,16.4
seoul9-4119,흑석(중앙대입구),9호선,상행,5,3,7,25.7
seoul9-4119,흑석(중앙대입구),9호선,상행,6,4,12,15.0
seoul9-4119,흑석(중앙대입구),9호선,상행,7,5,17,10.6
seoul9-4119,흑석(중앙대입구),9호선,상행,8,8,22,8.2
seoul9-4119,흑석(중앙대입구),9호선,상행,9,9,26,6.9
seoul9-4119,흑석(중앙대입구),9호선,상행,10,9,24,7.5
seoul9-4119,흑석(중앙대입구),9호선,상행,11,6,20,9.0
seoul9-4119,흑석(중앙대입구),9호선,상행,12,5,17,10.6
seoul9-4119,흑석(중앙대입구),9호선,상행,13,6,16,11.2
seoul9-4119,흑석(중앙대입구),9호선,상행,14,5,16,11.2
seoul9-4119,흑석(중앙대입구),9호선,상행,15,5,16,11.2
seoul9-4119,흑석(중앙대입구),9호선,상행,16,6,16,11.2
seoul9-4119,흑석(중앙대입구),9호선,상행,17,5,19,9.5
seoul9-4119,흑석(중앙대입구),9호선,상행,18,8,21,8.6
seoul9-4119,흑석(중앙대입구),9호선,상행,19,8,25,7.2
seoul9-4119,흑석(중앙대입구),9호선,상행,20,9,25,7.2
seoul9-4119,흑석(중앙대입구),9호선,상행,21,8,22,8.2
seoul9-4119,흑석(중앙대입구),9호선,상행,22,5,19,9.5
seoul9-4119,흑석(중앙대입구),9호선,상행,23,6,16,11.2
seoul9-4119,흑석(중앙대입구),9호선,상행,24,5,11,16.4
seoul9-4119,흑석(중앙대입구),9호선,하행,5,2,8,22.5
seoul9-4119,흑석(중앙대입구),9호선,하행,6,6,16,11.2
seoul9-4119,흑석(중앙대입구),9호선,하행,7,8,24,7.5
seoul9-4119,흑석(중앙대입구),9호선,하행,8,10,25,7.2
seoul9-4119,흑석(중앙대입구),9호선,하행,9,7,22,8.2
seoul9-4119,흑석(중앙대입구),9호선,하행,10,5,17,10.6
seoul9-4119,흑석(중앙대입구),9호선,하행,11,5,16,11.2
seoul9-4119,흑석(중앙대입구),9호선,하행,12,6,16,11.2
seoul9-4119,흑석(중앙대입구),9호선,하행,13,5,16,11.2
seoul9-4119,흑석(중앙대입구),9호선,하행,14,5,16,11.2
seoul9-4119,흑석(중앙대입구),9호선,하행,15,6,18,10.0
seoul9-4119,흑석(중앙대입구),9호선,하행,16,7,21,8.6
seoul9-4119,흑석(중앙대입구),9호선,하행,17,8,24,7.5
seoul9-4119,흑석(중앙대입구),9호선,하행,18,9,25,7.2
seoul9-4119,흑석(중앙대입구),9호선,하행,19,8,23,7.8
seoul9-4119,흑석(중앙대입구),9호선,하행,20,6,19,9.5
seoul9-4119,흑석(중앙대입구),9호선,하행,21,5,17,10.6
seoul9-4119,흑석(중앙대입구),9호선,하행,22,6,16,11.2
seoul9-4119,흑석(중앙대입구),9호선,하행,23,5,17,10.6
seoul9-4119,흑석(중앙대입구),9호선,하행,24,6,11,16.4
seoul9-4120,동작(현충원),9호선,상행,5,3,11,16.4
seoul9-4120,동작(현충원),9호선,상행,6,8,20,9.0
seoul9-4120,동작(현충원),9호선,상행,7,9,33,5.5
seoul9-4120,동작(현충원),9호선,상행,8,16,44,4.1
seoul9-4120,동작(현충원),9호선,상행,9,19,51,3.5
seoul9-4120,동작(현충원),9호선,상행,10,16,46,3.9
seoul9-4120,동작(현충원),9호선,상행,11,11,37,4.9
seoul9-4120,동작(현충원),9호선,상행,12,10,33,5.5
seoul9-4120,동작(현충원),9호선,상행,13,12,32,5.6
seoul9-4120,동작(현충원),9호선,상행,14,10,32,5.6
seoul9-4120,동작(현충원),9호선,상행,15,10,32,5.6
seoul9-4120,동작(현충원),9호선,상행,16,12,32,5.6
seoul9-4120,동작(현충원),9호선,상행,17,10,38,4.7
seoul9-4120,동작(현충원),9호선,상행,18,16,43,4.2
seoul9-4120,동작(현충원),9호선,상행,19,17,50,3.6
seoul9-4120,동작(현충원),9호선,상행,20,17,48,3.8
seoul9-4120,동작(현충원),9호선,상행,21,14,41,4.4
seoul9-4120,동작(현충원),9호선,상행,22,10,36,5.0
seoul9-4120,동작(현충원),9호선,상행,23,12,31,5.8
seoul9-4120,동작(현충원),9호선,상행,24,9,21,8.6
seoul9-4120,동작(현충원),9호선,하행,5,5,15,12.0
seoul9-4120,동작(현충원),9호선,하행,6,10,32,5.6
seoul9-4120,동작(현충원),9호선,하행,7,17,46,3.9
seoul9-4120,동작(현충원),9호선,하행,8,19,49,3.7
seoul9-4120,동작(현충원),9호선,하행,9,13,44,4.1
seoul9-4120,동작(현충원),9호선,하행,10,12,35,5.1
seoul9-4120,동작(현충원),9호선,하행,11,10,32,5.6
seoul9-4120,동작(현충원),9호선,하행,12,10,32,5.6
seoul9-4120,동작(현충원),9호선,하행,13,12,32,5.6
seoul9-4120,동작(현충원),9호선,하행,14,10,33,5.5
seoul9-4120,동작(현충원),9호선,하행,15,11,33,5.5
seoul9-4120,동작(현충원),9호선,하행,16,12,39,4.6
seoul9-4120,동작(현충원),9호선,하행,17,16,46,3.9
seoul9-4120,동작(현충원),9호선,하행,18,18,50,3.6
seoul9-4120,동작(현충원),9호선,하행,19,16,46,3.9
seoul9-4120,동작(현충원),9호선,하행,20,12,39,4.6
seoul9-4120,동작(현충원),9호선,하행,21,11,33,5.5
seoul9-4120,동작(현충원),9호선,하행,22,10,33,5.5
seoul9-4120,동작(현충원),9호선,하행,23,12,27,6.7
seoul9-4120,동작(현충원),9호선,하행,24,5,17,10.6
seoul9-4121,구반포,9호선,상행,5,2,6,30.0
seoul9-4121,구반포,9호선,상행,6,4,12,15.0
seoul9-4121,구반포,9호선,상행,7,6,17,10.6
seoul9-4121,구반포,9호선,상행,8,7,23,7.8
seoul9-4121,구반포,9호선,상행,9,10,26,6.9
seoul9-4121,구반포,9호선,상행,10,9,24,7.5
seoul9-4121,구반포,9호선,상행,11,5,20,9.0
seoul9-4121,구반포,9호선,상행,12,6,16,11.2
seoul9-4121,구반포,9호선,상행,13,5,17,10.6
seoul9-4121,구반포,9호선,상행,14,6,16,11.2
seoul9-4121,구반포,9호선,상행,15,5,16,11.2
seoul9-4121,구반포,9호선,상행,16,5,16,11.2
seoul9-4121,구반포,9호선,상행,17,6,18,10.0
seoul9-4121,구반포,9호선,상행,18,7,22,8.2
seoul9-4121,구반포,9호선,상행,19,9,25,7.2
seoul9-4121,구반포,9호선,상행,20,9,25,7.2
seoul9-4121,구반포,9호선,상행,21,7,22,8.2
seoul9-4121,구반포,9호선,상행,22,6,18,10.0
seoul9-4121,구반포,9호선,상행,23,5,17,10.6
seoul9-4121,구반포,9호선,상행,24,6,11,16.4
seoul9-4121,구반포,9호선,하행,5,3,8,22.5
seoul9-4121,구반포,9호선,하행,6,5,17,10.6
seoul9-4121,구반포,9호선,하행,7,9,23,7.8
seoul9-4121,구반포,9호선,하행,8,9,25,7.2
seoul9-4121,구반포,9호선,하행,9,7,21,8.6
seoul9-4121,구반포,9호선,하행,10,5,18,10.0
seoul9-4121,구반포,9호선,하행,11,6,16,11.2
seoul9-4121,구반포,9호선,하행,12,5,16,11.2
seoul9-4121,구반포,9호선,하행,13,5,16,11.2
seoul9-4121,구반포,9호선,하행,14,6,16,11.2
seoul9-4121,구반포,9호선,하행,15,5,18,10.0
seoul9-4121,구반포,9호선,하행,16,7,20,9.0
seoul9-4121,구반포,9호선,하행,17,8,24,7.5
seoul9-4121,구반포,9호선,하행,18,9,25,7.2
seoul9-4121,구반포,9호선,하행,19,8,23,7.8
seoul9-4121,구반포,9호선,하행,20,6,20,9.0
seoul9-4121,구반포,9호선,하행,21,6,17,10.6
seoul9-4121,구반포,9호선,하행,22,5,17,10.6
seoul9-4121,구반포,9호선,하행,23,6,16,11.2
seoul9-4121,구반포,9호선,하행,24,5,11,16.4
seoul9-4122,신반포,9호선,상행,5,2,7,25.7
seoul9-4122,신반포,9호선,상행,6,5,12,15.0
seoul9-4122,신반포,9호선,상행,7,5,18,10.0
seoul9-4122,신반포,9호선,상행,8,8,22,8.2
seoul9-4122,신반포,9호선,상행,9,9,26,6.9
seoul9-4122,신반포,9호선,상행,10,9,24,7.5
seoul9-4122,신반포,9호선,상행,11,6,20,9.0
seoul9-4122,신반포,9호선,상행,12,5,16,11.2
seoul9-4122,신반포,9호선,상행,13,5,16,11.2
seoul9-4122,신반포,9호선,상행,14,6,16,11.2
seoul9-4122,신반포,9호선,상행,15,5,16,11.2
seoul9-4122,신반포,9호선,상행,16,5,16,11.2
seoul9-4122,신반포,9호선,상행,17,6,19,9.5
seoul9-4122,신반포,9호선,상행,18,8,22,8.2
seoul9-4122,신반포,9호선,상행,19,8,25,7.2
seoul9-4122,신반포,9호선,상행,20,9,24,7.5
seoul9-4122,신반포,9호선,상행,21,7,22,8.2
seoul9-4122,신반포,9호선,상행,22,6,18,10.0
seoul9-4122,신반포,9호선,상행,23,5,17,10.6
seoul9-4122,신반포,9호선,상행,24,6,11,16.4
seoul9-4122,신반포,9호선,하행,5,2,8,22.5
seoul9-4122,신반포,9호선,하행,6,6,16,11.2
seoul9-4122,신반포,9호선,하행,7,8,24,7.5
seoul9-4122,신반포,9호선,하행,8,10,25,7.2
seoul9-4122,신반포,9호선,하행,9,7,22,8.2
seoul9-4122,신반포,9호선,하행,10,5,17,10.6
seoul9-4122,신반포,9호선,하행,11,5,16,11.2
seoul9-4122,신반포,9호선,하행,12,6,16,11.2
seoul9-4122,신반포,9호선,하행,13,5,17,10.6
seoul9-4122,신반포,9호선,하행,14,6,16,11.2
seoul9-4122,신반포,9호선,하행,15,5,17,10.6
seoul9-4122,신반포,9호선,하행,16,6,20,9.0
seoul9-4122,신반포,9호선,하행,17,9,24,7.5
seoul9-4122,신반포,9호선,하행,18,9,26,6.9
seoul9-4122,신반포,9호선,하행,19,8,23,7.8
seoul9-4122,신반포,9호선,하행,20,6,20,9.0
seoul9-4122,신반포,9호선,하행,21,6,17,10.6
seoul9-4122,신반포,9호선,하행,22,5,16,11.2
seoul9-4122,신반포,9호선,하행,23,5,16,11.2
seoul9-4122,신반포,9호선,하행,24,6,11,16.4
seoul9-4123,고속터미널,9호선,상행,5,2,11,16.4
seoul9-4123,고속터미널,9호선,상행,6,9,21,8.6
seoul9-4123,고속터미널,9호선,상행,7,10,34,5.3
seoul9-4123,고속터미널,9호선,상행,8,15,45,4.0
seoul9-4123,고속터미널,9호선,상행,9,20,50,3.6
seoul9-4123,고속터미널,9호선,상행,10,15,46,3.9
seoul9-4123,고속터미널,9호선,상행,11,11,37,4.9
seoul9-4123,고속터미널,9호선,상행,12,11,32,5.6
seoul9-4123,고속터미널,9호선,상행,13,10,33,5.5
seoul9-4123,고속터미널,9호선,상행,14,12,32,5.6
seoul9-4123,고속터미널,9호선,상행,15,10,32,5.6
seoul9-4123,고속터미널,9호선,상행,16,10,32,5.6
seoul9-4123,고속터미널,9호선,상행,17,12,37,4.9
seoul9-4123,고속터미널,9호선,상행,18,15,45,4.0
seoul9-4123,고속터미널,9호선,상행,19,18,50,3.6
seoul9-4123,고속터미널,9호선,상행,20,17,48,3.8
seoul9-4123,고속터미널,9호선,상행,21,13,41,4.4
seoul9-4123,고속터미널,9호선,상행,22,11,35,5.1
seoul9-4123,고속터미널,9호선,상행,23,11,31,5.8
seoul9-4123,고속터미널,9호선,상행,24,9,20,9.0
seoul9-4123,고속터미널,9호선,하행,5,3,14,12.9
seoul9-4123,고속터미널,9호선,하행,6,11,31,5.8
seoul9-4123,고속터미널,9호선,하행,7,17,46,3.9
seoul9-4123,고속터미널,9호선,하행,8,18,50,3.6
seoul9-4123,고속터미널,9호선,하행,9,15,43,4.2
seoul9-4123,고속터미널,9호선,하행,10,10,36,5.0
seoul9-4123,고속터미널,9호선,하행,11,11,32,5.6
seoul9-4123,고속터미널,9호선,하행,12,11,32,5.6
seoul9-4123,고속터미널,9호선,하행,13,10,32,5.6
seoul9-4123,고속터미널,9호선,하행,14,11,32,5.6
seoul9-4123,고속터미널,9호선,하행,15,11,34,5.3
seoul9-4123,고속터미널,9호선,하행,16,12,39,4.6
seoul9-4123,고속터미널,9호선,하행,17,16,45,4.0
seoul9-4123,고속터미널,9호선,하행,18,17,50,3.6
seoul9-4123,고속터미널,9호선,하행,19,17,46,3.9
seoul9-4123,고속터미널,9호선,하행,20,12,40,4.5
seoul9-4123,고속터미널,9호선,하행,21,11,34,5.3
seoul9-4123,고속터미널,9호선,하행,22,11,33,5.5
seoul9-4123,고속터미널,9호선,하행,23,11,28,6.4
seoul9-4123,고속터미널,9호선,하행,24,6,17,10.6
seoul9-4124,사평,9호선,상행,5,2,7,25.7
seoul9-4124,사평,9호선,상행,6,5,13,13.8
seoul9-4124,사평,9호선,상행,7,6,18,10.0
seoul9-4124,사평,9호선,상행,8,7,23,7.8
seoul9-4124,사평,9호선,상행,9,10,26,6.9
seoul9-4124,사평,9호선,상행,10,9,24,7.5
seoul9-4124,사평,9호선,상행,11,5,19,9.5
seoul9-4124,사평,9호선,상행,12,5,16,11.2
seoul9-4124,사평,9호선,상행,13,6,16,11.2
seoul9-4124,사평,9호선,상행,14,5,16,11.2
seoul9-4124,사평,9호선,상행,15,5,16,11.2
seoul9-4124,사평,9호선,상행,16,6,16,11.2
seoul9-4124,사평,9호선,상행,17,5,19,9.5
seoul9-4124,사평,9호선,상행,18,8,22,8.2
seoul9-4124,사평,9호선,상행,19,9,26,6.9
seoul9-4124,사평,9호선,상행,20,9,25,7.2
seoul9-4124,사평,9호선,상행,21,7,21,8.6
seoul9-4124,사평,9호선,상행,22,5,18,10.0
seoul9-4124,사평,9호선,상행,23,6,16,11.2
seoul9-4124,사평,9호선,상행,24,5,11,16.4
seoul9-4124,사평,9호선,하행,5,2,7,25.7
seoul9-4124,사평,9호선,하행,6,5,15,12.0
seoul9-4124,사평,9호선,하행,7,8,23,7.8
seoul9-4124,사평,9호선,하행,8,10,25,7.2
seoul9-4124,사평,9호선,하행,9,7,23,7.8
seoul9-4124,사평,9호선,하행,10,6,18,10.0
seoul9-4124,사평,9호선,하행,11,5,17,10.6
seoul9-4124,사평,9호선,하행,12,6,16,11.2
seoul9-4124,사평,9호선,하행,13,5,16,11.2
seoul9-4124,사평,9호선,하행,14,5,16,11.2
seoul9-4124,사평,9호선,하행,15,6,17,10.6
seoul9-4124,사평,9호선,하행,16,6,20,9.0
seoul9-4124,사평,9호선,하행,17,8,23,7.8
seoul9-4124,사평,9호선,하행,18,9,25,7.2
seoul9-4124,사평,9호선,하행,19,8,24,7.5
seoul9-4124,사평,9호선,하행,20,7,20,9.0
seoul9-4124,사평,9호선,하행,21,5,18,10.0
seoul9-4124,사평,9호선,하행,22,6,16,11.2
seoul9-4124,사평,9호선,하행,23,5,17,10.6
seoul9-4124,사평,9호선,하행,24,6,11,16.4
seoul9-4125,신논현,9호선,상행,5,3,11,16.4
seoul9-4125,신논현,9호선,상행,6,8,22,8.2
seoul9-4125,신논현,9호선,상행,7,11,35,5.1
seoul9-4125,신논현,9호선,상행,8,16,46,3.9
seoul9-4125,신논현,9호선,상행,9,19,50,3.6
seoul9-4125,신논현,9호선,상행,10,15,45,4.0
seoul9-4125,신논현,9호선,상행,11,11,36,5.0
seoul9-4125,신논현,9호선,상행,12,10,32,5.6
seoul9-4125,신논현,9호선,상행,13,11,32,5.6
seoul9-4125,신논현,9호선,상행,14,11,32,5.6
seoul9-4125,신논현,9호선,상행,15,10,32,5.6
seoul9-4125,신논현,9호선,상행,16,11,33,5.5
seoul9-4125,신논현,9호선,상행,17,12,39,4.6
seoul9-4125,신논현,9호선,상행,18,16,45,4.0
seoul9-4125,신논현,9호선,상행,19,17,50,3.6
seoul9-4125,신논현,9호선,상행,20,17,47,3.8
seoul9-4125,신논현,9호선,상행,21,13,40,4.5
seoul9-4125,신논현,9호선,상행,22,10,34,5.3
seoul9-4125,신논현,9호선,상행,23,11,30,6.0
seoul9-4125,신논현,9호선,상행,24,9,20,9.0
seoul9-4125,신논현,9호선,하행,5,4,14,12.9
seoul9-4125,신논현,9호선,하행,6,10,30,6.0
seoul9-4125,신논현,9호선,하행,7,16,45,4.0
seoul9-4125,신논현,9호선,하행,8,19,50,3.6
seoul9-4125,신논현,9호선,하행,9,15,45,4.0
seoul9-4125,신논현,9호선,하행,10,11,36,5.0
seoul9-4125,신논현,9호선,하행,11,10,32,5.6
seoul9-4125,신논현,9호선,하행,12,11,32,5.6
seoul9-4125,신논현,9호선,하행,13,11,33,5.5
seoul9-4125,신논현,9호선,하행,14,11,33,5.5
seoul9-4125,신논현,9호선,하행,15,11,33,5.5
seoul9-4125,신논현,9호선,하행,16,11,38,4.7
seoul9-4125,신논현,9호선,하행,17,16,44,4.1
seoul9-4125,신논현,9호선,하행,18,17,50,3.6
seoul9-4125,신논현,9호선,하행,19,17,47,3.8
seoul9-4125,신논현,9호선,하행,20,13,40,4.5
seoul9-4125,신논현,9호선,하행,21,10,34,5.3
seoul9-4125,신논현,9호선,하행,22,11,32,5.6
seoul9-4125,신논현,9호선,하행,23,11,28,6.4
seoul9-4125,신논현,9호선,하행,24,6,17,10.6
gtxa-N01,운정중앙,GTX-A,하행,5,3,13,13.8
gtxa-N01,운정중앙,GTX-A,하행,6,10,23,7.8
gtxa-N01,운정중앙,GTX-A,하행,7,10,29,6.2
gtxa-N01,운정중앙,GTX-A,하행,8,9,26,6.9
gtxa-N01,운정중앙,GTX-A,하행,9,7,22,8.2
gtxa-N01,운정중앙,GTX-A,하행,10,6,19,9.5
gtxa-N01,운정중앙,GTX-A,하행,11,6,18,10.0
gtxa-N01,운정중앙,GTX-A,하행,12,6,19,9.5
gtxa-N01,운정중앙,GTX-A,하행,13,7,20,9.0
gtxa-N01,운정중앙,GTX-A,하행,14,7,22,8.2
gtxa-N01,운정중앙,GTX-A,하행,15,8,24,7.5
gtxa-N01,운정중앙,GTX-A,하행,16,9,26,6.9
gtxa-N01,운정중앙,GTX-A,하행,17,9,28,6.4
gtxa-N01,운정중앙,GTX-A,하행,18,10,27,6.7
gtxa-N01,운정중앙,GTX-A,하행,19,8,26,6.9
gtxa-N01,운정중앙,GTX-A,하행,20,8,22,8.2
gtxa-N01,운정중앙,GTX-A,하행,21,6,19,9.5
gtxa-N01,운정중앙,GTX-A,하행,22,5,15,12.0
gtxa-N01,운정중앙,GTX-A,하행,23,4,12,15.0
gtxa-N01,운정중앙,GTX-A,하행,24,3,7,25.7
gtxa-N02,킨텍스,GTX-A,상행,5,1,8,22.5
gtxa-N02,킨텍스,GTX-A,상행,6,7,17,10.6
gtxa-N02,킨텍스,GTX-A,상행,7,9,26,6.9
gtxa-N02,킨텍스,GTX-A,상행,8,10,28,6.4
gtxa-N02,킨텍스,GTX-A,상행,9,9,26,6.9
gtxa-N02,킨텍스,GTX-A,상행,10,7,22,8.2
gtxa-N02,킨텍스,GTX-A,상행,11,6,19,9.5
gtxa-N02,킨텍스,GTX-A,상행,12,6,18,10.0
gtxa-N02,킨텍스,GTX-A,상행,13,6,19,9.5
gtxa-N02,킨텍스,GTX-A,상행,14,7,20,9.0
gtxa-N02,킨텍스,GTX-A,상행,15,7,22,8.2
gtxa-N02,킨텍스,GTX-A,상행,16,8,24,7.5
gtxa-N02,킨텍스,GTX-A,상행,17,9,26,6.9
gtxa-N02,킨텍스,GTX-A,상행,18,9,28,6.4
gtxa-N02,킨텍스,GTX-A,상행,19,10,27,6.7
gtxa-N02,킨텍스,GTX-A,상행,20,8,25,7.2
gtxa-N02,킨텍스,GTX-A,상행,21,7,22,8.2
gtxa-N02,킨텍스,GTX-A,상행,22,7,18,10.0
gtxa-N02,킨텍스,GTX-A,상행,23,4,15,12.0
gtxa-N02,킨텍스,GTX-A,상행,24,4,8,22.5
gtxa-N02,킨텍스,GTX-A,하행,5,3,12,15.0
gtxa-N02,킨텍스,GTX-A,하행,6,9,22,8.2
gtxa-N02,킨텍스,GTX-A,하행,7,10,29,6.2
gtxa-N02,킨텍스,GTX-A,하행,8,10,27,6.7
gtxa-N02,킨텍스,GTX-A,하행,9,7,23,7.8
gtxa-N02,킨텍스,GTX-A,하행,10,6,19,9.5
gtxa-N02,킨텍스,GTX-A,하행,11,6,18,10.0
gtxa-N02,킨텍스,GTX-A,하행,12,6,18,10.0
gtxa-N02,킨텍스,GTX-A,하행,13,6,20,9.0
gtxa-N02,킨텍스,GTX-A,하행,14,8,21,8.6
gtxa-N02,킨텍스,GTX-A,하행,15,7,24,7.5
gtxa-N02,킨텍스,GTX-A,하행,16,9,26,6.9
gtxa-N02,킨텍스,GTX-A,하행,17,10,28,6.4
gtxa-N02,킨텍스,GTX-A,하행,18,9,28,6.4
gtxa-N02,킨텍스,GTX-A,하행,19,9,25,7.2
gtxa-N02,킨텍스,GTX-A,하행,20,7,23,7.8
gtxa-N02,킨텍스,GTX-A,하행,21,7,19,9.5
gtxa-N02,킨텍스,GTX-A,하행,22,5,16,11.2
gtxa-N02,킨텍스,GTX-A,하행,23,4,12,15.0
gtxa-N02,킨텍스,GTX-A,하행,24,3,7,25.7
gtxa-N03,대곡,GTX-A,상행,5,2,8,22.5
gtxa-N03,대곡,GTX-A,상행,6,6,18,10.0
gtxa-N03,대곡,GTX-A,상행,7,10,26,6.9
gtxa-N03,대곡,GTX-A,상행,8,10,28,6.4
gtxa-N03,대곡,GTX-A,상행,9,8,25,7.2
gtxa-N03,대곡,GTX-A,상행,10,7,21,8.6
gtxa-N03,대곡,GTX-A,상행,11,6,19,9.5
gtxa-N03,대곡,GTX-A,상행,12,6,18,10.0
gtxa-N03,대곡,GTX-A,상행,13,6,19,9.5
gtxa-N03,대곡,GTX-A,상행,14,7,21,8.6
gtxa-N03,대곡,GTX-A,상행,15,8,22,8.2
gtxa-N03,대곡,GTX-A,상행,16,7,25,7.2
gtxa-N03,대곡,GTX-A,상행,17,10,26,6.9
gtxa-N03,대곡,GTX-A,상행,18,9,29,6.2
gtxa-N03,대곡,GTX-A,상행,19,10,27,6.7
gtxa-N03,대곡,GTX-A,상행,20,8,25,7.2
gtxa-N03,대곡,GTX-A,상행,21,7,21,8.6
gtxa-N03,대곡,GTX-A,상행,22,6,17,10.6
gtxa-N03,대곡,GTX-A,상행,23,4,14,12.9
gtxa-N03,대곡,GTX-A,상행,24,4,8,22.5
gtxa-N03,대곡,GTX-A,하행,5,3,12,15.0
gtxa-N03,대곡,GTX-A,하행,6,9,21,8.6
gtxa-N03,대곡,GTX-A,하행,7,9,28,6.4
gtxa-N03,대곡,GTX-A,하행,8,10,26,6.9
gtxa-N03,대곡,GTX-A,하행,9,7,24,7.5
gtxa-N03,대곡,GTX-A,하행,10,7,20,9.0
gtxa-N03,대곡,GTX-A,하행,11,6,19,9.5
gtxa-N03,대곡,GTX-A,하행,12,6,18,10.0
gtxa-N03,대곡,GTX-A,하행,13,6,19,9.5
gtxa-N03,대곡,GTX-A,하행,14,7,21,8.6
gtxa-N03,대곡,GTX-A,하행,15,8,23,7.8
gtxa-N03,대곡,GTX-A,하행,16,8,26,6.9
gtxa-N03,대곡,GTX-A,하행,17,10,27,6.7
gtxa-N03,대곡,GTX-A,하행,18,9,28,6.4
gtxa-N03,대곡,GTX-A,하행,19,9,26,6.9
gtxa-N03,대곡,GTX-A,하행,20,8,24,7.5
gtxa-N03,대곡,GTX-A,하행,21,7,20,9.0
gtxa-N03,대곡,GTX-A,하행,22,5,16,11.2
gtxa-N03,대곡,GTX-A,하행,23,4,12,15.0
gtxa-N03,대곡,GTX-A,하행,24,3,7,25.7
gtxa-N04,연신내,GTX-A,상행,5,2,9,20.0
gtxa-N04,연신내,GTX-A,상행,6,7,19,9.5
gtxa-N04,연신내,GTX-A,상행,7,10,27,6.7
gtxa-N04,연신내,GTX-A,상행,8,10,28,6.4
gtxa-N04,연신내,GTX-A,상행,9,8,25,7.2
gtxa-N04,연신내,GTX-A,상행,10,7,21,8.6
gtxa-N04,연신내,GTX-A,상행,11,6,19,9.5
gtxa-N04,연신내,GTX-A,상행,12,6,18,10.0
gtxa-N04,연신내,GTX-A,상행,13,6,19,9.5
gtxa-N04,연신내,GTX-A,상행,14,7,20,9.0
gtxa-N04,연신내,GTX-A,상행,15,7,22,8.2
gtxa-N04,연신내,GTX-A,상행,16,8,24,7.5
gtxa-N04,연신내,GTX-A,상행,17,9,27,6.7
gtxa-N04,연신내,GTX-A,상행,18,10,29,6.2
gtxa-N04,연신내,GTX-A,상행,19,10,27,6.7
gtxa-N04,연신내,GTX-A,상행,20,7,25,7.2
gtxa-N04,연신내,GTX-A,상행,21,8,20,9.0
gtxa-N04,연신내,GTX-A,상행,22,5,17,10.6
gtxa-N04,연신내,GTX-A,상행,23,4,13,13.8
gtxa-N04,연신내,GTX-A,상행,24,4,8,22.5
gtxa-N04,연신내,GTX-A,하행,5,2,11,16.4
gtxa-N04,연신내,GTX-A,하행,6,9,20,9.0
gtxa-N04,연신내,GTX-A,하행,7,9,28,6.4
gtxa-N04,연신내,GTX-A,하행,8,10,27,6.7
gtxa-N04,연신내,GTX-A,하행,9,8,24,7.5
gtxa-N04,연신내,GTX-A,하행,10,6,20,9.0
gtxa-N04,연신내,GTX-A,하행,11,6,18,10.0
gtxa-N04,연신내,GTX-A,하행,12,6,18,10.0
gtxa-N04,연신내,GTX-A,하행,13,6,19,9.5
gtxa-N04,연신내,GTX-A,하행,14,7,21,8.6
gtxa-N04,연신내,GTX-A,하행,15,8,23,7.8
gtxa-N04,연신내,GTX-A,하행,16,8,26,6.9
gtxa-N04,연신내,GTX-A,하행,17,10,27,6.7
gtxa-N04,연신내,GTX-A,하행,18,9,28,6.4
gtxa-N04,연신내,GTX-A,하행,19,9,26,6.9
gtxa-N04,연신내,GTX-A,하행,20,8,24,7.5
gtxa-N04,연신내,GTX-A,하행,21,7,20,9.0
gtxa-N04,연신내,GTX-A,하행,22,5,16,11.2
gtxa-N04,연신내,GTX-A,하행,23,4,13,13.8
gtxa-N04,연신내,GTX-A,하행,24,4,8,22.5
gtxa-N05,서울역,GTX-A,상행,5,2,10,18.0
gtxa-N05,서울역,GTX-A,상행,6,8,20,9.0
gtxa-N05,서울역,GTX-A,상행,7,10,27,6.7
gtxa-N05,서울역,GTX-A,상행,8,9,28,6.4
gtxa-N05,서울역,GTX-A,상행,9,9,24,7.5
gtxa-N05,서울역,GTX-A,상행,10,6,21,8.6
gtxa-N05,서울역,GTX-A,상행,11,6,18,10.0
gtxa-N05,서울역,GTX-A,상행,12,6,18,10.0
gtxa-N05,서울역,GTX-A,상행,13,6,20,9.0
gtxa-N05,서울역,GTX-A,상행,14,8,21,8.6
gtxa-N05,서울역,GTX-A,상행,15,7,23,7.8
gtxa-N05,서울역,GTX-A,상행,16,8,24,7.5
gtxa-N05,서울역,GTX-A,상행,17,9,27,6.7
gtxa-N05,서울역,GTX-A,상행,18,10,29,6.2
gtxa-N05,서울역,GTX-A,상행,19,10,27,6.7
gtxa-N05,서울역,GTX-A,상행,20,7,24,7.5
gtxa-N05,서울역,GTX-A,상행,21,7,20,9.0
gtxa-N05,서울역,GTX-A,상행,22,6,17,10.6
gtxa-N05,서울역,GTX-A,상행,23,4,13,13.8
gtxa-N05,서울역,GTX-A,상행,24,3,7,25.7
gtxa-X108,수서,GTX-A,하행,5,1,5,36.0
gtxa-X108,수서,GTX-A,하행,6,4,8,22.5
gtxa-X108,수서,GTX-A,하행,7,3,11,16.4
gtxa-X108,수서,GTX-A,하행,8,4,10,18.0
gtxa-X108,수서,GTX-A,하행,9,3,10,18.0
gtxa-X108,수서,GTX-A,하행,10,3,9,20.0
gtxa-X108,수서,GTX-A,하행,11,3,9,20.0
gtxa-X108,수서,GTX-A,하행,12,3,9,20.0
gtxa-X108,수서,GTX-A,하행,13,3,9,20.0
gtxa-X108,수서,GTX-A,하행,14,3,9,20.0
gtxa-X108,수서,GTX-A,하행,15,3,10,18.0
gtxa-X108,수서,GTX-A,하행,16,4,10,18.0
gtxa-X108,수서,GTX-A,하행,17,3,11,16.4
gtxa-X108,수서,GTX-A,하행,18,4,9,20.0
gtxa-X108,수서,GTX-A,하행,19,2,10,18.0
gtxa-X108,수서,GTX-A,하행,20,4,9,20.0
gtxa-X108,수서,GTX-A,하행,21,3,9,20.0
gtxa-X108,수서,GTX-A,하행,22,2,8,22.5
gtxa-X108,수서,GTX-A,하행,23,3,7,25.7
gtxa-X108,수서,GTX-A,하행,24,2,5,36.0
gtxa-X109,성남,GTX-A,상행,5,1,5,36.0
gtxa-X109,성남,GTX-A,상행,6,4,8,22.5
gtxa-X109,성남,GTX-A,상행,7,3,11,16.4
gtxa-X109,성남,GTX-A,상행,8,4,10,18.0
gtxa-X109,성남,GTX-A,상행,9,3,10,18.0
gtxa-X109,성남,GTX-A,상행,10,3,9,20.0
gtxa-X109,성남,GTX-A,상행,11,3,8,22.5
gtxa-X109,성남,GTX-A,상행,12,2,8,22.5
gtxa-X109,성남,GTX-A,상행,13,3,9,20.0
gtxa-X109,성남,GTX-A,상행,14,4,10,18.0
gtxa-X109,성남,GTX-A,상행,15,3,10,18.0
gtxa-X109,성남,GTX-A,상행,16,3,10,18.0
gtxa-X109,성남,GTX-A,상행,17,4,10,18.0
gtxa-X109,성남,GTX-A,상행,18,3,10,18.0
gtxa-X109,성남,GTX-A,상행,19,3,9,20.0
gtxa-X109,성남,GTX-A,상행,20,3,11,16.4
gtxa-X109,성남,GTX-A,상행,21,5,10,18.0
gtxa-X109,성남,GTX-A,상행,22,2,9,20.0
gtxa-X109,성남,GTX-A,상행,23,2,6,30.0
gtxa-X109,성남,GTX-A,상행,24,2,4,45.0
gtxa-X109,성남,GTX-A,하행,5,1,5,36.0
gtxa-X109,성남,GTX-A,하행,6,4,8,22.5
gtxa-X109,성남,GTX-A,하행,7,3,11,16.4
gtxa-X109,성남,GTX-A,하행,8,4,10,18.0
gtxa-X109,성남,GTX-A,하행,9,3,10,18.0
gtxa-X109,성남,GTX-A,하행,10,3,9,20.0
gtxa-X109,성남,GTX-A,하행,11,3,9,20.0
gtxa-X109,성남,GTX-A,하행,12,3,9,20.0
gtxa-X109,성남,GTX-A,하행,13,3,9,20.0
gtxa-X109,성남,GTX-A,하행,14,3,9,20.0
gtxa-X109,성남,GTX-A,하행,15,3,9,20.0
gtxa-X109,성남,GTX-A,하행,16,3,10,18.0
gtxa-X109,성남,GTX-A,하행,17,4,11,16.4
gtxa-X109,성남,GTX-A,하행,18,4,10,18.0
gtxa-X109,성남,GTX-A,하행,19,2,10,18.0
gtxa-X109,성남,GTX-A,하행,20,4,9,20.0
gtxa-X109,성남,GTX-A,하행,21,3,9,20.0
gtxa-X109,성남,GTX-A,하행,22,2,8,22.5
gtxa-X109,성남,GTX-A,하행,23,3,7,25.7
gtxa-X109,성남,GTX-A,하행,24,2,5,36.0
gtxa-X110,구성,GTX-A,상행,5,2,5,36.0
gtxa-X110,구성,GTX-A,상행,6,3,8,22.5
gtxa-X110,구성,GTX-A,상행,7,3,10,18.0
gtxa-X110,구성,GTX-A,상행,8,4,11,16.4
gtxa-X110,구성,GTX-A,상행,9,4,11,16.4
gtxa-X110,구성,GTX-A,상행,10,3,9,20.0
gtxa-X110,구성,GTX-A,상행,11,2,7,25.7
gtxa-X110,구성,GTX-A,상행,12,2,8,22.5
gtxa-X110,구성,GTX-A,상행,13,4,9,20.0
gtxa-X110,구성,GTX-A,상행,14,3,10,18.0
gtxa-X110,구성,GTX-A,상행,15,3,10,18.0
gtxa-X110,구성,GTX-A,상행,16,4,10,18.0
gtxa-X110,구성,GTX-A,상행,17,3,10,18.0
gtxa-X110,구성,GTX-A,상행,18,3,10,18.0
gtxa-X110,구성,GTX-A,상행,19,4,10,18.0
gtxa-X110,구성,GTX-A,상행,20,3,11,16.4
gtxa-X110,구성,GTX-A,상행,21,4,9,20.0
gtxa-X110,구성,GTX-A,상행,22,2,8,22.5
gtxa-X110,구성,GTX-A,상행,23,2,6,30.0
gtxa-X110,구성,GTX-A,상행,24,2,4,45.0
gtxa-X110,구성,GTX-A,하행,5,1,5,36.0
gtxa-X110,구성,GTX-A,하행,6,4,7,25.7
gtxa-X110,구성,GTX-A,하행,7,2,10,18.0
gtxa-X110,구성,GTX-A,하행,8,4,9,20.0
gtxa-X110,구성,GTX-A,하행,9,3,11,16.4
gtxa-X110,구성,GTX-A,하행,10,4,9,20.0
gtxa-X110,구성,GTX-A,하행,11,2,10,18.0
gtxa-X110,구성,GTX-A,하행,12,4,8,22.5
gtxa-X110,구성,GTX-A,하행,13,2,10,18.0
gtxa-X110,구성,GTX-A,하행,14,4,8,22.5
gtxa-X110,구성,GTX-A,하행,15,2,10,18.0
gtxa-X110,구성,GTX-A,하행,16,4,9,20.0
gtxa-X110,구성,GTX-A,하행,17,3,11,16.4
gtxa-X110,구성,GTX-A,하행,18,4,9,20.0
gtxa-X110,구성,GTX-A,하행,19,2,10,18.0
gtxa-X110,구성,GTX-A,하행,20,4,9,20.0
gtxa-X110,구성,GTX-A,하행,21,3,10,18.0
gtxa-X110,구성,GTX-A,하행,22,3,8,22.5
gtxa-X110,구성,GTX-A,하행,23,2,8,22.5
gtxa-X110,구성,GTX-A,하행,24,3,5,36.0
gtxa-X111,동탄,GTX-A,상행,5,2,5,36.0
gtxa-X111,동탄,GTX-A,상행,6,3,9,20.0
gtxa-X111,동탄,GTX-A,상행,7,4,10,18.0
gtxa-X111,동탄,GTX-A,상행,8,3,11,16.4
gtxa-X111,동탄,GTX-A,상행,9,4,10,18.0
gtxa-X111,동탄,GTX-A,상행,10,3,9,20.0
gtxa-X111,동탄,GTX-A,상행,11,2,8,22.5
gtxa-X111,동탄,GTX-A,상행,12,3,8,22.5
gtxa-X111,동탄,GTX-A,상행,13,3,9,20.0
gtxa-X111,동탄,GTX-A,상행,14,3,10,18.0
gtxa-X111,동탄,GTX-A,상행,15,4,10,18.0
gtxa-X111,동탄,GTX-A,상행,16,3,10,18.0
gtxa-X111,동탄,GTX-A,상행,17,3,9,20.0
gtxa-X111,동탄,GTX-A,상행,18,3,10,18.0
gtxa-X111,동탄,GTX-A,상행,19,4,10,18.0
gtxa-X111,동탄,GTX-A,상행,20,3,11,16.4
gtxa-X111,동탄,GTX-A,상행,21,4,9,20.0
gtxa-X111,동탄,GTX-A,상행,22,2,8,22.5
gtxa-X111,동탄,GTX-A,상행,23,2,6,30.0
gtxa-X111,동탄,GTX-A,상행,24,2,4,45.0
gyeonggang-1501,판교역,경강선,하행,5,2,5,36.0
gyeonggang-1501,판교역,경강선,하행,6,3,10,18.0
gyeonggang-1501,판교역,경강선,하행,7,5,13,13.8
gyeonggang-1501,판교역,경강선,하행,8,5,14,12.9
gyeonggang-1501,판교역,경강선,하행,9,4,12,15.0
gyeonggang-1501,판교역,경강선,하행,10,3,10,18.0
gyeonggang-1501,판교역,경강선,하행,11,3,9,20.0
gyeonggang-1501,판교역,경강선,하행,12,3,9,20.0
gyeonggang-1501,판교역,경강선,하행,13,3,9,20.0
gyeonggang-1501,판교역,경강선,하행,14,3,9,20.0
gyeonggang-1501,판교역,경강선,하행,15,3,9,20.0
gyeonggang-1501,판교역,경강선,하행,16,3,10,18.0
gyeonggang-1501,판교역,경강선,하행,17,4,10,18.0
gyeonggang-1501,판교역,경강선,하행,18,3,10,18.0
gyeonggang-1501,판교역,경강선,하행,19,3,9,20.0
gyeonggang-1501,판교역,경강선,하행,20,3,9,20.0
gyeonggang-1501,판교역,경강선,하행,21,3,9,20.0
gyeonggang-1501,판교역,경강선,하행,22,3,8,22.5
gyeonggang-1501,판교역,경강선,하행,23,2,5,36.0
gyeonggang-1502,이매역,경강선,상행,6,4,9,20.0
gyeonggang-1502,이매역,경강선,상행,7,5,15,12.0
gyeonggang-1502,이매역,경강선,상행,8,6,14,12.9
gyeonggang-1502,이매역,경강선,상행,9,3,12,15.0
gyeonggang-1502,이매역,경강선,상행,10,3,9,20.0
gyeonggang-1502,이매역,경강선,상행,11,3,8,22.5
gyeonggang-1502,이매역,경강선,상행,12,2,9,20.0
gyeonggang-1502,이매역,경강선,상행,13,4,9,20.0
gyeonggang-1502,이매역,경강선,상행,14,3,10,18.0
gyeonggang-1502,이매역,경강선,상행,15,3,9,20.0
gyeonggang-1502,이매역,경강선,상행,16,3,10,18.0
gyeonggang-1502,이매역,경강선,상행,17,4,10,18.0
gyeonggang-1502,이매역,경강선,상행,18,3,10,18.0
gyeonggang-1502,이매역,경강선,상행,19,3,10,18.0
gyeonggang-1502,이매역,경강선,상행,20,4,10,18.0
gyeonggang-1502,이매역,경강선,상행,21,3,9,20.0
gyeonggang-1502,이매역,경강선,상행,22,2,7,25.7
gyeonggang-1502,이매역,경강선,상행,23,2,5,36.0
gyeonggang-1502,이매역,경강선,상행,24,1,3,60.0
gyeonggang-1502,이매역,경강선,하행,5,2,5,36.0
gyeonggang-1502,이매역,경강선,하행,6,3,9,20.0
gyeonggang-1502,이매역,경강선,하행,7,4,13,13.8
gyeonggang-1502,이매역,경강선,하행,8,6,14,12.9
gyeonggang-1502,이매역,경강선,하행,9,4,13,13.8
gyeonggang-1502,이매역,경강선,하행,10,3,10,18.0
gyeonggang-1502,이매역,경강선,하행,11,3,8,22.5
gyeonggang-1502,이매역,경강선,하행,12,2,9,20.0
gyeonggang-1502,이매역,경강선,하행,13,4,9,20.0
gyeonggang-1502,이매역,경강선,하행,14,3,10,18.0
gyeonggang-1502,이매역,경강선,하행,15,3,9,20.0
gyeonggang-1502,이매역,경강선,하행,16,3,9,20.0
gyeonggang-1502,이매역,경강선,하행,17,3,10,18.0
gyeonggang-1502,이매역,경강선,하행,18,4,10,18.0
gyeonggang-1502,이매역,경강선,하행,19,3,10,18.0
gyeonggang-1502,이매역,경강선,하행,20,3,9,20.0
gyeonggang-1502,이매역,경강선,하행,21,3,9,20.0
gyeonggang-1502,이매역,경강선,하행,22,3,8,22.5
gyeonggang-1502,이매역,경강선,하행,23,2,5,36.0
gyeonggang-1503,삼동역,경강선,상행,5,1,5,36.0
gyeonggang-1503,삼동역,경강선,상행,6,4,10,18.0
gyeonggang-1503,삼동역,경강선,상행,7,5,14,12.9
gyeonggang-1503,삼동역,경강선,상행,8,5,13,13.8
gyeonggang-1503,삼동역,경강선,상행,9,3,11,16.4
gyeonggang-1503,삼동역,경강선,상행,10,3,9,20.0
gyeonggang-1503,삼동역,경강선,상행,11,3,9,20.0
gyeonggang-1503,삼동역,경강선,상행,12,3,9,20.0
gyeonggang-1503,삼동역,경강선,상행,13,3,9,20.0
gyeonggang-1503,삼동역,경강선,상행,14,3,9,20.0
gyeonggang-1503,삼동역,경강선,상행,15,3,9,20.0
gyeonggang-1503,삼동역,경강선,상행,16,3,10,18.0
gyeonggang-1503,삼동역,경강선,상행,17,4,10,18.0
gyeonggang-1503,삼동역,경강선,상행,18,3,11,16.4
gyeonggang-1503,삼동역,경강선,상행,19,4,10,18.0
gyeonggang-1503,삼동역,경강선,상행,20,3,10,18.0
gyeonggang-1503,삼동역,경강선,상행,21,3,8,22.5
gyeonggang-1503,삼동역,경강선,상행,22,2,7,25.7
gyeonggang-1503,삼동역,경강선,상행,23,2,5,36.0
gyeonggang-1503,삼동역,경강선,상행,24,1,3,60.0
gyeonggang-1503,삼동역,경강선,하행,5,1,5,36.0
gyeonggang-1503,삼동역,경강선,하행,6,4,9,20.0
gyeonggang-1503,삼동역,경강선,하행,7,4,13,13.8
gyeonggang-1503,삼동역,경강선,하행,8,5,13,13.8
gyeonggang-1503,삼동역,경강선,하행,9,4,12,15.0
gyeonggang-1503,삼동역,경강선,하행,10,3,10,18.0
gyeonggang-1503,삼동역,경강선,하행,11,3,9,20.0
gyeonggang-1503,삼동역,경강선,하행,12,3,9,20.0
gyeonggang-1503,삼동역,경강선,하행,13,3,9,20.0
gyeonggang-1503,삼동역,경강선,하행,14,3,9,20.0
gyeonggang-1503,삼동역,경강선,하행,15,3,10,18.0
gyeonggang-1503,삼동역,경강선,하행,16,4,10,18.0
gyeonggang-1503,삼동역,경강선,하행,17,3,11,16.4
gyeonggang-1503,삼동역,경강선,하행,18,4,10,18.0
gyeonggang-1503,삼동역,경강선,하행,19,3,10,18.0
gyeonggang-1503,삼동역,경강선,하행,20,3,9,20.0
gyeonggang-1503,삼동역,경강선,하행,21,3,9,20.0
gyeonggang-1503,삼동역,경강선,하행,22,3,8,22.5
gyeonggang-1503,삼동역,경강선,하행,23,2,5,36.0
gyeonggang-1504,경기광주역,경강선,상행,5,1,5,36.0
gyeonggang-1504,경기광주역,경강선,상행,6,4,10,18.0
gyeonggang-1504,경기광주역,경강선,상행,7,5,14,12.9
gyeonggang-1504,경기광주역,경강선,상행,8,5,13,13.8
gyeonggang-1504,경기광주역,경강선,상행,9,3,11,16.4
gyeonggang-1504,경기광주역,경강선,상행,10,3,9,20.0
gyeonggang-1504,경기광주역,경강선,상행,11,3,9,20.0
gyeonggang-1504,경기광주역,경강선,상행,12,3,9,20.0
gyeonggang-1504,경기광주역,경강선,상행,13,3,9,20.0
gyeonggang-1504,경기광주역,경강선,상행,14,3,9,20.0
gyeonggang-1504,경기광주역,경강선,상행,15,3,9,20.0
gyeonggang-1504,경기광주역,경강선,상행,16,3,10,18.0
gyeonggang-1504,경기광주역,경강선,상행,17,4,10,18.0
gyeonggang-1504,경기광주역,경강선,상행,18,3,11,16.4
gyeonggang-1504,경기광주역,경강선,상행,19,4,10,18.0
gyeonggang-1504,경기광주역,경강선,상행,20,3,10,18.0
gyeonggang-1504,경기광주역,경강선,상행,21,3,9,20.0
gyeonggang-1504,경기광주역,경강선,상행,22,3,7,25.7
gyeonggang-1504,경기광주역,경강선,상행,23,1,5,36.0
gyeonggang-1504,경기광주역,경강선,상행,24,1,2,90.0
gyeonggang-1504,경기광주역,경강선,하행,5,1,4,45.0
gyeonggang-1504,경기광주역,경강선,하행,6,3,9,20.0
gyeonggang-1504,경기광주역,경강선,하행,7,5,13,13.8
gyeonggang-1504,경기광주역,경강선,하행,8,5,14,12.9
gyeonggang-1504,경기광주역,경강선,하행,9,4,12,15.0
gyeonggang-1504,경기광주역,경강선,하행,10,3,10,18.0
gyeonggang-1504,경기광주역,경강선,하행,11,3,9,20.0
gyeonggang-1504,경기광주역,경강선,하행,12,3,9,20.0
gyeonggang-1504,경기광주역,경강선,하행,13,3,9,20.0
gyeonggang-1504,경기광주역,경강선,하행,14,3,9,20.0
gyeonggang-1504,경기광주역,경강선,하행,15,3,9,20.0
gyeonggang-1504,경기광주역,경강선,하행,16,3,10,18.0
gyeonggang-1504,경기광주역,경강선,하행,17,4,10,18.0
gyeonggang-1504,경기광주역,경강선,하행,18,3,11,16.4
gyeonggang-1504,경기광주역,경강선,하행,19,4,10,18.0
gyeonggang-1504,경기광주역,경강선,하행,20,3,10,18.0
gyeonggang-1504,경기광주역,경강선,하행,21,3,9,20.0
gyeonggang-1504,경기광주역,경강선,하행,22,3,8,22.5
gyeonggang-1504,경기광주역,경강선,하행,23,2,5,36.0
gyeonggang-1505,초월역,경강선,상행,5,1,5,36.0
gyeonggang-1505,초월역,경강선,상행,6,4,11,16.4
gyeonggang-1505,초월역,경강선,상행,7,6,15,12.0
gyeonggang-1505,초월역,경강선,상행,8,5,13,13.8
gyeonggang-1505,초월역,경강선,상행,9,2,10,18.0
gyeonggang-1505,초월역,경강선,상행,10,3,8,22.5
gyeonggang-1505,초월역,경강선,상행,11,3,9,20.0
gyeonggang-1505,초월역,경강선,상행,12,3,9,20.0
gyeonggang-1505,초월역,경강선,상행,13,3,9,20.0
gyeonggang-1505,초월역,경강선,상행,14,3,9,20.0
gyeonggang-1505,초월역,경강선,상행,15,3,9,20.0
gyeonggang-1505,초월역,경강선,상행,16,3,10,18.0
gyeonggang-1505,초월역,경강선,상행,17,4,11,16.4
gyeonggang-1505,초월역,경강선,상행,18,4,11,16.4
gyeonggang-1505,초월역,경강선,상행,19,3,10,18.0
gyeonggang-1505,초월역,경강선,상행,20,3,10,18.0
gyeonggang-1505,초월역,경강선,상행,21,4,9,20.0
gyeonggang-1505,초월역,경강선,상행,22,2,7,25.7
gyeonggang-1505,초월역,경강선,상행,23,1,4,45.0
gyeonggang-1505,초월역,경강선,상행,24,1,2,90.0
gyeonggang-1505,초월역,경강선,하행,5,1,4,45.0
gyeonggang-1505,초월역,경강선,하행,6,3,8,22.5
gyeonggang-1505,초월역,경강선,하행,7,4,13,13.8
gyeonggang-1505,초월역,경강선,하행,8,6,14,12.9
gyeonggang-1505,초월역,경강선,하행,9,4,13,13.8
gyeonggang-1505,초월역,경강선,하행,10,3,10,18.0
gyeonggang-1505,초월역,경강선,하행,11,3,9,20.0
gyeonggang-1505,초월역,경강선,하행,12,3,9,20.0
gyeonggang-1505,초월역,경강선,하행,13,3,9,20.0
gyeonggang-1505,초월역,경강선,하행,14,3,9,20.0
gyeonggang-1505,초월역,경강선,하행,15,3,9,20.0
gyeonggang-1505,초월역,경강선,하행,16,3,9,20.0
gyeonggang-1505,초월역,경강선,하행,17,3,10,18.0
gyeonggang-1505,초월역,경강선,하행,18,4,10,18.0
gyeonggang-1505,초월역,경강선,하행,19,3,11,16.4
gyeonggang-1505,초월역,경강선,하행,20,4,10,18.0
gyeonggang-1505,초월역,경강선,하행,21,3,10,18.0
gyeonggang-1505,초월역,경강선,하행,22,3,8,22.5
gyeonggang-1505,초월역,경강선,하행,23,2,5,36.0
gyeonggang-1506,곤지암역,경강선,상행,5,1,6,30.0
gyeonggang-1506,곤지암역,경강선,상행,6,5,11,16.4
gyeonggang-1506,곤지암역,경강선,상행,7,5,15,12.0
gyeonggang-1506,곤지암역,경강선,상행,8,5,13,13.8
gyeonggang-1506,곤지암역,경강선,상행,9,3,10,18.0
gyeonggang-1506,곤지암역,경강선,상행,10,2,9,20.0
gyeonggang-1506,곤지암역,경강선,상행,11,4,9,20.0
gyeonggang-1506,곤지암역,경강선,상행,12,3,9,20.0
gyeonggang-1506,곤지암역,경강선,상행,13,2,9,20.0
gyeonggang-1506,곤지암역,경강선,상행,14,4,9,20.0
gyeonggang-1506,곤지암역,경강선,상행,15,3,10,18.0
gyeonggang-1506,곤지암역,경강선,상행,16,3,10,18.0
gyeonggang-1506,곤지암역,경강선,상행,17,4,10,18.0
gyeonggang-1506,곤지암역,경강선,상행,18,3,10,18.0
gyeonggang-1506,곤지암역,경강선,상행,19,3,9,20.0
gyeonggang-1506,곤지암역,경강선,상행,20,3,10,18.0
gyeonggang-1506,곤지암역,경강선,상행,21,4,9,20.0
gyeonggang-1506,곤지암역,경강선,상행,22,2,7,25.7
gyeonggang-1506,곤지암역,경강선,상행,23,1,4,45.0
gyeonggang-1506,곤지암역,경강선,상행,24,1,2,90.0
gyeonggang-1506,곤지암역,경강선,하행,5,1,4,45.0
gyeonggang-1506,곤지암역,경강선,하행,6,3,8,22.5
gyeonggang-1506,곤지암역,경강선,하행,7,4,12,15.0
gyeonggang-1506,곤지암역,경강선,하행,8,5,14,12.9
gyeonggang-1506,곤지암역,경강선,하행,9,5,13,13.8
gyeonggang-1506,곤지암역,경강선,하행,10,3,11,16.4
gyeonggang-1506,곤지암역,경강선,하행,11,3,9,20.0
gyeonggang-1506,곤지암역,경강선,하행,12,3,9,20.0
gyeonggang-1506,곤지암역,경강선,하행,13,3,9,20.0
gyeonggang-1506,곤지암역,경강선,하행,14,3,9,20.0
gyeonggang-1506,곤지암역,경강선,하행,15,3,9,20.0
gyeonggang-1506,곤지암역,경강선,하행,16,3,9,20.0
gyeonggang-1506,곤지암역,경강선,하행,17,3,10,18.0
gyeonggang-1506,곤지암역,경강선,하행,18,4,10,18.0
gyeonggang-1506,곤지암역,경강선,하행,19,3,10,18.0
gyeonggang-1506,곤지암역,경강선,하행,20,3,9,20.0
gyeonggang-1506,곤지암역,경강선,하행,21,3,9,20.0
gyeonggang-1506,곤지암역,경강선,하행,22,3,9,20.0
gyeonggang-1506,곤지암역,경강선,하행,23,3,6,30.0
gyeonggang-1507,신둔도예촌역,경강선,상행,5,2,6,30.0
gyeonggang-1507,신둔도예촌역,경강선,상행,6,4,12,15.0
gyeonggang-1507,신둔도예촌역,경강선,상행,7,6,14,12.9
gyeonggang-1507,신둔도예촌역,경강선,상행,8,4,13,13.8
gyeonggang-1507,신둔도예촌역,경강선,상행,9,3,10,18.0
gyeonggang-1507,신둔도예촌역,경강선,상행,10,3,9,20.0
gyeonggang-1507,신둔도예촌역,경강선,상행,11,3,9,20.0
gyeonggang-1507,신둔도예촌역,경강선,상행,12,3,9,20.0
gyeonggang-1507,신둔도예촌역,경강선,상행,13,3,9,20.0
gyeonggang-1507,신둔도예촌역,경강선,상행,14,3,9,20.0
gyeonggang-1507,신둔도예촌역,경강선,상행,15,3,9,20.0
gyeonggang-1507,신둔도예촌역,경강선,상행,16,3,10,18.0
gyeonggang-1507,신둔도예촌역,경강선,상행,17,4,10,18.0
gyeonggang-1507,신둔도예촌역,경강선,상행,18,3,11,16.4
gyeonggang-1507,신둔도예촌역,경강선,상행,19,4,10,18.0
gyeonggang-1507,신둔도예촌역,경강선,상행,20,3,10,18.0
gyeonggang-1507,신둔도예촌역,경강선,상행,21,3,8,22.5
gyeonggang-1507,신둔도예촌역,경강선,상행,22,2,6,30.0
gyeonggang-1507,신둔도예촌역,경강선,상행,23,1,4,45.0
gyeonggang-1507,신둔도예촌역,경강선,상행,24,1,2,90.0
gyeonggang-1507,신둔도예촌역,경강선,하행,5,1,3,60.0
gyeonggang-1507,신둔도예촌역,경강선,하행,6,2,8,22.5
gyeonggang-1507,신둔도예촌역,경강선,하행,7,5,12,15.0
gyeonggang-1507,신둔도예촌역,경강선,하행,8,5,14,12.9
gyeonggang-1507,신둔도예촌역,경강선,하행,9,4,12,15.0
gyeonggang-1507,신둔도예촌역,경강선,하행,10,3,10,18.0
gyeonggang-1507,신둔도예촌역,경강선,하행,11,3,9,20.0
gyeonggang-1507,신둔도예촌역,경강선,하행,12,3,9,20.0
gyeonggang-1507,신둔도예촌역,경강선,하행,13,3,9,20.0
gyeonggang-1507,신둔도예촌역,경강선,하행,14,3,10,18.0
gyeonggang-1507,신둔도예촌역,경강선,하행,15,4,9,20.0
gyeonggang-1507,신둔도예촌역,경강선,하행,16,2,10,18.0
gyeonggang-1507,신둔도예촌역,경강선,하행,17,4,10,18.0
gyeonggang-1507,신둔도예촌역,경강선,하행,18,4,11,16.4
gyeonggang-1507,신둔도예촌역,경강선,하행,19,3,10,18.0
gyeonggang-1507,신둔도예촌역,경강선,하행,20,3,9,20.0
gyeonggang-1507,신둔도예촌역,경강선,하행,21,3,9,20.0
gyeonggang-1507,신둔도예촌역,경강선,하행,22,3,8,22.5
gyeonggang-1507,신둔도예촌역,경강선,하행,23,2,6,30.0
gyeonggang-1507,신둔도예촌역,경강선,하행,24,1,3,60.0
gyeonggang-1508,이천역,경강선,상행,5,2,7,25.7
gyeonggang-1508,이천역,경강선,상행,6,5,13,13.8
gyeonggang-1508,이천역,경강선,상행,7,6,14,12.9
gyeonggang-1508,이천역,경강선,상행,8,3,12,15.0
gyeonggang-1508,이천역,경강선,상행,9,3,9,20.0
gyeonggang-1508,이천역,경강선,상행,10,3,9,20.0
gyeonggang-1508,이천역,경강선,상행,11,3,9,20.0
gyeonggang-1508,이천역,경강선,상행,12,3,9,20.0
gyeonggang-1508,이천역,경강선,상행,13,3,9,20.0
gyeonggang-1508,이천역,경강선,상행,14,3,9,20.0
gyeonggang-1508,이천역,경강선,상행,15,3,10,18.0
gyeonggang-1508,이천역,경강선,상행,16,4,10,18.0
gyeonggang-1508,이천역,경강선,상행,17,3,11,16.4
gyeonggang-1508,이천역,경강선,상행,18,4,10,18.0
gyeonggang-1508,이천역,경강선,상행,19,3,10,18.0
gyeonggang-1508,이천역,경강선,상행,20,3,9,20.0
gyeonggang-1508,이천역,경강선,상행,21,3,8,22.5
gyeonggang-1508,이천역,경강선,상행,22,2,7,25.7
gyeonggang-1508,이천역,경강선,상행,23,2,4,45.0
gyeonggang-1508,이천역,경강선,하행,6,3,7,25.7
gyeonggang-1508,이천역,경강선,하행,7,4,12,15.0
gyeonggang-1508,이천역,경강선,하행,8,5,14,12.9
gyeonggang-1508,이천역,경강선,하행,9,5,13,13.8
gyeonggang-1508,이천역,경강선,하행,10,3,11,16.4
gyeonggang-1508,이천역,경강선,하행,11,3,9,20.0
gyeonggang-1508,이천역,경강선,하행,12,3,9,20.0
gyeonggang-1508,이천역,경강선,하행,13,3,9,20.0
gyeonggang-1508,이천역,경강선,하행,14,3,9,20.0
gyeonggang-1508,이천역,경강선,하행,15,3,9,20.0
gyeonggang-1508,이천역,경강선,하행,16,3,9,20.0
gyeonggang-1508,이천역,경강선,하행,17,3,10,18.0
gyeonggang-1508,이천역,경강선,하행,18,4,11,16.4
gyeonggang-1508,이천역,경강선,하행,19,4,11,16.4
gyeonggang-1508,이천역,경강선,하행,20,3,10,18.0
gyeonggang-1508,이천역,경강선,하행,21,3,9,20.0
gyeonggang-1508,이천역,경강선,하행,22,3,8,22.5
gyeonggang-1508,이천역,경강선,하행,23,2,6,30.0
gyeonggang-1508,이천역,경강선,하행,24,1,3,60.0
gyeonggang-1509,부발역,경강선,상행,5,2,7,25.7
gyeonggang-1509,부발역,경강선,상행,6,5,13,13.8
gyeonggang-1509,부발역,경강선,상행,7,6,14,12.9
gyeonggang-1509,부발역,경강선,상행,8,3,12,15.0
gyeonggang-1509,부발역,경강선,상행,9,3,9,20.0
gyeonggang-1509,부발역,경강선,상행,10,3,9,20.0
gyeonggang-1509,부발역,경강선,상행,11,3,9,20.0
gyeonggang-1509,부발역,경강선,상행,12,3,9,20.0
gyeonggang-1509,부발역,경강선,상행,13,3,9,20.0
gyeonggang-1509,부발역,경강선,상행,14,3,9,20.0
gyeonggang-1509,부발역,경강선,상행,15,3,10,18.0
gyeonggang-1509,부발역,경강선,상행,16,4,11,16.4
gyeonggang-1509,부발역,경강선,상행,17,4,11,16.4
gyeonggang-1509,부발역,경강선,상행,18,3,10,18.0
gyeonggang-1509,부발역,경강선,상행,19,3,10,18.0
gyeonggang-1509,부발역,경강선,상행,20,4,10,18.0
gyeonggang-1509,부발역,경강선,상행,21,3,8,22.5
gyeonggang-1509,부발역,경강선,상행,22,1,6,30.0
gyeonggang-1509,부발역,경강선,상행,23,2,3,60.0
gyeonggang-1509,부발역,경강선,하행,6,3,5,36.0
gyeonggang-1509,부발역,경강선,하행,7,2,8,22.5
gyeonggang-1509,부발역,경강선,하행,8,3,7,25.7
gyeonggang-1509,부발역,경강선,하행,9,2,8,22.5
gyeonggang-1509,부발역,경강선,하행,10,3,8,22.5
gyeonggang-1509,부발역,경강선,하행,11,3,9,20.0
gyeonggang-1509,부발역,경강선,하행,12,3,8,22.5
gyeonggang-1509,부발역,경강선,하행,13,2,8,22.5
gyeonggang-1509,부발역,경강선,하행,14,3,7,25.7
gyeonggang-1509,부발역,경강선,하행,15,2,8,22.5
gyeonggang-1509,부발역,경강선,하행,16,3,7,25.7
gyeonggang-1509,부발역,경강선,하행,17,2,8,22.5
gyeonggang-1509,부발역,경강선,하행,18,3,8,22.5
gyeonggang-1509,부발역,경강선,하행,19,3,9,20.0
gyeonggang-1509,부발역,경강선,하행,20,3,8,22.5
gyeonggang-1509,부발역,경강선,하행,21,2,6,30.0
gyeonggang-1509,부발역,경강선,하행,22,1,5,36.0
gyeonggang-1509,부발역,경강선,하행,23,2,4,45.0
gyeonggang-1509,부발역,경강선,하행,24,1,3,60.0
gyeonggang-1510,세종대왕릉역,경강선,상행,5,1,3,60.0
gyeonggang-1510,세종대왕릉역,경강선,상행,6,2,6,30.0
gyeonggang-1510,세종대왕릉역,경강선,상행,7,3,7,25.7
gyeonggang-1510,세종대왕릉역,경강선,상행,8,2,8,22.5
gyeonggang-1510,세종대왕릉역,경강선,상행,9,3,8,22.5
gyeonggang-1510,세종대왕릉역,경강선,상행,10,3,9,20.0
gyeonggang-1510,세종대왕릉역,경강선,상행,11,3,9,20.0
gyeonggang-1510,세종대왕릉역,경강선,상행,12,3,8,22.5
gyeonggang-1510,세종대왕릉역,경강선,상행,13,2,8,22.5
gyeonggang-1510,세종대왕릉역,경강선,상행,14,3,7,25.7
gyeonggang-1510,세종대왕릉역,경강선,상행,15,2,7,25.7
gyeonggang-1510,세종대왕릉역,경강선,상행,16,2,8,22.5
gyeonggang-1510,세종대왕릉역,경강선,상행,17,4,7,25.7
gyeonggang-1510,세종대왕릉역,경강선,상행,18,1,9,20.0
gyeonggang-1510,세종대왕릉역,경강선,상행,19,4,7,25.7
gyeonggang-1510,세종대왕릉역,경강선,상행,20,2,9,20.0
gyeonggang-1510,세종대왕릉역,경강선,상행,21,3,6,30.0
gyeonggang-1510,세종대왕릉역,경강선,상행,22,1,6,30.0
gyeonggang-1510,세종대왕릉역,경강선,상행,23,2,3,60.0
gyeonggang-1510,세종대왕릉역,경강선,하행,6,2,5,36.0
gyeonggang-1510,세종대왕릉역,경강선,하행,7,3,7,25.7
gyeonggang-1510,세종대왕릉역,경강선,하행,8,2,8,22.5
gyeonggang-1510,세종대왕릉역,경강선,하행,9,3,7,25.7
gyeonggang-1510,세종대왕릉역,경강선,하행,10,2,8,22.5
gyeonggang-1510,세종대왕릉역,경강선,하행,11,3,9,20.0
gyeonggang-1510,세종대왕릉역,경강선,하행,12,4,9,20.0
gyeonggang-1510,세종대왕릉역,경강선,하행,13,2,9,20.0
gyeonggang-1510,세종대왕릉역,경강선,하행,14,3,7,25.7
gyeonggang-1510,세종대왕릉역,경강선,하행,15,2,8,22.5
gyeonggang-1510,세종대왕릉역,경강선,하행,16,3,7,25.7
gyeonggang-1510,세종대왕릉역,경강선,하행,17,2,7,25.7
gyeonggang-1510,세종대왕릉역,경강선,하행,18,2,8,22.5
gyeonggang-1510,세종대왕릉역,경강선,하행,19,4,8,22.5
gyeonggang-1510,세종대왕릉역,경강선,하행,20,2,8,22.5
gyeonggang-1510,세종대왕릉역,경강선,하행,21,2,6,30.0
gyeonggang-1510,세종대왕릉역,경강선,하행,22,2,6,30.0
gyeonggang-1510,세종대왕릉역,경강선,하행,23,2,5,36.0
gyeonggang-1510,세종대왕릉역,경강선,하행,24,1,3,60.0
gyeonggang-1511,여주역,경강선,상행,5,1,4,45.0
gyeonggang-1511,여주역,경강선,상행,6,3,6,30.0
gyeonggang-1511,여주역,경강선,상행,7,2,8,22.5
gyeonggang-1511,여주역,경강선,상행,8,3,7,25.7
gyeonggang-1511,여주역,경강선,상행,9,2,8,22.5
gyeonggang-1511,여주역,경강선,상행,10,3,8,22.5
gyeonggang-1511,여주역,경강선,상행,11,3,9,20.0
gyeonggang-1511,여주역,경강선,상행,12,3,8,22.5
gyeonggang-1511,여주역,경강선,상행,13,2,8,22.5
gyeonggang-1511,여주역,경강선,상행,14,3,7,25.7
gyeonggang-1511,여주역,경강선,상행,15,2,8,22.5
gyeonggang-1511,여주역,경강선,상행,16,3,8,22.5
gyeonggang-1511,여주역,경강선,상행,17,3,8,22.5
gyeonggang-1511,여주역,경강선,상행,18,2,8,22.5
gyeonggang-1511,여주역,경강선,상행,19,3,7,25.7
gyeonggang-1511,여주역,경강선,상행,20,2,8,22.5
gyeonggang-1511,여주역,경강선,상행,21,3,6,30.0
gyeonggang-1511,여주역,경강선,상행,22,1,6,30.0
gyeonggang-1511,여주역,경강선,상행,23,2,3,60.0
gyeonggang-1512,성남역,경강선,상행,6,4,9,20.0
gyeonggang-1512,성남역,경강선,상행,7,5,15,12.0
gyeonggang-1512,성남역,경강선,상행,8,6,14,12.9
gyeonggang-1512,성남역,경강선,상행,9,3,12,15.0
gyeonggang-1512,성남역,경강선,상행,10,3,8,22.5
gyeonggang-1512,성남역,경강선,상행,11,2,8,22.5
gyeonggang-1512,성남역,경강선,상행,12,3,8,22.5
gyeonggang-1512,성남역,경강선,상행,13,3,9,20.0
gyeonggang-1512,성남역,경강선,상행,14,3,10,18.0
gyeonggang-1512,성남역,경강선,상행,15,4,9,20.0
gyeonggang-1512,성남역,경강선,상행,16,2,10,18.0
gyeonggang-1512,성남역,경강선,상행,17,4,10,18.0
gyeonggang-1512,성남역,경강선,상행,18,4,11,16.4
gyeonggang-1512,성남역,경강선,상행,19,3,11,16.4
gyeonggang-1512,성남역,경강선,상행,20,4,10,18.0
gyeonggang-1512,성남역,경강선,상행,21,3,9,20.0
gyeonggang-1512,성남역,경강선,상행,22,2,7,25.7
gyeonggang-1512,성남역,경강선,상행,23,2,5,36.0
gyeonggang-1512,성남역,경강선,상행,24,1,3,60.0
gyeonggang-1512,성남역,경강선,하행,5,2,5,36.0
gyeonggang-1512,성남역,경강선,하행,6,3,10,18.0
gyeonggang-1512,성남역,경강선,하행,7,5,13,13.8
gyeonggang-1512,성남역,경강선,하행,8,5,14,12.9
gyeonggang-1512,성남역,경강선,하행,9,4,12,15.0
gyeonggang-1512,성남역,경강선,하행,10,3,10,18.0
gyeonggang-1512,성남역,경강선,하행,11,3,8,22.5
gyeonggang-1512,성남역,경강선,하행,12,2,9,20.0
gyeonggang-1512,성남역,경강선,하행,13,4,9,20.0
gyeonggang-1512,성남역,경강선,하행,14,3,10,18.0
gyeonggang-1512,성남역,경강선,하행,15,3,9,20.0
gyeonggang-1512,성남역,경강선,하행,16,3,9,20.0
gyeonggang-1512,성남역,경강선,하행,17,3,10,18.0
gyeonggang-1512,성남역,경강선,하행,18,4,10,18.0
gyeonggang-1512,성남역,경강선,하행,19,3,10,18.0
gyeonggang-1512,성남역,경강선,하행,20,3,9,20.0
gyeonggang-1512,성남역,경강선,하행,21,3,9,20.0
gyeonggang-1512,성남역,경강선,하행,22,3,8,22.5
gyeonggang-1512,성남역,경강선,하행,23,2,5,36.0
gyeongui-1014,청량리역,경의중앙선,상행,5,4,8,22.5
gyeongui-1014,청량리역,경의중앙선,상행,6,4,15,12.0
gyeongui-1014,청량리역,경의중앙선,상행,7,7,17,10.6
gyeongui-1014,청량리역,경의중앙선,상행,8,6,19,9.5
gyeongui-1014,청량리역,경의중앙선,상행,9,6,16,11.2
gyeongui-1014,청량리역,경의중앙선,상행,10,4,13,13.8
gyeongui-1014,청량리역,경의중앙선,상행,11,3,12,15.0
gyeongui-1014,청량리역,경의중앙선,상행,12,5,12,15.0
gyeongui-1014,청량리역,경의중앙선,상행,13,4,13,13.8
gyeongui-1014,청량리역,경의중앙선,상행,14,4,11,16.4
gyeongui-1014,청량리역,경의중앙선,상행,15,3,13,13.8
gyeongui-1014,청량리역,경의중앙선,상행,16,6,14,12.9
gyeongui-1014,청량리역,경의중앙선,상행,17,5,16,11.2
gyeongui-1014,청량리역,경의중앙선,상행,18,5,15,12.0
gyeongui-1014,청량리역,경의중앙선,상행,19,5,16,11.2
gyeongui-1014,청량리역,경의중앙선,상행,20,6,15,12.0
gyeongui-1014,청량리역,경의중앙선,상행,21,4,14,12.9
gyeongui-1014,청량리역,경의중앙선,상행,22,4,11,16.4
gyeongui-1014,청량리역,경의중앙선,상행,23,3,8,22.5
gyeongui-1014,청량리역,경의중앙선,상행,24,1,4,45.0
gyeongui-1014,청량리역,경의중앙선,하행,5,3,7,25.7
gyeongui-1014,청량리역,경의중앙선,하행,6,4,13,13.8
gyeongui-1014,청량리역,경의중앙선,하행,7,6,16,11.2
gyeongui-1014,청량리역,경의중앙선,하행,8,6,18,10.0
gyeongui-1014,청량리역,경의중앙선,하행,9,6,16,11.2
gyeongui-1014,청량리역,경의중앙선,하행,10,4,15,12.0
gyeongui-1014,청량리역,경의중앙선,하행,11,5,13,13.8
gyeongui-1014,청량리역,경의중앙선,하행,12,4,12,15.0
gyeongui-1014,청량리역,경의중앙선,하행,13,3,11,16.4
gyeongui-1014,청량리역,경의중앙선,하행,14,4,12,15.0
gyeongui-1014,청량리역,경의중앙선,하행,15,5,13,13.8
gyeongui-1014,청량리역,경의중앙선,하행,16,4,14,12.9
gyeongui-1014,청량리역,경의중앙선,하행,17,5,14,12.9
gyeongui-1014,청량리역,경의중앙선,하행,18,5,16,11.2
gyeongui-1014,청량리역,경의중앙선,하행,19,6,15,12.0
gyeongui-1014,청량리역,경의중앙선,하행,20,4,14,12.9
gyeongui-1014,청량리역,경의중앙선,하행,21,4,13,13.8
gyeongui-1014,청량리역,경의중앙선,하행,22,5,13,13.8
gyeongui-1014,청량리역,경의중앙선,하행,23,4,9,20.0
gyeongui-1015,회기역,경의중앙선,상행,5,2,6,30.0
gyeongui-1015,회기역,경의중앙선,상행,6,4,13,13.8
gyeongui-1015,회기역,경의중앙선,상행,7,7,18,10.0
gyeongui-1015,회기역,경의중앙선,상행,8,7,19,9.5
gyeongui-1015,회기역,경의중앙선,상행,9,5,16,11.2
gyeongui-1015,회기역,경의중앙선,상행,10,4,13,13.8
gyeongui-1015,회기역,경의중앙선,상행,11,4,12,15.0
gyeongui-1015,회기역,경의중앙선,상행,12,4,12,15.0
gyeongui-1015,회기역,경의중앙선,상행,13,4,12,15.0
gyeongui-1015,회기역,경의중앙선,상행,14,4,11,16.4
gyeongui-1015,회기역,경의중앙선,상행,15,3,13,13.8
gyeongui-1015,회기역,경의중앙선,상행,16,6,14,12.9
gyeongui-1015,회기역,경의중앙선,상행,17,5,17,10.6
gyeongui-1015,회기역,경의중앙선,상행,18,6,16,11.2
gyeongui-1015,회기역,경의중앙선,상행,19,5,16,11.2
gyeongui-1015,회기역,경의중앙선,상행,20,5,14,12.9
gyeongui-1015,회기역,경의중앙선,상행,21,4,12,15.0
gyeongui-1015,회기역,경의중앙선,상행,22,3,10,18.0
gyeongui-1015,회기역,경의중앙선,상행,23,3,7,25.7
gyeongui-1015,회기역,경의중앙선,상행,24,1,4,45.0
gyeongui-1015,회기역,경의중앙선,하행,5,3,7,25.7
gyeongui-1015,회기역,경의중앙선,하행,6,4,13,13.8
gyeongui-1015,회기역,경의중앙선,하행,7,6,15,12.0
gyeongui-1015,회기역,경의중앙선,하행,8,5,17,10.6
gyeongui-1015,회기역,경의중앙선,하행,9,6,16,11.2
gyeongui-1015,회기역,경의중앙선,하행,10,5,16,11.2
gyeongui-1015,회기역,경의중앙선,하행,11,5,13,13.8
gyeongui-1015,회기역,경의중앙선,하행,12,3,12,15.0
gyeongui-1015,회기역,경의중앙선,하행,13,4,11,16.4
gyeongui-1015,회기역,경의중앙선,하행,14,4,12,15.0
gyeongui-1015,회기역,경의중앙선,하행,15,4,13,13.8
gyeongui-1015,회기역,경의중앙선,하행,16,5,13,13.8
gyeongui-1015,회기역,경의중앙선,하행,17,4,14,12.9
gyeongui-1015,회기역,경의중앙선,하행,18,5,15,12.0
gyeongui-1015,회기역,경의중앙선,하행,19,6,16,11.2
gyeongui-1015,회기역,경의중앙선,하행,20,5,15,12.0
gyeongui-1015,회기역,경의중앙선,하행,21,4,14,12.9
gyeongui-1015,회기역,경의중앙선,하행,22,5,13,13.8
gyeongui-1015,회기역,경의중앙선,하행,23,4,9,20.0
gyeongui-1201,중랑역,경의중앙선,상행,5,2,7,25.7
gyeongui-1201,중랑역,경의중앙선,상행,6,5,12,15.0
gyeongui-1201,중랑역,경의중앙선,상행,7,5,16,11.2
gyeongui-1201,중랑역,경의중앙선,상행,8,6,17,10.6
gyeongui-1201,중랑역,경의중앙선,상행,9,6,15,12.0
gyeongui-1201,중랑역,경의중앙선,상행,10,3,13,13.8
gyeongui-1201,중랑역,경의중앙선,상행,11,4,11,16.4
gyeongui-1201,중랑역,경의중앙선,상행,12,4,12,15.0
gyeongui-1201,중랑역,경의중앙선,상행,13,4,12,15.0
gyeongui-1201,중랑역,경의중앙선,상행,14,4,12,15.0
gyeongui-1201,중랑역,경의중앙선,상행,15,4,13,13.8
gyeongui-1201,중랑역,경의중앙선,상행,16,5,14,12.9
gyeongui-1201,중랑역,경의중앙선,상행,17,5,16,11.2
gyeongui-1201,중랑역,경의중앙선,상행,18,6,16,11.2
gyeongui-1201,중랑역,경의중앙선,상행,19,5,16,11.2
gyeongui-1201,중랑역,경의중앙선,상행,20,5,14,12.9
gyeongui-1201,중랑역,경의중앙선,상행,21,4,12,15.0
gyeongui-1201,중랑역,경의중앙선,상행,22,3,10,18.0
gyeongui-1201,중랑역,경의중앙선,상행,23,3,7,25.7
gyeongui-1201,중랑역,경의중앙선,상행,24,1,4,45.0
gyeongui-1201,중랑역,경의중앙선,하행,5,3,6,30.0
gyeongui-1201,중랑역,경의중앙선,하행,6,3,12,15.0
gyeongui-1201,중랑역,경의중앙선,하행,7,6,15,12.0
gyeongui-1201,중랑역,경의중앙선,하행,8,6,18,10.0
gyeongui-1201,중랑역,경의중앙선,하행,9,6,17,10.6
gyeongui-1201,중랑역,경의중앙선,하행,10,5,15,12.0
gyeongui-1201,중랑역,경의중앙선,하행,11,4,13,13.8
gyeongui-1201,중랑역,경의중앙선,하행,12,4,12,15.0
gyeongui-1201,중랑역,경의중앙선,하행,13,4,11,16.4
gyeongui-1201,중랑역,경의중앙선,하행,14,3,12,15.0
gyeongui-1201,중랑역,경의중앙선,하행,15,5,13,13.8
gyeongui-1201,중랑역,경의중앙선,하행,16,5,14,12.9
gyeongui-1201,중랑역,경의중앙선,하행,17,4,14,12.9
gyeongui-1201,중랑역,경의중앙선,하행,18,5,13,13.8
gyeongui-1201,중랑역,경의중앙선,하행,19,4,14,12.9
gyeongui-1201,중랑역,경의중앙선,하행,20,5,13,13.8
gyeongui-1201,중랑역,경의중앙선,하행,21,4,14,12.9
gyeongui-1201,중랑역,경의중앙선,하행,22,5,13,13.8
gyeongui-1201,중랑역,경의중앙선,하행,23,4,9,20.0
gyeongui-1202,상봉역,경의중앙선,상행,5,2,7,25.7
gyeongui-1202,상봉역,경의중앙선,상행,6,5,14,12.9
gyeongui-1202,상봉역,경의중앙선,상행,7,7,18,10.0
gyeongui-1202,상봉역,경의중앙선,상행,8,6,19,9.5
gyeongui-1202,상봉역,경의중앙선,상행,9,6,15,12.0
gyeongui-1202,상봉역,경의중앙선,상행,10,3,13,13.8
gyeongui-1202,상봉역,경의중앙선,상행,11,4,11,16.4
gyeongui-1202,상봉역,경의중앙선,상행,12,4,12,15.0
gyeongui-1202,상봉역,경의중앙선,상행,13,4,12,15.0
gyeongui-1202,상봉역,경의중앙선,상행,14,4,12,15.0
gyeongui-1202,상봉역,경의중앙선,상행,15,4,13,13.8
gyeongui-1202,상봉역,경의중앙선,상행,16,5,14,12.9
gyeongui-1202,상봉역,경의중앙선,상행,17,5,16,11.2
gyeongui-1202,상봉역,경의중앙선,상행,18,6,16,11.2
gyeongui-1202,상봉역,경의중앙선,상행,19,5,16,11.2
gyeongui-1202,상봉역,경의중앙선,상행,20,5,14,12.9
gyeongui-1202,상봉역,경의중앙선,상행,21,4,12,15.0
gyeongui-1202,상봉역,경의중앙선,상행,22,3,11,16.4
gyeongui-1202,상봉역,경의중앙선,상행,23,4,7,25.7
gyeongui-1202,상봉역,경의중앙선,하행,5,3,6,30.0
gyeongui-1202,상봉역,경의중앙선,하행,6,3,12,15.0
gyeongui-1202,상봉역,경의중앙선,하행,7,6,15,12.0
gyeongui-1202,상봉역,경의중앙선,하행,8,6,18,10.0
gyeongui-1202,상봉역,경의중앙선,하행,9,6,17,10.6
gyeongui-1202,상봉역,경의중앙선,하행,10,5,15,12.0
gyeongui-1202,상봉역,경의중앙선,하행,11,4,12,15.0
gyeongui-1202,상봉역,경의중앙선,하행,12,3,12,15.0
gyeongui-1202,상봉역,경의중앙선,하행,13,5,11,16.4
gyeongui-1202,상봉역,경의중앙선,하행,14,3,13,13.8
gyeongui-1202,상봉역,경의중앙선,하행,15,5,12,15.0
gyeongui-1202,상봉역,경의중앙선,하행,16,4,14,12.9
gyeongui-1202,상봉역,경의중앙선,하행,17,5,14,12.9
gyeongui-1202,상봉역,경의중앙선,하행,18,5,15,12.0
gyeongui-1202,상봉역,경의중앙선,하행,19,5,15,12.0
gyeongui-1202,상봉역,경의중앙선,하행,20,5,14,12.9
gyeongui-1202,상봉역,경의중앙선,하행,21,4,15,12.0
gyeongui-1202,상봉역,경의중앙선,하행,22,6,14,12.9
gyeongui-1202,상봉역,경의중앙선,하행,23,4,10,18.0
gyeongui-1203,망우역,경의중앙선,상행,5,2,7,25.7
gyeongui-1203,망우역,경의중앙선,상행,6,5,13,13.8
gyeongui-1203,망우역,경의중앙선,상행,7,6,17,10.6
gyeongui-1203,망우역,경의중앙선,상행,8,6,17,10.6
gyeongui-1203,망우역,경의중앙선,상행,9,5,14,12.9
gyeongui-1203,망우역,경의중앙선,상행,10,3,12,15.0
gyeongui-1203,망우역,경의중앙선,상행,11,4,11,16.4
gyeongui-1203,망우역,경의중앙선,상행,12,4,12,15.0
gyeongui-1203,망우역,경의중앙선,상행,13,4,12,15.0
gyeongui-1203,망우역,경의중앙선,상행,14,4,12,15.0
gyeongui-1203,망우역,경의중앙선,상행,15,4,13,13.8
gyeongui-1203,망우역,경의중앙선,상행,16,5,14,12.9
gyeongui-1203,망우역,경의중앙선,상행,17,5,16,11.2
gyeongui-1203,망우역,경의중앙선,상행,18,6,17,10.6
gyeongui-1203,망우역,경의중앙선,상행,19,6,16,11.2
gyeongui-1203,망우역,경의중앙선,상행,20,4,14,12.9
gyeongui-1203,망우역,경의중앙선,상행,21,4,11,16.4
gyeongui-1203,망우역,경의중앙선,상행,22,3,11,16.4
gyeongui-1203,망우역,경의중앙선,상행,23,4,7,25.7
gyeongui-1203,망우역,경의중앙선,하행,5,2,6,30.0
gyeongui-1203,망우역,경의중앙선,하행,6,4,12,15.0
gyeongui-1203,망우역,경의중앙선,하행,7,6,15,12.0
gyeongui-1203,망우역,경의중앙선,하행,8,5,17,10.6
gyeongui-1203,망우역,경의중앙선,하행,9,6,17,10.6
gyeongui-1203,망우역,경의중앙선,하행,10,6,16,11.2
gyeongui-1203,망우역,경의중앙선,하행,11,4,13,13.8
gyeongui-1203,망우역,경의중앙선,하행,12,3,12,15.0
gyeongui-1203,망우역,경의중앙선,하행,13,5,11,16.4
gyeongui-1203,망우역,경의중앙선,하행,14,3,12,15.0
gyeongui-1203,망우역,경의중앙선,하행,15,4,12,15.0
gyeongui-1203,망우역,경의중앙선,하행,16,5,13,13.8
gyeongui-1203,망우역,경의중앙선,하행,17,4,15,12.0
gyeongui-1203,망우역,경의중앙선,하행,18,6,14,12.9
gyeongui-1203,망우역,경의중앙선,하행,19,4,15,12.0
gyeongui-1203,망우역,경의중앙선,하행,20,5,13,13.8
gyeongui-1203,망우역,경의중앙선,하행,21,4,13,13.8
gyeongui-1203,망우역,경의중앙선,하행,22,4,13,13.8
gyeongui-1203,망우역,경의중앙선,하행,23,5,9,20.0
gyeongui-1204,양원역,경의중앙선,상행,5,3,7,25.7
gyeongui-1204,양원역,경의중앙선,상행,6,4,13,13.8
gyeongui-1204,양원역,경의중앙선,상행,7,6,16,11.2
gyeongui-1204,양원역,경의중앙선,상행,8,6,17,10.6
gyeongui-1204,양원역,경의중앙선,상행,9,5,15,12.0
gyeongui-1204,양원역,경의중앙선,상행,10,4,12,15.0
gyeongui-1204,양원역,경의중앙선,상행,11,3,11,16.4
gyeongui-1204,양원역,경의중앙선,상행,12,4,11,16.4
gyeongui-1204,양원역,경의중앙선,상행,13,4,12,15.0
gyeongui-1204,양원역,경의중앙선,상행,14,4,12,15.0
gyeongui-1204,양원역,경의중앙선,상행,15,4,13,13.8
gyeongui-1204,양원역,경의중앙선,상행,16,5,15,12.0
gyeongui-1204,양원역,경의중앙선,상행,17,6,16,11.2
gyeongui-1204,양원역,경의중앙선,상행,18,5,17,10.6
gyeongui-1204,양원역,경의중앙선,상행,19,6,15,12.0
gyeongui-1204,양원역,경의중앙선,상행,20,4,14,12.9
gyeongui-1204,양원역,경의중앙선,상행,21,4,11,16.4
gyeongui-1204,양원역,경의중앙선,상행,22,3,11,16.4
gyeongui-1204,양원역,경의중앙선,상행,23,4,7,25.7
gyeongui-1204,양원역,경의중앙선,하행,5,2,6,30.0
gyeongui-1204,양원역,경의중앙선,하행,6,4,11,16.4
gyeongui-1204,양원역,경의중앙선,하행,7,5,15,12.0
gyeongui-1204,양원역,경의중앙선,하행,8,6,17,10.6
gyeongui-1204,양원역,경의중앙선,하행,9,6,17,10.6
gyeongui-1204,양원역,경의중앙선,하행,10,5,16,11.2
gyeongui-1204,양원역,경의중앙선,하행,11,5,13,13.8
gyeongui-1204,양원역,경의중앙선,하행,12,3,12,15.0
gyeongui-1204,양원역,경의중앙선,하행,13,4,10,18.0
gyeongui-1204,양원역,경의중앙선,하행,14,3,12,15.0
gyeongui-1204,양원역,경의중앙선,하행,15,5,13,13.8
gyeongui-1204,양원역,경의중앙선,하행,16,5,14,12.9
gyeongui-1204,양원역,경의중앙선,하행,17,4,15,12.0
gyeongui-1204,양원역,경의중앙선,하행,18,6,14,12.9
gyeongui-1204,양원역,경의중앙선,하행,19,4,15,12.0
gyeongui-1204,양원역,경의중앙선,하행,20,5,13,13.8
gyeongui-1204,양원역,경의중앙선,하행,21,4,13,13.8
gyeongui-1204,양원역,경의중앙선,하행,22,4,13,13.8
gyeongui-1204,양원역,경의중앙선,하행,23,5,9,20.0
gyeongui-1205,구리역,경의중앙선,상행,5,3,8,22.5
gyeongui-1205,구리역,경의중앙선,상행,6,5,14,12.9
gyeongui-1205,구리역,경의중앙선,상행,7,6,18,10.0
gyeongui-1205,구리역,경의중앙선,상행,8,7,18,10.0
gyeongui-1205,구리역,경의중앙선,상행,9,5,16,11.2
gyeongui-1205,구리역,경의중앙선,상행,10,4,12,15.0
gyeongui-1205,구리역,경의중앙선,상행,11,3,11,16.4
gyeongui-1205,구리역,경의중앙선,상행,12,4,12,15.0
gyeongui-1205,구리역,경의중앙선,상행,13,5,12,15.0
gyeongui-1205,구리역,경의중앙선,상행,14,3,12,15.0
gyeongui-1205,구리역,경의중앙선,상행,15,4,13,13.8
gyeongui-1205,구리역,경의중앙선,상행,16,6,15,12.0
gyeongui-1205,구리역,경의중앙선,상행,17,5,16,11.2
gyeongui-1205,구리역,경의중앙선,상행,18,5,16,11.2
gyeongui-1205,구리역,경의중앙선,상행,19,6,16,11.2
gyeongui-1205,구리역,경의중앙선,상행,20,5,14,12.9
gyeongui-1205,구리역,경의중앙선,상행,21,3,12,15.0
gyeongui-1205,구리역,경의중앙선,상행,22,4,10,18.0
gyeongui-1205,구리역,경의중앙선,상행,23,3,7,25.7
gyeongui-1205,구리역,경의중앙선,하행,5,2,6,30.0
gyeongui-1205,구리역,경의중앙선,하행,6,4,10,18.0
gyeongui-1205,구리역,경의중앙선,하행,7,4,14,12.9
gyeongui-1205,구리역,경의중앙선,하행,8,6,17,10.6
gyeongui-1205,구리역,경의중앙선,하행,9,7,18,10.0
gyeongui-1205,구리역,경의중앙선,하행,10,5,17,10.6
gyeongui-1205,구리역,경의중앙선,하행,11,5,13,13.8
gyeongui-1205,구리역,경의중앙선,하행,12,3,12,15.0
gyeongui-1205,구리역,경의중앙선,하행,13,4,10,18.0
gyeongui-1205,구리역,경의중앙선,하행,14,3,12,15.0
gyeongui-1205,구리역,경의중앙선,하행,15,5,13,13.8
gyeongui-1205,구리역,경의중앙선,하행,16,5,13,13.8
gyeongui-1205,구리역,경의중앙선,하행,17,3,14,12.9
gyeongui-1205,구리역,경의중앙선,하행,18,6,14,12.9
gyeongui-1205,구리역,경의중앙선,하행,19,5,17,10.6
gyeongui-1205,구리역,경의중앙선,하행,20,6,15,12.0
gyeongui-1205,구리역,경의중앙선,하행,21,4,15,12.0
gyeongui-1205,구리역,경의중앙선,하행,22,5,14,12.9
gyeongui-1205,구리역,경의중앙선,하행,23,5,10,18.0
gyeongui-1206,도농역,경의중앙선,상행,5,3,8,22.5
gyeongui-1206,도농역,경의중앙선,상행,6,5,15,12.0
gyeongui-1206,도농역,경의중앙선,상행,7,7,19,9.5
gyeongui-1206,도농역,경의중앙선,상행,8,7,18,10.0
gyeongui-1206,도농역,경의중앙선,상행,9,4,15,12.0
gyeongui-1206,도농역,경의중앙선,상행,10,4,11,16.4
gyeongui-1206,도농역,경의중앙선,상행,11,3,12,15.0
gyeongui-1206,도농역,경의중앙선,상행,12,5,12,15.0
gyeongui-1206,도농역,경의중앙선,상행,13,4,12,15.0
gyeongui-1206,도농역,경의중앙선,상행,14,3,12,15.0
gyeongui-1206,도농역,경의중앙선,상행,15,5,13,13.8
gyeongui-1206,도농역,경의중앙선,상행,16,5,16,11.2
gyeongui-1206,도농역,경의중앙선,상행,17,6,16,11.2
gyeongui-1206,도농역,경의중앙선,상행,18,5,17,10.6
gyeongui-1206,도농역,경의중앙선,상행,19,6,15,12.0
gyeongui-1206,도농역,경의중앙선,상행,20,4,13,13.8
gyeongui-1206,도농역,경의중앙선,상행,21,3,11,16.4
gyeongui-1206,도농역,경의중앙선,상행,22,4,10,18.0
gyeongui-1206,도농역,경의중앙선,상행,23,3,7,25.7
gyeongui-1206,도농역,경의중앙선,하행,5,2,6,30.0
gyeongui-1206,도농역,경의중앙선,하행,6,4,10,18.0
gyeongui-1206,도농역,경의중앙선,하행,7,4,14,12.9
gyeongui-1206,도농역,경의중앙선,하행,8,6,16,11.2
gyeongui-1206,도농역,경의중앙선,하행,9,6,18,10.0
gyeongui-1206,도농역,경의중앙선,하행,10,6,16,11.2
gyeongui-1206,도농역,경의중앙선,하행,11,4,14,12.9
gyeongui-1206,도농역,경의중앙선,하행,12,4,12,15.0
gyeongui-1206,도농역,경의중앙선,하행,13,4,11,16.4
gyeongui-1206,도농역,경의중앙선,하행,14,3,12,15.0
gyeongui-1206,도농역,경의중앙선,하행,15,5,12,15.0
gyeongui-1206,도농역,경의중앙선,하행,16,4,13,13.8
gyeongui-1206,도농역,경의중앙선,하행,17,4,14,12.9
gyeongui-1206,도농역,경의중앙선,하행,18,6,15,12.0
gyeongui-1206,도농역,경의중앙선,하행,19,5,16,11.2
gyeongui-1206,도농역,경의중앙선,하행,20,5,15,12.0
gyeongui-1206,도농역,경의중앙선,하행,21,5,14,12.9
gyeongui-1206,도농역,경의중앙선,하행,22,4,14,12.9
gyeongui-1206,도농역,경의중앙선,하행,23,5,10,18.0
gyeongui-1206,도농역,경의중앙선,하행,24,1,6,30.0
gyeongui-1207,양정역,경의중앙선,상행,5,3,9,20.0
gyeongui-1207,양정역,경의중앙선,상행,6,6,14,12.9
gyeongui-1207,양정역,경의중앙선,상행,7,5,17,10.6
gyeongui-1207,양정역,경의중앙선,상행,8,6,15,12.0
gyeongui-1207,양정역,경의중앙선,상행,9,4,14,12.9
gyeongui-1207,양정역,경의중앙선,상행,10,4,12,15.0
gyeongui-1207,양정역,경의중앙선,상행,11,4,12,15.0
gyeongui-1207,양정역,경의중앙선,상행,12,4,12,15.0
gyeongui-1207,양정역,경의중앙선,상행,13,4,11,16.4
gyeongui-1207,양정역,경의중앙선,상행,14,3,12,15.0
gyeongui-1207,양정역,경의중앙선,상행,15,5,14,12.9
gyeongui-1207,양정역,경의중앙선,상행,16,6,17,10.6
gyeongui-1207,양정역,경의중앙선,상행,17,6,16,11.2
gyeongui-1207,양정역,경의중앙선,상행,18,4,16,11.2
gyeongui-1207,양정역,경의중앙선,상행,19,6,14,12.9
gyeongui-1207,양정역,경의중앙선,상행,20,4,13,13.8
gyeongui-1207,양정역,경의중앙선,상행,21,3,12,15.0
gyeongui-1207,양정역,경의중앙선,상행,22,5,10,18.0
gyeongui-1207,양정역,경의중앙선,상행,23,2,7,25.7
gyeongui-1207,양정역,경의중앙선,하행,5,2,5,36.0
gyeongui-1207,양정역,경의중앙선,하행,6,3,9,20.0
gyeongui-1207,양정역,경의중앙선,하행,7,4,14,12.9
gyeongui-1207,양정역,경의중앙선,하행,8,7,17,10.6
gyeongui-1207,양정역,경의중앙선,하행,9,6,18,10.0
gyeongui-1207,양정역,경의중앙선,하행,10,5,16,11.2
gyeongui-1207,양정역,경의중앙선,하행,11,5,13,13.8
gyeongui-1207,양정역,경의중앙선,하행,12,3,13,13.8
gyeongui-1207,양정역,경의중앙선,하행,13,5,10,18.0
gyeongui-1207,양정역,경의중앙선,하행,14,2,13,13.8
gyeongui-1207,양정역,경의중앙선,하행,15,6,12,15.0
gyeongui-1207,양정역,경의중앙선,하행,16,4,13,13.8
gyeongui-1207,양정역,경의중앙선,하행,17,3,13,13.8
gyeongui-1207,양정역,경의중앙선,하행,18,6,14,12.9
gyeongui-1207,양정역,경의중앙선,하행,19,5,16,11.2
gyeongui-1207,양정역,경의중앙선,하행,20,5,15,12.0
gyeongui-1207,양정역,경의중앙선,하행,21,5,13,13.8
gyeongui-1207,양정역,경의중앙선,하행,22,3,13,13.8
gyeongui-1207,양정역,경의중앙선,하행,23,5,9,20.0
gyeongui-1207,양정역,경의중앙선,하행,24,1,6,30.0
gyeongui-1208,덕소역,경의중앙선,상행,5,4,9,20.0
gyeongui-1208,덕소역,경의중앙선,상행,6,5,16,11.2
gyeongui-1208,덕소역,경의중앙선,상행,7,7,18,10.0
gyeongui-1208,덕소역,경의중앙선,상행,8,6,18,10.0
gyeongui-1208,덕소역,경의중앙선,상행,9,5,14,12.9
gyeongui-1208,덕소역,경의중앙선,상행,10,3,12,15.0
gyeongui-1208,덕소역,경의중앙선,상행,11,4,11,16.4
gyeongui-1208,덕소역,경의중앙선,상행,12,4,12,15.0
gyeongui-1208,덕소역,경의중앙선,상행,13,4,12,15.0
gyeongui-1208,덕소역,경의중앙선,상행,14,4,12,15.0
gyeongui-1208,덕소역,경의중앙선,상행,15,4,14,12.9
gyeongui-1208,덕소역,경의중앙선,상행,16,6,16,11.2
gyeongui-1208,덕소역,경의중앙선,상행,17,6,16,11.2
gyeongui-1208,덕소역,경의중앙선,상행,18,4,16,11.2
gyeongui-1208,덕소역,경의중앙선,상행,19,6,14,12.9
gyeongui-1208,덕소역,경의중앙선,상행,20,4,14,12.9
gyeongui-1208,덕소역,경의중앙선,상행,21,4,12,15.0
gyeongui-1208,덕소역,경의중앙선,상행,22,4,10,18.0
gyeongui-1208,덕소역,경의중앙선,상행,23,2,6,30.0
gyeongui-1208,덕소역,경의중앙선,하행,5,2,5,36.0
gyeongui-1208,덕소역,경의중앙선,하행,6,3,9,20.0
gyeongui-1208,덕소역,경의중앙선,하행,7,4,12,15.0
gyeongui-1208,덕소역,경의중앙선,하행,8,5,14,12.9
gyeongui-1208,덕소역,경의중앙선,하행,9,5,14,12.9
gyeongui-1208,덕소역,경의중앙선,하행,10,4,11,16.4
gyeongui-1208,덕소역,경의중앙선,하행,11,2,8,22.5
gyeongui-1208,덕소역,경의중앙선,하행,12,2,6,30.0
gyeongui-1208,덕소역,경의중앙선,하행,13,2,5,36.0
gyeongui-1208,덕소역,경의중앙선,하행,14,1,6,30.0
gyeongui-1208,덕소역,경의중앙선,하행,15,3,5,36.0
gyeongui-1208,덕소역,경의중앙선,하행,16,1,7,25.7
gyeongui-1208,덕소역,경의중앙선,하행,17,3,7,25.7
gyeongui-1208,덕소역,경의중앙선,하행,18,3,10,18.0
gyeongui-1208,덕소역,경의중앙선,하행,19,4,10,18.0
gyeongui-1208,덕소역,경의중앙선,하행,20,3,11,16.4
gyeongui-1208,덕소역,경의중앙선,하행,21,4,10,18.0
gyeongui-1208,덕소역,경의중앙선,하행,22,3,10,18.0
gyeongui-1208,덕소역,경의중앙선,하행,23,3,6,30.0
gyeongui-1209,도심역,경의중앙선,상행,5,3,8,22.5
gyeongui-1209,도심역,경의중앙선,상행,6,5,16,11.2
gyeongui-1209,도심역,경의중앙선,상행,7,8,17,10.6
gyeongui-1209,도심역,경의중앙선,상행,8,4,17,10.6
gyeongui-1209,도심역,경의중앙선,상행,9,5,10,18.0
gyeongui-1209,도심역,경의중앙선,상행,10,1,9,20.0
gyeongui-1209,도심역,경의중앙선,상행,11,3,5,36.0
gyeongui-1209,도심역,경의중앙선,상행,12,1,6,30.0
gyeongui-1209,도심역,경의중앙선,상행,13,2,5,36.0
gyeongui-1209,도심역,경의중앙선,상행,14,2,7,25.7
gyeongui-1209,도심역,경의중앙선,상행,15,3,8,22.5
gyeongui-1209,도심역,경의중앙선,상행,16,3,9,20.0
gyeongui-1209,도심역,경의중앙선,상행,17,3,9,20.0
gyeongui-1209,도심역,경의중앙선,상행,18,3,10,18.0
gyeongui-1209,도심역,경의중앙선,상행,19,4,9,20.0
gyeongui-1209,도심역,경의중앙선,상행,20,2,8,22.5
gyeongui-1209,도심역,경의중앙선,상행,21,2,7,25.7
gyeongui-1209,도심역,경의중앙선,상행,22,3,6,30.0
gyeongui-1209,도심역,경의중앙선,상행,23,1,4,45.0
gyeongui-1209,도심역,경의중앙선,하행,5,1,4,45.0
gyeongui-1209,도심역,경의중앙선,하행,6,3,9,20.0
gyeongui-1209,도심역,경의중앙선,하행,7,5,13,13.8
gyeongui-1209,도심역,경의중앙선,하행,8,5,15,12.0
gyeongui-1209,도심역,경의중앙선,하행,9,5,14,12.9
gyeongui-1209,도심역,경의중앙선,하행,10,4,11,16.4
gyeongui-1209,도심역,경의중앙선,하행,11,2,8,22.5
gyeongui-1209,도심역,경의중앙선,하행,12,2,6,30.0
gyeongui-1209,도심역,경의중앙선,하행,13,2,5,36.0
gyeongui-1209,도심역,경의중앙선,하행,14,1,6,30.0
gyeongui-1209,도심역,경의중앙선,하행,15,3,5,36.0
gyeongui-1209,도심역,경의중앙선,하행,16,1,7,25.7
gyeongui-1209,도심역,경의중앙선,하행,17,3,7,25.7
gyeongui-1209,도심역,경의중앙선,하행,18,3,10,18.0
gyeongui-1209,도심역,경의중앙선,하행,19,4,10,18.0
gyeongui-1209,도심역,경의중앙선,하행,20,3,11,16.4
gyeongui-1209,도심역,경의중앙선,하행,21,4,10,18.0
gyeongui-1209,도심역,경의중앙선,하행,22,3,10,18.0
gyeongui-1209,도심역,경의중앙선,하행,23,3,6,30.0
gyeongui-1210,팔당역,경의중앙선,상행,5,3,9,20.0
gyeongui-1210,팔당역,경의중앙선,상행,6,6,14,12.9
gyeongui-1210,팔당역,경의중앙선,상행,7,5,16,11.2
gyeongui-1210,팔당역,경의중앙선,상행,8,5,14,12.9
gyeongui-1210,팔당역,경의중앙선,상행,9,4,11,16.4
gyeongui-1210,팔당역,경의중앙선,상행,10,2,8,22.5
gyeongui-1210,팔당역,경의중앙선,상행,11,2,6,30.0
gyeongui-1210,팔당역,경의중앙선,상행,12,2,6,30.0
gyeongui-1210,팔당역,경의중앙선,상행,13,2,6,30.0
gyeongui-1210,팔당역,경의중앙선,상행,14,2,6,30.0
gyeongui-1210,팔당역,경의중앙선,상행,15,2,7,25.7
gyeongui-1210,팔당역,경의중앙선,상행,16,3,9,20.0
gyeongui-1210,팔당역,경의중앙선,상행,17,4,9,20.0
gyeongui-1210,팔당역,경의중앙선,상행,18,2,10,18.0
gyeongui-1210,팔당역,경의중앙선,상행,19,4,8,22.5
gyeongui-1210,팔당역,경의중앙선,상행,20,2,8,22.5
gyeongui-1210,팔당역,경의중앙선,상행,21,2,7,25.7
gyeongui-1210,팔당역,경의중앙선,상행,22,3,6,30.0
gyeongui-1210,팔당역,경의중앙선,상행,23,1,4,45.0
gyeongui-1210,팔당역,경의중앙선,하행,5,1,4,45.0
gyeongui-1210,팔당역,경의중앙선,하행,6,3,7,25.7
gyeongui-1210,팔당역,경의중앙선,하행,7,3,10,18.0
gyeongui-1210,팔당역,경의중앙선,하행,8,4,11,16.4
gyeongui-1210,팔당역,경의중앙선,하행,9,4,11,16.4
gyeongui-1210,팔당역,경의중앙선,하행,10,3,9,20.0
gyeongui-1210,팔당역,경의중앙선,하행,11,2,7,25.7
gyeongui-1210,팔당역,경의중앙선,하행,12,2,6,30.0
gyeongui-1210,팔당역,경의중앙선,하행,13,2,5,36.0
gyeongui-1210,팔당역,경의중앙선,하행,14,1,6,30.0
gyeongui-1210,팔당역,경의중앙선,하행,15,3,5,36.0
gyeongui-1210,팔당역,경의중앙선,하행,16,1,6,30.0
gyeongui-1210,팔당역,경의중앙선,하행,17,2,6,30.0
gyeongui-1210,팔당역,경의중앙선,하행,18,3,7,25.7
gyeongui-1210,팔당역,경의중앙선,하행,19,2,7,25.7
gyeongui-1210,팔당역,경의중앙선,하행,20,2,7,25.7
gyeongui-1210,팔당역,경의중앙선,하행,21,3,7,25.7
gyeongui-1210,팔당역,경의중앙선,하행,22,2,8,22.5
gyeongui-1210,팔당역,경의중앙선,하행,23,3,5,36.0
gyeongui-1211,운길산역,경의중앙선,상행,5,3,8,22.5
gyeongui-1211,운길산역,경의중앙선,상행,6,5,13,13.8
gyeongui-1211,운길산역,경의중앙선,상행,7,5,13,13.8
gyeongui-1211,운길산역,경의중앙선,상행,8,3,10,18.0
gyeongui-1211,운길산역,경의중앙선,상행,9,2,7,25.7
gyeongui-1211,운길산역,경의중앙선,상행,10,2,6,30.0
gyeongui-1211,운길산역,경의중앙선,상행,11,2,6,30.0
gyeongui-1211,운길산역,경의중앙선,상행,12,2,6,30.0
gyeongui-1211,운길산역,경의중앙선,상행,13,2,6,30.0
gyeongui-1211,운길산역,경의중앙선,상행,14,2,6,30.0
gyeongui-1211,운길산역,경의중앙선,상행,15,2,7,25.7
gyeongui-1211,운길산역,경의중앙선,상행,16,3,8,22.5
gyeongui-1211,운길산역,경의중앙선,상행,17,3,8,22.5
gyeongui-1211,운길산역,경의중앙선,상행,18,2,8,22.5
gyeongui-1211,운길산역,경의중앙선,상행,19,3,7,25.7
gyeongui-1211,운길산역,경의중앙선,상행,20,2,8,22.5
gyeongui-1211,운길산역,경의중앙선,상행,21,3,7,25.7
gyeongui-1211,운길산역,경의중앙선,상행,22,2,6,30.0
gyeongui-1211,운길산역,경의중앙선,상행,23,1,3,60.0
gyeongui-1211,운길산역,경의중앙선,하행,5,1,4,45.0
gyeongui-1211,운길산역,경의중앙선,하행,6,3,7,25.7
gyeongui-1211,운길산역,경의중앙선,하행,7,3,9,20.0
gyeongui-1211,운길산역,경의중앙선,하행,8,3,10,18.0
gyeongui-1211,운길산역,경의중앙선,하행,9,4,10,18.0
gyeongui-1211,운길산역,경의중앙선,하행,10,3,10,18.0
gyeongui-1211,운길산역,경의중앙선,하행,11,3,8,22.5
gyeongui-1211,운길산역,경의중앙선,하행,12,2,6,30.0
gyeongui-1211,운길산역,경의중앙선,하행,13,1,5,36.0
gyeongui-1211,운길산역,경의중앙선,하행,14,2,5,36.0
gyeongui-1211,운길산역,경의중앙선,하행,15,2,6,30.0
gyeongui-1211,운길산역,경의중앙선,하행,16,2,6,30.0
gyeongui-1211,운길산역,경의중앙선,하행,17,2,7,25.7
gyeongui-1211,운길산역,경의중앙선,하행,18,3,7,25.7
gyeongui-1211,운길산역,경의중앙선,하행,19,2,7,25.7
gyeongui-1211,운길산역,경의중앙선,하행,20,2,7,25.7
gyeongui-1211,운길산역,경의중앙선,하행,21,3,7,25.7
gyeongui-1211,운길산역,경의중앙선,하행,22,2,8,22.5
gyeongui-1211,운길산역,경의중앙선,하행,23,3,5,36.0
gyeongui-1212,양수역,경의중앙선,상행,5,3,8,22.5
gyeongui-1212,양수역,경의중앙선,상행,6,5,15,12.0
gyeongui-1212,양수역,경의중앙선,상행,7,7,15,12.0
gyeongui-1212,양수역,경의중앙선,상행,8,3,12,15.0
gyeongui-1212,양수역,경의중앙선,상행,9,2,7,25.7
gyeongui-1212,양수역,경의중앙선,상행,10,2,6,30.0
gyeongui-1212,양수역,경의중앙선,상행,11,2,6,30.0
gyeongui-1212,양수역,경의중앙선,상행,12,2,6,30.0
gyeongui-1212,양수역,경의중앙선,상행,13,2,6,30.0
gyeongui-1212,양수역,경의중앙선,상행,14,2,6,30.0
gyeongui-1212,양수역,경의중앙선,상행,15,2,7,25.7
gyeongui-1212,양수역,경의중앙선,상행,16,3,8,22.5
gyeongui-1212,양수역,경의중앙선,상행,17,3,9,20.0
gyeongui-1212,양수역,경의중앙선,상행,18,3,8,22.5
gyeongui-1212,양수역,경의중앙선,상행,19,2,8,22.5
gyeongui-1212,양수역,경의중앙선,상행,20,3,7,25.7
gyeongui-1212,양수역,경의중앙선,상행,21,2,7,25.7
gyeongui-1212,양수역,경의중앙선,상행,22,2,5,36.0
gyeongui-1212,양수역,경의중앙선,상행,23,1,3,60.0
gyeongui-1212,양수역,경의중앙선,하행,5,1,4,45.0
gyeongui-1212,양수역,경의중앙선,하행,6,3,7,25.7
gyeongui-1212,양수역,경의중앙선,하행,7,3,9,20.0
gyeongui-1212,양수역,경의중앙선,하행,8,3,10,18.0
gyeongui-1212,양수역,경의중앙선,하행,9,4,10,18.0
gyeongui-1212,양수역,경의중앙선,하행,10,3,9,20.0
gyeongui-1212,양수역,경의중앙선,하행,11,2,8,22.5
gyeongui-1212,양수역,경의중앙선,하행,12,3,6,30.0
gyeongui-1212,양수역,경의중앙선,하행,13,1,6,30.0
gyeongui-1212,양수역,경의중앙선,하행,14,2,5,36.0
gyeongui-1212,양수역,경의중앙선,하행,15,2,6,30.0
gyeongui-1212,양수역,경의중앙선,하행,16,2,6,30.0
gyeongui-1212,양수역,경의중앙선,하행,17,2,6,30.0
gyeongui-1212,양수역,경의중앙선,하행,18,2,7,25.7
gyeongui-1212,양수역,경의중앙선,하행,19,3,8,22.5
gyeongui-1212,양수역,경의중앙선,하행,20,3,9,20.0
gyeongui-1212,양수역,경의중앙선,하행,21,3,8,22.5
gyeongui-1212,양수역,경의중앙선,하행,22,2,9,20.0
gyeongui-1212,양수역,경의중앙선,하행,23,4,6,30.0
gyeongui-1213,신원역,경의중앙선,상행,5,3,9,20.0
gyeongui-1213,신원역,경의중앙선,상행,6,6,14,12.9
gyeongui-1213,신원역,경의중앙선,상행,7,5,14,12.9
gyeongui-1213,신원역,경의중앙선,상행,8,3,10,18.0
gyeongui-1213,신원역,경의중앙선,상행,9,2,6,30.0
gyeongui-1213,신원역,경의중앙선,상행,10,1,5,36.0
gyeongui-1213,신원역,경의중앙선,상행,11,2,5,36.0
gyeongui-1213,신원역,경의중앙선,상행,12,2,6,30.0
gyeongui-1213,신원역,경의중앙선,상행,13,2,6,30.0
gyeongui-1213,신원역,경의중앙선,상행,14,2,7,25.7
gyeongui-1213,신원역,경의중앙선,상행,15,3,7,25.7
gyeongui-1213,신원역,경의중앙선,상행,16,2,8,22.5
gyeongui-1213,신원역,경의중앙선,상행,17,3,8,22.5
gyeongui-1213,신원역,경의중앙선,상행,18,3,8,22.5
gyeongui-1213,신원역,경의중앙선,상행,19,2,8,22.5
gyeongui-1213,신원역,경의중앙선,상행,20,3,7,25.7
gyeongui-1213,신원역,경의중앙선,상행,21,2,7,25.7
gyeongui-1213,신원역,경의중앙선,상행,22,2,5,36.0
gyeongui-1213,신원역,경의중앙선,상행,23,1,3,60.0
gyeongui-1213,신원역,경의중앙선,하행,5,1,4,45.0
gyeongui-1213,신원역,경의중앙선,하행,6,3,6,30.0
gyeongui-1213,신원역,경의중앙선,하행,7,2,9,20.0
gyeongui-1213,신원역,경의중앙선,하행,8,4,10,18.0
gyeongui-1213,신원역,경의중앙선,하행,9,4,10,18.0
gyeongui-1213,신원역,경의중앙선,하행,10,2,9,20.0
gyeongui-1213,신원역,경의중앙선,하행,11,3,7,25.7
gyeongui-1213,신원역,경의중앙선,하행,12,2,7,25.7
gyeongui-1213,신원역,경의중앙선,하행,13,2,6,30.0
gyeongui-1213,신원역,경의중앙선,하행,14,2,6,30.0
gyeongui-1213,신원역,경의중앙선,하행,15,2,6,30.0
gyeongui-1213,신원역,경의중앙선,하행,16,2,6,30.0
gyeongui-1213,신원역,경의중앙선,하행,17,2,6,30.0
gyeongui-1213,신원역,경의중앙선,하행,18,2,6,30.0
gyeongui-1213,신원역,경의중앙선,하행,19,2,7,25.7
gyeongui-1213,신원역,경의중앙선,하행,20,3,8,22.5
gyeongui-1213,신원역,경의중앙선,하행,21,3,8,22.5
gyeongui-1213,신원역,경의중앙선,하행,22,2,7,25.7
gyeongui-1213,신원역,경의중앙선,하행,23,2,5,36.0
gyeongui-1213,신원역,경의중앙선,하행,24,1,3,60.0
gyeongui-1214,국수역,경의중앙선,상행,5,4,10,18.0
gyeongui-1214,국수역,경의중앙선,상행,6,6,14,12.9
gyeongui-1214,국수역,경의중앙선,상행,7,4,13,13.8
gyeongui-1214,국수역,경의중앙선,상행,8,3,9,20.0
gyeongui-1214,국수역,경의중앙선,상행,9,2,6,30.0
gyeongui-1214,국수역,경의중앙선,상행,10,1,5,36.0
gyeongui-1214,국수역,경의중앙선,상행,11,2,5,36.0
gyeongui-1214,국수역,경의중앙선,상행,12,2,6,30.0
gyeongui-1214,국수역,경의중앙선,상행,13,2,6,30.0
gyeongui-1214,국수역,경의중앙선,상행,14,2,7,25.7
gyeongui-1214,국수역,경의중앙선,상행,15,3,8,22.5
gyeongui-1214,국수역,경의중앙선,상행,16,3,8,22.5
gyeongui-1214,국수역,경의중앙선,상행,17,2,8,22.5
gyeongui-1214,국수역,경의중앙선,상행,18,3,7,25.7
gyeongui-1214,국수역,경의중앙선,상행,19,2,8,22.5
gyeongui-1214,국수역,경의중앙선,상행,20,3,7,25.7
gyeongui-1214,국수역,경의중앙선,상행,21,2,7,25.7
gyeongui-1214,국수역,경의중앙선,상행,22,2,5,36.0
gyeongui-1214,국수역,경의중앙선,상행,23,1,3,60.0
gyeongui-1214,국수역,경의중앙선,하행,6,3,6,30.0
gyeongui-1214,국수역,경의중앙선,하행,7,3,10,18.0
gyeongui-1214,국수역,경의중앙선,하행,8,4,11,16.4
gyeongui-1214,국수역,경의중앙선,하행,9,4,10,18.0
gyeongui-1214,국수역,경의중앙선,하행,10,2,9,20.0
gyeongui-1214,국수역,경의중앙선,하행,11,3,7,25.7
gyeongui-1214,국수역,경의중앙선,하행,12,2,7,25.7
gyeongui-1214,국수역,경의중앙선,하행,13,2,6,30.0
gyeongui-1214,국수역,경의중앙선,하행,14,2,6,30.0
gyeongui-1214,국수역,경의중앙선,하행,15,2,6,30.0
gyeongui-1214,국수역,경의중앙선,하행,16,2,6,30.0
gyeongui-1214,국수역,경의중앙선,하행,17,2,6,30.0
gyeongui-1214,국수역,경의중앙선,하행,18,2,6,30.0
gyeongui-1214,국수역,경의중앙선,하행,19,2,6,30.0
gyeongui-1214,국수역,경의중앙선,하행,20,2,8,22.5
gyeongui-1214,국수역,경의중앙선,하행,21,4,8,22.5
gyeongui-1214,국수역,경의중앙선,하행,22,2,8,22.5
gyeongui-1214,국수역,경의중앙선,하행,23,2,5,36.0
gyeongui-1214,국수역,경의중앙선,하행,24,1,3,60.0
gyeongui-1215,아신역,경의중앙선,상행,5,4,10,18.0
gyeongui-1215,아신역,경의중앙선,상행,6,6,14,12.9
gyeongui-1215,아신역,경의중앙선,상행,7,4,13,13.8
gyeongui-1215,아신역,경의중앙선,상행,8,3,9,20.0
gyeongui-1215,아신역,경의중앙선,상행,9,2,6,30.0
gyeongui-1215,아신역,경의중앙선,상행,10,1,6,30.0
gyeongui-1215,아신역,경의중앙선,상행,11,3,5,36.0
gyeongui-1215,아신역,경의중앙선,상행,12,1,7,25.7
gyeongui-1215,아신역,경의중앙선,상행,13,3,5,36.0
gyeongui-1215,아신역,경의중앙선,상행,14,1,7,25.7
gyeongui-1215,아신역,경의중앙선,상행,15,3,7,25.7
gyeongui-1215,아신역,경의중앙선,상행,16,3,8,22.5
gyeongui-1215,아신역,경의중앙선,상행,17,2,8,22.5
gyeongui-1215,아신역,경의중앙선,상행,18,3,7,25.7
gyeongui-1215,아신역,경의중앙선,상행,19,2,9,20.0
gyeongui-1215,아신역,경의중앙선,상행,20,4,8,22.5
gyeongui-1215,아신역,경의중앙선,상행,21,2,8,22.5
gyeongui-1215,아신역,경의중앙선,상행,22,2,4,45.0
gyeongui-1215,아신역,경의중앙선,하행,6,3,6,30.0
gyeongui-1215,아신역,경의중앙선,하행,7,3,10,18.0
gyeongui-1215,아신역,경의중앙선,하행,8,4,11,16.4
gyeongui-1215,아신역,경의중앙선,하행,9,4,10,18.0
gyeongui-1215,아신역,경의중앙선,하행,10,2,9,20.0
gyeongui-1215,아신역,경의중앙선,하행,11,3,7,25.7
gyeongui-1215,아신역,경의중앙선,하행,12,2,7,25.7
gyeongui-1215,아신역,경의중앙선,하행,13,2,6,30.0
gyeongui-1215,아신역,경의중앙선,하행,14,2,6,30.0
gyeongui-1215,아신역,경의중앙선,하행,15,2,6,30.0
gyeongui-1215,아신역,경의중앙선,하행,16,2,6,30.0
gyeongui-1215,아신역,경의중앙선,하행,17,2,6,30.0
gyeongui-1215,아신역,경의중앙선,하행,18,2,6,30.0
gyeongui-1215,아신역,경의중앙선,하행,19,2,6,30.0
gyeongui-1215,아신역,경의중앙선,하행,20,2,7,25.7
gyeongui-1215,아신역,경의중앙선,하행,21,3,8,22.5
gyeongui-1215,아신역,경의중앙선,하행,22,3,8,22.5
gyeongui-1215,아신역,경의중앙선,하행,23,2,6,30.0
gyeongui-1215,아신역,경의중앙선,하행,24,1,3,60.0
gyeongui-1216,오빈역,경의중앙선,상행,5,4,10,18.0
gyeongui-1216,오빈역,경의중앙선,상행,6,6,15,12.0
gyeongui-1216,오빈역,경의중앙선,상행,7,5,13,13.8
gyeongui-1216,오빈역,경의중앙선,상행,8,2,9,20.0
gyeongui-1216,오빈역,경의중앙선,상행,9,2,6,30.0
gyeongui-1216,오빈역,경의중앙선,상행,10,2,6,30.0
gyeongui-1216,오빈역,경의중앙선,상행,11,2,6,30.0
gyeongui-1216,오빈역,경의중앙선,상행,12,2,6,30.0
gyeongui-1216,오빈역,경의중앙선,상행,13,2,5,36.0
gyeongui-1216,오빈역,경의중앙선,상행,14,1,6,30.0
gyeongui-1216,오빈역,경의중앙선,상행,15,3,7,25.7
gyeongui-1216,오빈역,경의중앙선,상행,16,3,9,20.0
gyeongui-1216,오빈역,경의중앙선,상행,17,3,8,22.5
gyeongui-1216,오빈역,경의중앙선,상행,18,2,8,22.5
gyeongui-1216,오빈역,경의중앙선,상행,19,3,8,22.5
gyeongui-1216,오빈역,경의중앙선,상행,20,3,8,22.5
gyeongui-1216,오빈역,경의중앙선,상행,21,2,7,25.7
gyeongui-1216,오빈역,경의중앙선,상행,22,2,4,45.0
gyeongui-1216,오빈역,경의중앙선,하행,6,3,6,30.0
gyeongui-1216,오빈역,경의중앙선,하행,7,3,10,18.0
gyeongui-1216,오빈역,경의중앙선,하행,8,4,10,18.0
gyeongui-1216,오빈역,경의중앙선,하행,9,3,10,18.0
gyeongui-1216,오빈역,경의중앙선,하행,10,3,9,20.0
gyeongui-1216,오빈역,경의중앙선,하행,11,3,8,22.5
gyeongui-1216,오빈역,경의중앙선,하행,12,2,7,25.7
gyeongui-1216,오빈역,경의중앙선,하행,13,2,6,30.0
gyeongui-1216,오빈역,경의중앙선,하행,14,2,5,36.0
gyeongui-1216,오빈역,경의중앙선,하행,15,1,6,30.0
gyeongui-1216,오빈역,경의중앙선,하행,16,3,6,30.0
gyeongui-1216,오빈역,경의중앙선,하행,17,2,7,25.7
gyeongui-1216,오빈역,경의중앙선,하행,18,2,6,30.0
gyeongui-1216,오빈역,경의중앙선,하행,19,2,6,30.0
gyeongui-1216,오빈역,경의중앙선,하행,20,2,7,25.7
gyeongui-1216,오빈역,경의중앙선,하행,21,3,8,22.5
gyeongui-1216,오빈역,경의중앙선,하행,22,3,8,22.5
gyeongui-1216,오빈역,경의중앙선,하행,23,2,6,30.0
gyeongui-1216,오빈역,경의중앙선,하행,24,1,3,60.0
gyeongui-1217,양평역,경의중앙선,상행,5,4,10,18.0
gyeongui-1217,양평역,경의중앙선,상행,6,6,17,10.6
gyeongui-1217,양평역,경의중앙선,상행,7,7,15,12.0
gyeongui-1217,양평역,경의중앙선,상행,8,2,11,16.4
gyeongui-1217,양평역,경의중앙선,상행,9,2,6,30.0
gyeongui-1217,양평역,경의중앙선,상행,10,2,6,30.0
gyeongui-1217,양평역,경의중앙선,상행,11,2,6,30.0
gyeongui-1217,양평역,경의중앙선,상행,12,2,6,30.0
gyeongui-1217,양평역,경의중앙선,상행,13,2,5,36.0
gyeongui-1217,양평역,경의중앙선,상행,14,1,6,30.0
gyeongui-1217,양평역,경의중앙선,상행,15,3,7,25.7
gyeongui-1217,양평역,경의중앙선,상행,16,3,9,20.0
gyeongui-1217,양평역,경의중앙선,상행,17,3,8,22.5
gyeongui-1217,양평역,경의중앙선,상행,18,2,8,22.5
gyeongui-1217,양평역,경의중앙선,상행,19,3,8,22.5
gyeongui-1217,양평역,경의중앙선,상행,20,3,8,22.5
gyeongui-1217,양평역,경의중앙선,상행,21,2,7,25.7
gyeongui-1217,양평역,경의중앙선,상행,22,2,4,45.0
gyeongui-1217,양평역,경의중앙선,하행,6,2,6,30.0
gyeongui-1217,양평역,경의중앙선,하행,7,4,10,18.0
gyeongui-1217,양평역,경의중앙선,하행,8,4,11,16.4
gyeongui-1217,양평역,경의중앙선,하행,9,3,10,18.0
gyeongui-1217,양평역,경의중앙선,하행,10,3,9,20.0
gyeongui-1217,양평역,경의중앙선,하행,11,3,8,22.5
gyeongui-1217,양평역,경의중앙선,하행,12,2,6,30.0
gyeongui-1217,양평역,경의중앙선,하행,13,1,6,30.0
gyeongui-1217,양평역,경의중앙선,하행,14,3,5,36.0
gyeongui-1217,양평역,경의중앙선,하행,15,1,6,30.0
gyeongui-1217,양평역,경의중앙선,하행,16,2,5,36.0
gyeongui-1217,양평역,경의중앙선,하행,17,2,7,25.7
gyeongui-1217,양평역,경의중앙선,하행,18,3,7,25.7
gyeongui-1217,양평역,경의중앙선,하행,19,2,7,25.7
gyeongui-1217,양평역,경의중앙선,하행,20,2,7,25.7
gyeongui-1217,양평역,경의중앙선,하행,21,3,8,22.5
gyeongui-1217,양평역,경의중앙선,하행,22,3,10,18.0
gyeongui-1217,양평역,경의중앙선,하행,23,4,8,22.5
gyeongui-1217,양평역,경의중앙선,하행,24,1,5,36.0
gyeongui-1218,원덕역,경의중앙선,상행,5,5,11,16.4
gyeongui-1218,원덕역,경의중앙선,상행,6,6,15,12.0
gyeongui-1218,원덕역,경의중앙선,상행,7,4,12,15.0
gyeongui-1218,원덕역,경의중앙선,상행,8,2,8,22.5
gyeongui-1218,원덕역,경의중앙선,상행,9,2,6,30.0
gyeongui-1218,원덕역,경의중앙선,상행,10,2,6,30.0
gyeongui-1218,원덕역,경의중앙선,상행,11,2,6,30.0
gyeongui-1218,원덕역,경의중앙선,상행,12,2,6,30.0
gyeongui-1218,원덕역,경의중앙선,상행,13,2,6,30.0
gyeongui-1218,원덕역,경의중앙선,상행,14,2,6,30.0
gyeongui-1218,원덕역,경의중앙선,상행,15,2,7,25.7
gyeongui-1218,원덕역,경의중앙선,상행,16,3,8,22.5
gyeongui-1218,원덕역,경의중앙선,상행,17,3,9,20.0
gyeongui-1218,원덕역,경의중앙선,상행,18,3,8,22.5
gyeongui-1218,원덕역,경의중앙선,상행,19,2,8,22.5
gyeongui-1218,원덕역,경의중앙선,상행,20,3,7,25.7
gyeongui-1218,원덕역,경의중앙선,상행,21,2,7,25.7
gyeongui-1218,원덕역,경의중앙선,상행,22,2,4,45.0
gyeongui-1218,원덕역,경의중앙선,하행,6,2,6,30.0
gyeongui-1218,원덕역,경의중앙선,하행,7,4,9,20.0
gyeongui-1218,원덕역,경의중앙선,하행,8,3,10,18.0
gyeongui-1218,원덕역,경의중앙선,하행,9,3,9,20.0
gyeongui-1218,원덕역,경의중앙선,하행,10,3,9,20.0
gyeongui-1218,원덕역,경의중앙선,하행,11,3,8,22.5
gyeongui-1218,원덕역,경의중앙선,하행,12,2,7,25.7
gyeongui-1218,원덕역,경의중앙선,하행,13,2,6,30.0
gyeongui-1218,원덕역,경의중앙선,하행,14,2,6,30.0
gyeongui-1218,원덕역,경의중앙선,하행,15,2,6,30.0
gyeongui-1218,원덕역,경의중앙선,하행,16,2,6,30.0
gyeongui-1218,원덕역,경의중앙선,하행,17,2,6,30.0
gyeongui-1218,원덕역,경의중앙선,하행,18,2,6,30.0
gyeongui-1218,원덕역,경의중앙선,하행,19,2,6,30.0
gyeongui-1218,원덕역,경의중앙선,하행,20,2,7,25.7
gyeongui-1218,원덕역,경의중앙선,하행,21,3,8,22.5
gyeongui-1218,원덕역,경의중앙선,하행,22,3,9,20.0
gyeongui-1218,원덕역,경의중앙선,하행,23,3,7,25.7
gyeongui-1218,원덕역,경의중앙선,하행,24,1,4,45.0
gyeongui-1219,용문역,경의중앙선,상행,5,5,12,15.0
gyeongui-1219,용문역,경의중앙선,상행,6,7,17,10.6
gyeongui-1219,용문역,경의중앙선,상행,7,5,14,12.9
gyeongui-1219,용문역,경의중앙선,상행,8,2,9,20.0
gyeongui-1219,용문역,경의중앙선,상행,9,2,6,30.0
gyeongui-1219,용문역,경의중앙선,상행,10,2,6,30.0
gyeongui-1219,용문역,경의중앙선,상행,11,2,6,30.0
gyeongui-1219,용문역,경의중앙선,상행,12,2,6,30.0
gyeongui-1219,용문역,경의중앙선,상행,13,2,6,30.0
gyeongui-1219,용문역,경의중앙선,상행,14,2,6,30.0
gyeongui-1219,용문역,경의중앙선,상행,15,2,8,22.5
gyeongui-1219,용문역,경의중앙선,상행,16,4,8,22.5
gyeongui-1219,용문역,경의중앙선,상행,17,2,9,20.0
gyeongui-1219,용문역,경의중앙선,상행,18,3,7,25.7
gyeongui-1219,용문역,경의중앙선,상행,19,2,8,22.5
gyeongui-1219,용문역,경의중앙선,상행,20,3,7,25.7
gyeongui-1219,용문역,경의중앙선,상행,21,2,7,25.7
gyeongui-1219,용문역,경의중앙선,상행,22,2,4,45.0
gyeongui-1219,용문역,경의중앙선,하행,7,1,1,180.0
gyeongui-1219,용문역,경의중앙선,하행,10,1,1,180.0
gyeongui-1219,용문역,경의중앙선,하행,14,1,1,180.0
gyeongui-1219,용문역,경의중앙선,하행,17,1,1,180.0
gyeongui-1219,용문역,경의중앙선,하행,19,1,1,180.0
gyeongui-1219,용문역,경의중앙선,하행,21,1,1,180.0
gyeongui-1220,지평역,경의중앙선,상행,7,1,1,180.0
gyeongui-1220,지평역,경의중앙선,상행,10,1,1,180.0
gyeongui-1220,지평역,경의중앙선,상행,14,1,1,180.0
gyeongui-1220,지평역,경의중앙선,상행,18,1,2,90.0
gyeongui-1220,지평역,경의중앙선,상행,19,1,2,90.0
gyeongui-1220,지평역,경의중앙선,상행,22,1,1,180.0
gyeongui-1251,서울역(경의선),경의중앙선,하행,5,1,3,60.0
gyeongui-1251,서울역(경의선),경의중앙선,하행,6,2,6,30.0
gyeongui-1251,서울역(경의선),경의중앙선,하행,7,3,7,25.7
gyeongui-1251,서울역(경의선),경의중앙선,하행,8,2,8,22.5
gyeongui-1251,서울역(경의선),경의중앙선,하행,9,3,6,30.0
gyeongui-1251,서울역(경의선),경의중앙선,하행,10,1,5,36.0
gyeongui-1251,서울역(경의선),경의중앙선,하행,11,1,3,60.0
gyeongui-1251,서울역(경의선),경의중앙선,하행,12,1,3,60.0
gyeongui-1251,서울역(경의선),경의중앙선,하행,13,1,3,60.0
gyeongui-1251,서울역(경의선),경의중앙선,하행,14,1,3,60.0
gyeongui-1251,서울역(경의선),경의중앙선,하행,15,1,3,60.0
gyeongui-1251,서울역(경의선),경의중앙선,하행,16,1,4,45.0
gyeongui-1251,서울역(경의선),경의중앙선,하행,17,2,6,30.0
gyeongui-1251,서울역(경의선),경의중앙선,하행,18,3,7,25.7
gyeongui-1251,서울역(경의선),경의중앙선,하행,19,2,6,30.0
gyeongui-1251,서울역(경의선),경의중앙선,하행,20,1,4,45.0
gyeongui-1251,서울역(경의선),경의중앙선,하행,21,1,3,60.0
gyeongui-1251,서울역(경의선),경의중앙선,하행,22,1,3,60.0
gyeongui-1251,서울역(경의선),경의중앙선,하행,23,1,2,90.0
gyeongui-1252,신촌역,경의중앙선,상행,6,2,6,30.0
gyeongui-1252,신촌역,경의중앙선,상행,7,4,8,22.5
gyeongui-1252,신촌역,경의중앙선,상행,8,2,8,22.5
gyeongui-1252,신촌역,경의중앙선,상행,9,2,5,36.0
gyeongui-1252,신촌역,경의중앙선,상행,10,1,4,45.0
gyeongui-1252,신촌역,경의중앙선,상행,11,1,3,60.0
gyeongui-1252,신촌역,경의중앙선,상행,12,1,4,45.0
gyeongui-1252,신촌역,경의중앙선,상행,13,2,4,45.0
gyeongui-1252,신촌역,경의중앙선,상행,14,1,4,45.0
gyeongui-1252,신촌역,경의중앙선,상행,15,1,3,60.0
gyeongui-1252,신촌역,경의중앙선,상행,16,1,4,45.0
gyeongui-1252,신촌역,경의중앙선,상행,17,2,6,30.0
gyeongui-1252,신촌역,경의중앙선,상행,18,3,6,30.0
gyeongui-1252,신촌역,경의중앙선,상행,19,1,6,30.0
gyeongui-1252,신촌역,경의중앙선,상행,20,2,4,45.0
gyeongui-1252,신촌역,경의중앙선,상행,21,1,3,60.0
gyeongui-1252,신촌역,경의중앙선,상행,23,2,2,90.0
gyeongui-1252,신촌역,경의중앙선,하행,5,1,2,90.0
gyeongui-1252,신촌역,경의중앙선,하행,6,1,5,36.0
gyeongui-1252,신촌역,경의중앙선,하행,7,3,7,25.7
gyeongui-1252,신촌역,경의중앙선,하행,8,3,9,20.0
gyeongui-1252,신촌역,경의중앙선,하행,9,3,7,25.7
gyeongui-1252,신촌역,경의중앙선,하행,10,1,5,36.0
gyeongui-1252,신촌역,경의중앙선,하행,11,1,3,60.0
gyeongui-1252,신촌역,경의중앙선,하행,12,1,3,60.0
gyeongui-1252,신촌역,경의중앙선,하행,13,1,3,60.0
gyeongui-1252,신촌역,경의중앙선,하행,14,1,3,60.0
gyeongui-1252,신촌역,경의중앙선,하행,15,1,3,60.0
gyeongui-1252,신촌역,경의중앙선,하행,16,1,4,45.0
gyeongui-1252,신촌역,경의중앙선,하행,17,2,5,36.0
gyeongui-1252,신촌역,경의중앙선,하행,18,2,6,30.0
gyeongui-1252,신촌역,경의중앙선,하행,19,2,6,30.0
gyeongui-1252,신촌역,경의중앙선,하행,20,2,5,36.0
gyeongui-1252,신촌역,경의중앙선,하행,21,1,4,45.0
gyeongui-1252,신촌역,경의중앙선,하행,22,1,3,60.0
gyeongui-1252,신촌역,경의중앙선,하행,23,1,2,90.0
gyeongui-1261,효창공원앞역,경의중앙선,상행,5,2,6,30.0
gyeongui-1261,효창공원앞역,경의중앙선,상행,6,4,10,18.0
gyeongui-1261,효창공원앞역,경의중앙선,상행,7,4,16,11.2
gyeongui-1261,효창공원앞역,경의중앙선,상행,8,8,17,10.6
gyeongui-1261,효창공원앞역,경의중앙선,상행,9,5,17,10.6
gyeongui-1261,효창공원앞역,경의중앙선,상행,10,4,13,13.8
gyeongui-1261,효창공원앞역,경의중앙선,상행,11,4,12,15.0
gyeongui-1261,효창공원앞역,경의중앙선,상행,12,4,12,15.0
gyeongui-1261,효창공원앞역,경의중앙선,상행,13,4,12,15.0
gyeongui-1261,효창공원앞역,경의중앙선,상행,14,4,11,16.4
gyeongui-1261,효창공원앞역,경의중앙선,상행,15,3,12,15.0
gyeongui-1261,효창공원앞역,경의중앙선,상행,16,5,13,13.8
gyeongui-1261,효창공원앞역,경의중앙선,상행,17,5,14,12.9
gyeongui-1261,효창공원앞역,경의중앙선,상행,18,4,13,13.8
gyeongui-1261,효창공원앞역,경의중앙선,상행,19,4,14,12.9
gyeongui-1261,효창공원앞역,경의중앙선,상행,20,6,15,12.0
gyeongui-1261,효창공원앞역,경의중앙선,상행,21,5,14,12.9
gyeongui-1261,효창공원앞역,경의중앙선,상행,22,3,12,15.0
gyeongui-1261,효창공원앞역,경의중앙선,상행,23,4,7,25.7
gyeongui-1261,효창공원앞역,경의중앙선,하행,6,5,9,20.0
gyeongui-1261,효창공원앞역,경의중앙선,하행,7,4,15,12.0
gyeongui-1261,효창공원앞역,경의중앙선,하행,8,6,16,11.2
gyeongui-1261,효창공원앞역,경의중앙선,하행,9,6,16,11.2
gyeongui-1261,효창공원앞역,경의중앙선,하행,10,4,13,13.8
gyeongui-1261,효창공원앞역,경의중앙선,하행,11,3,11,16.4
gyeongui-1261,효창공원앞역,경의중앙선,하행,12,4,10,18.0
gyeongui-1261,효창공원앞역,경의중앙선,하행,13,3,12,15.0
gyeongui-1261,효창공원앞역,경의중앙선,하행,14,5,12,15.0
gyeongui-1261,효창공원앞역,경의중앙선,하행,15,4,13,13.8
gyeongui-1261,효창공원앞역,경의중앙선,하행,16,4,13,13.8
gyeongui-1261,효창공원앞역,경의중앙선,하행,17,5,14,12.9
gyeongui-1261,효창공원앞역,경의중앙선,하행,18,5,15,12.0
gyeongui-1261,효창공원앞역,경의중앙선,하행,19,5,14,12.9
gyeongui-1261,효창공원앞역,경의중앙선,하행,20,4,13,13.8
gyeongui-1261,효창공원앞역,경의중앙선,하행,21,4,13,13.8
gyeongui-1261,효창공원앞역,경의중앙선,하행,22,5,13,13.8
gyeongui-1261,효창공원앞역,경의중앙선,하행,23,4,10,18.0
gyeongui-1261,효창공원앞역,경의중앙선,하행,24,1,5,36.0
gyeongui-1262,공덕역,경의중앙선,상행,5,2,6,30.0
gyeongui-1262,공덕역,경의중앙선,상행,6,4,11,16.4
gyeongui-1262,공덕역,경의중앙선,상행,7,5,18,10.0
gyeongui-1262,공덕역,경의중앙선,상행,8,9,19,9.5
gyeongui-1262,공덕역,경의중앙선,상행,9,5,18,10.0
gyeongui-1262,공덕역,경의중앙선,상행,10,4,12,15.0
gyeongui-1262,공덕역,경의중앙선,상행,11,3,11,16.4
gyeongui-1262,공덕역,경의중앙선,상행,12,4,12,15.0
gyeongui-1262,공덕역,경의중앙선,상행,13,5,12,15.0
gyeongui-1262,공덕역,경의중앙선,상행,14,3,12,15.0
gyeongui-1262,공덕역,경의중앙선,상행,15,4,11,16.4
gyeongui-1262,공덕역,경의중앙선,상행,16,4,14,12.9
gyeongui-1262,공덕역,경의중앙선,상행,17,6,15,12.0
gyeongui-1262,공덕역,경의중앙선,상행,18,5,16,11.2
gyeongui-1262,공덕역,경의중앙선,상행,19,5,15,12.0
gyeongui-1262,공덕역,경의중앙선,상행,20,5,16,11.2
gyeongui-1262,공덕역,경의중앙선,상행,21,6,14,12.9
gyeongui-1262,공덕역,경의중앙선,상행,22,3,13,13.8
gyeongui-1262,공덕역,경의중앙선,상행,23,4,7,25.7
gyeongui-1262,공덕역,경의중앙선,하행,6,5,11,16.4
gyeongui-1262,공덕역,경의중앙선,하행,7,6,18,10.0
gyeongui-1262,공덕역,경의중앙선,하행,8,7,19,9.5
gyeongui-1262,공덕역,경의중앙선,하행,9,6,17,10.6
gyeongui-1262,공덕역,경의중앙선,하행,10,4,13,13.8
gyeongui-1262,공덕역,경의중앙선,하행,11,3,11,16.4
gyeongui-1262,공덕역,경의중앙선,하행,12,4,10,18.0
gyeongui-1262,공덕역,경의중앙선,하행,13,3,12,15.0
gyeongui-1262,공덕역,경의중앙선,하행,14,5,12,15.0
gyeongui-1262,공덕역,경의중앙선,하행,15,4,14,12.9
gyeongui-1262,공덕역,경의중앙선,하행,16,5,14,12.9
gyeongui-1262,공덕역,경의중앙선,하행,17,5,15,12.0
gyeongui-1262,공덕역,경의중앙선,하행,18,5,15,12.0
gyeongui-1262,공덕역,경의중앙선,하행,19,5,14,12.9
gyeongui-1262,공덕역,경의중앙선,하행,20,4,13,13.8
gyeongui-1262,공덕역,경의중앙선,하행,21,4,14,12.9
gyeongui-1262,공덕역,경의중앙선,하행,22,6,13,13.8
gyeongui-1262,공덕역,경의중앙선,하행,23,3,10,18.0
gyeongui-1262,공덕역,경의중앙선,하행,24,1,4,45.0
gyeongui-1263,서강대역,경의중앙선,상행,5,2,6,30.0
gyeongui-1263,서강대역,경의중앙선,상행,6,4,10,18.0
gyeongui-1263,서강대역,경의중앙선,상행,7,4,15,12.0
gyeongui-1263,서강대역,경의중앙선,상행,8,7,17,10.6
gyeongui-1263,서강대역,경의중앙선,상행,9,6,17,10.6
gyeongui-1263,서강대역,경의중앙선,상행,10,4,13,13.8
gyeongui-1263,서강대역,경의중앙선,상행,11,3,11,16.4
gyeongui-1263,서강대역,경의중앙선,상행,12,4,11,16.4
gyeongui-1263,서강대역,경의중앙선,상행,13,4,12,15.0
gyeongui-1263,서강대역,경의중앙선,상행,14,4,12,15.0
gyeongui-1263,서강대역,경의중앙선,상행,15,4,12,15.0
gyeongui-1263,서강대역,경의중앙선,상행,16,4,13,13.8
gyeongui-1263,서강대역,경의중앙선,상행,17,5,14,12.9
gyeongui-1263,서강대역,경의중앙선,상행,18,5,14,12.9
gyeongui-1263,서강대역,경의중앙선,상행,19,4,14,12.9
gyeongui-1263,서강대역,경의중앙선,상행,20,5,14,12.9
gyeongui-1263,서강대역,경의중앙선,상행,21,5,14,12.9
gyeongui-1263,서강대역,경의중앙선,상행,22,4,13,13.8
gyeongui-1263,서강대역,경의중앙선,상행,23,4,8,22.5
gyeongui-1263,서강대역,경의중앙선,하행,5,1,5,36.0
gyeongui-1263,서강대역,경의중앙선,하행,6,4,9,20.0
gyeongui-1263,서강대역,경의중앙선,하행,7,4,15,12.0
gyeongui-1263,서강대역,경의중앙선,하행,8,7,16,11.2
gyeongui-1263,서강대역,경의중앙선,하행,9,5,17,10.6
gyeongui-1263,서강대역,경의중앙선,하행,10,5,12,15.0
gyeongui-1263,서강대역,경의중앙선,하행,11,2,12,15.0
gyeongui-1263,서강대역,경의중앙선,하행,12,5,9,20.0
gyeongui-1263,서강대역,경의중앙선,하행,13,2,12,15.0
gyeongui-1263,서강대역,경의중앙선,하행,14,5,12,15.0
gyeongui-1263,서강대역,경의중앙선,하행,15,5,14,12.9
gyeongui-1263,서강대역,경의중앙선,하행,16,4,14,12.9
gyeongui-1263,서강대역,경의중앙선,하행,17,5,13,13.8
gyeongui-1263,서강대역,경의중앙선,하행,18,4,14,12.9
gyeongui-1263,서강대역,경의중앙선,하행,19,5,13,13.8
gyeongui-1263,서강대역,경의중앙선,하행,20,4,14,12.9
gyeongui-1263,서강대역,경의중앙선,하행,21,5,14,12.9
gyeongui-1263,서강대역,경의중앙선,하행,22,5,13,13.8
gyeongui-1263,서강대역,경의중앙선,하행,23,3,9,20.0
gyeongui-1263,서강대역,경의중앙선,하행,24,1,4,45.0
gyeongui-1264,홍대입구역,경의중앙선,상행,5,1,6,30.0
gyeongui-1264,홍대입구역,경의중앙선,상행,6,5,11,16.4
gyeongui-1264,홍대입구역,경의중앙선,상행,7,5,18,10.0
gyeongui-1264,홍대입구역,경의중앙선,상행,8,8,19,9.5
gyeongui-1264,홍대입구역,경의중앙선,상행,9,6,18,10.0
gyeongui-1264,홍대입구역,경의중앙선,상행,10,4,13,13.8
gyeongui-1264,홍대입구역,경의중앙선,상행,11,3,11,16.4
gyeongui-1264,홍대입구역,경의중앙선,상행,12,4,11,16.4
gyeongui-1264,홍대입구역,경의중앙선,상행,13,4,12,15.0
gyeongui-1264,홍대입구역,경의중앙선,상행,14,4,12,15.0
gyeongui-1264,홍대입구역,경의중앙선,상행,15,4,12,15.0
gyeongui-1264,홍대입구역,경의중앙선,상행,16,4,13,13.8
gyeongui-1264,홍대입구역,경의중앙선,상행,17,5,14,12.9
gyeongui-1264,홍대입구역,경의중앙선,상행,18,5,16,11.2
gyeongui-1264,홍대입구역,경의중앙선,상행,19,6,16,11.2
gyeongui-1264,홍대입구역,경의중앙선,상행,20,5,16,11.2
gyeongui-1264,홍대입구역,경의중앙선,상행,21,5,14,12.9
gyeongui-1264,홍대입구역,경의중앙선,상행,22,4,12,15.0
gyeongui-1264,홍대입구역,경의중앙선,상행,23,3,8,22.5
gyeongui-1264,홍대입구역,경의중앙선,상행,24,1,4,45.0
gyeongui-1264,홍대입구역,경의중앙선,하행,5,1,5,36.0
gyeongui-1264,홍대입구역,경의중앙선,하행,6,4,12,15.0
gyeongui-1264,홍대입구역,경의중앙선,하행,7,7,18,10.0
gyeongui-1264,홍대입구역,경의중앙선,하행,8,7,19,9.5
gyeongui-1264,홍대입구역,경의중앙선,하행,9,5,17,10.6
gyeongui-1264,홍대입구역,경의중앙선,하행,10,5,12,15.0
gyeongui-1264,홍대입구역,경의중앙선,하행,11,2,12,15.0
gyeongui-1264,홍대입구역,경의중앙선,하행,12,5,10,18.0
gyeongui-1264,홍대입구역,경의중앙선,하행,13,3,13,13.8
gyeongui-1264,홍대입구역,경의중앙선,하행,14,5,12,15.0
gyeongui-1264,홍대입구역,경의중앙선,하행,15,4,13,13.8
gyeongui-1264,홍대입구역,경의중앙선,하행,16,4,13,13.8
gyeongui-1264,홍대입구역,경의중앙선,하행,17,5,14,12.9
gyeongui-1264,홍대입구역,경의중앙선,하행,18,5,15,12.0
gyeongui-1264,홍대입구역,경의중앙선,하행,19,5,14,12.9
gyeongui-1264,홍대입구역,경의중앙선,하행,20,4,14,12.9
gyeongui-1264,홍대입구역,경의중앙선,하행,21,5,14,12.9
gyeongui-1264,홍대입구역,경의중앙선,하행,22,5,14,12.9
gyeongui-1264,홍대입구역,경의중앙선,하행,23,4,9,20.0
gyeongui-1265,가좌역,경의중앙선,상행,5,1,8,22.5
gyeongui-1265,가좌역,경의중앙선,상행,6,7,16,11.2
gyeongui-1265,가좌역,경의중앙선,상행,7,8,26,6.9
gyeongui-1265,가좌역,경의중앙선,상행,8,11,27,6.7
gyeongui-1265,가좌역,경의중앙선,상행,9,8,24,7.5
gyeongui-1265,가좌역,경의중앙선,상행,10,5,17,10.6
gyeongui-1265,가좌역,경의중앙선,상행,11,4,14,12.9
gyeongui-1265,가좌역,경의중앙선,상행,12,5,15,12.0
gyeongui-1265,가좌역,경의중앙선,상행,13,6,16,11.2
gyeongui-1265,가좌역,경의중앙선,상행,14,5,15,12.0
gyeongui-1265,가좌역,경의중앙선,상행,15,4,15,12.0
gyeongui-1265,가좌역,경의중앙선,상행,16,6,17,10.6
gyeongui-1265,가좌역,경의중앙선,상행,17,7,21,8.6
gyeongui-1265,가좌역,경의중앙선,상행,18,8,22,8.2
gyeongui-1265,가좌역,경의중앙선,상행,19,7,22,8.2
gyeongui-1265,가좌역,경의중앙선,상행,20,7,20,9.0
gyeongui-1265,가좌역,경의중앙선,상행,21,6,17,10.6
gyeongui-1265,가좌역,경의중앙선,상행,22,4,15,12.0
gyeongui-1265,가좌역,경의중앙선,상행,23,5,10,18.0
gyeongui-1265,가좌역,경의중앙선,상행,24,1,6,30.0
gyeongui-1265,가좌역,경의중앙선,하행,5,2,8,22.5
gyeongui-1265,가좌역,경의중앙선,하행,6,6,17,10.6
gyeongui-1265,가좌역,경의중앙선,하행,7,9,25,7.2
gyeongui-1265,가좌역,경의중앙선,하행,8,10,27,6.7
gyeongui-1265,가좌역,경의중앙선,하행,9,8,24,7.5
gyeongui-1265,가좌역,경의중앙선,하행,10,6,18,10.0
gyeongui-1265,가좌역,경의중앙선,하행,11,4,15,12.0
gyeongui-1265,가좌역,경의중앙선,하행,12,5,13,13.8
gyeongui-1265,가좌역,경의중앙선,하행,13,4,15,12.0
gyeongui-1265,가좌역,경의중앙선,하행,14,6,15,12.0
gyeongui-1265,가좌역,경의중앙선,하행,15,5,16,11.2
gyeongui-1265,가좌역,경의중앙선,하행,16,5,18,10.0
gyeongui-1265,가좌역,경의중앙선,하행,17,8,19,9.5
gyeongui-1265,가좌역,경의중앙선,하행,18,6,22,8.2
gyeongui-1265,가좌역,경의중앙선,하행,19,8,20,9.0
gyeongui-1265,가좌역,경의중앙선,하행,20,6,19,9.5
gyeongui-1265,가좌역,경의중앙선,하행,21,5,17,10.6
gyeongui-1265,가좌역,경의중앙선,하행,22,6,16,11.2
gyeongui-1265,가좌역,경의중앙선,하행,23,5,11,16.4
gyeongui-1266,디지털미디어시티역,경의중앙선,상행,5,2,7,25.7
gyeongui-1266,디지털미디어시티역,경의중앙선,상행,6,5,16,11.2
gyeongui-1266,디지털미디어시티역,경의중앙선,상행,7,9,24,7.5
gyeongui-1266,디지털미디어시티역,경의중앙선,상행,8,10,28,6.4
gyeongui-1266,디지털미디어시티역,경의중앙선,상행,9,9,24,7.5
gyeongui-1266,디지털미디어시티역,경의중앙선,상행,10,5,18,10.0
gyeongui-1266,디지털미디어시티역,경의중앙선,상행,11,4,15,12.0
gyeongui-1266,디지털미디어시티역,경의중앙선,상행,12,6,15,12.0
gyeongui-1266,디지털미디어시티역,경의중앙선,상행,13,5,16,11.2
gyeongui-1266,디지털미디어시티역,경의중앙선,상행,14,5,14,12.9
gyeongui-1266,디지털미디어시티역,경의중앙선,상행,15,4,15,12.0
gyeongui-1266,디지털미디어시티역,경의중앙선,상행,16,6,17,10.6
gyeongui-1266,디지털미디어시티역,경의중앙선,상행,17,7,21,8.6
gyeongui-1266,디지털미디어시티역,경의중앙선,상행,18,8,22,8.2
gyeongui-1266,디지털미디어시티역,경의중앙선,상행,19,7,22,8.2
gyeongui-1266,디지털미디어시티역,경의중앙선,상행,20,7,20,9.0
gyeongui-1266,디지털미디어시티역,경의중앙선,상행,21,6,17,10.6
gyeongui-1266,디지털미디어시티역,경의중앙선,상행,22,4,15,12.0
gyeongui-1266,디지털미디어시티역,경의중앙선,상행,23,5,10,18.0
gyeongui-1266,디지털미디어시티역,경의중앙선,상행,24,1,6,30.0
gyeongui-1266,디지털미디어시티역,경의중앙선,하행,5,2,8,22.5
gyeongui-1266,디지털미디어시티역,경의중앙선,하행,6,6,17,10.6
gyeongui-1266,디지털미디어시티역,경의중앙선,하행,7,9,26,6.9
gyeongui-1266,디지털미디어시티역,경의중앙선,하행,8,11,28,6.4
gyeongui-1266,디지털미디어시티역,경의중앙선,하행,9,8,23,7.8
gyeongui-1266,디지털미디어시티역,경의중앙선,하행,10,4,17,10.6
gyeongui-1266,디지털미디어시티역,경의중앙선,하행,11,5,14,12.9
gyeongui-1266,디지털미디어시티역,경의중앙선,하행,12,5,14,12.9
gyeongui-1266,디지털미디어시티역,경의중앙선,하행,13,4,15,12.0
gyeongui-1266,디지털미디어시티역,경의중앙선,하행,14,6,15,12.0
gyeongui-1266,디지털미디어시티역,경의중앙선,하행,15,5,16,11.2
gyeongui-1266,디지털미디어시티역,경의중앙선,하행,16,5,18,10.0
gyeongui-1266,디지털미디어시티역,경의중앙선,하행,17,8,20,9.0
gyeongui-1266,디지털미디어시티역,경의중앙선,하행,18,7,22,8.2
gyeongui-1266,디지털미디어시티역,경의중앙선,하행,19,7,20,9.0
gyeongui-1266,디지털미디어시티역,경의중앙선,하행,20,6,19,9.5
gyeongui-1266,디지털미디어시티역,경의중앙선,하행,21,6,17,10.6
gyeongui-1266,디지털미디어시티역,경의중앙선,하행,22,5,16,11.2
gyeongui-1266,디지털미디어시티역,경의중앙선,하행,23,5,10,18.0
gyeongui-1267,수색역,경의중앙선,상행,5,2,7,25.7
gyeongui-1267,수색역,경의중앙선,상행,6,5,15,12.0
gyeongui-1267,수색역,경의중앙선,상행,7,8,18,10.0
gyeongui-1267,수색역,경의중앙선,상행,8,5,20,9.0
gyeongui-1267,수색역,경의중앙선,상행,9,7,18,10.0
gyeongui-1267,수색역,경의중앙선,상행,10,6,17,10.6
gyeongui-1267,수색역,경의중앙선,상행,11,4,14,12.9
gyeongui-1267,수색역,경의중앙선,상행,12,4,13,13.8
gyeongui-1267,수색역,경의중앙선,상행,13,5,14,12.9
gyeongui-1267,수색역,경의중앙선,상행,14,5,13,13.8
gyeongui-1267,수색역,경의중앙선,상행,15,3,12,15.0
gyeongui-1267,수색역,경의중앙선,상행,16,4,14,12.9
gyeongui-1267,수색역,경의중앙선,상행,17,7,16,11.2
gyeongui-1267,수색역,경의중앙선,상행,18,5,19,9.5
gyeongui-1267,수색역,경의중앙선,상행,19,7,18,10.0
gyeongui-1267,수색역,경의중앙선,상행,20,6,20,9.0
gyeongui-1267,수색역,경의중앙선,상행,21,7,17,10.6
gyeongui-1267,수색역,경의중앙선,상행,22,4,16,11.2
gyeongui-1267,수색역,경의중앙선,상행,23,5,10,18.0
gyeongui-1267,수색역,경의중앙선,상행,24,1,6,30.0
gyeongui-1267,수색역,경의중앙선,하행,5,3,8,22.5
gyeongui-1267,수색역,경의중앙선,하행,6,5,15,12.0
gyeongui-1267,수색역,경의중앙선,하행,7,7,22,8.2
gyeongui-1267,수색역,경의중앙선,하행,8,10,25,7.2
gyeongui-1267,수색역,경의중앙선,하행,9,8,22,8.2
gyeongui-1267,수색역,경의중앙선,하행,10,4,16,11.2
gyeongui-1267,수색역,경의중앙선,하행,11,4,12,15.0
gyeongui-1267,수색역,경의중앙선,하행,12,4,12,15.0
gyeongui-1267,수색역,경의중앙선,하행,13,4,13,13.8
gyeongui-1267,수색역,경의중앙선,하행,14,5,13,13.8
gyeongui-1267,수색역,경의중앙선,하행,15,4,13,13.8
gyeongui-1267,수색역,경의중앙선,하행,16,4,16,11.2
gyeongui-1267,수색역,경의중앙선,하행,17,8,17,10.6
gyeongui-1267,수색역,경의중앙선,하행,18,5,19,9.5
gyeongui-1267,수색역,경의중앙선,하행,19,6,17,10.6
gyeongui-1267,수색역,경의중앙선,하행,20,6,17,10.6
gyeongui-1267,수색역,경의중앙선,하행,21,5,16,11.2
gyeongui-1267,수색역,경의중앙선,하행,22,5,15,12.0
gyeongui-1267,수색역,경의중앙선,하행,23,5,10,18.0
gyeongui-1268,한국항공대,경의중앙선,상행,5,2,8,22.5
gyeongui-1268,한국항공대,경의중앙선,상행,6,6,14,12.9
gyeongui-1268,한국항공대,경의중앙선,상행,7,6,18,10.0
gyeongui-1268,한국항공대,경의중앙선,상행,8,6,19,9.5
gyeongui-1268,한국항공대,경의중앙선,상행,9,7,19,9.5
gyeongui-1268,한국항공대,경의중앙선,상행,10,6,18,10.0
gyeongui-1268,한국항공대,경의중앙선,상행,11,5,14,12.9
gyeongui-1268,한국항공대,경의중앙선,상행,12,3,12,15.0
gyeongui-1268,한국항공대,경의중앙선,상행,13,4,12,15.0
gyeongui-1268,한국항공대,경의중앙선,상행,14,5,13,13.8
gyeongui-1268,한국항공대,경의중앙선,상행,15,4,13,13.8
gyeongui-1268,한국항공대,경의중앙선,상행,16,4,15,12.0
gyeongui-1268,한국항공대,경의중앙선,상행,17,7,16,11.2
gyeongui-1268,한국항공대,경의중앙선,상행,18,5,18,10.0
gyeongui-1268,한국항공대,경의중앙선,상행,19,6,18,10.0
gyeongui-1268,한국항공대,경의중앙선,상행,20,7,19,9.5
gyeongui-1268,한국항공대,경의중앙선,상행,21,6,18,10.0
gyeongui-1268,한국항공대,경의중앙선,상행,22,5,16,11.2
gyeongui-1268,한국항공대,경의중앙선,상행,23,5,11,16.4
gyeongui-1268,한국항공대,경의중앙선,상행,24,1,6,30.0
gyeongui-1268,한국항공대,경의중앙선,하행,5,2,8,22.5
gyeongui-1268,한국항공대,경의중앙선,하행,6,6,16,11.2
gyeongui-1268,한국항공대,경의중앙선,하행,7,8,22,8.2
gyeongui-1268,한국항공대,경의중앙선,하행,8,8,22,8.2
gyeongui-1268,한국항공대,경의중앙선,하행,9,6,19,9.5
gyeongui-1268,한국항공대,경의중앙선,하행,10,5,15,12.0
gyeongui-1268,한국항공대,경의중앙선,하행,11,4,13,13.8
gyeongui-1268,한국항공대,경의중앙선,하행,12,4,12,15.0
gyeongui-1268,한국항공대,경의중앙선,하행,13,4,13,13.8
gyeongui-1268,한국항공대,경의중앙선,하행,14,5,14,12.9
gyeongui-1268,한국항공대,경의중앙선,하행,15,5,13,13.8
gyeongui-1268,한국항공대,경의중앙선,하행,16,3,15,12.0
gyeongui-1268,한국항공대,경의중앙선,하행,17,7,15,12.0
gyeongui-1268,한국항공대,경의중앙선,하행,18,5,18,10.0
gyeongui-1268,한국항공대,경의중앙선,하행,19,6,17,10.6
gyeongui-1268,한국항공대,경의중앙선,하행,20,6,17,10.6
gyeongui-1268,한국항공대,경의중앙선,하행,21,5,17,10.6
gyeongui-1268,한국항공대,경의중앙선,하행,22,6,15,12.0
gyeongui-1268,한국항공대,경의중앙선,하행,23,4,10,18.0
gyeongui-1269,강매역,경의중앙선,상행,5,2,8,22.5
gyeongui-1269,강매역,경의중앙선,상행,6,6,14,12.9
gyeongui-1269,강매역,경의중앙선,상행,7,6,18,10.0
gyeongui-1269,강매역,경의중앙선,상행,8,6,19,9.5
gyeongui-1269,강매역,경의중앙선,상행,9,7,20,9.0
gyeongui-1269,강매역,경의중앙선,상행,10,7,18,10.0
gyeongui-1269,강매역,경의중앙선,상행,11,4,14,12.9
gyeongui-1269,강매역,경의중앙선,상행,12,3,11,16.4
gyeongui-1269,강매역,경의중앙선,상행,13,4,12,15.0
gyeongui-1269,강매역,경의중앙선,상행,14,5,13,13.8
gyeongui-1269,강매역,경의중앙선,상행,15,4,13,13.8
gyeongui-1269,강매역,경의중앙선,상행,16,4,14,12.9
gyeongui-1269,강매역,경의중앙선,상행,17,6,16,11.2
gyeongui-1269,강매역,경의중앙선,상행,18,6,19,9.5
gyeongui-1269,강매역,경의중앙선,상행,19,7,19,9.5
gyeongui-1269,강매역,경의중앙선,상행,20,6,19,9.5
gyeongui-1269,강매역,경의중앙선,상행,21,6,17,10.6
gyeongui-1269,강매역,경의중앙선,상행,22,5,15,12.0
gyeongui-1269,강매역,경의중앙선,상행,23,4,11,16.4
gyeongui-1269,강매역,경의중앙선,상행,24,2,6,30.0
gyeongui-1269,강매역,경의중앙선,하행,5,2,8,22.5
gyeongui-1269,강매역,경의중앙선,하행,6,6,15,12.0
gyeongui-1269,강매역,경의중앙선,하행,7,7,22,8.2
gyeongui-1269,강매역,경의중앙선,하행,8,9,22,8.2
gyeongui-1269,강매역,경의중앙선,하행,9,6,20,9.0
gyeongui-1269,강매역,경의중앙선,하행,10,5,15,12.0
gyeongui-1269,강매역,경의중앙선,하행,11,4,13,13.8
gyeongui-1269,강매역,경의중앙선,하행,12,4,13,13.8
gyeongui-1269,강매역,경의중앙선,하행,13,5,13,13.8
gyeongui-1269,강매역,경의중앙선,하행,14,4,14,12.9
gyeongui-1269,강매역,경의중앙선,하행,15,5,13,13.8
gyeongui-1269,강매역,경의중앙선,하행,16,4,15,12.0
gyeongui-1269,강매역,경의중앙선,하행,17,6,15,12.0
gyeongui-1269,강매역,경의중앙선,하행,18,5,17,10.6
gyeongui-1269,강매역,경의중앙선,하행,19,6,17,10.6
gyeongui-1269,강매역,경의중앙선,하행,20,6,17,10.6
gyeongui-1269,강매역,경의중앙선,하행,21,5,17,10.6
gyeongui-1269,강매역,경의중앙선,하행,22,6,15,12.0
gyeongui-1269,강매역,경의중앙선,하행,23,4,10,18.0
gyeongui-1270,행신역,경의중앙선,상행,5,2,7,25.7
gyeongui-1270,행신역,경의중앙선,상행,6,5,15,12.0
gyeongui-1270,행신역,경의중앙선,상행,7,8,22,8.2
gyeongui-1270,행신역,경의중앙선,상행,8,9,24,7.5
gyeongui-1270,행신역,경의중앙선,상행,9,7,24,7.5
gyeongui-1270,행신역,경의중앙선,상행,10,8,18,10.0
gyeongui-1270,행신역,경의중앙선,상행,11,3,16,11.2
gyeongui-1270,행신역,경의중앙선,상행,12,5,13,13.8
gyeongui-1270,행신역,경의중앙선,상행,13,5,15,12.0
gyeongui-1270,행신역,경의중앙선,상행,14,5,15,12.0
gyeongui-1270,행신역,경의중앙선,상행,15,5,15,12.0
gyeongui-1270,행신역,경의중앙선,상행,16,5,17,10.6
gyeongui-1270,행신역,경의중앙선,상행,17,7,19,9.5
gyeongui-1270,행신역,경의중앙선,상행,18,7,22,8.2
gyeongui-1270,행신역,경의중앙선,상행,19,8,20,9.0
gyeongui-1270,행신역,경의중앙선,상행,20,5,20,9.0
gyeongui-1270,행신역,경의중앙선,상행,21,7,17,10.6
gyeongui-1270,행신역,경의중앙선,상행,22,5,16,11.2
gyeongui-1270,행신역,경의중앙선,상행,23,4,11,16.4
gyeongui-1270,행신역,경의중앙선,상행,24,2,6,30.0
gyeongui-1270,행신역,경의중앙선,하행,5,2,9,20.0
gyeongui-1270,행신역,경의중앙선,하행,6,7,18,10.0
gyeongui-1270,행신역,경의중앙선,하행,7,9,25,7.2
gyeongui-1270,행신역,경의중앙선,하행,8,9,25,7.2
gyeongui-1270,행신역,경의중앙선,하행,9,7,20,9.0
gyeongui-1270,행신역,경의중앙선,하행,10,4,16,11.2
gyeongui-1270,행신역,경의중앙선,하행,11,5,14,12.9
gyeongui-1270,행신역,경의중앙선,하행,12,5,15,12.0
gyeongui-1270,행신역,경의중앙선,하행,13,5,16,11.2
gyeongui-1270,행신역,경의중앙선,하행,14,6,16,11.2
gyeongui-1270,행신역,경의중앙선,하행,15,5,16,11.2
gyeongui-1270,행신역,경의중앙선,하행,16,5,16,11.2
gyeongui-1270,행신역,경의중앙선,하행,17,6,19,9.5
gyeongui-1270,행신역,경의중앙선,하행,18,8,20,9.0
gyeongui-1270,행신역,경의중앙선,하행,19,6,20,9.0
gyeongui-1270,행신역,경의중앙선,하행,20,6,18,10.0
gyeongui-1270,행신역,경의중앙선,하행,21,6,18,10.0
gyeongui-1270,행신역,경의중앙선,하행,22,6,16,11.2
gyeongui-1270,행신역,경의중앙선,하행,23,4,10,18.0
gyeongui-1271,능곡역,경의중앙선,상행,5,2,7,25.7
gyeongui-1271,능곡역,경의중앙선,상행,6,5,15,12.0
gyeongui-1271,능곡역,경의중앙선,상행,7,8,16,11.2
gyeongui-1271,능곡역,경의중앙선,상행,8,3,19,9.5
gyeongui-1271,능곡역,경의중앙선,상행,9,8,18,10.0
gyeongui-1271,능곡역,경의중앙선,상행,10,7,19,9.5
gyeongui-1271,능곡역,경의중앙선,상행,11,4,15,12.0
gyeongui-1271,능곡역,경의중앙선,상행,12,4,12,15.0
gyeongui-1271,능곡역,경의중앙선,상행,13,4,13,13.8
gyeongui-1271,능곡역,경의중앙선,상행,14,5,13,13.8
gyeongui-1271,능곡역,경의중앙선,상행,15,4,13,13.8
gyeongui-1271,능곡역,경의중앙선,상행,16,4,14,12.9
gyeongui-1271,능곡역,경의중앙선,상행,17,6,16,11.2
gyeongui-1271,능곡역,경의중앙선,상행,18,6,19,9.5
gyeongui-1271,능곡역,경의중앙선,상행,19,7,18,10.0
gyeongui-1271,능곡역,경의중앙선,상행,20,5,19,9.5
gyeongui-1271,능곡역,경의중앙선,상행,21,7,17,10.6
gyeongui-1271,능곡역,경의중앙선,상행,22,5,16,11.2
gyeongui-1271,능곡역,경의중앙선,상행,23,4,9,20.0
gyeongui-1271,능곡역,경의중앙선,하행,5,2,9,20.0
gyeongui-1271,능곡역,경의중앙선,하행,6,7,15,12.0
gyeongui-1271,능곡역,경의중앙선,하행,7,6,23,7.8
gyeongui-1271,능곡역,경의중앙선,하행,8,10,22,8.2
gyeongui-1271,능곡역,경의중앙선,하행,9,6,20,9.0
gyeongui-1271,능곡역,경의중앙선,하행,10,4,14,12.9
gyeongui-1271,능곡역,경의중앙선,하행,11,4,13,13.8
gyeongui-1271,능곡역,경의중앙선,하행,12,5,13,13.8
gyeongui-1271,능곡역,경의중앙선,하행,13,4,14,12.9
gyeongui-1271,능곡역,경의중앙선,하행,14,5,13,13.8
gyeongui-1271,능곡역,경의중앙선,하행,15,4,14,12.9
gyeongui-1271,능곡역,경의중앙선,하행,16,5,13,13.8
gyeongui-1271,능곡역,경의중앙선,하행,17,4,15,12.0
gyeongui-1271,능곡역,경의중앙선,하행,18,6,17,10.6
gyeongui-1271,능곡역,경의중앙선,하행,19,7,17,10.6
gyeongui-1271,능곡역,경의중앙선,하행,20,4,18,10.0
gyeongui-1271,능곡역,경의중앙선,하행,21,7,16,11.2
gyeongui-1271,능곡역,경의중앙선,하행,22,5,15,12.0
gyeongui-1271,능곡역,경의중앙선,하행,23,3,9,20.0
gyeongui-1271,능곡역,경의중앙선,하행,24,1,4,45.0
gyeongui-1272,곡산역,경의중앙선,상행,5,2,7,25.7
gyeongui-1272,곡산역,경의중앙선,상행,6,5,14,12.9
gyeongui-1272,곡산역,경의중앙선,상행,7,7,16,11.2
gyeongui-1272,곡산역,경의중앙선,상행,8,4,20,9.0
gyeongui-1272,곡산역,경의중앙선,상행,9,9,19,9.5
gyeongui-1272,곡산역,경의중앙선,상행,10,6,19,9.5
gyeongui-1272,곡산역,경의중앙선,상행,11,4,14,12.9
gyeongui-1272,곡산역,경의중앙선,상행,12,4,12,15.0
gyeongui-1272,곡산역,경의중앙선,상행,13,4,13,13.8
gyeongui-1272,곡산역,경의중앙선,상행,14,5,13,13.8
gyeongui-1272,곡산역,경의중앙선,상행,15,4,12,15.0
gyeongui-1272,곡산역,경의중앙선,상행,16,3,14,12.9
gyeongui-1272,곡산역,경의중앙선,상행,17,7,16,11.2
gyeongui-1272,곡산역,경의중앙선,상행,18,6,19,9.5
gyeongui-1272,곡산역,경의중앙선,상행,19,6,17,10.6
gyeongui-1272,곡산역,경의중앙선,상행,20,5,18,10.0
gyeongui-1272,곡산역,경의중앙선,상행,21,7,18,10.0
gyeongui-1272,곡산역,경의중앙선,상행,22,6,17,10.6
gyeongui-1272,곡산역,경의중앙선,상행,23,4,10,18.0
gyeongui-1272,곡산역,경의중앙선,하행,5,2,8,22.5
gyeongui-1272,곡산역,경의중앙선,하행,6,6,15,12.0
gyeongui-1272,곡산역,경의중앙선,하행,7,7,21,8.6
gyeongui-1272,곡산역,경의중앙선,하행,8,8,22,8.2
gyeongui-1272,곡산역,경의중앙선,하행,9,7,20,9.0
gyeongui-1272,곡산역,경의중앙선,하행,10,5,16,11.2
gyeongui-1272,곡산역,경의중앙선,하행,11,4,13,13.8
gyeongui-1272,곡산역,경의중앙선,하행,12,4,12,15.0
gyeongui-1272,곡산역,경의중앙선,하행,13,4,14,12.9
gyeongui-1272,곡산역,경의중앙선,하행,14,6,14,12.9
gyeongui-1272,곡산역,경의중앙선,하행,15,4,14,12.9
gyeongui-1272,곡산역,경의중앙선,하행,16,4,13,13.8
gyeongui-1272,곡산역,경의중앙선,하행,17,5,15,12.0
gyeongui-1272,곡산역,경의중앙선,하행,18,6,17,10.6
gyeongui-1272,곡산역,경의중앙선,하행,19,6,17,10.6
gyeongui-1272,곡산역,경의중앙선,하행,20,5,17,10.6
gyeongui-1272,곡산역,경의중앙선,하행,21,6,17,10.6
gyeongui-1272,곡산역,경의중앙선,하행,22,6,14,12.9
gyeongui-1272,곡산역,경의중앙선,하행,23,2,9,20.0
gyeongui-1272,곡산역,경의중앙선,하행,24,1,3,60.0
gyeongui-1273,백마역,경의중앙선,상행,5,2,7,25.7
gyeongui-1273,백마역,경의중앙선,상행,6,5,15,12.0
gyeongui-1273,백마역,경의중앙선,상행,7,8,22,8.2
gyeongui-1273,백마역,경의중앙선,상행,8,9,24,7.5
gyeongui-1273,백마역,경의중앙선,상행,9,7,23,7.8
gyeongui-1273,백마역,경의중앙선,상행,10,7,18,10.0
gyeongui-1273,백마역,경의중앙선,상행,11,4,16,11.2
gyeongui-1273,백마역,경의중앙선,상행,12,5,14,12.9
gyeongui-1273,백마역,경의중앙선,상행,13,5,15,12.0
gyeongui-1273,백마역,경의중앙선,상행,14,5,15,12.0
gyeongui-1273,백마역,경의중앙선,상행,15,5,15,12.0
gyeongui-1273,백마역,경의중앙선,상행,16,5,16,11.2
gyeongui-1273,백마역,경의중앙선,상행,17,6,18,10.0
gyeongui-1273,백마역,경의중앙선,상행,18,7,21,8.6
gyeongui-1273,백마역,경의중앙선,상행,19,8,20,9.0
gyeongui-1273,백마역,경의중앙선,상행,20,5,20,9.0
gyeongui-1273,백마역,경의중앙선,상행,21,7,17,10.6
gyeongui-1273,백마역,경의중앙선,상행,22,5,17,10.6
gyeongui-1273,백마역,경의중앙선,상행,23,5,10,18.0
gyeongui-1273,백마역,경의중앙선,하행,5,2,9,20.0
gyeongui-1273,백마역,경의중앙선,하행,6,7,19,9.5
gyeongui-1273,백마역,경의중앙선,하행,7,10,24,7.5
gyeongui-1273,백마역,경의중앙선,하행,8,7,24,7.5
gyeongui-1273,백마역,경의중앙선,하행,9,7,19,9.5
gyeongui-1273,백마역,경의중앙선,하행,10,5,17,10.6
gyeongui-1273,백마역,경의중앙선,하행,11,5,14,12.9
gyeongui-1273,백마역,경의중앙선,하행,12,4,14,12.9
gyeongui-1273,백마역,경의중앙선,하행,13,5,16,11.2
gyeongui-1273,백마역,경의중앙선,하행,14,7,17,10.6
gyeongui-1273,백마역,경의중앙선,하행,15,5,17,10.6
gyeongui-1273,백마역,경의중앙선,하행,16,5,15,12.0
gyeongui-1273,백마역,경의중앙선,하행,17,5,19,9.5
gyeongui-1273,백마역,경의중앙선,하행,18,9,20,9.0
gyeongui-1273,백마역,경의중앙선,하행,19,6,20,9.0
gyeongui-1273,백마역,경의중앙선,하행,20,5,18,10.0
gyeongui-1273,백마역,경의중앙선,하행,21,7,18,10.0
gyeongui-1273,백마역,경의중앙선,하행,22,6,15,12.0
gyeongui-1273,백마역,경의중앙선,하행,23,2,9,20.0
gyeongui-1273,백마역,경의중앙선,하행,24,1,3,60.0
gyeongui-1274,풍산역,경의중앙선,상행,5,1,7,25.7
gyeongui-1274,풍산역,경의중앙선,상행,6,6,14,12.9
gyeongui-1274,풍산역,경의중앙선,상행,7,7,18,10.0
gyeongui-1274,풍산역,경의중앙선,상행,8,5,19,9.5
gyeongui-1274,풍산역,경의중앙선,상행,9,7,19,9.5
gyeongui-1274,풍산역,경의중앙선,상행,10,7,18,10.0
gyeongui-1274,풍산역,경의중앙선,상행,11,4,14,12.9
gyeongui-1274,풍산역,경의중앙선,상행,12,3,12,15.0
gyeongui-1274,풍산역,경의중앙선,상행,13,5,13,13.8
gyeongui-1274,풍산역,경의중앙선,상행,14,5,13,13.8
gyeongui-1274,풍산역,경의중앙선,상행,15,3,12,15.0
gyeongui-1274,풍산역,경의중앙선,상행,16,4,13,13.8
gyeongui-1274,풍산역,경의중앙선,상행,17,6,17,10.6
gyeongui-1274,풍산역,경의중앙선,상행,18,7,18,10.0
gyeongui-1274,풍산역,경의중앙선,상행,19,5,18,10.0
gyeongui-1274,풍산역,경의중앙선,상행,20,6,18,10.0
gyeongui-1274,풍산역,경의중앙선,상행,21,7,18,10.0
gyeongui-1274,풍산역,경의중앙선,상행,22,5,17,10.6
gyeongui-1274,풍산역,경의중앙선,상행,23,5,10,18.0
gyeongui-1274,풍산역,경의중앙선,하행,5,2,8,22.5
gyeongui-1274,풍산역,경의중앙선,하행,6,6,15,12.0
gyeongui-1274,풍산역,경의중앙선,하행,7,7,21,8.6
gyeongui-1274,풍산역,경의중앙선,하행,8,8,22,8.2
gyeongui-1274,풍산역,경의중앙선,하행,9,7,20,9.0
gyeongui-1274,풍산역,경의중앙선,하행,10,5,17,10.6
gyeongui-1274,풍산역,경의중앙선,하행,11,5,13,13.8
gyeongui-1274,풍산역,경의중앙선,하행,12,3,12,15.0
gyeongui-1274,풍산역,경의중앙선,하행,13,4,13,13.8
gyeongui-1274,풍산역,경의중앙선,하행,14,6,14,12.9
gyeongui-1274,풍산역,경의중앙선,하행,15,4,15,12.0
gyeongui-1274,풍산역,경의중앙선,하행,16,5,14,12.9
gyeongui-1274,풍산역,경의중앙선,하행,17,5,16,11.2
gyeongui-1274,풍산역,경의중앙선,하행,18,6,16,11.2
gyeongui-1274,풍산역,경의중앙선,하행,19,5,16,11.2
gyeongui-1274,풍산역,경의중앙선,하행,20,5,17,10.6
gyeongui-1274,풍산역,경의중앙선,하행,21,7,17,10.6
gyeongui-1274,풍산역,경의중앙선,하행,22,5,14,12.9
gyeongui-1274,풍산역,경의중앙선,하행,23,2,8,22.5
gyeongui-1274,풍산역,경의중앙선,하행,24,1,3,60.0
gyeongui-1275,일산역,경의중앙선,상행,5,1,7,25.7
gyeongui-1275,일산역,경의중앙선,상행,6,6,14,12.9
gyeongui-1275,일산역,경의중앙선,상행,7,7,21,8.6
gyeongui-1275,일산역,경의중앙선,상행,8,8,22,8.2
gyeongui-1275,일산역,경의중앙선,상행,9,7,21,8.6
gyeongui-1275,일산역,경의중앙선,상행,10,6,17,10.6
gyeongui-1275,일산역,경의중앙선,상행,11,4,15,12.0
gyeongui-1275,일산역,경의중앙선,상행,12,5,14,12.9
gyeongui-1275,일산역,경의중앙선,상행,13,5,13,13.8
gyeongui-1275,일산역,경의중앙선,상행,14,3,13,13.8
gyeongui-1275,일산역,경의중앙선,상행,15,5,14,12.9
gyeongui-1275,일산역,경의중앙선,상행,16,6,17,10.6
gyeongui-1275,일산역,경의중앙선,상행,17,6,19,9.5
gyeongui-1275,일산역,경의중앙선,상행,18,7,20,9.0
gyeongui-1275,일산역,경의중앙선,상행,19,7,20,9.0
gyeongui-1275,일산역,경의중앙선,상행,20,6,18,10.0
gyeongui-1275,일산역,경의중앙선,상행,21,5,15,12.0
gyeongui-1275,일산역,경의중앙선,상행,22,4,13,13.8
gyeongui-1275,일산역,경의중앙선,상행,23,4,9,20.0
gyeongui-1275,일산역,경의중앙선,상행,24,1,5,36.0
gyeongui-1275,일산역,경의중앙선,하행,5,3,9,20.0
gyeongui-1275,일산역,경의중앙선,하행,6,6,18,10.0
gyeongui-1275,일산역,경의중앙선,하행,7,9,23,7.8
gyeongui-1275,일산역,경의중앙선,하행,8,8,24,7.5
gyeongui-1275,일산역,경의중앙선,하행,9,7,20,9.0
gyeongui-1275,일산역,경의중앙선,하행,10,5,17,10.6
gyeongui-1275,일산역,경의중앙선,하행,11,5,14,12.9
gyeongui-1275,일산역,경의중앙선,하행,12,4,15,12.0
gyeongui-1275,일산역,경의중앙선,하행,13,6,16,11.2
gyeongui-1275,일산역,경의중앙선,하행,14,6,17,10.6
gyeongui-1275,일산역,경의중앙선,하행,15,5,17,10.6
gyeongui-1275,일산역,경의중앙선,하행,16,6,16,11.2
gyeongui-1275,일산역,경의중앙선,하행,17,5,19,9.5
gyeongui-1275,일산역,경의중앙선,하행,18,8,20,9.0
gyeongui-1275,일산역,경의중앙선,하행,19,7,19,9.5
gyeongui-1275,일산역,경의중앙선,하행,20,4,19,9.5
gyeongui-1275,일산역,경의중앙선,하행,21,8,17,10.6
gyeongui-1275,일산역,경의중앙선,하행,22,5,15,12.0
gyeongui-1275,일산역,경의중앙선,하행,23,2,8,22.5
gyeongui-1275,일산역,경의중앙선,하행,24,1,3,60.0
gyeongui-1276,탄현역,경의중앙선,상행,5,1,7,25.7
gyeongui-1276,탄현역,경의중앙선,상행,6,6,14,12.9
gyeongui-1276,탄현역,경의중앙선,상행,7,7,21,8.6
gyeongui-1276,탄현역,경의중앙선,상행,8,8,22,8.2
gyeongui-1276,탄현역,경의중앙선,상행,9,7,21,8.6
gyeongui-1276,탄현역,경의중앙선,상행,10,6,17,10.6
gyeongui-1276,탄현역,경의중앙선,상행,11,4,15,12.0
gyeongui-1276,탄현역,경의중앙선,상행,12,5,13,13.8
gyeongui-1276,탄현역,경의중앙선,상행,13,4,13,13.8
gyeongui-1276,탄현역,경의중앙선,상행,14,4,13,13.8
gyeongui-1276,탄현역,경의중앙선,상행,15,5,14,12.9
gyeongui-1276,탄현역,경의중앙선,상행,16,5,17,10.6
gyeongui-1276,탄현역,경의중앙선,상행,17,7,18,10.0
gyeongui-1276,탄현역,경의중앙선,상행,18,6,21,8.6
gyeongui-1276,탄현역,경의중앙선,상행,19,8,20,9.0
gyeongui-1276,탄현역,경의중앙선,상행,20,6,19,9.5
gyeongui-1276,탄현역,경의중앙선,상행,21,5,15,12.0
gyeongui-1276,탄현역,경의중앙선,상행,22,4,13,13.8
gyeongui-1276,탄현역,경의중앙선,상행,23,4,9,20.0
gyeongui-1276,탄현역,경의중앙선,상행,24,1,5,36.0
gyeongui-1276,탄현역,경의중앙선,하행,5,3,10,18.0
gyeongui-1276,탄현역,경의중앙선,하행,6,7,18,10.0
gyeongui-1276,탄현역,경의중앙선,하행,7,8,22,8.2
gyeongui-1276,탄현역,경의중앙선,하행,8,7,21,8.6
gyeongui-1276,탄현역,경의중앙선,하행,9,6,18,10.0
gyeongui-1276,탄현역,경의중앙선,하행,10,5,16,11.2
gyeongui-1276,탄현역,경의중앙선,하행,11,5,14,12.9
gyeongui-1276,탄현역,경의중앙선,하행,12,4,14,12.9
gyeongui-1276,탄현역,경의중앙선,하행,13,5,14,12.9
gyeongui-1276,탄현역,경의중앙선,하행,14,5,15,12.0
gyeongui-1276,탄현역,경의중앙선,하행,15,5,16,11.2
gyeongui-1276,탄현역,경의중앙선,하행,16,6,16,11.2
gyeongui-1276,탄현역,경의중앙선,하행,17,5,20,9.0
gyeongui-1276,탄현역,경의중앙선,하행,18,9,19,9.5
gyeongui-1276,탄현역,경의중앙선,하행,19,5,20,9.0
gyeongui-1276,탄현역,경의중앙선,하행,20,6,17,10.6
gyeongui-1276,탄현역,경의중앙선,하행,21,6,15,12.0
gyeongui-1276,탄현역,경의중앙선,하행,22,3,11,16.4
gyeongui-1276,탄현역,경의중앙선,하행,23,2,6,30.0
gyeongui-1276,탄현역,경의중앙선,하행,24,1,3,60.0
gyeongui-1277,야당역,경의중앙선,상행,5,1,7,25.7
gyeongui-1277,야당역,경의중앙선,상행,6,6,14,12.9
gyeongui-1277,야당역,경의중앙선,상행,7,7,21,8.6
gyeongui-1277,야당역,경의중앙선,상행,8,8,21,8.6
gyeongui-1277,야당역,경의중앙선,상행,9,6,21,8.6
gyeongui-1277,야당역,경의중앙선,상행,10,7,17,10.6
gyeongui-1277,야당역,경의중앙선,상행,11,4,16,11.2
gyeongui-1277,야당역,경의중앙선,상행,12,5,13,13.8
gyeongui-1277,야당역,경의중앙선,상행,13,4,13,13.8
gyeongui-1277,야당역,경의중앙선,상행,14,4,13,13.8
gyeongui-1277,야당역,경의중앙선,상행,15,5,15,12.0
gyeongui-1277,야당역,경의중앙선,상행,16,6,17,10.6
gyeongui-1277,야당역,경의중앙선,상행,17,6,18,10.0
gyeongui-1277,야당역,경의중앙선,상행,18,6,20,9.0
gyeongui-1277,야당역,경의중앙선,상행,19,8,19,9.5
gyeongui-1277,야당역,경의중앙선,상행,20,5,19,9.5
gyeongui-1277,야당역,경의중앙선,상행,21,6,15,12.0
gyeongui-1277,야당역,경의중앙선,상행,22,4,14,12.9
gyeongui-1277,야당역,경의중앙선,상행,23,4,9,20.0
gyeongui-1277,야당역,경의중앙선,상행,24,1,5,36.0
gyeongui-1277,야당역,경의중앙선,하행,5,3,10,18.0
gyeongui-1277,야당역,경의중앙선,하행,6,7,18,10.0
gyeongui-1277,야당역,경의중앙선,하행,7,8,22,8.2
gyeongui-1277,야당역,경의중앙선,하행,8,7,22,8.2
gyeongui-1277,야당역,경의중앙선,하행,9,7,18,10.0
gyeongui-1277,야당역,경의중앙선,하행,10,4,16,11.2
gyeongui-1277,야당역,경의중앙선,하행,11,5,14,12.9
gyeongui-1277,야당역,경의중앙선,하행,12,5,14,12.9
gyeongui-1277,야당역,경의중앙선,하행,13,4,14,12.9
gyeongui-1277,야당역,경의중앙선,하행,14,5,14,12.9
gyeongui-1277,야당역,경의중앙선,하행,15,5,16,11.2
gyeongui-1277,야당역,경의중앙선,하행,16,6,17,10.6
gyeongui-1277,야당역,경의중앙선,하행,17,6,20,9.0
gyeongui-1277,야당역,경의중앙선,하행,18,8,19,9.5
gyeongui-1277,야당역,경의중앙선,하행,19,5,19,9.5
gyeongui-1277,야당역,경의중앙선,하행,20,6,17,10.6
gyeongui-1277,야당역,경의중앙선,하행,21,6,16,11.2
gyeongui-1277,야당역,경의중앙선,하행,22,4,11,16.4
gyeongui-1277,야당역,경의중앙선,하행,23,1,6,30.0
gyeongui-1277,야당역,경의중앙선,하행,24,1,2,90.0
gyeongui-1278,운정역,경의중앙선,상행,5,1,7,25.7
gyeongui-1278,운정역,경의중앙선,상행,6,6,13,13.8
gyeongui-1278,운정역,경의중앙선,상행,7,6,21,8.6
gyeongui-1278,운정역,경의중앙선,상행,8,9,21,8.6
gyeongui-1278,운정역,경의중앙선,상행,9,6,22,8.2
gyeongui-1278,운정역,경의중앙선,상행,10,7,17,10.6
gyeongui-1278,운정역,경의중앙선,상행,11,4,16,11.2
gyeongui-1278,운정역,경의중앙선,상행,12,5,14,12.9
gyeongui-1278,운정역,경의중앙선,상행,13,5,13,13.8
gyeongui-1278,운정역,경의중앙선,상행,14,3,13,13.8
gyeongui-1278,운정역,경의중앙선,상행,15,5,14,12.9
gyeongui-1278,운정역,경의중앙선,상행,16,6,17,10.6
gyeongui-1278,운정역,경의중앙선,상행,17,6,18,10.0
gyeongui-1278,운정역,경의중앙선,상행,18,6,20,9.0
gyeongui-1278,운정역,경의중앙선,상행,19,8,19,9.5
gyeongui-1278,운정역,경의중앙선,상행,20,5,18,10.0
gyeongui-1278,운정역,경의중앙선,상행,21,5,14,12.9
gyeongui-1278,운정역,경의중앙선,상행,22,4,14,12.9
gyeongui-1278,운정역,경의중앙선,상행,23,5,10,18.0
gyeongui-1278,운정역,경의중앙선,상행,24,1,6,30.0
gyeongui-1278,운정역,경의중앙선,하행,5,3,10,18.0
gyeongui-1278,운정역,경의중앙선,하행,6,7,18,10.0
gyeongui-1278,운정역,경의중앙선,하행,7,8,23,7.8
gyeongui-1278,운정역,경의중앙선,하행,8,8,22,8.2
gyeongui-1278,운정역,경의중앙선,하행,9,6,18,10.0
gyeongui-1278,운정역,경의중앙선,하행,10,4,15,12.0
gyeongui-1278,운정역,경의중앙선,하행,11,5,14,12.9
gyeongui-1278,운정역,경의중앙선,하행,12,5,14,12.9
gyeongui-1278,운정역,경의중앙선,하행,13,4,14,12.9
gyeongui-1278,운정역,경의중앙선,하행,14,5,14,12.9
gyeongui-1278,운정역,경의중앙선,하행,15,5,16,11.2
gyeongui-1278,운정역,경의중앙선,하행,16,6,17,10.6
gyeongui-1278,운정역,경의중앙선,하행,17,6,20,9.0
gyeongui-1278,운정역,경의중앙선,하행,18,8,19,9.5
gyeongui-1278,운정역,경의중앙선,하행,19,5,19,9.5
gyeongui-1278,운정역,경의중앙선,하행,20,6,17,10.6
gyeongui-1278,운정역,경의중앙선,하행,21,6,16,11.2
gyeongui-1278,운정역,경의중앙선,하행,22,4,11,16.4
gyeongui-1278,운정역,경의중앙선,하행,23,1,6,30.0
gyeongui-1278,운정역,경의중앙선,하행,24,1,2,90.0
gyeongui-1279,금릉역,경의중앙선,상행,5,2,7,25.7
gyeongui-1279,금릉역,경의중앙선,상행,6,5,12,15.0
gyeongui-1279,금릉역,경의중앙선,상행,7,5,17,10.6
gyeongui-1279,금릉역,경의중앙선,상행,8,7,18,10.0
gyeongui-1279,금릉역,경의중앙선,상행,9,6,20,9.0
gyeongui-1279,금릉역,경의중앙선,상행,10,7,17,10.6
gyeongui-1279,금릉역,경의중앙선,상행,11,4,14,12.9
gyeongui-1279,금릉역,경의중앙선,상행,12,3,12,15.0
gyeongui-1279,금릉역,경의중앙선,상행,13,5,11,16.4
gyeongui-1279,금릉역,경의중앙선,상행,14,3,12,15.0
gyeongui-1279,금릉역,경의중앙선,상행,15,4,11,16.4
gyeongui-1279,금릉역,경의중앙선,상행,16,4,14,12.9
gyeongui-1279,금릉역,경의중앙선,상행,17,6,16,11.2
gyeongui-1279,금릉역,경의중앙선,상행,18,6,19,9.5
gyeongui-1279,금릉역,경의중앙선,상행,19,7,19,9.5
gyeongui-1279,금릉역,경의중앙선,상행,20,6,18,10.0
gyeongui-1279,금릉역,경의중앙선,상행,21,5,15,12.0
gyeongui-1279,금릉역,경의중앙선,상행,22,4,14,12.9
gyeongui-1279,금릉역,경의중앙선,상행,23,5,10,18.0
gyeongui-1279,금릉역,경의중앙선,상행,24,1,6,30.0
gyeongui-1279,금릉역,경의중앙선,하행,5,3,10,18.0
gyeongui-1279,금릉역,경의중앙선,하행,6,7,18,10.0
gyeongui-1279,금릉역,경의중앙선,하행,7,8,22,8.2
gyeongui-1279,금릉역,경의중앙선,하행,8,7,22,8.2
gyeongui-1279,금릉역,경의중앙선,하행,9,7,19,9.5
gyeongui-1279,금릉역,경의중앙선,하행,10,5,17,10.6
gyeongui-1279,금릉역,경의중앙선,하행,11,5,13,13.8
gyeongui-1279,금릉역,경의중앙선,하행,12,3,11,16.4
gyeongui-1279,금릉역,경의중앙선,하행,13,3,11,16.4
gyeongui-1279,금릉역,경의중앙선,하행,14,5,12,15.0
gyeongui-1279,금릉역,경의중앙선,하행,15,4,14,12.9
gyeongui-1279,금릉역,경의중앙선,하행,16,5,14,12.9
gyeongui-1279,금릉역,경의중앙선,하행,17,5,17,10.6
gyeongui-1279,금릉역,경의중앙선,하행,18,7,17,10.6
gyeongui-1279,금릉역,경의중앙선,하행,19,5,17,10.6
gyeongui-1279,금릉역,경의중앙선,하행,20,5,15,12.0
gyeongui-1279,금릉역,경의중앙선,하행,21,5,14,12.9
gyeongui-1279,금릉역,경의중앙선,하행,22,4,10,18.0
gyeongui-1279,금릉역,경의중앙선,하행,23,1,6,30.0
gyeongui-1279,금릉역,경의중앙선,하행,24,1,2,90.0
gyeongui-1280,금촌역,경의중앙선,상행,5,2,8,22.5
gyeongui-1280,금촌역,경의중앙선,상행,6,6,13,13.8
gyeongui-1280,금촌역,경의중앙선,상행,7,5,19,9.5
gyeongui-1280,금촌역,경의중앙선,상행,8,8,19,9.5
gyeongui-1280,금촌역,경의중앙선,상행,9,6,21,8.6
gyeongui-1280,금촌역,경의중앙선,상행,10,7,18,10.0
gyeongui-1280,금촌역,경의중앙선,상행,11,5,16,11.2
gyeongui-1280,금촌역,경의중앙선,상행,12,4,15,12.0
gyeongui-1280,금촌역,경의중앙선,상행,13,6,13,13.8
gyeongui-1280,금촌역,경의중앙선,상행,14,3,14,12.9
gyeongui-1280,금촌역,경의중앙선,상행,15,5,14,12.9
gyeongui-1280,금촌역,경의중앙선,상행,16,6,17,10.6
gyeongui-1280,금촌역,경의중앙선,상행,17,6,18,10.0
gyeongui-1280,금촌역,경의중앙선,상행,18,6,19,9.5
gyeongui-1280,금촌역,경의중앙선,상행,19,7,20,9.0
gyeongui-1280,금촌역,경의중앙선,상행,20,7,18,10.0
gyeongui-1280,금촌역,경의중앙선,상행,21,4,15,12.0
gyeongui-1280,금촌역,경의중앙선,상행,22,4,13,13.8
gyeongui-1280,금촌역,경의중앙선,상행,23,5,10,18.0
gyeongui-1280,금촌역,경의중앙선,상행,24,1,6,30.0
gyeongui-1280,금촌역,경의중앙선,하행,5,3,11,16.4
gyeongui-1280,금촌역,경의중앙선,하행,6,8,18,10.0
gyeongui-1280,금촌역,경의중앙선,하행,7,7,22,8.2
gyeongui-1280,금촌역,경의중앙선,하행,8,7,21,8.6
gyeongui-1280,금촌역,경의중앙선,하행,9,7,19,9.5
gyeongui-1280,금촌역,경의중앙선,하행,10,5,17,10.6
gyeongui-1280,금촌역,경의중앙선,하행,11,5,14,12.9
gyeongui-1280,금촌역,경의중앙선,하행,12,4,14,12.9
gyeongui-1280,금촌역,경의중앙선,하행,13,5,13,13.8
gyeongui-1280,금촌역,경의중앙선,하행,14,4,14,12.9
gyeongui-1280,금촌역,경의중앙선,하행,15,5,15,12.0
gyeongui-1280,금촌역,경의중앙선,하행,16,6,17,10.6
gyeongui-1280,금촌역,경의중앙선,하행,17,6,20,9.0
gyeongui-1280,금촌역,경의중앙선,하행,18,8,20,9.0
gyeongui-1280,금촌역,경의중앙선,하행,19,6,19,9.5
gyeongui-1280,금촌역,경의중앙선,하행,20,5,17,10.6
gyeongui-1280,금촌역,경의중앙선,하행,21,6,15,12.0
gyeongui-1280,금촌역,경의중앙선,하행,22,4,11,16.4
gyeongui-1280,금촌역,경의중앙선,하행,23,1,6,30.0
gyeongui-1280,금촌역,경의중앙선,하행,24,1,2,90.0
gyeongui-1282,월롱역,경의중앙선,상행,5,2,6,30.0
gyeongui-1282,월롱역,경의중앙선,상행,6,4,12,15.0
gyeongui-1282,월롱역,경의중앙선,상행,7,6,15,12.0
gyeongui-1282,월롱역,경의중앙선,상행,8,5,16,11.2
gyeongui-1282,월롱역,경의중앙선,상행,9,5,16,11.2
gyeongui-1282,월롱역,경의중앙선,상행,10,6,16,11.2
gyeongui-1282,월롱역,경의중앙선,상행,11,5,15,12.0
gyeongui-1282,월롱역,경의중앙선,상행,12,4,14,12.9
gyeongui-1282,월롱역,경의중앙선,상행,13,5,11,16.4
gyeongui-1282,월롱역,경의중앙선,상행,14,2,11,16.4
gyeongui-1282,월롱역,경의중앙선,상행,15,4,11,16.4
gyeongui-1282,월롱역,경의중앙선,상행,16,5,15,12.0
gyeongui-1282,월롱역,경의중앙선,상행,17,6,17,10.6
gyeongui-1282,월롱역,경의중앙선,상행,18,6,17,10.6
gyeongui-1282,월롱역,경의중앙선,상행,19,5,18,10.0
gyeongui-1282,월롱역,경의중앙선,상행,20,7,16,11.2
gyeongui-1282,월롱역,경의중앙선,상행,21,4,16,11.2
gyeongui-1282,월롱역,경의중앙선,상행,22,5,13,13.8
gyeongui-1282,월롱역,경의중앙선,상행,23,4,10,18.0
gyeongui-1282,월롱역,경의중앙선,상행,24,1,5,36.0
gyeongui-1282,월롱역,경의중앙선,하행,5,3,9,20.0
gyeongui-1282,월롱역,경의중앙선,하행,6,6,16,11.2
gyeongui-1282,월롱역,경의중앙선,하행,7,7,19,9.5
gyeongui-1282,월롱역,경의중앙선,하행,8,6,19,9.5
gyeongui-1282,월롱역,경의중앙선,하행,9,6,18,10.0
gyeongui-1282,월롱역,경의중앙선,하행,10,6,17,10.6
gyeongui-1282,월롱역,경의중앙선,하행,11,5,14,12.9
gyeongui-1282,월롱역,경의중앙선,하행,12,3,12,15.0
gyeongui-1282,월롱역,경의중앙선,하행,13,4,11,16.4
gyeongui-1282,월롱역,경의중앙선,하행,14,4,12,15.0
gyeongui-1282,월롱역,경의중앙선,하행,15,4,13,13.8
gyeongui-1282,월롱역,경의중앙선,하행,16,5,13,13.8
gyeongui-1282,월롱역,경의중앙선,하행,17,4,16,11.2
gyeongui-1282,월롱역,경의중앙선,하행,18,7,17,10.6
gyeongui-1282,월롱역,경의중앙선,하행,19,6,17,10.6
gyeongui-1282,월롱역,경의중앙선,하행,20,4,15,12.0
gyeongui-1282,월롱역,경의중앙선,하행,21,5,12,15.0
gyeongui-1282,월롱역,경의중앙선,하행,22,3,10,18.0
gyeongui-1282,월롱역,경의중앙선,하행,23,2,6,30.0
gyeongui-1282,월롱역,경의중앙선,하행,24,1,3,60.0
gyeongui-1283,파주역,경의중앙선,상행,5,2,6,30.0
gyeongui-1283,파주역,경의중앙선,상행,6,4,11,16.4
gyeongui-1283,파주역,경의중앙선,상행,7,5,14,12.9
gyeongui-1283,파주역,경의중앙선,상행,8,5,16,11.2
gyeongui-1283,파주역,경의중앙선,상행,9,6,17,10.6
gyeongui-1283,파주역,경의중앙선,상행,10,6,17,10.6
gyeongui-1283,파주역,경의중앙선,상행,11,5,15,12.0
gyeongui-1283,파주역,경의중앙선,상행,12,4,14,12.9
gyeongui-1283,파주역,경의중앙선,상행,13,5,11,16.4
gyeongui-1283,파주역,경의중앙선,상행,14,2,11,16.4
gyeongui-1283,파주역,경의중앙선,상행,15,4,10,18.0
gyeongui-1283,파주역,경의중앙선,상행,16,4,15,12.0
gyeongui-1283,파주역,경의중앙선,상행,17,7,17,10.6
gyeongui-1283,파주역,경의중앙선,상행,18,6,18,10.0
gyeongui-1283,파주역,경의중앙선,상행,19,5,17,10.6
gyeongui-1283,파주역,경의중앙선,상행,20,6,16,11.2
gyeongui-1283,파주역,경의중앙선,상행,21,5,16,11.2
gyeongui-1283,파주역,경의중앙선,상행,22,5,13,13.8
gyeongui-1283,파주역,경의중앙선,상행,23,3,10,18.0
gyeongui-1283,파주역,경의중앙선,상행,24,2,5,36.0
gyeongui-1283,파주역,경의중앙선,하행,5,4,9,20.0
gyeongui-1283,파주역,경의중앙선,하행,6,5,16,11.2
gyeongui-1283,파주역,경의중앙선,하행,7,7,19,9.5
gyeongui-1283,파주역,경의중앙선,하행,8,7,19,9.5
gyeongui-1283,파주역,경의중앙선,하행,9,5,18,10.0
gyeongui-1283,파주역,경의중앙선,하행,10,6,16,11.2
gyeongui-1283,파주역,경의중앙선,하행,11,5,14,12.9
gyeongui-1283,파주역,경의중앙선,하행,12,3,12,15.0
gyeongui-1283,파주역,경의중앙선,하행,13,4,11,16.4
gyeongui-1283,파주역,경의중앙선,하행,14,4,12,15.0
gyeongui-1283,파주역,경의중앙선,하행,15,4,13,13.8
gyeongui-1283,파주역,경의중앙선,하행,16,5,13,13.8
gyeongui-1283,파주역,경의중앙선,하행,17,4,16,11.2
gyeongui-1283,파주역,경의중앙선,하행,18,7,17,10.6
gyeongui-1283,파주역,경의중앙선,하행,19,6,17,10.6
gyeongui-1283,파주역,경의중앙선,하행,20,4,15,12.0
gyeongui-1283,파주역,경의중앙선,하행,21,5,12,15.0
gyeongui-1283,파주역,경의중앙선,하행,22,3,10,18.0
gyeongui-1283,파주역,경의중앙선,하행,23,2,6,30.0
gyeongui-1283,파주역,경의중앙선,하행,24,1,3,60.0
gyeongui-1284,문산역,경의중앙선,상행,5,2,6,30.0
gyeongui-1284,문산역,경의중앙선,상행,6,4,8,22.5
gyeongui-1284,문산역,경의중앙선,상행,7,2,8,22.5
gyeongui-1284,문산역,경의중앙선,상행,8,2,5,36.0
gyeongui-1284,문산역,경의중앙선,상행,9,1,4,45.0
gyeongui-1284,문산역,경의중앙선,상행,10,1,3,60.0
gyeongui-1284,문산역,경의중앙선,상행,11,1,4,45.0
gyeongui-1284,문산역,경의중앙선,상행,12,2,4,45.0
gyeongui-1284,문산역,경의중앙선,상행,13,1,4,45.0
gyeongui-1284,문산역,경의중앙선,상행,14,1,3,60.0
gyeongui-1284,문산역,경의중앙선,상행,15,1,4,45.0
gyeongui-1284,문산역,경의중앙선,상행,16,2,5,36.0
gyeongui-1284,문산역,경의중앙선,상행,17,2,6,30.0
gyeongui-1284,문산역,경의중앙선,상행,18,2,6,30.0
gyeongui-1284,문산역,경의중앙선,상행,19,2,5,36.0
gyeongui-1284,문산역,경의중앙선,상행,20,1,3,60.0
gyeongui-1284,문산역,경의중앙선,상행,22,2,2,90.0
gyeongui-1284,문산역,경의중앙선,하행,5,4,10,18.0
gyeongui-1284,문산역,경의중앙선,하행,6,6,16,11.2
gyeongui-1284,문산역,경의중앙선,하행,7,6,16,11.2
gyeongui-1284,문산역,경의중앙선,하행,8,4,14,12.9
gyeongui-1284,문산역,경의중앙선,하행,9,4,11,16.4
gyeongui-1284,문산역,경의중앙선,하행,10,3,11,16.4
gyeongui-1284,문산역,경의중앙선,하행,11,4,10,18.0
gyeongui-1284,문산역,경의중앙선,하행,12,3,11,16.4
gyeongui-1284,문산역,경의중앙선,하행,13,4,11,16.4
gyeongui-1284,문산역,경의중앙선,하행,14,4,12,15.0
gyeongui-1284,문산역,경의중앙선,하행,15,4,13,13.8
gyeongui-1284,문산역,경의중앙선,하행,16,5,14,12.9
gyeongui-1284,문산역,경의중앙선,하행,17,5,15,12.0
gyeongui-1284,문산역,경의중앙선,하행,18,5,14,12.9
gyeongui-1284,문산역,경의중앙선,하행,19,4,12,15.0
gyeongui-1284,문산역,경의중앙선,하행,20,3,12,15.0
gyeongui-1284,문산역,경의중앙선,하행,21,5,10,18.0
gyeongui-1284,문산역,경의중앙선,하행,22,2,8,22.5
gyeongui-1284,문산역,경의중앙선,하행,23,1,3,60.0
gyeongui-1285,임진강역,경의중앙선,상행,9,1,1,180.0
gyeongui-1285,임진강역,경의중앙선,상행,17,1,1,180.0
gyeongui-1286,운천역,경의중앙선,상행,9,1,1,180.0
gyeongui-1286,운천역,경의중앙선,상행,17,1,1,180.0
gyeongui-1286,운천역,경의중앙선,하행,9,1,1,180.0
gyeongui-1286,운천역,경의중앙선,하행,17,1,1,180.0
gyeongui-1953,대곡역,경의중앙선,상행,5,2,7,25.7
gyeongui-1953,대곡역,경의중앙선,상행,6,5,15,12.0
gyeongui-1953,대곡역,경의중앙선,상행,7,8,21,8.6
gyeongui-1953,대곡역,경의중앙선,상행,8,8,25,7.2
gyeongui-1953,대곡역,경의중앙선,상행,9,9,23,7.8
gyeongui-1953,대곡역,경의중앙선,상행,10,6,19,9.5
gyeongui-1953,대곡역,경의중앙선,상행,11,4,15,12.0
gyeongui-1953,대곡역,경의중앙선,상행,12,5,14,12.9
gyeongui-1953,대곡역,경의중앙선,상행,13,5,15,12.0
gyeongui-1953,대곡역,경의중앙선,상행,14,5,15,12.0
gyeongui-1953,대곡역,경의중앙선,상행,15,5,16,11.2
gyeongui-1953,대곡역,경의중앙선,상행,16,6,17,10.6
gyeongui-1953,대곡역,경의중앙선,상행,17,6,19,9.5
gyeongui-1953,대곡역,경의중앙선,상행,18,7,20,9.0
gyeongui-1953,대곡역,경의중앙선,상행,19,7,20,9.0
gyeongui-1953,대곡역,경의중앙선,상행,20,6,20,9.0
gyeongui-1953,대곡역,경의중앙선,상행,21,7,18,10.0
gyeongui-1953,대곡역,경의중앙선,상행,22,5,16,11.2
gyeongui-1953,대곡역,경의중앙선,상행,23,4,9,20.0
gyeongui-1953,대곡역,경의중앙선,하행,5,2,8,22.5
gyeongui-1953,대곡역,경의중앙선,하행,6,6,18,10.0
gyeongui-1953,대곡역,경의중앙선,하행,7,10,25,7.2
gyeongui-1953,대곡역,경의중앙선,하행,8,9,25,7.2
gyeongui-1953,대곡역,경의중앙선,하행,9,6,20,9.0
gyeongui-1953,대곡역,경의중앙선,하행,10,5,15,12.0
gyeongui-1953,대곡역,경의중앙선,하행,11,4,14,12.9
gyeongui-1953,대곡역,경의중앙선,하행,12,5,14,12.9
gyeongui-1953,대곡역,경의중앙선,하행,13,5,16,11.2
gyeongui-1953,대곡역,경의중앙선,하행,14,6,17,10.6
gyeongui-1953,대곡역,경의중앙선,하행,15,6,17,10.6
gyeongui-1953,대곡역,경의중앙선,하행,16,5,16,11.2
gyeongui-1953,대곡역,경의중앙선,하행,17,5,18,10.0
gyeongui-1953,대곡역,경의중앙선,하행,18,8,20,9.0
gyeongui-1953,대곡역,경의중앙선,하행,19,7,20,9.0
gyeongui-1953,대곡역,경의중앙선,하행,20,5,19,9.5
gyeongui-1953,대곡역,경의중앙선,하행,21,7,18,10.0
gyeongui-1953,대곡역,경의중앙선,하행,22,6,15,12.0
gyeongui-1953,대곡역,경의중앙선,하행,23,2,9,20.0
gyeongui-1953,대곡역,경의중앙선,하행,24,1,3,60.0
gyeongwon-1003,용산역,경의중앙선,상행,5,2,7,25.7
gyeongwon-1003,용산역,경의중앙선,상행,6,5,12,15.0
gyeongwon-1003,용산역,경의중앙선,상행,7,5,18,10.0
gyeongwon-1003,용산역,경의중앙선,상행,8,8,19,9.5
gyeongwon-1003,용산역,경의중앙선,상행,9,6,17,10.6
gyeongwon-1003,용산역,경의중앙선,상행,10,3,13,13.8
gyeongwon-1003,용산역,경의중앙선,상행,11,4,11,16.4
gyeongwon-1003,용산역,경의중앙선,상행,12,4,12,15.0
gyeongwon-1003,용산역,경의중앙선,상행,13,4,12,15.0
gyeongwon-1003,용산역,경의중앙선,상행,14,4,12,15.0
gyeongwon-1003,용산역,경의중앙선,상행,15,4,12,15.0
gyeongwon-1003,용산역,경의중앙선,상행,16,4,13,13.8
gyeongwon-1003,용산역,경의중앙선,상행,17,5,14,12.9
gyeongwon-1003,용산역,경의중앙선,상행,18,5,16,11.2
gyeongwon-1003,용산역,경의중앙선,상행,19,6,16,11.2
gyeongwon-1003,용산역,경의중앙선,상행,20,5,16,11.2
gyeongwon-1003,용산역,경의중앙선,상행,21,5,14,12.9
gyeongwon-1003,용산역,경의중앙선,상행,22,4,12,15.0
gyeongwon-1003,용산역,경의중앙선,상행,23,3,7,25.7
gyeongwon-1003,용산역,경의중앙선,하행,5,3,7,25.7
gyeongwon-1003,용산역,경의중앙선,하행,6,4,14,12.9
gyeongwon-1003,용산역,경의중앙선,하행,7,7,17,10.6
gyeongwon-1003,용산역,경의중앙선,하행,8,6,18,10.0
gyeongwon-1003,용산역,경의중앙선,하행,9,5,16,11.2
gyeongwon-1003,용산역,경의중앙선,하행,10,5,14,12.9
gyeongwon-1003,용산역,경의중앙선,하행,11,4,13,13.8
gyeongwon-1003,용산역,경의중앙선,하행,12,4,11,16.4
gyeongwon-1003,용산역,경의중앙선,하행,13,3,12,15.0
gyeongwon-1003,용산역,경의중앙선,하행,14,5,12,15.0
gyeongwon-1003,용산역,경의중앙선,하행,15,4,13,13.8
gyeongwon-1003,용산역,경의중앙선,하행,16,4,13,13.8
gyeongwon-1003,용산역,경의중앙선,하행,17,5,14,12.9
gyeongwon-1003,용산역,경의중앙선,하행,18,5,16,11.2
gyeongwon-1003,용산역,경의중앙선,하행,19,6,16,11.2
gyeongwon-1003,용산역,경의중앙선,하행,20,5,14,12.9
gyeongwon-1003,용산역,경의중앙선,하행,21,3,14,12.9
gyeongwon-1003,용산역,경의중앙선,하행,22,6,13,13.8
gyeongwon-1003,용산역,경의중앙선,하행,23,4,11,16.4
gyeongwon-1003,용산역,경의중앙선,하행,24,1,5,36.0
gyeongwon-1008,이촌역,경의중앙선,상행,5,3,7,25.7
gyeongwon-1008,이촌역,경의중앙선,상행,6,4,12,15.0
gyeongwon-1008,이촌역,경의중앙선,상행,7,5,17,10.6
gyeongwon-1008,이촌역,경의중앙선,상행,8,8,18,10.0
gyeongwon-1008,이촌역,경의중앙선,상행,9,5,18,10.0
gyeongwon-1008,이촌역,경의중앙선,상행,10,5,13,13.8
gyeongwon-1008,이촌역,경의중앙선,상행,11,3,13,13.8
gyeongwon-1008,이촌역,경의중앙선,상행,12,5,11,16.4
gyeongwon-1008,이촌역,경의중앙선,상행,13,3,13,13.8
gyeongwon-1008,이촌역,경의중앙선,상행,14,5,11,16.4
gyeongwon-1008,이촌역,경의중앙선,상행,15,3,13,13.8
gyeongwon-1008,이촌역,경의중앙선,상행,16,5,13,13.8
gyeongwon-1008,이촌역,경의중앙선,상행,17,5,16,11.2
gyeongwon-1008,이촌역,경의중앙선,상행,18,6,16,11.2
gyeongwon-1008,이촌역,경의중앙선,상행,19,5,16,11.2
gyeongwon-1008,이촌역,경의중앙선,상행,20,5,15,12.0
gyeongwon-1008,이촌역,경의중앙선,상행,21,5,14,12.9
gyeongwon-1008,이촌역,경의중앙선,상행,22,4,12,15.0
gyeongwon-1008,이촌역,경의중앙선,상행,23,3,9,20.0
gyeongwon-1008,이촌역,경의중앙선,상행,24,2,5,36.0
gyeongwon-1008,이촌역,경의중앙선,하행,5,3,7,25.7
gyeongwon-1008,이촌역,경의중앙선,하행,6,4,14,12.9
gyeongwon-1008,이촌역,경의중앙선,하행,7,7,16,11.2
gyeongwon-1008,이촌역,경의중앙선,하행,8,5,18,10.0
gyeongwon-1008,이촌역,경의중앙선,하행,9,6,16,11.2
gyeongwon-1008,이촌역,경의중앙선,하행,10,5,15,12.0
gyeongwon-1008,이촌역,경의중앙선,하행,11,4,13,13.8
gyeongwon-1008,이촌역,경의중앙선,하행,12,4,11,16.4
gyeongwon-1008,이촌역,경의중앙선,하행,13,3,12,15.0
gyeongwon-1008,이촌역,경의중앙선,하행,14,5,12,15.0
gyeongwon-1008,이촌역,경의중앙선,하행,15,4,13,13.8
gyeongwon-1008,이촌역,경의중앙선,하행,16,4,13,13.8
gyeongwon-1008,이촌역,경의중앙선,하행,17,5,14,12.9
gyeongwon-1008,이촌역,경의중앙선,하행,18,5,16,11.2
gyeongwon-1008,이촌역,경의중앙선,하행,19,6,16,11.2
gyeongwon-1008,이촌역,경의중앙선,하행,20,5,14,12.9
gyeongwon-1008,이촌역,경의중앙선,하행,21,3,14,12.9
gyeongwon-1008,이촌역,경의중앙선,하행,22,6,13,13.8
gyeongwon-1008,이촌역,경의중앙선,하행,23,4,11,16.4
gyeongwon-1008,이촌역,경의중앙선,하행,24,1,5,36.0
gyeongwon-1009,서빙고역,경의중앙선,상행,5,3,7,25.7
gyeongwon-1009,서빙고역,경의중앙선,상행,6,4,13,13.8
gyeongwon-1009,서빙고역,경의중앙선,상행,7,6,15,12.0
gyeongwon-1009,서빙고역,경의중앙선,상행,8,5,17,10.6
gyeongwon-1009,서빙고역,경의중앙선,상행,9,6,15,12.0
gyeongwon-1009,서빙고역,경의중앙선,상행,10,4,14,12.9
gyeongwon-1009,서빙고역,경의중앙선,상행,11,4,12,15.0
gyeongwon-1009,서빙고역,경의중앙선,상행,12,4,12,15.0
gyeongwon-1009,서빙고역,경의중앙선,상행,13,4,12,15.0
gyeongwon-1009,서빙고역,경의중앙선,상행,14,4,11,16.4
gyeongwon-1009,서빙고역,경의중앙선,상행,15,3,12,15.0
gyeongwon-1009,서빙고역,경의중앙선,상행,16,5,14,12.9
gyeongwon-1009,서빙고역,경의중앙선,상행,17,6,16,11.2
gyeongwon-1009,서빙고역,경의중앙선,상행,18,5,16,11.2
gyeongwon-1009,서빙고역,경의중앙선,상행,19,5,15,12.0
gyeongwon-1009,서빙고역,경의중앙선,상행,20,5,15,12.0
gyeongwon-1009,서빙고역,경의중앙선,상행,21,5,14,12.9
gyeongwon-1009,서빙고역,경의중앙선,상행,22,4,12,15.0
gyeongwon-1009,서빙고역,경의중앙선,상행,23,3,9,20.0
gyeongwon-1009,서빙고역,경의중앙선,상행,24,2,5,36.0
gyeongwon-1009,서빙고역,경의중앙선,하행,5,3,7,25.7
gyeongwon-1009,서빙고역,경의중앙선,하행,6,4,13,13.8
gyeongwon-1009,서빙고역,경의중앙선,하행,7,6,16,11.2
gyeongwon-1009,서빙고역,경의중앙선,하행,8,6,18,10.0
gyeongwon-1009,서빙고역,경의중앙선,하행,9,6,17,10.6
gyeongwon-1009,서빙고역,경의중앙선,하행,10,5,15,12.0
gyeongwon-1009,서빙고역,경의중앙선,하행,11,4,12,15.0
gyeongwon-1009,서빙고역,경의중앙선,하행,12,3,11,16.4
gyeongwon-1009,서빙고역,경의중앙선,하행,13,4,11,16.4
gyeongwon-1009,서빙고역,경의중앙선,하행,14,4,13,13.8
gyeongwon-1009,서빙고역,경의중앙선,하행,15,5,13,13.8
gyeongwon-1009,서빙고역,경의중앙선,하행,16,4,13,13.8
gyeongwon-1009,서빙고역,경의중앙선,하행,17,4,14,12.9
gyeongwon-1009,서빙고역,경의중앙선,하행,18,6,15,12.0
gyeongwon-1009,서빙고역,경의중앙선,하행,19,5,15,12.0
gyeongwon-1009,서빙고역,경의중앙선,하행,20,4,13,13.8
gyeongwon-1009,서빙고역,경의중앙선,하행,21,4,12,15.0
gyeongwon-1009,서빙고역,경의중앙선,하행,22,4,13,13.8
gyeongwon-1009,서빙고역,경의중앙선,하행,23,5,10,18.0
gyeongwon-1009,서빙고역,경의중앙선,하행,24,1,6,30.0
gyeongwon-1010,한남역,경의중앙선,상행,5,3,7,25.7
gyeongwon-1010,한남역,경의중앙선,상행,6,4,13,13.8
gyeongwon-1010,한남역,경의중앙선,상행,7,6,15,12.0
gyeongwon-1010,한남역,경의중앙선,상행,8,5,17,10.6
gyeongwon-1010,한남역,경의중앙선,상행,9,6,15,12.0
gyeongwon-1010,한남역,경의중앙선,상행,10,4,14,12.9
gyeongwon-1010,한남역,경의중앙선,상행,11,4,12,15.0
gyeongwon-1010,한남역,경의중앙선,상행,12,4,12,15.0
gyeongwon-1010,한남역,경의중앙선,상행,13,4,12,15.0
gyeongwon-1010,한남역,경의중앙선,상행,14,4,11,16.4
gyeongwon-1010,한남역,경의중앙선,상행,15,3,12,15.0
gyeongwon-1010,한남역,경의중앙선,상행,16,5,14,12.9
gyeongwon-1010,한남역,경의중앙선,상행,17,6,16,11.2
gyeongwon-1010,한남역,경의중앙선,상행,18,5,16,11.2
gyeongwon-1010,한남역,경의중앙선,상행,19,5,15,12.0
gyeongwon-1010,한남역,경의중앙선,상행,20,5,15,12.0
gyeongwon-1010,한남역,경의중앙선,상행,21,5,14,12.9
gyeongwon-1010,한남역,경의중앙선,상행,22,4,12,15.0
gyeongwon-1010,한남역,경의중앙선,상행,23,3,9,20.0
gyeongwon-1010,한남역,경의중앙선,상행,24,2,5,36.0
gyeongwon-1010,한남역,경의중앙선,하행,5,3,7,25.7
gyeongwon-1010,한남역,경의중앙선,하행,6,4,13,13.8
gyeongwon-1010,한남역,경의중앙선,하행,7,6,16,11.2
gyeongwon-1010,한남역,경의중앙선,하행,8,6,18,10.0
gyeongwon-1010,한남역,경의중앙선,하행,9,6,17,10.6
gyeongwon-1010,한남역,경의중앙선,하행,10,5,14,12.9
gyeongwon-1010,한남역,경의중앙선,하행,11,3,12,15.0
gyeongwon-1010,한남역,경의중앙선,하행,12,4,11,16.4
gyeongwon-1010,한남역,경의중앙선,하행,13,4,12,15.0
gyeongwon-1010,한남역,경의중앙선,하행,14,4,13,13.8
gyeongwon-1010,한남역,경의중앙선,하행,15,5,13,13.8
gyeongwon-1010,한남역,경의중앙선,하행,16,4,13,13.8
gyeongwon-1010,한남역,경의중앙선,하행,17,4,14,12.9
gyeongwon-1010,한남역,경의중앙선,하행,18,6,15,12.0
gyeongwon-1010,한남역,경의중앙선,하행,19,5,15,12.0
gyeongwon-1010,한남역,경의중앙선,하행,20,4,13,13.8
gyeongwon-1010,한남역,경의중앙선,하행,21,4,12,15.0
gyeongwon-1010,한남역,경의중앙선,하행,22,4,13,13.8
gyeongwon-1010,한남역,경의중앙선,하행,23,5,10,18.0
gyeongwon-1010,한남역,경의중앙선,하행,24,1,6,30.0
gyeongwon-1011,옥수역,경의중앙선,상행,5,3,8,22.5
gyeongwon-1011,옥수역,경의중앙선,상행,6,5,13,13.8
gyeongwon-1011,옥수역,경의중앙선,상행,7,5,17,10.6
gyeongwon-1011,옥수역,경의중앙선,상행,8,7,18,10.0
gyeongwon-1011,옥수역,경의중앙선,상행,9,6,17,10.6
gyeongwon-1011,옥수역,경의중앙선,상행,10,4,14,12.9
gyeongwon-1011,옥수역,경의중앙선,상행,11,4,12,15.0
gyeongwon-1011,옥수역,경의중앙선,상행,12,4,12,15.0
gyeongwon-1011,옥수역,경의중앙선,상행,13,4,12,15.0
gyeongwon-1011,옥수역,경의중앙선,상행,14,4,11,16.4
gyeongwon-1011,옥수역,경의중앙선,상행,15,3,12,15.0
gyeongwon-1011,옥수역,경의중앙선,상행,16,5,14,12.9
gyeongwon-1011,옥수역,경의중앙선,상행,17,6,16,11.2
gyeongwon-1011,옥수역,경의중앙선,상행,18,5,16,11.2
gyeongwon-1011,옥수역,경의중앙선,상행,19,5,16,11.2
gyeongwon-1011,옥수역,경의중앙선,상행,20,6,16,11.2
gyeongwon-1011,옥수역,경의중앙선,상행,21,5,14,12.9
gyeongwon-1011,옥수역,경의중앙선,상행,22,3,11,16.4
gyeongwon-1011,옥수역,경의중앙선,상행,23,3,8,22.5
gyeongwon-1011,옥수역,경의중앙선,상행,24,2,5,36.0
gyeongwon-1011,옥수역,경의중앙선,하행,5,3,7,25.7
gyeongwon-1011,옥수역,경의중앙선,하행,6,4,13,13.8
gyeongwon-1011,옥수역,경의중앙선,하행,7,6,16,11.2
gyeongwon-1011,옥수역,경의중앙선,하행,8,6,17,10.6
gyeongwon-1011,옥수역,경의중앙선,하행,9,5,17,10.6
gyeongwon-1011,옥수역,경의중앙선,하행,10,6,14,12.9
gyeongwon-1011,옥수역,경의중앙선,하행,11,3,13,13.8
gyeongwon-1011,옥수역,경의중앙선,하행,12,4,10,18.0
gyeongwon-1011,옥수역,경의중앙선,하행,13,3,12,15.0
gyeongwon-1011,옥수역,경의중앙선,하행,14,5,13,13.8
gyeongwon-1011,옥수역,경의중앙선,하행,15,5,14,12.9
gyeongwon-1011,옥수역,경의중앙선,하행,16,4,13,13.8
gyeongwon-1011,옥수역,경의중앙선,하행,17,4,14,12.9
gyeongwon-1011,옥수역,경의중앙선,하행,18,6,16,11.2
gyeongwon-1011,옥수역,경의중앙선,하행,19,6,16,11.2
gyeongwon-1011,옥수역,경의중앙선,하행,20,4,14,12.9
gyeongwon-1011,옥수역,경의중앙선,하행,21,4,13,13.8
gyeongwon-1011,옥수역,경의중앙선,하행,22,5,14,12.9
gyeongwon-1011,옥수역,경의중앙선,하행,23,5,11,16.4
gyeongwon-1011,옥수역,경의중앙선,하행,24,1,6,30.0
gyeongwon-1012,응봉역,경의중앙선,상행,5,3,8,22.5
gyeongwon-1012,응봉역,경의중앙선,상행,6,5,13,13.8
gyeongwon-1012,응봉역,경의중앙선,상행,7,5,16,11.2
gyeongwon-1012,응봉역,경의중앙선,상행,8,6,16,11.2
gyeongwon-1012,응봉역,경의중앙선,상행,9,5,15,12.0
gyeongwon-1012,응봉역,경의중앙선,상행,10,4,13,13.8
gyeongwon-1012,응봉역,경의중앙선,상행,11,4,12,15.0
gyeongwon-1012,응봉역,경의중앙선,상행,12,4,12,15.0
gyeongwon-1012,응봉역,경의중앙선,상행,13,4,12,15.0
gyeongwon-1012,응봉역,경의중앙선,상행,14,4,11,16.4
gyeongwon-1012,응봉역,경의중앙선,상행,15,3,13,13.8
gyeongwon-1012,응봉역,경의중앙선,상행,16,6,14,12.9
gyeongwon-1012,응봉역,경의중앙선,상행,17,5,17,10.6
gyeongwon-1012,응봉역,경의중앙선,상행,18,6,16,11.2
gyeongwon-1012,응봉역,경의중앙선,상행,19,5,16,11.2
gyeongwon-1012,응봉역,경의중앙선,상행,20,5,15,12.0
gyeongwon-1012,응봉역,경의중앙선,상행,21,5,13,13.8
gyeongwon-1012,응봉역,경의중앙선,상행,22,3,11,16.4
gyeongwon-1012,응봉역,경의중앙선,상행,23,3,8,22.5
gyeongwon-1012,응봉역,경의중앙선,상행,24,2,5,36.0
gyeongwon-1012,응봉역,경의중앙선,하행,5,3,7,25.7
gyeongwon-1012,응봉역,경의중앙선,하행,6,4,13,13.8
gyeongwon-1012,응봉역,경의중앙선,하행,7,6,16,11.2
gyeongwon-1012,응봉역,경의중앙선,하행,8,6,17,10.6
gyeongwon-1012,응봉역,경의중앙선,하행,9,5,16,11.2
gyeongwon-1012,응봉역,경의중앙선,하행,10,5,14,12.9
gyeongwon-1012,응봉역,경의중앙선,하행,11,4,13,13.8
gyeongwon-1012,응봉역,경의중앙선,하행,12,4,11,16.4
gyeongwon-1012,응봉역,경의중앙선,하행,13,3,12,15.0
gyeongwon-1012,응봉역,경의중앙선,하행,14,5,12,15.0
gyeongwon-1012,응봉역,경의중앙선,하행,15,4,13,13.8
gyeongwon-1012,응봉역,경의중앙선,하행,16,4,13,13.8
gyeongwon-1012,응봉역,경의중앙선,하행,17,5,15,12.0
gyeongwon-1012,응봉역,경의중앙선,하행,18,6,15,12.0
gyeongwon-1012,응봉역,경의중앙선,하행,19,4,15,12.0
gyeongwon-1012,응봉역,경의중앙선,하행,20,5,13,13.8
gyeongwon-1012,응봉역,경의중앙선,하행,21,4,13,13.8
gyeongwon-1012,응봉역,경의중앙선,하행,22,4,12,15.0
gyeongwon-1012,응봉역,경의중앙선,하행,23,4,10,18.0
gyeongwon-1012,응봉역,경의중앙선,하행,24,2,6,30.0
gyeongwon-1013,왕십리역,경의중앙선,상행,5,4,8,22.5
gyeongwon-1013,왕십리역,경의중앙선,상행,6,4,14,12.9
gyeongwon-1013,왕십리역,경의중앙선,상행,7,6,17,10.6
gyeongwon-1013,왕십리역,경의중앙선,상행,8,7,18,10.0
gyeongwon-1013,왕십리역,경의중앙선,상행,9,5,17,10.6
gyeongwon-1013,왕십리역,경의중앙선,상행,10,5,13,13.8
gyeongwon-1013,왕십리역,경의중앙선,상행,11,3,13,13.8
gyeongwon-1013,왕십리역,경의중앙선,상행,12,5,11,16.4
gyeongwon-1013,왕십리역,경의중앙선,상행,13,3,12,15.0
gyeongwon-1013,왕십리역,경의중앙선,상행,14,4,11,16.4
gyeongwon-1013,왕십리역,경의중앙선,상행,15,4,13,13.8
gyeongwon-1013,왕십리역,경의중앙선,상행,16,5,15,12.0
gyeongwon-1013,왕십리역,경의중앙선,상행,17,6,16,11.2
gyeongwon-1013,왕십리역,경의중앙선,상행,18,5,16,11.2
gyeongwon-1013,왕십리역,경의중앙선,상행,19,5,15,12.0
gyeongwon-1013,왕십리역,경의중앙선,상행,20,5,15,12.0
gyeongwon-1013,왕십리역,경의중앙선,상행,21,5,13,13.8
gyeongwon-1013,왕십리역,경의중앙선,상행,22,3,11,16.4
gyeongwon-1013,왕십리역,경의중앙선,상행,23,3,8,22.5
gyeongwon-1013,왕십리역,경의중앙선,상행,24,2,5,36.0
gyeongwon-1013,왕십리역,경의중앙선,하행,5,3,7,25.7
gyeongwon-1013,왕십리역,경의중앙선,하행,6,4,13,13.8
gyeongwon-1013,왕십리역,경의중앙선,하행,7,6,15,12.0
gyeongwon-1013,왕십리역,경의중앙선,하행,8,5,17,10.6
gyeongwon-1013,왕십리역,경의중앙선,하행,9,6,16,11.2
gyeongwon-1013,왕십리역,경의중앙선,하행,10,5,15,12.0
gyeongwon-1013,왕십리역,경의중앙선,하행,11,4,13,13.8
gyeongwon-1013,왕십리역,경의중앙선,하행,12,4,11,16.4
gyeongwon-1013,왕십리역,경의중앙선,하행,13,3,12,15.0
gyeongwon-1013,왕십리역,경의중앙선,하행,14,5,12,15.0
gyeongwon-1013,왕십리역,경의중앙선,하행,15,4,13,13.8
gyeongwon-1013,왕십리역,경의중앙선,하행,16,4,13,13.8
gyeongwon-1013,왕십리역,경의중앙선,하행,17,5,14,12.9
gyeongwon-1013,왕십리역,경의중앙선,하행,18,5,16,11.2
gyeongwon-1013,왕십리역,경의중앙선,하행,19,6,16,11.2
gyeongwon-1013,왕십리역,경의중앙선,하행,20,5,14,12.9
gyeongwon-1013,왕십리역,경의중앙선,하행,21,3,14,12.9
gyeongwon-1013,왕십리역,경의중앙선,하행,22,6,13,13.8
gyeongwon-1013,왕십리역,경의중앙선,하행,23,4,12,15.0
gyeongwon-1013,왕십리역,경의중앙선,하행,24,2,6,30.0
gyeongchun-1019,광운대역,경춘선,하행,8,1,1,180.0
gyeongchun-1019,광운대역,경춘선,하행,20,1,1,180.0
gyeongchun-1201,중랑역,경춘선,상행,6,2,2,90.0
gyeongchun-1201,중랑역,경춘선,상행,9,2,3,60.0
gyeongchun-1201,중랑역,경춘선,상행,10,1,3,60.0
gyeongchun-1201,중랑역,경춘선,상행,13,1,1,180.0
gyeongchun-1201,중랑역,경춘선,상행,16,1,1,180.0
gyeongchun-1201,중랑역,경춘선,상행,18,1,1,180.0
gyeongchun-1201,중랑역,경춘선,상행,21,1,1,180.0
gyeongchun-1201,중랑역,경춘선,상행,23,1,1,180.0
gyeongchun-1201,중랑역,경춘선,하행,6,1,2,90.0
gyeongchun-1201,중랑역,경춘선,하행,7,1,2,90.0
gyeongchun-1201,중랑역,경춘선,하행,9,1,3,60.0
gyeongchun-1201,중랑역,경춘선,하행,10,2,3,60.0
gyeongchun-1201,중랑역,경춘선,하행,14,1,1,180.0
gyeongchun-1201,중랑역,경춘선,하행,17,1,1,180.0
gyeongchun-1201,중랑역,경춘선,하행,19,1,1,180.0
gyeongchun-1201,중랑역,경춘선,하행,22,1,2,90.0
gyeongchun-1201,중랑역,경춘선,하행,23,1,2,90.0
gyeongchun-1202,상봉역,경춘선,상행,6,2,3,60.0
gyeongchun-1202,상봉역,경춘선,상행,7,1,4,45.0
gyeongchun-1202,상봉역,경춘선,상행,8,1,4,45.0
gyeongchun-1202,상봉역,경춘선,상행,9,2,4,45.0
gyeongchun-1202,상봉역,경춘선,상행,10,1,3,60.0
gyeongchun-1202,상봉역,경춘선,상행,13,1,1,180.0
gyeongchun-1202,상봉역,경춘선,상행,16,1,1,180.0
gyeongchun-1202,상봉역,경춘선,상행,18,1,1,180.0
gyeongchun-1202,상봉역,경춘선,상행,20,1,3,60.0
gyeongchun-1202,상봉역,경춘선,상행,21,2,3,60.0
gyeongchun-1202,상봉역,경춘선,상행,23,1,1,180.0
gyeongchun-1202,상봉역,경춘선,하행,5,3,7,25.7
gyeongchun-1202,상봉역,경춘선,하행,6,4,12,15.0
gyeongchun-1202,상봉역,경춘선,하행,7,5,14,12.9
gyeongchun-1202,상봉역,경춘선,하행,8,5,13,13.8
gyeongchun-1202,상봉역,경춘선,하행,9,3,11,16.4
gyeongchun-1202,상봉역,경춘선,하행,10,3,8,22.5
gyeongchun-1202,상봉역,경춘선,하행,11,2,8,22.5
gyeongchun-1202,상봉역,경춘선,하행,12,3,7,25.7
gyeongchun-1202,상봉역,경춘선,하행,13,2,8,22.5
gyeongchun-1202,상봉역,경춘선,하행,14,3,7,25.7
gyeongchun-1202,상봉역,경춘선,하행,15,2,7,25.7
gyeongchun-1202,상봉역,경춘선,하행,16,2,8,22.5
gyeongchun-1202,상봉역,경춘선,하행,17,4,11,16.4
gyeongchun-1202,상봉역,경춘선,하행,18,5,14,12.9
gyeongchun-1202,상봉역,경춘선,하행,19,5,12,15.0
gyeongchun-1202,상봉역,경춘선,하행,20,2,11,16.4
gyeongchun-1202,상봉역,경춘선,하행,21,4,9,20.0
gyeongchun-1202,상봉역,경춘선,하행,22,3,10,18.0
gyeongchun-1202,상봉역,경춘선,하행,23,3,6,30.0
gyeongchun-1203,망우역,경춘선,상행,5,2,5,36.0
gyeongchun-1203,망우역,경춘선,상행,6,3,9,20.0
gyeongchun-1203,망우역,경춘선,상행,7,4,12,15.0
gyeongchun-1203,망우역,경춘선,상행,8,5,13,13.8
gyeongchun-1203,망우역,경춘선,상행,9,4,11,16.4
gyeongchun-1203,망우역,경춘선,상행,10,2,9,20.0
gyeongchun-1203,망우역,경춘선,상행,11,3,7,25.7
gyeongchun-1203,망우역,경춘선,상행,12,2,8,22.5
gyeongchun-1203,망우역,경춘선,상행,13,3,7,25.7
gyeongchun-1203,망우역,경춘선,상행,14,2,8,22.5
gyeongchun-1203,망우역,경춘선,상행,15,3,7,25.7
gyeongchun-1203,망우역,경춘선,상행,16,2,8,22.5
gyeongchun-1203,망우역,경춘선,상행,17,3,10,18.0
gyeongchun-1203,망우역,경춘선,상행,18,5,11,16.4
gyeongchun-1203,망우역,경춘선,상행,19,3,12,15.0
gyeongchun-1203,망우역,경춘선,상행,20,4,10,18.0
gyeongchun-1203,망우역,경춘선,상행,21,3,10,18.0
gyeongchun-1203,망우역,경춘선,상행,22,3,9,20.0
gyeongchun-1203,망우역,경춘선,상행,23,3,7,25.7
gyeongchun-1203,망우역,경춘선,상행,24,1,4,45.0
gyeongchun-1203,망우역,경춘선,하행,5,3,7,25.7
gyeongchun-1203,망우역,경춘선,하행,6,4,12,15.0
gyeongchun-1203,망우역,경춘선,하행,7,5,13,13.8
gyeongchun-1203,망우역,경춘선,하행,8,4,12,15.0
gyeongchun-1203,망우역,경춘선,하행,9,3,10,18.0
gyeongchun-1203,망우역,경춘선,하행,10,3,8,22.5
gyeongchun-1203,망우역,경춘선,하행,11,2,8,22.5
gyeongchun-1203,망우역,경춘선,하행,12,3,7,25.7
gyeongchun-1203,망우역,경춘선,하행,13,2,8,22.5
gyeongchun-1203,망우역,경춘선,하행,14,3,7,25.7
gyeongchun-1203,망우역,경춘선,하행,15,2,7,25.7
gyeongchun-1203,망우역,경춘선,하행,16,2,8,22.5
gyeongchun-1203,망우역,경춘선,하행,17,4,10,18.0
gyeongchun-1203,망우역,경춘선,하행,18,4,13,13.8
gyeongchun-1203,망우역,경춘선,하행,19,5,11,16.4
gyeongchun-1203,망우역,경춘선,하행,20,2,10,18.0
gyeongchun-1203,망우역,경춘선,하행,21,3,8,22.5
gyeongchun-1203,망우역,경춘선,하행,22,3,9,20.0
gyeongchun-1203,망우역,경춘선,하행,23,3,6,30.0
gyeongchun-1311,신내역,경춘선,상행,5,2,5,36.0
gyeongchun-1311,신내역,경춘선,상행,6,3,10,18.0
gyeongchun-1311,신내역,경춘선,상행,7,5,13,13.8
gyeongchun-1311,신내역,경춘선,상행,8,5,14,12.9
gyeongchun-1311,신내역,경춘선,상행,9,4,12,15.0
gyeongchun-1311,신내역,경춘선,상행,10,3,9,20.0
gyeongchun-1311,신내역,경춘선,상행,11,2,7,25.7
gyeongchun-1311,신내역,경춘선,상행,12,2,7,25.7
gyeongchun-1311,신내역,경춘선,상행,13,3,7,25.7
gyeongchun-1311,신내역,경춘선,상행,14,2,8,22.5
gyeongchun-1311,신내역,경춘선,상행,15,3,7,25.7
gyeongchun-1311,신내역,경춘선,상행,16,2,8,22.5
gyeongchun-1311,신내역,경춘선,상행,17,3,10,18.0
gyeongchun-1311,신내역,경춘선,상행,18,5,12,15.0
gyeongchun-1311,신내역,경춘선,상행,19,4,12,15.0
gyeongchun-1311,신내역,경춘선,상행,20,3,11,16.4
gyeongchun-1311,신내역,경춘선,상행,21,4,10,18.0
gyeongchun-1311,신내역,경춘선,상행,22,3,10,18.0
gyeongchun-1311,신내역,경춘선,상행,23,3,7,25.7
gyeongchun-1311,신내역,경춘선,상행,24,1,4,45.0
gyeongchun-1311,신내역,경춘선,하행,5,3,6,30.0
gyeongchun-1311,신내역,경춘선,하행,6,3,11,16.4
gyeongchun-1311,신내역,경춘선,하행,7,5,14,12.9
gyeongchun-1311,신내역,경춘선,하행,8,6,14,12.9
gyeongchun-1311,신내역,경춘선,하행,9,3,12,15.0
gyeongchun-1311,신내역,경춘선,하행,10,3,8,22.5
gyeongchun-1311,신내역,경춘선,하행,11,2,8,22.5
gyeongchun-1311,신내역,경춘선,하행,12,3,7,25.7
gyeongchun-1311,신내역,경춘선,하행,13,2,7,25.7
gyeongchun-1311,신내역,경춘선,하행,14,2,7,25.7
gyeongchun-1311,신내역,경춘선,하행,15,3,7,25.7
gyeongchun-1311,신내역,경춘선,하행,16,2,9,20.0
gyeongchun-1311,신내역,경춘선,하행,17,4,11,16.4
gyeongchun-1311,신내역,경춘선,하행,18,5,13,13.8
gyeongchun-1311,신내역,경춘선,하행,19,4,12,15.0
gyeongchun-1311,신내역,경춘선,하행,20,3,10,18.0
gyeongchun-1311,신내역,경춘선,하행,21,3,10,18.0
gyeongchun-1311,신내역,경춘선,하행,22,4,10,18.0
gyeongchun-1311,신내역,경춘선,하행,23,3,7,25.7
gyeongchun-1312,갈매역,경춘선,상행,5,3,5,36.0
gyeongchun-1312,갈매역,경춘선,상행,6,2,10,18.0
gyeongchun-1312,갈매역,경춘선,상행,7,5,12,15.0
gyeongchun-1312,갈매역,경춘선,상행,8,5,14,12.9
gyeongchun-1312,갈매역,경춘선,상행,9,4,12,15.0
gyeongchun-1312,갈매역,경춘선,상행,10,3,9,20.0
gyeongchun-1312,갈매역,경춘선,상행,11,2,7,25.7
gyeongchun-1312,갈매역,경춘선,상행,12,2,7,25.7
gyeongchun-1312,갈매역,경춘선,상행,13,3,7,25.7
gyeongchun-1312,갈매역,경춘선,상행,14,2,8,22.5
gyeongchun-1312,갈매역,경춘선,상행,15,3,7,25.7
gyeongchun-1312,갈매역,경춘선,상행,16,2,8,22.5
gyeongchun-1312,갈매역,경춘선,상행,17,3,10,18.0
gyeongchun-1312,갈매역,경춘선,상행,18,5,12,15.0
gyeongchun-1312,갈매역,경춘선,상행,19,4,13,13.8
gyeongchun-1312,갈매역,경춘선,상행,20,4,11,16.4
gyeongchun-1312,갈매역,경춘선,상행,21,3,10,18.0
gyeongchun-1312,갈매역,경춘선,상행,22,3,10,18.0
gyeongchun-1312,갈매역,경춘선,상행,23,4,7,25.7
gyeongchun-1312,갈매역,경춘선,하행,5,3,6,30.0
gyeongchun-1312,갈매역,경춘선,하행,6,3,11,16.4
gyeongchun-1312,갈매역,경춘선,하행,7,5,13,13.8
gyeongchun-1312,갈매역,경춘선,하행,8,5,13,13.8
gyeongchun-1312,갈매역,경춘선,하행,9,3,12,15.0
gyeongchun-1312,갈매역,경춘선,하행,10,4,9,20.0
gyeongchun-1312,갈매역,경춘선,하행,11,2,8,22.5
gyeongchun-1312,갈매역,경춘선,하행,12,2,7,25.7
gyeongchun-1312,갈매역,경춘선,하행,13,3,7,25.7
gyeongchun-1312,갈매역,경춘선,하행,14,2,8,22.5
gyeongchun-1312,갈매역,경춘선,하행,15,3,7,25.7
gyeongchun-1312,갈매역,경춘선,하행,16,2,8,22.5
gyeongchun-1312,갈매역,경춘선,하행,17,3,11,16.4
gyeongchun-1312,갈매역,경춘선,하행,18,6,13,13.8
gyeongchun-1312,갈매역,경춘선,하행,19,4,13,13.8
gyeongchun-1312,갈매역,경춘선,하행,20,3,10,18.0
gyeongchun-1312,갈매역,경춘선,하행,21,3,10,18.0
gyeongchun-1312,갈매역,경춘선,하행,22,4,9,20.0
gyeongchun-1312,갈매역,경춘선,하행,23,2,7,25.7
gyeongchun-1312,갈매역,경춘선,하행,24,1,3,60.0
gyeongchun-1313,별내역,경춘선,상행,5,3,5,36.0
gyeongchun-1313,별내역,경춘선,상행,6,2,11,16.4
gyeongchun-1313,별내역,경춘선,상행,7,6,12,15.0
gyeongchun-1313,별내역,경춘선,상행,8,4,14,12.9
gyeongchun-1313,별내역,경춘선,상행,9,4,11,16.4
gyeongchun-1313,별내역,경춘선,상행,10,3,9,20.0
gyeongchun-1313,별내역,경춘선,상행,11,2,7,25.7
gyeongchun-1313,별내역,경춘선,상행,12,2,7,25.7
gyeongchun-1313,별내역,경춘선,상행,13,3,8,22.5
gyeongchun-1313,별내역,경춘선,상행,14,3,8,22.5
gyeongchun-1313,별내역,경춘선,상행,15,2,7,25.7
gyeongchun-1313,별내역,경춘선,상행,16,2,8,22.5
gyeongchun-1313,별내역,경춘선,상행,17,4,10,18.0
gyeongchun-1313,별내역,경춘선,상행,18,4,13,13.8
gyeongchun-1313,별내역,경춘선,상행,19,5,12,15.0
gyeongchun-1313,별내역,경춘선,상행,20,3,11,16.4
gyeongchun-1313,별내역,경춘선,상행,21,3,9,20.0
gyeongchun-1313,별내역,경춘선,상행,22,3,10,18.0
gyeongchun-1313,별내역,경춘선,상행,23,4,7,25.7
gyeongchun-1313,별내역,경춘선,하행,5,3,6,30.0
gyeongchun-1313,별내역,경춘선,하행,6,3,11,16.4
gyeongchun-1313,별내역,경춘선,하행,7,5,13,13.8
gyeongchun-1313,별내역,경춘선,하행,8,5,13,13.8
gyeongchun-1313,별내역,경춘선,하행,9,3,12,15.0
gyeongchun-1313,별내역,경춘선,하행,10,4,9,20.0
gyeongchun-1313,별내역,경춘선,하행,11,2,8,22.5
gyeongchun-1313,별내역,경춘선,하행,12,2,7,25.7
gyeongchun-1313,별내역,경춘선,하행,13,3,7,25.7
gyeongchun-1313,별내역,경춘선,하행,14,2,8,22.5
gyeongchun-1313,별내역,경춘선,하행,15,3,7,25.7
gyeongchun-1313,별내역,경춘선,하행,16,2,8,22.5
gyeongchun-1313,별내역,경춘선,하행,17,3,10,18.0
gyeongchun-1313,별내역,경춘선,하행,18,5,13,13.8
gyeongchun-1313,별내역,경춘선,하행,19,5,13,13.8
gyeongchun-1313,별내역,경춘선,하행,20,3,10,18.0
gyeongchun-1313,별내역,경춘선,하행,21,2,9,20.0
gyeongchun-1313,별내역,경춘선,하행,22,4,9,20.0
gyeongchun-1313,별내역,경춘선,하행,23,3,8,22.5
gyeongchun-1313,별내역,경춘선,하행,24,1,4,45.0
gyeongchun-1314,퇴계원역,경춘선,상행,5,3,5,36.0
gyeongchun-1314,퇴계원역,경춘선,상행,6,2,11,16.4
gyeongchun-1314,퇴계원역,경춘선,상행,7,6,12,15.0
gyeongchun-1314,퇴계원역,경춘선,상행,8,4,14,12.9
gyeongchun-1314,퇴계원역,경춘선,상행,9,4,11,16.4
gyeongchun-1314,퇴계원역,경춘선,상행,10,3,9,20.0
gyeongchun-1314,퇴계원역,경춘선,상행,11,2,7,25.7
gyeongchun-1314,퇴계원역,경춘선,상행,12,2,7,25.7
gyeongchun-1314,퇴계원역,경춘선,상행,13,3,8,22.5
gyeongchun-1314,퇴계원역,경춘선,상행,14,3,8,22.5
gyeongchun-1314,퇴계원역,경춘선,상행,15,2,8,22.5
gyeongchun-1314,퇴계원역,경춘선,상행,16,3,8,22.5
gyeongchun-1314,퇴계원역,경춘선,상행,17,3,10,18.0
gyeongchun-1314,퇴계원역,경춘선,상행,18,4,12,15.0
gyeongchun-1314,퇴계원역,경춘선,상행,19,5,12,15.0
gyeongchun-1314,퇴계원역,경춘선,상행,20,3,11,16.4
gyeongchun-1314,퇴계원역,경춘선,상행,21,3,10,18.0
gyeongchun-1314,퇴계원역,경춘선,상행,22,4,10,18.0
gyeongchun-1314,퇴계원역,경춘선,상행,23,3,7,25.7
gyeongchun-1314,퇴계원역,경춘선,하행,5,2,6,30.0
gyeongchun-1314,퇴계원역,경춘선,하행,6,4,10,18.0
gyeongchun-1314,퇴계원역,경춘선,하행,7,4,14,12.9
gyeongchun-1314,퇴계원역,경춘선,하행,8,6,13,13.8
gyeongchun-1314,퇴계원역,경춘선,하행,9,3,13,13.8
gyeongchun-1314,퇴계원역,경춘선,하행,10,4,9,20.0
gyeongchun-1314,퇴계원역,경춘선,하행,11,2,8,22.5
gyeongchun-1314,퇴계원역,경춘선,하행,12,2,7,25.7
gyeongchun-1314,퇴계원역,경춘선,하행,13,3,7,25.7
gyeongchun-1314,퇴계원역,경춘선,하행,14,2,8,22.5
gyeongchun-1314,퇴계원역,경춘선,하행,15,3,7,25.7
gyeongchun-1314,퇴계원역,경춘선,하행,16,2,8,22.5
gyeongchun-1314,퇴계원역,경춘선,하행,17,3,10,18.0
gyeongchun-1314,퇴계원역,경춘선,하행,18,5,13,13.8
gyeongchun-1314,퇴계원역,경춘선,하행,19,5,13,13.8
gyeongchun-1314,퇴계원역,경춘선,하행,20,3,10,18.0
gyeongchun-1314,퇴계원역,경춘선,하행,21,2,9,20.0
gyeongchun-1314,퇴계원역,경춘선,하행,22,4,9,20.0
gyeongchun-1314,퇴계원역,경춘선,하행,23,3,8,22.5
gyeongchun-1314,퇴계원역,경춘선,하행,24,1,4,45.0
gyeongchun-1315,사릉역,경춘선,상행,5,3,5,36.0
gyeongchun-1315,사릉역,경춘선,상행,6,2,11,16.4
gyeongchun-1315,사릉역,경춘선,상행,7,6,12,15.0
gyeongchun-1315,사릉역,경춘선,상행,8,4,14,12.9
gyeongchun-1315,사릉역,경춘선,상행,9,4,11,16.4
gyeongchun-1315,사릉역,경춘선,상행,10,3,9,20.0
gyeongchun-1315,사릉역,경춘선,상행,11,2,8,22.5
gyeongchun-1315,사릉역,경춘선,상행,12,3,8,22.5
gyeongchun-1315,사릉역,경춘선,상행,13,3,8,22.5
gyeongchun-1315,사릉역,경춘선,상행,14,2,8,22.5
gyeongchun-1315,사릉역,경춘선,상행,15,3,7,25.7
gyeongchun-1315,사릉역,경춘선,상행,16,2,8,22.5
gyeongchun-1315,사릉역,경춘선,상행,17,3,10,18.0
gyeongchun-1315,사릉역,경춘선,상행,18,5,12,15.0
gyeongchun-1315,사릉역,경춘선,상행,19,4,13,13.8
gyeongchun-1315,사릉역,경춘선,상행,20,4,11,16.4
gyeongchun-1315,사릉역,경춘선,상행,21,3,10,18.0
gyeongchun-1315,사릉역,경춘선,상행,22,3,9,20.0
gyeongchun-1315,사릉역,경춘선,상행,23,3,6,30.0
gyeongchun-1315,사릉역,경춘선,하행,5,2,6,30.0
gyeongchun-1315,사릉역,경춘선,하행,6,4,10,18.0
gyeongchun-1315,사릉역,경춘선,하행,7,4,13,13.8
gyeongchun-1315,사릉역,경춘선,하행,8,5,13,13.8
gyeongchun-1315,사릉역,경춘선,하행,9,4,12,15.0
gyeongchun-1315,사릉역,경춘선,하행,10,3,10,18.0
gyeongchun-1315,사릉역,경춘선,하행,11,3,8,22.5
gyeongchun-1315,사릉역,경춘선,하행,12,2,8,22.5
gyeongchun-1315,사릉역,경춘선,하행,13,3,7,25.7
gyeongchun-1315,사릉역,경춘선,하행,14,2,8,22.5
gyeongchun-1315,사릉역,경춘선,하행,15,3,6,30.0
gyeongchun-1315,사릉역,경춘선,하행,16,1,8,22.5
gyeongchun-1315,사릉역,경춘선,하행,17,4,10,18.0
gyeongchun-1315,사릉역,경춘선,하행,18,5,14,12.9
gyeongchun-1315,사릉역,경춘선,하행,19,5,13,13.8
gyeongchun-1315,사릉역,경춘선,하행,20,3,10,18.0
gyeongchun-1315,사릉역,경춘선,하행,21,2,9,20.0
gyeongchun-1315,사릉역,경춘선,하행,22,4,9,20.0
gyeongchun-1315,사릉역,경춘선,하행,23,3,8,22.5
gyeongchun-1315,사릉역,경춘선,하행,24,1,4,45.0
gyeongchun-1316,금곡역,경춘선,상행,5,3,6,30.0
gyeongchun-1316,금곡역,경춘선,상행,6,3,10,18.0
gyeongchun-1316,금곡역,경춘선,상행,7,4,12,15.0
gyeongchun-1316,금곡역,경춘선,상행,8,5,13,13.8
gyeongchun-1316,금곡역,경춘선,상행,9,4,11,16.4
gyeongchun-1316,금곡역,경춘선,상행,10,2,8,22.5
gyeongchun-1316,금곡역,경춘선,상행,11,2,7,25.7
gyeongchun-1316,금곡역,경춘선,상행,12,3,8,22.5
gyeongchun-1316,금곡역,경춘선,상행,13,3,8,22.5
gyeongchun-1316,금곡역,경춘선,상행,14,2,8,22.5
gyeongchun-1316,금곡역,경춘선,상행,15,3,7,25.7
gyeongchun-1316,금곡역,경춘선,상행,16,2,8,22.5
gyeongchun-1316,금곡역,경춘선,상행,17,3,10,18.0
gyeongchun-1316,금곡역,경춘선,상행,18,5,12,15.0
gyeongchun-1316,금곡역,경춘선,상행,19,4,12,15.0
gyeongchun-1316,금곡역,경춘선,상행,20,3,10,18.0
gyeongchun-1316,금곡역,경춘선,상행,21,3,9,20.0
gyeongchun-1316,금곡역,경춘선,상행,22,3,9,20.0
gyeongchun-1316,금곡역,경춘선,상행,23,3,6,30.0
gyeongchun-1316,금곡역,경춘선,하행,5,2,5,36.0
gyeongchun-1316,금곡역,경춘선,하행,6,3,10,18.0
gyeongchun-1316,금곡역,경춘선,하행,7,5,12,15.0
gyeongchun-1316,금곡역,경춘선,하행,8,4,13,13.8
gyeongchun-1316,금곡역,경춘선,하행,9,4,11,16.4
gyeongchun-1316,금곡역,경춘선,하행,10,3,9,20.0
gyeongchun-1316,금곡역,경춘선,하행,11,2,8,22.5
gyeongchun-1316,금곡역,경춘선,하행,12,3,7,25.7
gyeongchun-1316,금곡역,경춘선,하행,13,2,8,22.5
gyeongchun-1316,금곡역,경춘선,하행,14,3,7,25.7
gyeongchun-1316,금곡역,경춘선,하행,15,2,7,25.7
gyeongchun-1316,금곡역,경춘선,하행,16,2,7,25.7
gyeongchun-1316,금곡역,경춘선,하행,17,3,9,20.0
gyeongchun-1316,금곡역,경춘선,하행,18,4,12,15.0
gyeongchun-1316,금곡역,경춘선,하행,19,5,12,15.0
gyeongchun-1316,금곡역,경춘선,하행,20,3,11,16.4
gyeongchun-1316,금곡역,경춘선,하행,21,3,9,20.0
gyeongchun-1316,금곡역,경춘선,하행,22,3,9,20.0
gyeongchun-1316,금곡역,경춘선,하행,23,3,7,25.7
gyeongchun-1316,금곡역,경춘선,하행,24,1,4,45.0
gyeongchun-1317,평내호평역,경춘선,상행,5,4,6,30.0
gyeongchun-1317,평내호평역,경춘선,상행,6,2,12,15.0
gyeongchun-1317,평내호평역,경춘선,상행,7,6,12,15.0
gyeongchun-1317,평내호평역,경춘선,상행,8,4,14,12.9
gyeongchun-1317,평내호평역,경춘선,상행,9,4,10,18.0
gyeongchun-1317,평내호평역,경춘선,상행,10,2,9,20.0
gyeongchun-1317,평내호평역,경춘선,상행,11,3,7,25.7
gyeongchun-1317,평내호평역,경춘선,상행,12,2,8,22.5
gyeongchun-1317,평내호평역,경춘선,상행,13,3,7,25.7
gyeongchun-1317,평내호평역,경춘선,상행,14,2,8,22.5
gyeongchun-1317,평내호평역,경춘선,상행,15,3,7,25.7
gyeongchun-1317,평내호평역,경춘선,상행,16,2,9,20.0
gyeongchun-1317,평내호평역,경춘선,상행,17,4,10,18.0
gyeongchun-1317,평내호평역,경춘선,상행,18,4,13,13.8
gyeongchun-1317,평내호평역,경춘선,상행,19,5,12,15.0
gyeongchun-1317,평내호평역,경춘선,상행,20,3,11,16.4
gyeongchun-1317,평내호평역,경춘선,상행,21,3,9,20.0
gyeongchun-1317,평내호평역,경춘선,상행,22,3,9,20.0
gyeongchun-1317,평내호평역,경춘선,상행,23,3,6,30.0
gyeongchun-1317,평내호평역,경춘선,하행,5,3,6,30.0
gyeongchun-1317,평내호평역,경춘선,하행,6,3,10,18.0
gyeongchun-1317,평내호평역,경춘선,하행,7,4,12,15.0
gyeongchun-1317,평내호평역,경춘선,하행,8,5,13,13.8
gyeongchun-1317,평내호평역,경춘선,하행,9,4,12,15.0
gyeongchun-1317,평내호평역,경춘선,하행,10,3,9,20.0
gyeongchun-1317,평내호평역,경춘선,하행,11,2,8,22.5
gyeongchun-1317,평내호평역,경춘선,하행,12,3,7,25.7
gyeongchun-1317,평내호평역,경춘선,하행,13,2,8,22.5
gyeongchun-1317,평내호평역,경춘선,하행,14,3,8,22.5
gyeongchun-1317,평내호평역,경춘선,하행,15,3,8,22.5
gyeongchun-1317,평내호평역,경춘선,하행,16,2,7,25.7
gyeongchun-1317,평내호평역,경춘선,하행,17,2,9,20.0
gyeongchun-1317,평내호평역,경춘선,하행,18,5,12,15.0
gyeongchun-1317,평내호평역,경춘선,하행,19,5,13,13.8
gyeongchun-1317,평내호평역,경춘선,하행,20,3,11,16.4
gyeongchun-1317,평내호평역,경춘선,하행,21,3,9,20.0
gyeongchun-1317,평내호평역,경춘선,하행,22,3,9,20.0
gyeongchun-1317,평내호평역,경춘선,하행,23,3,7,25.7
gyeongchun-1317,평내호평역,경춘선,하행,24,1,4,45.0
gyeongchun-1318,천마산역,경춘선,상행,5,1,3,60.0
gyeongchun-1318,천마산역,경춘선,상행,6,2,8,22.5
gyeongchun-1318,천마산역,경춘선,상행,7,5,11,16.4
gyeongchun-1318,천마산역,경춘선,상행,8,4,12,15.0
gyeongchun-1318,천마산역,경춘선,상행,9,3,9,20.0
gyeongchun-1318,천마산역,경춘선,상행,10,2,8,22.5
gyeongchun-1318,천마산역,경춘선,상행,11,3,7,25.7
gyeongchun-1318,천마산역,경춘선,상행,12,2,8,22.5
gyeongchun-1318,천마산역,경춘선,상행,13,3,7,25.7
gyeongchun-1318,천마산역,경춘선,상행,14,2,8,22.5
gyeongchun-1318,천마산역,경춘선,상행,15,3,7,25.7
gyeongchun-1318,천마산역,경춘선,상행,16,2,9,20.0
gyeongchun-1318,천마산역,경춘선,상행,17,4,9,20.0
gyeongchun-1318,천마산역,경춘선,상행,18,3,11,16.4
gyeongchun-1318,천마산역,경춘선,상행,19,4,9,20.0
gyeongchun-1318,천마산역,경춘선,상행,20,2,9,20.0
gyeongchun-1318,천마산역,경춘선,상행,21,3,9,20.0
gyeongchun-1318,천마산역,경춘선,상행,22,4,10,18.0
gyeongchun-1318,천마산역,경춘선,상행,23,3,8,22.5
gyeongchun-1318,천마산역,경춘선,상행,24,1,4,45.0
gyeongchun-1318,천마산역,경춘선,하행,5,3,6,30.0
gyeongchun-1318,천마산역,경춘선,하행,6,3,10,18.0
gyeongchun-1318,천마산역,경춘선,하행,7,4,11,16.4
gyeongchun-1318,천마산역,경춘선,하행,8,4,12,15.0
gyeongchun-1318,천마산역,경춘선,하행,9,4,11,16.4
gyeongchun-1318,천마산역,경춘선,하행,10,3,9,20.0
gyeongchun-1318,천마산역,경춘선,하행,11,2,8,22.5
gyeongchun-1318,천마산역,경춘선,하행,12,3,7,25.7
gyeongchun-1318,천마산역,경춘선,하행,13,2,8,22.5
gyeongchun-1318,천마산역,경춘선,하행,14,3,8,22.5
gyeongchun-1318,천마산역,경춘선,하행,15,3,8,22.5
gyeongchun-1318,천마산역,경춘선,하행,16,2,7,25.7
gyeongchun-1318,천마산역,경춘선,하행,17,2,8,22.5
gyeongchun-1318,천마산역,경춘선,하행,18,4,11,16.4
gyeongchun-1318,천마산역,경춘선,하행,19,5,12,15.0
gyeongchun-1318,천마산역,경춘선,하행,20,3,11,16.4
gyeongchun-1318,천마산역,경춘선,하행,21,3,8,22.5
gyeongchun-1318,천마산역,경춘선,하행,22,2,8,22.5
gyeongchun-1318,천마산역,경춘선,하행,23,3,6,30.0
gyeongchun-1318,천마산역,경춘선,하행,24,1,4,45.0
gyeongchun-1319,마석역,경춘선,상행,5,1,4,45.0
gyeongchun-1319,마석역,경춘선,상행,6,3,9,20.0
gyeongchun-1319,마석역,경춘선,상행,7,5,12,15.0
gyeongchun-1319,마석역,경춘선,상행,8,4,12,15.0
gyeongchun-1319,마석역,경춘선,상행,9,3,10,18.0
gyeongchun-1319,마석역,경춘선,상행,10,3,8,22.5
gyeongchun-1319,마석역,경춘선,상행,11,2,8,22.5
gyeongchun-1319,마석역,경춘선,상행,12,3,7,25.7
gyeongchun-1319,마석역,경춘선,상행,13,2,8,22.5
gyeongchun-1319,마석역,경춘선,상행,14,3,7,25.7
gyeongchun-1319,마석역,경춘선,상행,15,2,7,25.7
gyeongchun-1319,마석역,경춘선,상행,16,2,8,22.5
gyeongchun-1319,마석역,경춘선,상행,17,4,10,18.0
gyeongchun-1319,마석역,경춘선,상행,18,4,11,16.4
gyeongchun-1319,마석역,경춘선,상행,19,3,10,18.0
gyeongchun-1319,마석역,경춘선,상행,20,3,9,20.0
gyeongchun-1319,마석역,경춘선,상행,21,3,10,18.0
gyeongchun-1319,마석역,경춘선,상행,22,4,10,18.0
gyeongchun-1319,마석역,경춘선,상행,23,3,8,22.5
gyeongchun-1319,마석역,경춘선,상행,24,1,4,45.0
gyeongchun-1319,마석역,경춘선,하행,5,2,5,36.0
gyeongchun-1319,마석역,경춘선,하행,6,3,8,22.5
gyeongchun-1319,마석역,경춘선,하행,7,3,9,20.0
gyeongchun-1319,마석역,경춘선,하행,8,3,9,20.0
gyeongchun-1319,마석역,경춘선,하행,9,3,8,22.5
gyeongchun-1319,마석역,경춘선,하행,10,2,8,22.5
gyeongchun-1319,마석역,경춘선,하행,11,3,7,25.7
gyeongchun-1319,마석역,경춘선,하행,12,2,8,22.5
gyeongchun-1319,마석역,경춘선,하행,13,3,7,25.7
gyeongchun-1319,마석역,경춘선,하행,14,2,9,20.0
gyeongchun-1319,마석역,경춘선,하행,15,4,8,22.5
gyeongchun-1319,마석역,경춘선,하행,16,2,8,22.5
gyeongchun-1319,마석역,경춘선,하행,17,2,7,25.7
gyeongchun-1319,마석역,경춘선,하행,18,3,9,20.0
gyeongchun-1319,마석역,경춘선,하행,19,4,10,18.0
gyeongchun-1319,마석역,경춘선,하행,20,3,10,18.0
gyeongchun-1319,마석역,경춘선,하행,21,3,9,20.0
gyeongchun-1319,마석역,경춘선,하행,22,3,8,22.5
gyeongchun-1319,마석역,경춘선,하행,23,2,5,36.0
gyeongchun-1320,대성리역,경춘선,상행,5,1,3,60.0
gyeongchun-1320,대성리역,경춘선,상행,6,2,6,30.0
gyeongchun-1320,대성리역,경춘선,상행,7,3,7,25.7
gyeongchun-1320,대성리역,경춘선,상행,8,2,8,22.5
gyeongchun-1320,대성리역,경춘선,상행,9,3,8,22.5
gyeongchun-1320,대성리역,경춘선,상행,10,3,8,22.5
gyeongchun-1320,대성리역,경춘선,상행,11,2,8,22.5
gyeongchun-1320,대성리역,경춘선,상행,12,3,7,25.7
gyeongchun-1320,대성리역,경춘선,상행,13,2,8,22.5
gyeongchun-1320,대성리역,경춘선,상행,14,3,8,22.5
gyeongchun-1320,대성리역,경춘선,상행,15,3,8,22.5
gyeongchun-1320,대성리역,경춘선,상행,16,2,8,22.5
gyeongchun-1320,대성리역,경춘선,상행,17,3,7,25.7
gyeongchun-1320,대성리역,경춘선,상행,18,2,7,25.7
gyeongchun-1320,대성리역,경춘선,상행,19,2,7,25.7
gyeongchun-1320,대성리역,경춘선,상행,20,3,8,22.5
gyeongchun-1320,대성리역,경춘선,상행,21,3,9,20.0
gyeongchun-1320,대성리역,경춘선,상행,22,3,9,20.0
gyeongchun-1320,대성리역,경춘선,상행,23,3,7,25.7
gyeongchun-1320,대성리역,경춘선,상행,24,1,4,45.0
gyeongchun-1320,대성리역,경춘선,하행,5,2,5,36.0
gyeongchun-1320,대성리역,경춘선,하행,6,3,7,25.7
gyeongchun-1320,대성리역,경춘선,하행,7,2,9,20.0
gyeongchun-1320,대성리역,경춘선,하행,8,4,7,25.7
gyeongchun-1320,대성리역,경춘선,하행,9,1,8,22.5
gyeongchun-1320,대성리역,경춘선,하행,10,3,7,25.7
gyeongchun-1320,대성리역,경춘선,하행,11,3,8,22.5
gyeongchun-1320,대성리역,경춘선,하행,12,2,8,22.5
gyeongchun-1320,대성리역,경춘선,하행,13,3,7,25.7
gyeongchun-1320,대성리역,경춘선,하행,14,2,9,20.0
gyeongchun-1320,대성리역,경춘선,하행,15,4,8,22.5
gyeongchun-1320,대성리역,경춘선,하행,16,2,8,22.5
gyeongchun-1320,대성리역,경춘선,하행,17,2,6,30.0
gyeongchun-1320,대성리역,경춘선,하행,18,2,8,22.5
gyeongchun-1320,대성리역,경춘선,하행,19,4,9,20.0
gyeongchun-1320,대성리역,경춘선,하행,20,3,9,20.0
gyeongchun-1320,대성리역,경춘선,하행,21,2,8,22.5
gyeongchun-1320,대성리역,경춘선,하행,22,3,7,25.7
gyeongchun-1320,대성리역,경춘선,하행,23,2,5,36.0
gyeongchun-1321,청평역,경춘선,상행,5,1,4,45.0
gyeongchun-1321,청평역,경춘선,상행,6,3,7,25.7
gyeongchun-1321,청평역,경춘선,상행,7,3,9,20.0
gyeongchun-1321,청평역,경춘선,상행,8,3,8,22.5
gyeongchun-1321,청평역,경춘선,상행,9,2,8,22.5
gyeongchun-1321,청평역,경춘선,상행,10,3,7,25.7
gyeongchun-1321,청평역,경춘선,상행,11,2,9,20.0
gyeongchun-1321,청평역,경춘선,상행,12,4,8,22.5
gyeongchun-1321,청평역,경춘선,상행,13,2,8,22.5
gyeongchun-1321,청평역,경춘선,상행,14,2,7,25.7
gyeongchun-1321,청평역,경춘선,상행,15,3,7,25.7
gyeongchun-1321,청평역,경춘선,상행,16,2,8,22.5
gyeongchun-1321,청평역,경춘선,상행,17,3,8,22.5
gyeongchun-1321,청평역,경춘선,상행,18,3,8,22.5
gyeongchun-1321,청평역,경춘선,상행,19,2,8,22.5
gyeongchun-1321,청평역,경춘선,상행,20,3,8,22.5
gyeongchun-1321,청평역,경춘선,상행,21,3,10,18.0
gyeongchun-1321,청평역,경춘선,상행,22,4,9,20.0
gyeongchun-1321,청평역,경춘선,상행,23,2,7,25.7
gyeongchun-1321,청평역,경춘선,상행,24,1,3,60.0
gyeongchun-1321,청평역,경춘선,하행,5,2,4,45.0
gyeongchun-1321,청평역,경춘선,하행,6,2,7,25.7
gyeongchun-1321,청평역,경춘선,하행,7,3,8,22.5
gyeongchun-1321,청평역,경춘선,하행,8,3,9,20.0
gyeongchun-1321,청평역,경춘선,하행,9,3,8,22.5
gyeongchun-1321,청평역,경춘선,하행,10,2,8,22.5
gyeongchun-1321,청평역,경춘선,하행,11,3,8,22.5
gyeongchun-1321,청평역,경춘선,하행,12,3,8,22.5
gyeongchun-1321,청평역,경춘선,하행,13,2,8,22.5
gyeongchun-1321,청평역,경춘선,하행,14,3,8,22.5
gyeongchun-1321,청평역,경춘선,하행,15,3,9,20.0
gyeongchun-1321,청평역,경춘선,하행,16,3,8,22.5
gyeongchun-1321,청평역,경춘선,하행,17,2,7,25.7
gyeongchun-1321,청평역,경춘선,하행,18,2,9,20.0
gyeongchun-1321,청평역,경춘선,하행,19,5,10,18.0
gyeongchun-1321,청평역,경춘선,하행,20,3,10,18.0
gyeongchun-1321,청평역,경춘선,하행,21,2,8,22.5
gyeongchun-1321,청평역,경춘선,하행,22,3,7,25.7
gyeongchun-1321,청평역,경춘선,하행,23,2,6,30.0
gyeongchun-1321,청평역,경춘선,하행,24,1,3,60.0
gyeongchun-1322,상천역,경춘선,상행,5,1,4,45.0
gyeongchun-1322,상천역,경춘선,상행,6,3,7,25.7
gyeongchun-1322,상천역,경춘선,상행,7,3,8,22.5
gyeongchun-1322,상천역,경춘선,상행,8,2,7,25.7
gyeongchun-1322,상천역,경춘선,상행,9,2,7,25.7
gyeongchun-1322,상천역,경춘선,상행,10,3,8,22.5
gyeongchun-1322,상천역,경춘선,상행,11,3,9,20.0
gyeongchun-1322,상천역,경춘선,상행,12,3,8,22.5
gyeongchun-1322,상천역,경춘선,상행,13,2,7,25.7
gyeongchun-1322,상천역,경춘선,상행,14,2,7,25.7
gyeongchun-1322,상천역,경춘선,상행,15,3,7,25.7
gyeongchun-1322,상천역,경춘선,상행,16,2,8,22.5
gyeongchun-1322,상천역,경춘선,상행,17,3,8,22.5
gyeongchun-1322,상천역,경춘선,상행,18,3,8,22.5
gyeongchun-1322,상천역,경춘선,상행,19,2,7,25.7
gyeongchun-1322,상천역,경춘선,상행,20,2,7,25.7
gyeongchun-1322,상천역,경춘선,상행,21,3,9,20.0
gyeongchun-1322,상천역,경춘선,상행,22,4,9,20.0
gyeongchun-1322,상천역,경춘선,상행,23,2,7,25.7
gyeongchun-1322,상천역,경춘선,상행,24,1,3,60.0
gyeongchun-1322,상천역,경춘선,하행,5,2,4,45.0
gyeongchun-1322,상천역,경춘선,하행,6,2,7,25.7
gyeongchun-1322,상천역,경춘선,하행,7,3,7,25.7
gyeongchun-1322,상천역,경춘선,하행,8,2,8,22.5
gyeongchun-1322,상천역,경춘선,하행,9,3,7,25.7
gyeongchun-1322,상천역,경춘선,하행,10,2,8,22.5
gyeongchun-1322,상천역,경춘선,하행,11,3,8,22.5
gyeongchun-1322,상천역,경춘선,하행,12,3,8,22.5
gyeongchun-1322,상천역,경춘선,하행,13,2,7,25.7
gyeongchun-1322,상천역,경춘선,하행,14,2,8,22.5
gyeongchun-1322,상천역,경춘선,하행,15,4,9,20.0
gyeongchun-1322,상천역,경춘선,하행,16,3,8,22.5
gyeongchun-1322,상천역,경춘선,하행,17,1,7,25.7
gyeongchun-1322,상천역,경춘선,하행,18,3,7,25.7
gyeongchun-1322,상천역,경춘선,하행,19,3,9,20.0
gyeongchun-1322,상천역,경춘선,하행,20,3,9,20.0
gyeongchun-1322,상천역,경춘선,하행,21,3,8,22.5
gyeongchun-1322,상천역,경춘선,하행,22,2,7,25.7
gyeongchun-1322,상천역,경춘선,하행,23,2,5,36.0
gyeongchun-1322,상천역,경춘선,하행,24,1,3,60.0
gyeongchun-1323,가평역,경춘선,상행,5,2,5,36.0
gyeongchun-1323,가평역,경춘선,상행,6,3,8,22.5
gyeongchun-1323,가평역,경춘선,상행,7,3,8,22.5
gyeongchun-1323,가평역,경춘선,상행,8,2,8,22.5
gyeongchun-1323,가평역,경춘선,상행,9,3,8,22.5
gyeongchun-1323,가평역,경춘선,상행,10,3,8,22.5
gyeongchun-1323,가평역,경춘선,상행,11,2,8,22.5
gyeongchun-1323,가평역,경춘선,상행,12,3,7,25.7
gyeongchun-1323,가평역,경춘선,상행,13,2,8,22.5
gyeongchun-1323,가평역,경춘선,상행,14,3,7,25.7
gyeongchun-1323,가평역,경춘선,상행,15,2,8,22.5
gyeongchun-1323,가평역,경춘선,상행,16,3,8,22.5
gyeongchun-1323,가평역,경춘선,상행,17,3,8,22.5
gyeongchun-1323,가평역,경춘선,상행,18,2,7,25.7
gyeongchun-1323,가평역,경춘선,상행,19,2,8,22.5
gyeongchun-1323,가평역,경춘선,상행,20,4,9,20.0
gyeongchun-1323,가평역,경춘선,상행,21,3,10,18.0
gyeongchun-1323,가평역,경춘선,상행,22,3,9,20.0
gyeongchun-1323,가평역,경춘선,상행,23,3,6,30.0
gyeongchun-1323,가평역,경춘선,하행,5,1,4,45.0
gyeongchun-1323,가평역,경춘선,하행,6,3,7,25.7
gyeongchun-1323,가평역,경춘선,하행,7,3,8,22.5
gyeongchun-1323,가평역,경춘선,하행,8,2,9,20.0
gyeongchun-1323,가평역,경춘선,하행,9,4,8,22.5
gyeongchun-1323,가평역,경춘선,하행,10,2,9,20.0
gyeongchun-1323,가평역,경춘선,하행,11,3,7,25.7
gyeongchun-1323,가평역,경춘선,하행,12,2,8,22.5
gyeongchun-1323,가평역,경춘선,하행,13,3,7,25.7
gyeongchun-1323,가평역,경춘선,하행,14,2,9,20.0
gyeongchun-1323,가평역,경춘선,하행,15,4,8,22.5
gyeongchun-1323,가평역,경춘선,하행,16,2,8,22.5
gyeongchun-1323,가평역,경춘선,하행,17,2,6,30.0
gyeongchun-1323,가평역,경춘선,하행,18,2,9,20.0
gyeongchun-1323,가평역,경춘선,하행,19,5,10,18.0
gyeongchun-1323,가평역,경춘선,하행,20,3,11,16.4
gyeongchun-1323,가평역,경춘선,하행,21,3,9,20.0
gyeongchun-1323,가평역,경춘선,하행,22,3,8,22.5
gyeongchun-1323,가평역,경춘선,하행,23,2,6,30.0
gyeongchun-1323,가평역,경춘선,하행,24,1,3,60.0
gyeongwon-1014,청량리역,경춘선,하행,6,1,2,90.0
gyeongwon-1014,청량리역,경춘선,하행,7,1,3,60.0
gyeongwon-1014,청량리역,경춘선,하행,8,1,3,60.0
gyeongwon-1014,청량리역,경춘선,하행,9,1,4,45.0
gyeongwon-1014,청량리역,경춘선,하행,10,2,3,60.0
gyeongwon-1014,청량리역,경춘선,하행,14,1,1,180.0
gyeongwon-1014,청량리역,경춘선,하행,17,1,2,90.0
gyeongwon-1014,청량리역,경춘선,하행,18,1,3,60.0
gyeongwon-1014,청량리역,경춘선,하행,19,1,2,90.0
gyeongwon-1014,청량리역,경춘선,하행,21,1,2,90.0
gyeongwon-1014,청량리역,경춘선,하행,22,1,3,60.0
gyeongwon-1014,청량리역,경춘선,하행,23,1,2,90.0
gyeongwon-1015,회기역,경춘선,상행,6,2,3,60.0
gyeongwon-1015,회기역,경춘선,상행,7,1,3,60.0
gyeongwon-1015,회기역,경춘선,상행,9,2,3,60.0
gyeongwon-1015,회기역,경춘선,상행,10,1,3,60.0
gyeongwon-1015,회기역,경춘선,상행,13,1,1,180.0
gyeongwon-1015,회기역,경춘선,상행,16,1,1,180.0
gyeongwon-1015,회기역,경춘선,상행,18,1,1,180.0
gyeongwon-1015,회기역,경춘선,상행,21,2,2,90.0
gyeongwon-1015,회기역,경춘선,상행,23,1,1,180.0
gyeongwon-1015,회기역,경춘선,하행,6,1,2,90.0
gyeongwon-1015,회기역,경춘선,하행,7,1,3,60.0
gyeongwon-1015,회기역,경춘선,하행,8,1,3,60.0
gyeongwon-1015,회기역,경춘선,하행,9,1,4,45.0
gyeongwon-1015,회기역,경춘선,하행,10,2,3,60.0
gyeongwon-1015,회기역,경춘선,하행,14,1,1,180.0
gyeongwon-1015,회기역,경춘선,하행,17,1,2,90.0
gyeongwon-1015,회기역,경춘선,하행,18,1,3,60.0
gyeongwon-1015,회기역,경춘선,하행,19,1,2,90.0
gyeongwon-1015,회기역,경춘선,하행,21,1,2,90.0
gyeongwon-1015,회기역,경춘선,하행,22,1,3,60.0
gyeongwon-1015,회기역,경춘선,하행,23,1,2,90.0
arex-A01,서울,공항철도,하행,5,3,10,18.0
arex-A01,서울,공항철도,하행,6,7,19,9.5
arex-A01,서울,공항철도,하행,7,9,28,6.4
arex-A01,서울,공항철도,하행,8,12,30,6.0
arex-A01,서울,공항철도,하행,9,9,29,6.2
arex-A01,서울,공항철도,하행,10,8,26,6.9
arex-A01,서울,공항철도,하행,11,9,25,7.2
arex-A01,서울,공항철도,하행,12,8,25,7.2
arex-A01,서울,공항철도,하행,13,8,24,7.5
arex-A01,서울,공항철도,하행,14,8,24,7.5
arex-A01,서울,공항철도,하행,15,8,24,7.5
arex-A01,서울,공항철도,하행,16,8,24,7.5
arex-A01,서울,공항철도,하행,17,8,26,6.9
arex-A01,서울,공항철도,하행,18,10,27,6.7
arex-A01,서울,공항철도,하행,19,9,28,6.4
arex-A01,서울,공항철도,하행,20,9,26,6.9
arex-A01,서울,공항철도,하행,21,8,23,7.8
arex-A01,서울,공항철도,하행,22,6,20,9.0
arex-A01,서울,공항철도,하행,23,6,13,13.8
arex-A01,서울,공항철도,하행,24,1,7,25.7
arex-A02,공덕,공항철도,상행,5,2,10,18.0
arex-A02,공덕,공항철도,상행,6,8,19,9.5
arex-A02,공덕,공항철도,상행,7,9,28,6.4
arex-A02,공덕,공항철도,상행,8,11,29,6.2
arex-A02,공덕,공항철도,상행,9,9,29,6.2
arex-A02,공덕,공항철도,상행,10,9,26,6.9
arex-A02,공덕,공항철도,상행,11,8,26,6.9
arex-A02,공덕,공항철도,상행,12,9,25,7.2
arex-A02,공덕,공항철도,상행,13,8,25,7.2
arex-A02,공덕,공항철도,상행,14,8,23,7.8
arex-A02,공덕,공항철도,상행,15,7,24,7.5
arex-A02,공덕,공항철도,상행,16,9,25,7.2
arex-A02,공덕,공항철도,상행,17,9,27,6.7
arex-A02,공덕,공항철도,상행,18,9,27,6.7
arex-A02,공덕,공항철도,상행,19,9,27,6.7
arex-A02,공덕,공항철도,상행,20,9,26,6.9
arex-A02,공덕,공항철도,상행,21,8,22,8.2
arex-A02,공덕,공항철도,상행,22,5,20,9.0
arex-A02,공덕,공항철도,상행,23,7,14,12.9
arex-A02,공덕,공항철도,상행,24,2,9,20.0
arex-A02,공덕,공항철도,하행,5,3,9,20.0
arex-A02,공덕,공항철도,하행,6,6,19,9.5
arex-A02,공덕,공항철도,하행,7,10,27,6.7
arex-A02,공덕,공항철도,하행,8,11,30,6.0
arex-A02,공덕,공항철도,하행,9,9,28,6.4
arex-A02,공덕,공항철도,하행,10,8,26,6.9
arex-A02,공덕,공항철도,하행,11,9,25,7.2
arex-A02,공덕,공항철도,하행,12,8,25,7.2
arex-A02,공덕,공항철도,하행,13,8,24,7.5
arex-A02,공덕,공항철도,하행,14,8,24,7.5
arex-A02,공덕,공항철도,하행,15,8,25,7.2
arex-A02,공덕,공항철도,하행,16,9,25,7.2
arex-A02,공덕,공항철도,하행,17,8,27,6.7
arex-A02,공덕,공항철도,하행,18,10,26,6.9
arex-A02,공덕,공항철도,하행,19,8,27,6.7
arex-A02,공덕,공항철도,하행,20,9,25,7.2
arex-A02,공덕,공항철도,하행,21,8,23,7.8
arex-A02,공덕,공항철도,하행,22,6,21,8.6
arex-A02,공덕,공항철도,하행,23,7,14,12.9
arex-A02,공덕,공항철도,하행,24,1,8,22.5
arex-A03,홍대입구,공항철도,상행,5,3,10,18.0
arex-A03,홍대입구,공항철도,상행,6,7,20,9.0
arex-A03,홍대입구,공항철도,상행,7,10,28,6.4
arex-A03,홍대입구,공항철도,상행,8,11,30,6.0
arex-A03,홍대입구,공항철도,상행,9,9,28,6.4
arex-A03,홍대입구,공항철도,상행,10,8,26,6.9
arex-A03,홍대입구,공항철도,상행,11,9,25,7.2
arex-A03,홍대입구,공항철도,상행,12,8,25,7.2
arex-A03,홍대입구,공항철도,상행,13,8,24,7.5
arex-A03,홍대입구,공항철도,상행,14,8,23,7.8
arex-A03,홍대입구,공항철도,상행,15,7,25,7.2
arex-A03,홍대입구,공항철도,상행,16,10,25,7.2
arex-A03,홍대입구,공항철도,상행,17,8,27,6.7
arex-A03,홍대입구,공항철도,상행,18,9,26,6.9
arex-A03,홍대입구,공항철도,상행,19,9,27,6.7
arex-A03,홍대입구,공항철도,상행,20,9,26,6.9
arex-A03,홍대입구,공항철도,상행,21,8,23,7.8
arex-A03,홍대입구,공항철도,상행,22,6,20,9.0
arex-A03,홍대입구,공항철도,상행,23,6,14,12.9
arex-A03,홍대입구,공항철도,상행,24,2,8,22.5
arex-A03,홍대입구,공항철도,하행,5,3,9,20.0
arex-A03,홍대입구,공항철도,하행,6,6,18,10.0
arex-A03,홍대입구,공항철도,하행,7,9,26,6.9
arex-A03,홍대입구,공항철도,하행,8,11,29,6.2
arex-A03,홍대입구,공항철도,하행,9,9,28,6.4
arex-A03,홍대입구,공항철도,하행,10,8,27,6.7
arex-A03,홍대입구,공항철도,하행,11,10,25,7.2
arex-A03,홍대입구,공항철도,하행,12,7,26,6.9
arex-A03,홍대입구,공항철도,하행,13,9,23,7.8
arex-A03,홍대입구,공항철도,하행,14,7,25,7.2
arex-A03,홍대입구,공항철도,하행,15,9,24,7.5
arex-A03,홍대입구,공항철도,하행,16,8,25,7.2
arex-A03,홍대입구,공항철도,하행,17,8,26,6.9
arex-A03,홍대입구,공항철도,하행,18,10,27,6.7
arex-A03,홍대입구,공항철도,하행,19,9,28,6.4
arex-A03,홍대입구,공항철도,하행,20,9,26,6.9
arex-A03,홍대입구,공항철도,하행,21,8,23,7.8
arex-A03,홍대입구,공항철도,하행,22,6,21,8.6
arex-A03,홍대입구,공항철도,하행,23,7,14,12.9
arex-A03,홍대입구,공항철도,하행,24,1,8,22.5
arex-A04,디지털미디어시티,공항철도,상행,5,3,11,16.4
arex-A04,디지털미디어시티,공항철도,상행,6,8,21,8.6
arex-A04,디지털미디어시티,공항철도,상행,7,10,28,6.4
arex-A04,디지털미디어시티,공항철도,상행,8,10,29,6.2
arex-A04,디지털미디어시티,공항철도,상행,9,9,28,6.4
arex-A04,디지털미디어시티,공항철도,상행,10,9,26,6.9
arex-A04,디지털미디어시티,공항철도,상행,11,8,26,6.9
arex-A04,디지털미디어시티,공항철도,상행,12,9,25,7.2
arex-A04,디지털미디어시티,공항철도,상행,13,8,25,7.2
arex-A04,디지털미디어시티,공항철도,상행,14,8,23,7.8
arex-A04,디지털미디어시티,공항철도,상행,15,7,24,7.5
arex-A04,디지털미디어시티,공항철도,상행,16,9,25,7.2
arex-A04,디지털미디어시티,공항철도,상행,17,9,27,6.7
arex-A04,디지털미디어시티,공항철도,상행,18,9,27,6.7
arex-A04,디지털미디어시티,공항철도,상행,19,9,26,6.9
arex-A04,디지털미디어시티,공항철도,상행,20,8,25,7.2
arex-A04,디지털미디어시티,공항철도,상행,21,8,22,8.2
arex-A04,디지털미디어시티,공항철도,상행,22,6,20,9.0
arex-A04,디지털미디어시티,공항철도,상행,23,6,14,12.9
arex-A04,디지털미디어시티,공항철도,상행,24,2,8,22.5
arex-A04,디지털미디어시티,공항철도,하행,5,2,8,22.5
arex-A04,디지털미디어시티,공항철도,하행,6,6,18,10.0
arex-A04,디지털미디어시티,공항철도,하행,7,10,26,6.9
arex-A04,디지털미디어시티,공항철도,하행,8,10,29,6.2
arex-A04,디지털미디어시티,공항철도,하행,9,9,28,6.4
arex-A04,디지털미디어시티,공항철도,하행,10,9,27,6.7
arex-A04,디지털미디어시티,공항철도,하행,11,9,26,6.9
arex-A04,디지털미디어시티,공항철도,하행,12,8,25,7.2
arex-A04,디지털미디어시티,공항철도,하행,13,8,24,7.5
arex-A04,디지털미디어시티,공항철도,하행,14,8,24,7.5
arex-A04,디지털미디어시티,공항철도,하행,15,8,24,7.5
arex-A04,디지털미디어시티,공항철도,하행,16,8,25,7.2
arex-A04,디지털미디어시티,공항철도,하행,17,9,27,6.7
arex-A04,디지털미디어시티,공항철도,하행,18,10,27,6.7
arex-A04,디지털미디어시티,공항철도,하행,19,8,27,6.7
arex-A04,디지털미디어시티,공항철도,하행,20,9,25,7.2
arex-A04,디지털미디어시티,공항철도,하행,21,8,24,7.5
arex-A04,디지털미디어시티,공항철도,하행,22,7,21,8.6
arex-A04,디지털미디어시티,공항철도,하행,23,6,15,12.0
arex-A04,디지털미디어시티,공항철도,하행,24,2,8,22.5
arex-A042,마곡나루,공항철도,상행,5,2,11,16.4
arex-A042,마곡나루,공항철도,상행,6,9,20,9.0
arex-A042,마곡나루,공항철도,상행,7,9,28,6.4
arex-A042,마곡나루,공항철도,상행,8,10,28,6.4
arex-A042,마곡나루,공항철도,상행,9,9,28,6.4
arex-A042,마곡나루,공항철도,상행,10,9,26,6.9
arex-A042,마곡나루,공항철도,상행,11,8,25,7.2
arex-A042,마곡나루,공항철도,상행,12,8,25,7.2
arex-A042,마곡나루,공항철도,상행,13,9,24,7.5
arex-A042,마곡나루,공항철도,상행,14,7,24,7.5
arex-A042,마곡나루,공항철도,상행,15,8,24,7.5
arex-A042,마곡나루,공항철도,상행,16,9,26,6.9
arex-A042,마곡나루,공항철도,상행,17,9,27,6.7
arex-A042,마곡나루,공항철도,상행,18,9,27,6.7
arex-A042,마곡나루,공항철도,상행,19,9,27,6.7
arex-A042,마곡나루,공항철도,상행,20,9,25,7.2
arex-A042,마곡나루,공항철도,상행,21,7,22,8.2
arex-A042,마곡나루,공항철도,상행,22,6,18,10.0
arex-A042,마곡나루,공항철도,상행,23,5,14,12.9
arex-A042,마곡나루,공항철도,상행,24,3,8,22.5
arex-A042,마곡나루,공항철도,하행,5,2,7,25.7
arex-A042,마곡나루,공항철도,하행,6,5,17,10.6
arex-A042,마곡나루,공항철도,하행,7,10,25,7.2
arex-A042,마곡나루,공항철도,하행,8,10,29,6.2
arex-A042,마곡나루,공항철도,하행,9,9,28,6.4
arex-A042,마곡나루,공항철도,하행,10,9,27,6.7
arex-A042,마곡나루,공항철도,하행,11,9,26,6.9
arex-A042,마곡나루,공항철도,하행,12,8,25,7.2
arex-A042,마곡나루,공항철도,하행,13,8,24,7.5
arex-A042,마곡나루,공항철도,하행,14,8,24,7.5
arex-A042,마곡나루,공항철도,하행,15,8,25,7.2
arex-A042,마곡나루,공항철도,하행,16,9,25,7.2
arex-A042,마곡나루,공항철도,하행,17,8,27,6.7
arex-A042,마곡나루,공항철도,하행,18,10,26,6.9
arex-A042,마곡나루,공항철도,하행,19,8,27,6.7
arex-A042,마곡나루,공항철도,하행,20,9,25,7.2
arex-A042,마곡나루,공항철도,하행,21,8,24,7.5
arex-A042,마곡나루,공항철도,하행,22,7,22,8.2
arex-A042,마곡나루,공항철도,하행,23,7,16,11.2
arex-A042,마곡나루,공항철도,하행,24,2,9,20.0
arex-A05,김포공항,공항철도,상행,5,2,11,16.4
arex-A05,김포공항,공항철도,상행,6,9,21,8.6
arex-A05,김포공항,공항철도,상행,7,10,29,6.2
arex-A05,김포공항,공항철도,상행,8,10,28,6.4
arex-A05,김포공항,공항철도,상행,9,8,27,6.7
arex-A05,김포공항,공항철도,상행,10,9,26,6.9
arex-A05,김포공항,공항철도,상행,11,9,26,6.9
arex-A05,김포공항,공항철도,상행,12,8,25,7.2
arex-A05,김포공항,공항철도,상행,13,8,24,7.5
arex-A05,김포공항,공항철도,상행,14,8,24,7.5
arex-A05,김포공항,공항철도,상행,15,8,25,7.2
arex-A05,김포공항,공항철도,상행,16,9,26,6.9
arex-A05,김포공항,공항철도,상행,17,9,26,6.9
arex-A05,김포공항,공항철도,상행,18,8,26,6.9
arex-A05,김포공항,공항철도,상행,19,9,26,6.9
arex-A05,김포공항,공항철도,상행,20,9,25,7.2
arex-A05,김포공항,공항철도,상행,21,7,22,8.2
arex-A05,김포공항,공항철도,상행,22,6,19,9.5
arex-A05,김포공항,공항철도,상행,23,6,14,12.9
arex-A05,김포공항,공항철도,상행,24,2,8,22.5
arex-A05,김포공항,공항철도,하행,5,1,7,25.7
arex-A05,김포공항,공항철도,하행,6,6,16,11.2
arex-A05,김포공항,공항철도,하행,7,9,26,6.9
arex-A05,김포공항,공항철도,하행,8,11,29,6.2
arex-A05,김포공항,공항철도,하행,9,9,28,6.4
arex-A05,김포공항,공항철도,하행,10,8,26,6.9
arex-A05,김포공항,공항철도,하행,11,9,25,7.2
arex-A05,김포공항,공항철도,하행,12,8,26,6.9
arex-A05,김포공항,공항철도,하행,13,9,25,7.2
arex-A05,김포공항,공항철도,하행,14,8,25,7.2
arex-A05,김포공항,공항철도,하행,15,8,24,7.5
arex-A05,김포공항,공항철도,하행,16,8,24,7.5
arex-A05,김포공항,공항철도,하행,17,8,26,6.9
arex-A05,김포공항,공항철도,하행,18,10,27,6.7
arex-A05,김포공항,공항철도,하행,19,9,28,6.4
arex-A05,김포공항,공항철도,하행,20,9,26,6.9
arex-A05,김포공항,공항철도,하행,21,8,24,7.5
arex-A05,김포공항,공항철도,하행,22,7,21,8.6
arex-A05,김포공항,공항철도,하행,23,6,16,11.2
arex-A05,김포공항,공항철도,하행,24,3,9,20.0
gimpogold-G100,양촌역,김포골드라인,하행,5,5,17,10.6
gimpogold-G100,양촌역,김포골드라인,하행,6,12,28,6.4
gimpogold-G100,양촌역,김포골드라인,하행,7,11,27,6.7
gimpogold-G100,양촌역,김포골드라인,하행,8,4,19,9.5
gimpogold-G100,양촌역,김포골드라인,하행,9,4,11,16.4
gimpogold-G100,양촌역,김포골드라인,하행,10,3,10,18.0
gimpogold-G100,양촌역,김포골드라인,하행,11,3,10,18.0
gimpogold-G100,양촌역,김포골드라인,하행,12,4,10,18.0
gimpogold-G100,양촌역,김포골드라인,하행,13,3,10,18.0
gimpogold-G100,양촌역,김포골드라인,하행,14,3,10,18.0
gimpogold-G100,양촌역,김포골드라인,하행,15,4,13,13.8
gimpogold-G100,양촌역,김포골드라인,하행,16,6,24,7.5
gimpogold-G100,양촌역,김포골드라인,하행,17,14,25,7.2
gimpogold-G100,양촌역,김포골드라인,하행,18,5,23,7.8
gimpogold-G100,양촌역,김포골드라인,하행,19,4,13,13.8
gimpogold-G100,양촌역,김포골드라인,하행,20,4,11,16.4
gimpogold-G100,양촌역,김포골드라인,하행,21,3,10,18.0
gimpogold-G100,양촌역,김포골드라인,하행,22,3,8,22.5
gimpogold-G100,양촌역,김포골드라인,하행,23,2,7,25.7
gimpogold-G100,양촌역,김포골드라인,하행,24,2,4,45.0
gimpogold-G101,구래역,김포골드라인,상행,6,4,8,22.5
gimpogold-G101,구래역,김포골드라인,상행,7,4,15,12.0
gimpogold-G101,구래역,김포골드라인,상행,8,7,26,6.9
gimpogold-G101,구래역,김포골드라인,상행,9,15,26,6.9
gimpogold-G101,구래역,김포골드라인,상행,10,4,22,8.2
gimpogold-G101,구래역,김포골드라인,상행,11,3,10,18.0
gimpogold-G101,구래역,김포골드라인,상행,12,3,10,18.0
gimpogold-G101,구래역,김포골드라인,상행,13,4,10,18.0
gimpogold-G101,구래역,김포골드라인,상행,14,3,10,18.0
gimpogold-G101,구래역,김포골드라인,상행,15,3,10,18.0
gimpogold-G101,구래역,김포골드라인,상행,16,4,10,18.0
gimpogold-G101,구래역,김포골드라인,상행,17,3,12,15.0
gimpogold-G101,구래역,김포골드라인,상행,18,5,12,15.0
gimpogold-G101,구래역,김포골드라인,상행,19,4,24,7.5
gimpogold-G101,구래역,김포골드라인,상행,20,15,25,7.2
gimpogold-G101,구래역,김포골드라인,상행,21,6,25,7.2
gimpogold-G101,구래역,김포골드라인,상행,22,4,15,12.0
gimpogold-G101,구래역,김포골드라인,상행,23,5,13,13.8
gimpogold-G101,구래역,김포골드라인,상행,24,4,10,18.0
gimpogold-G101,구래역,김포골드라인,상행,25,1,5,36.0
gimpogold-G101,구래역,김포골드라인,하행,5,7,24,7.5
gimpogold-G101,구래역,김포골드라인,하행,6,17,48,3.8
gimpogold-G101,구래역,김포골드라인,하행,7,24,62,2.9
gimpogold-G101,구래역,김포골드라인,하행,8,21,55,3.3
gimpogold-G101,구래역,김포골드라인,하행,9,10,41,4.4
gimpogold-G101,구래역,김포골드라인,하행,10,10,30,6.0
gimpogold-G101,구래역,김포골드라인,하행,11,10,30,6.0
gimpogold-G101,구래역,김포골드라인,하행,12,10,30,6.0
gimpogold-G101,구래역,김포골드라인,하행,13,10,30,6.0
gimpogold-G101,구래역,김포골드라인,하행,14,10,30,6.0
gimpogold-G101,구래역,김포골드라인,하행,15,10,32,5.6
gimpogold-G101,구래역,김포골드라인,하행,16,12,45,4.0
gimpogold-G101,구래역,김포골드라인,하행,17,23,57,3.2
gimpogold-G101,구래역,김포골드라인,하행,18,22,68,2.6
gimpogold-G101,구래역,김포골드라인,하행,19,23,56,3.2
gimpogold-G101,구래역,김포골드라인,하행,20,11,44,4.1
gimpogold-G101,구래역,김포골드라인,하행,21,10,30,6.0
gimpogold-G101,구래역,김포골드라인,하행,22,9,25,7.2
gimpogold-G101,구래역,김포골드라인,하행,23,6,18,10.0
gimpogold-G101,구래역,김포골드라인,하행,24,3,9,20.0
gimpogold-G102,마산역,김포골드라인,상행,5,1,11,16.4
gimpogold-G102,마산역,김포골드라인,상행,6,10,28,6.4
gimpogold-G102,마산역,김포골드라인,상행,7,17,51,3.5
gimpogold-G102,마산역,김포골드라인,상행,8,24,62,2.9
gimpogold-G102,마산역,김포골드라인,상행,9,21,55,3.3
gimpogold-G102,마산역,김포골드라인,상행,10,10,41,4.4
gimpogold-G102,마산역,김포골드라인,상행,11,10,30,6.0
gimpogold-G102,마산역,김포골드라인,상행,12,10,30,6.0
gimpogold-G102,마산역,김포골드라인,상행,13,10,30,6.0
gimpogold-G102,마산역,김포골드라인,상행,14,10,30,6.0
gimpogold-G102,마산역,김포골드라인,상행,15,10,30,6.0
gimpogold-G102,마산역,김포골드라인,상행,16,10,32,5.6
gimpogold-G102,마산역,김포골드라인,상행,17,12,44,4.1
gimpogold-G102,마산역,김포골드라인,상행,18,22,57,3.2
gimpogold-G102,마산역,김포골드라인,상행,19,23,67,2.7
gimpogold-G102,마산역,김포골드라인,상행,20,22,57,3.2
gimpogold-G102,마산역,김포골드라인,상행,21,12,44,4.1
gimpogold-G102,마산역,김포골드라인,상행,22,10,31,5.8
gimpogold-G102,마산역,김포골드라인,상행,23,9,25,7.2
gimpogold-G102,마산역,김포골드라인,상행,24,6,15,12.0
gimpogold-G102,마산역,김포골드라인,하행,5,6,23,7.8
gimpogold-G102,마산역,김포골드라인,하행,6,17,47,3.8
gimpogold-G102,마산역,김포골드라인,하행,7,24,62,2.9
gimpogold-G102,마산역,김포골드라인,하행,8,21,55,3.3
gimpogold-G102,마산역,김포골드라인,하행,9,10,41,4.4
gimpogold-G102,마산역,김포골드라인,하행,10,10,30,6.0
gimpogold-G102,마산역,김포골드라인,하행,11,10,30,6.0
gimpogold-G102,마산역,김포골드라인,하행,12,10,30,6.0
gimpogold-G102,마산역,김포골드라인,하행,13,10,30,6.0
gimpogold-G102,마산역,김포골드라인,하행,14,10,30,6.0
gimpogold-G102,마산역,김포골드라인,하행,15,10,32,5.6
gimpogold-G102,마산역,김포골드라인,하행,16,12,44,4.1
gimpogold-G102,마산역,김포골드라인,하행,17,22,57,3.2
gimpogold-G102,마산역,김포골드라인,하행,18,23,67,2.7
gimpogold-G102,마산역,김포골드라인,하행,19,22,58,3.1
gimpogold-G102,마산역,김포골드라인,하행,20,13,45,4.0
gimpogold-G102,마산역,김포골드라인,하행,21,10,32,5.6
gimpogold-G102,마산역,김포골드라인,하행,22,9,25,7.2
gimpogold-G102,마산역,김포골드라인,하행,23,6,18,10.0
gimpogold-G102,마산역,김포골드라인,하행,24,3,9,20.0
gimpogold-G103,장기역,김포골드라인,상행,5,1,11,16.4
gimpogold-G103,장기역,김포골드라인,상행,6,10,29,6.2
gimpogold-G103,장기역,김포골드라인,상행,7,18,52,3.5
gimpogold-G103,장기역,김포골드라인,상행,8,24,63,2.9
gimpogold-G103,장기역,김포골드라인,상행,9,21,55,3.3
gimpogold-G103,장기역,김포골드라인,상행,10,10,41,4.4
gimpogold-G103,장기역,김포골드라인,상행,11,10,30,6.0
gimpogold-G103,장기역,김포골드라인,상행,12,10,30,6.0
gimpogold-G103,장기역,김포골드라인,상행,13,10,30,6.0
gimpogold-G103,장기역,김포골드라인,상행,14,10,30,6.0
gimpogold-G103,장기역,김포골드라인,상행,15,10,30,6.0
gimpogold-G103,장기역,김포골드라인,상행,16,10,32,5.6
gimpogold-G103,장기역,김포골드라인,상행,17,12,45,4.0
gimpogold-G103,장기역,김포골드라인,상행,18,23,57,3.2
gimpogold-G103,장기역,김포골드라인,상행,19,22,68,2.6
gimpogold-G103,장기역,김포골드라인,상행,20,23,56,3.2
gimpogold-G103,장기역,김포골드라인,상행,21,11,44,4.1
gimpogold-G103,장기역,김포골드라인,상행,22,10,29,6.2
gimpogold-G103,장기역,김포골드라인,상행,23,8,24,7.5
gimpogold-G103,장기역,김포골드라인,상행,24,6,14,12.9
gimpogold-G103,장기역,김포골드라인,하행,5,6,22,8.2
gimpogold-G103,장기역,김포골드라인,하행,6,16,46,3.9
gimpogold-G103,장기역,김포골드라인,하행,7,24,62,2.9
gimpogold-G103,장기역,김포골드라인,하행,8,22,57,3.2
gimpogold-G103,장기역,김포골드라인,하행,9,11,43,4.2
gimpogold-G103,장기역,김포골드라인,하행,10,10,31,5.8
gimpogold-G103,장기역,김포골드라인,하행,11,10,30,6.0
gimpogold-G103,장기역,김포골드라인,하행,12,10,30,6.0
gimpogold-G103,장기역,김포골드라인,하행,13,10,30,6.0
gimpogold-G103,장기역,김포골드라인,하행,14,10,30,6.0
gimpogold-G103,장기역,김포골드라인,하행,15,10,30,6.0
gimpogold-G103,장기역,김포골드라인,하행,16,10,43,4.2
gimpogold-G103,장기역,김포골드라인,하행,17,23,55,3.3
gimpogold-G103,장기역,김포골드라인,하행,18,22,68,2.6
gimpogold-G103,장기역,김포골드라인,하행,19,23,58,3.1
gimpogold-G103,장기역,김포골드라인,하행,20,13,46,3.9
gimpogold-G103,장기역,김포골드라인,하행,21,10,32,5.6
gimpogold-G103,장기역,김포골드라인,하행,22,9,25,7.2
gimpogold-G103,장기역,김포골드라인,하행,23,6,19,9.5
gimpogold-G103,장기역,김포골드라인,하행,24,4,10,18.0
gimpogold-G104,운양역,김포골드라인,상행,5,1,12,15.0
gimpogold-G104,운양역,김포골드라인,상행,6,11,30,6.0
gimpogold-G104,운양역,김포골드라인,상행,7,18,53,3.4
gimpogold-G104,운양역,김포골드라인,상행,8,24,62,2.9
gimpogold-G104,운양역,김포골드라인,상행,9,20,54,3.3
gimpogold-G104,운양역,김포골드라인,상행,10,10,40,4.5
gimpogold-G104,운양역,김포골드라인,상행,11,10,30,6.0
gimpogold-G104,운양역,김포골드라인,상행,12,10,30,6.0
gimpogold-G104,운양역,김포골드라인,상행,13,10,30,6.0
gimpogold-G104,운양역,김포골드라인,상행,14,10,30,6.0
gimpogold-G104,운양역,김포골드라인,상행,15,10,30,6.0
gimpogold-G104,운양역,김포골드라인,상행,16,10,33,5.5
gimpogold-G104,운양역,김포골드라인,상행,17,13,46,3.9
gimpogold-G104,운양역,김포골드라인,상행,18,23,58,3.1
gimpogold-G104,운양역,김포골드라인,상행,19,22,68,2.6
gimpogold-G104,운양역,김포골드라인,상행,20,23,55,3.3
gimpogold-G104,운양역,김포골드라인,상행,21,10,43,4.2
gimpogold-G104,운양역,김포골드라인,상행,22,10,28,6.4
gimpogold-G104,운양역,김포골드라인,상행,23,8,24,7.5
gimpogold-G104,운양역,김포골드라인,상행,24,6,14,12.9
gimpogold-G104,운양역,김포골드라인,하행,5,6,21,8.6
gimpogold-G104,운양역,김포골드라인,하행,6,15,45,4.0
gimpogold-G104,운양역,김포골드라인,하행,7,24,62,2.9
gimpogold-G104,운양역,김포골드라인,하행,8,23,57,3.2
gimpogold-G104,운양역,김포골드라인,하행,9,10,43,4.2
gimpogold-G104,운양역,김포골드라인,하행,10,10,30,6.0
gimpogold-G104,운양역,김포골드라인,하행,11,10,30,6.0
gimpogold-G104,운양역,김포골드라인,하행,12,10,30,6.0
gimpogold-G104,운양역,김포골드라인,하행,13,10,30,6.0
gimpogold-G104,운양역,김포골드라인,하행,14,10,30,6.0
gimpogold-G104,운양역,김포골드라인,하행,15,10,31,5.8
gimpogold-G104,운양역,김포골드라인,하행,16,11,43,4.2
gimpogold-G104,운양역,김포골드라인,하행,17,22,56,3.2
gimpogold-G104,운양역,김포골드라인,하행,18,23,67,2.7
gimpogold-G104,운양역,김포골드라인,하행,19,22,59,3.1
gimpogold-G104,운양역,김포골드라인,하행,20,14,46,3.9
gimpogold-G104,운양역,김포골드라인,하행,21,10,33,5.5
gimpogold-G104,운양역,김포골드라인,하행,22,9,25,7.2
gimpogold-G104,운양역,김포골드라인,하행,23,6,19,9.5
gimpogold-G104,운양역,김포골드라인,하행,24,4,10,18.0
gimpogold-G105,걸포북변역,김포골드라인,상행,5,2,13,13.8
gimpogold-G105,걸포북변역,김포골드라인,상행,6,11,32,5.6
gimpogold-G105,걸포북변역,김포골드라인,상행,7,19,54,3.3
gimpogold-G105,걸포북변역,김포골드라인,상행,8,24,62,2.9
gimpogold-G105,걸포북변역,김포골드라인,상행,9,19,53,3.4
gimpogold-G105,걸포북변역,김포골드라인,상행,10,10,39,4.6
gimpogold-G105,걸포북변역,김포골드라인,상행,11,10,30,6.0
gimpogold-G105,걸포북변역,김포골드라인,상행,12,10,30,6.0
gimpogold-G105,걸포북변역,김포골드라인,상행,13,10,30,6.0
gimpogold-G105,걸포북변역,김포골드라인,상행,14,10,30,6.0
gimpogold-G105,걸포북변역,김포골드라인,상행,15,10,30,6.0
gimpogold-G105,걸포북변역,김포골드라인,상행,16,10,34,5.3
gimpogold-G105,걸포북변역,김포골드라인,상행,17,14,46,3.9
gimpogold-G105,걸포북변역,김포골드라인,상행,18,22,59,3.1
gimpogold-G105,걸포북변역,김포골드라인,상행,19,23,67,2.7
gimpogold-G105,걸포북변역,김포골드라인,상행,20,22,55,3.3
gimpogold-G105,걸포북변역,김포골드라인,상행,21,10,42,4.3
gimpogold-G105,걸포북변역,김포골드라인,상행,22,10,28,6.4
gimpogold-G105,걸포북변역,김포골드라인,상행,23,8,23,7.8
gimpogold-G105,걸포북변역,김포골드라인,상행,24,5,13,13.8
gimpogold-G105,걸포북변역,김포골드라인,하행,5,5,19,9.5
gimpogold-G105,걸포북변역,김포골드라인,하행,6,14,43,4.2
gimpogold-G105,걸포북변역,김포골드라인,하행,7,24,62,2.9
gimpogold-G105,걸포북변역,김포골드라인,하행,8,24,59,3.1
gimpogold-G105,걸포북변역,김포골드라인,하행,9,11,45,4.0
gimpogold-G105,걸포북변역,김포골드라인,하행,10,10,31,5.8
gimpogold-G105,걸포북변역,김포골드라인,하행,11,10,30,6.0
gimpogold-G105,걸포북변역,김포골드라인,하행,12,10,30,6.0
gimpogold-G105,걸포북변역,김포골드라인,하행,13,10,30,6.0
gimpogold-G105,걸포북변역,김포골드라인,하행,14,10,30,6.0
gimpogold-G105,걸포북변역,김포골드라인,하행,15,10,30,6.0
gimpogold-G105,걸포북변역,김포골드라인,하행,16,10,41,4.4
gimpogold-G105,걸포북변역,김포골드라인,하행,17,21,54,3.3
gimpogold-G105,걸포북변역,김포골드라인,하행,18,23,66,2.7
gimpogold-G105,걸포북변역,김포골드라인,하행,19,22,60,3.0
gimpogold-G105,걸포북변역,김포골드라인,하행,20,15,47,3.8
gimpogold-G105,걸포북변역,김포골드라인,하행,21,10,34,5.3
gimpogold-G105,걸포북변역,김포골드라인,하행,22,9,25,7.2
gimpogold-G105,걸포북변역,김포골드라인,하행,23,6,20,9.0
gimpogold-G105,걸포북변역,김포골드라인,하행,24,5,11,16.4
gimpogold-G106,사우역,김포골드라인,상행,5,2,13,13.8
gimpogold-G106,사우역,김포골드라인,상행,6,11,33,5.5
gimpogold-G106,사우역,김포골드라인,상행,7,20,55,3.3
gimpogold-G106,사우역,김포골드라인,상행,8,24,62,2.9
gimpogold-G106,사우역,김포골드라인,상행,9,18,52,3.5
gimpogold-G106,사우역,김포골드라인,상행,10,10,38,4.7
gimpogold-G106,사우역,김포골드라인,상행,11,10,30,6.0
gimpogold-G106,사우역,김포골드라인,상행,12,10,30,6.0
gimpogold-G106,사우역,김포골드라인,상행,13,10,30,6.0
gimpogold-G106,사우역,김포골드라인,상행,14,10,30,6.0
gimpogold-G106,사우역,김포골드라인,상행,15,10,30,6.0
gimpogold-G106,사우역,김포골드라인,상행,16,10,35,5.1
gimpogold-G106,사우역,김포골드라인,상행,17,15,47,3.8
gimpogold-G106,사우역,김포골드라인,상행,18,22,60,3.0
gimpogold-G106,사우역,김포골드라인,상행,19,23,66,2.7
gimpogold-G106,사우역,김포골드라인,상행,20,21,54,3.3
gimpogold-G106,사우역,김포골드라인,상행,21,10,41,4.4
gimpogold-G106,사우역,김포골드라인,상행,22,10,28,6.4
gimpogold-G106,사우역,김포골드라인,상행,23,8,23,7.8
gimpogold-G106,사우역,김포골드라인,상행,24,5,13,13.8
gimpogold-G106,사우역,김포골드라인,하행,5,4,18,10.0
gimpogold-G106,사우역,김포골드라인,하행,6,14,42,4.3
gimpogold-G106,사우역,김포골드라인,하행,7,24,62,2.9
gimpogold-G106,사우역,김포골드라인,하행,8,24,59,3.1
gimpogold-G106,사우역,김포골드라인,하행,9,11,45,4.0
gimpogold-G106,사우역,김포골드라인,하행,10,10,31,5.8
gimpogold-G106,사우역,김포골드라인,하행,11,10,30,6.0
gimpogold-G106,사우역,김포골드라인,하행,12,10,30,6.0
gimpogold-G106,사우역,김포골드라인,하행,13,10,30,6.0
gimpogold-G106,사우역,김포골드라인,하행,14,10,30,6.0
gimpogold-G106,사우역,김포골드라인,하행,15,10,30,6.0
gimpogold-G106,사우역,김포골드라인,하행,16,10,41,4.4
gimpogold-G106,사우역,김포골드라인,하행,17,21,54,3.3
gimpogold-G106,사우역,김포골드라인,하행,18,23,66,2.7
gimpogold-G106,사우역,김포골드라인,하행,19,22,60,3.0
gimpogold-G106,사우역,김포골드라인,하행,20,15,47,3.8
gimpogold-G106,사우역,김포골드라인,하행,21,10,35,5.1
gimpogold-G106,사우역,김포골드라인,하행,22,10,26,6.9
gimpogold-G106,사우역,김포골드라인,하행,23,6,21,8.6
gimpogold-G106,사우역,김포골드라인,하행,24,5,11,16.4
gimpogold-G107,풍무역,김포골드라인,상행,5,3,14,12.9
gimpogold-G107,풍무역,김포골드라인,상행,6,11,34,5.3
gimpogold-G107,풍무역,김포골드라인,상행,7,20,55,3.3
gimpogold-G107,풍무역,김포골드라인,상행,8,24,62,2.9
gimpogold-G107,풍무역,김포골드라인,상행,9,18,52,3.5
gimpogold-G107,풍무역,김포골드라인,상행,10,10,38,4.7
gimpogold-G107,풍무역,김포골드라인,상행,11,10,30,6.0
gimpogold-G107,풍무역,김포골드라인,상행,12,10,30,6.0
gimpogold-G107,풍무역,김포골드라인,상행,13,10,30,6.0
gimpogold-G107,풍무역,김포골드라인,상행,14,10,30,6.0
gimpogold-G107,풍무역,김포골드라인,상행,15,10,30,6.0
gimpogold-G107,풍무역,김포골드라인,상행,16,10,35,5.1
gimpogold-G107,풍무역,김포골드라인,상행,17,15,47,3.8
gimpogold-G107,풍무역,김포골드라인,상행,18,22,60,3.0
gimpogold-G107,풍무역,김포골드라인,상행,19,23,66,2.7
gimpogold-G107,풍무역,김포골드라인,상행,20,21,54,3.3
gimpogold-G107,풍무역,김포골드라인,상행,21,10,41,4.4
gimpogold-G107,풍무역,김포골드라인,상행,22,10,27,6.7
gimpogold-G107,풍무역,김포골드라인,상행,23,7,22,8.2
gimpogold-G107,풍무역,김포골드라인,상행,24,5,12,15.0
gimpogold-G107,풍무역,김포골드라인,하행,5,4,17,10.6
gimpogold-G107,풍무역,김포골드라인,하행,6,13,41,4.4
gimpogold-G107,풍무역,김포골드라인,하행,7,24,61,3.0
gimpogold-G107,풍무역,김포골드라인,하행,8,24,60,3.0
gimpogold-G107,풍무역,김포골드라인,하행,9,12,46,3.9
gimpogold-G107,풍무역,김포골드라인,하행,10,10,32,5.6
gimpogold-G107,풍무역,김포골드라인,하행,11,10,30,6.0
gimpogold-G107,풍무역,김포골드라인,하행,12,10,30,6.0
gimpogold-G107,풍무역,김포골드라인,하행,13,10,30,6.0
gimpogold-G107,풍무역,김포골드라인,하행,14,10,30,6.0
gimpogold-G107,풍무역,김포골드라인,하행,15,10,30,6.0
gimpogold-G107,풍무역,김포골드라인,하행,16,10,40,4.5
gimpogold-G107,풍무역,김포골드라인,하행,17,20,53,3.4
gimpogold-G107,풍무역,김포골드라인,하행,18,23,65,2.8
gimpogold-G107,풍무역,김포골드라인,하행,19,22,61,3.0
gimpogold-G107,풍무역,김포골드라인,하행,20,16,48,3.8
gimpogold-G107,풍무역,김포골드라인,하행,21,10,35,5.1
gimpogold-G107,풍무역,김포골드라인,하행,22,9,26,6.9
gimpogold-G107,풍무역,김포골드라인,하행,23,7,21,8.6
gimpogold-G107,풍무역,김포골드라인,하행,24,5,12,15.0
gimpogold-G108,고촌역,김포골드라인,상행,5,3,15,12.0
gimpogold-G108,고촌역,김포골드라인,상행,6,12,36,5.0
gimpogold-G108,고촌역,김포골드라인,상행,7,21,57,3.2
gimpogold-G108,고촌역,김포골드라인,상행,8,24,61,3.0
gimpogold-G108,고촌역,김포골드라인,상행,9,16,50,3.6
gimpogold-G108,고촌역,김포골드라인,상행,10,10,36,5.0
gimpogold-G108,고촌역,김포골드라인,상행,11,10,30,6.0
gimpogold-G108,고촌역,김포골드라인,상행,12,10,30,6.0
gimpogold-G108,고촌역,김포골드라인,상행,13,10,30,6.0
gimpogold-G108,고촌역,김포골드라인,상행,14,10,30,6.0
gimpogold-G108,고촌역,김포골드라인,상행,15,10,30,6.0
gimpogold-G108,고촌역,김포골드라인,상행,16,10,37,4.9
gimpogold-G108,고촌역,김포골드라인,상행,17,17,49,3.7
gimpogold-G108,고촌역,김포골드라인,상행,18,22,62,2.9
gimpogold-G108,고촌역,김포골드라인,상행,19,23,64,2.8
gimpogold-G108,고촌역,김포골드라인,상행,20,19,52,3.5
gimpogold-G108,고촌역,김포골드라인,상행,21,10,39,4.6
gimpogold-G108,고촌역,김포골드라인,상행,22,10,28,6.4
gimpogold-G108,고촌역,김포골드라인,상행,23,8,22,8.2
gimpogold-G108,고촌역,김포골드라인,상행,24,4,12,15.0
gimpogold-G108,고촌역,김포골드라인,하행,5,3,15,12.0
gimpogold-G108,고촌역,김포골드라인,하행,6,12,39,4.6
gimpogold-G108,고촌역,김포골드라인,하행,7,24,60,3.0
gimpogold-G108,고촌역,김포골드라인,하행,8,24,61,3.0
gimpogold-G108,고촌역,김포골드라인,하행,9,13,47,3.8
gimpogold-G108,고촌역,김포골드라인,하행,10,10,33,5.5
gimpogold-G108,고촌역,김포골드라인,하행,11,10,30,6.0
gimpogold-G108,고촌역,김포골드라인,하행,12,10,30,6.0
gimpogold-G108,고촌역,김포골드라인,하행,13,10,30,6.0
gimpogold-G108,고촌역,김포골드라인,하행,14,10,30,6.0
gimpogold-G108,고촌역,김포골드라인,하행,15,10,30,6.0
gimpogold-G108,고촌역,김포골드라인,하행,16,10,40,4.5
gimpogold-G108,고촌역,김포골드라인,하행,17,20,52,3.5
gimpogold-G108,고촌역,김포골드라인,하행,18,22,65,2.8
gimpogold-G108,고촌역,김포골드라인,하행,19,23,61,3.0
gimpogold-G108,고촌역,김포골드라인,하행,20,16,49,3.7
gimpogold-G108,고촌역,김포골드라인,하행,21,10,36,5.0
gimpogold-G108,고촌역,김포골드라인,하행,22,10,27,6.7
gimpogold-G108,고촌역,김포골드라인,하행,23,7,22,8.2
gimpogold-G108,고촌역,김포골드라인,하행,24,5,12,15.0
gimpogold-G109,김포공항역,김포골드라인,상행,5,4,16,11.2
gimpogold-G109,김포공항역,김포골드라인,상행,6,12,39,4.6
gimpogold-G109,김포공항역,김포골드라인,상행,7,23,59,3.1
gimpogold-G109,김포공항역,김포골드라인,상행,8,24,61,3.0
gimpogold-G109,김포공항역,김포골드라인,상행,9,14,48,3.8
gimpogold-G109,김포공항역,김포골드라인,상행,10,10,34,5.3
gimpogold-G109,김포공항역,김포골드라인,상행,11,10,30,6.0
gimpogold-G109,김포공항역,김포골드라인,상행,12,10,30,6.0
gimpogold-G109,김포공항역,김포골드라인,상행,13,10,30,6.0
gimpogold-G109,김포공항역,김포골드라인,상행,14,10,30,6.0
gimpogold-G109,김포공항역,김포골드라인,상행,15,10,30,6.0
gimpogold-G109,김포공항역,김포골드라인,상행,16,10,38,4.7
gimpogold-G109,김포공항역,김포골드라인,상행,17,18,51,3.5
gimpogold-G109,김포공항역,김포골드라인,상행,18,23,63,2.9
gimpogold-G109,김포공항역,김포골드라인,상행,19,22,64,2.8
gimpogold-G109,김포공항역,김포골드라인,상행,20,19,51,3.5
gimpogold-G109,김포공항역,김포골드라인,상행,21,10,38,4.7
gimpogold-G109,김포공항역,김포골드라인,상행,22,9,27,6.7
gimpogold-G109,김포공항역,김포골드라인,상행,23,8,20,9.0
gimpogold-G109,김포공항역,김포골드라인,상행,24,3,11,16.4
seohae-1271,능곡역,서해선,상행,5,1,5,36.0
seohae-1271,능곡역,서해선,상행,6,4,11,16.4
seohae-1271,능곡역,서해선,상행,7,6,16,11.2
seohae-1271,능곡역,서해선,상행,8,6,18,10.0
seohae-1271,능곡역,서해선,상행,9,6,16,11.2
seohae-1271,능곡역,서해선,상행,10,4,14,12.9
seohae-1271,능곡역,서해선,상행,11,4,12,15.0
seohae-1271,능곡역,서해선,상행,12,4,12,15.0
seohae-1271,능곡역,서해선,상행,13,4,12,15.0
seohae-1271,능곡역,서해선,상행,14,4,12,15.0
seohae-1271,능곡역,서해선,상행,15,4,12,15.0
seohae-1271,능곡역,서해선,상행,16,4,14,12.9
seohae-1271,능곡역,서해선,상행,17,6,16,11.2
seohae-1271,능곡역,서해선,상행,18,6,17,10.6
seohae-1271,능곡역,서해선,상행,19,5,15,12.0
seohae-1271,능곡역,서해선,상행,20,4,13,13.8
seohae-1271,능곡역,서해선,상행,21,4,12,15.0
seohae-1271,능곡역,서해선,상행,22,4,12,15.0
seohae-1271,능곡역,서해선,상행,23,4,10,18.0
seohae-1271,능곡역,서해선,상행,24,2,6,30.0
seohae-1271,능곡역,서해선,하행,5,4,8,22.5
seohae-1271,능곡역,서해선,하행,6,4,14,12.9
seohae-1271,능곡역,서해선,하행,7,6,16,11.2
seohae-1271,능곡역,서해선,하행,8,6,17,10.6
seohae-1271,능곡역,서해선,하행,9,5,15,12.0
seohae-1271,능곡역,서해선,하행,10,4,13,13.8
seohae-1271,능곡역,서해선,하행,11,4,12,15.0
seohae-1271,능곡역,서해선,하행,12,4,12,15.0
seohae-1271,능곡역,서해선,하행,13,4,12,15.0
seohae-1271,능곡역,서해선,하행,14,4,12,15.0
seohae-1271,능곡역,서해선,하행,15,4,13,13.8
seohae-1271,능곡역,서해선,하행,16,5,14,12.9
seohae-1271,능곡역,서해선,하행,17,5,16,11.2
seohae-1271,능곡역,서해선,하행,18,6,17,10.6
seohae-1271,능곡역,서해선,하행,19,6,16,11.2
seohae-1271,능곡역,서해선,하행,20,4,14,12.9
seohae-1271,능곡역,서해선,하행,21,4,12,15.0
seohae-1271,능곡역,서해선,하행,22,4,11,16.4
seohae-1271,능곡역,서해선,하행,23,3,7,25.7
seohae-1272,곡산역,서해선,상행,6,2,3,60.0
seohae-1272,곡산역,서해선,상행,7,1,5,36.0
seohae-1272,곡산역,서해선,상행,8,2,4,45.0
seohae-1272,곡산역,서해선,상행,9,1,6,30.0
seohae-1272,곡산역,서해선,상행,10,3,6,30.0
seohae-1272,곡산역,서해선,상행,11,2,7,25.7
seohae-1272,곡산역,서해선,상행,12,2,6,30.0
seohae-1272,곡산역,서해선,상행,13,2,5,36.0
seohae-1272,곡산역,서해선,상행,14,1,5,36.0
seohae-1272,곡산역,서해선,상행,15,2,5,36.0
seohae-1272,곡산역,서해선,상행,16,2,6,30.0
seohae-1272,곡산역,서해선,상행,17,2,5,36.0
seohae-1272,곡산역,서해선,상행,18,1,4,45.0
seohae-1272,곡산역,서해선,상행,19,1,4,45.0
seohae-1272,곡산역,서해선,상행,20,2,4,45.0
seohae-1272,곡산역,서해선,상행,21,1,5,36.0
seohae-1272,곡산역,서해선,상행,22,2,4,45.0
seohae-1272,곡산역,서해선,상행,23,1,4,45.0
seohae-1272,곡산역,서해선,상행,24,1,2,90.0
seohae-1272,곡산역,서해선,하행,5,2,3,60.0
seohae-1272,곡산역,서해선,하행,6,1,4,45.0
seohae-1272,곡산역,서해선,하행,7,1,3,60.0
seohae-1272,곡산역,서해선,하행,8,1,4,45.0
seohae-1272,곡산역,서해선,하행,9,2,6,30.0
seohae-1272,곡산역,서해선,하행,10,3,7,25.7
seohae-1272,곡산역,서해선,하행,11,2,7,25.7
seohae-1272,곡산역,서해선,하행,12,2,6,30.0
seohae-1272,곡산역,서해선,하행,13,2,5,36.0
seohae-1272,곡산역,서해선,하행,14,1,5,36.0
seohae-1272,곡산역,서해선,하행,15,2,5,36.0
seohae-1272,곡산역,서해선,하행,16,2,6,30.0
seohae-1272,곡산역,서해선,하행,17,2,5,36.0
seohae-1272,곡산역,서해선,하행,18,1,5,36.0
seohae-1272,곡산역,서해선,하행,19,2,4,45.0
seohae-1272,곡산역,서해선,하행,20,1,5,36.0
seohae-1272,곡산역,서해선,하행,21,2,4,45.0
seohae-1272,곡산역,서해선,하행,22,1,4,45.0
seohae-1272,곡산역,서해선,하행,23,1,2,90.0
seohae-1273,백마역,서해선,상행,6,2,3,60.0
seohae-1273,백마역,서해선,상행,7,1,4,45.0
seohae-1273,백마역,서해선,상행,8,1,4,45.0
seohae-1273,백마역,서해선,상행,9,2,6,30.0
seohae-1273,백마역,서해선,상행,10,3,7,25.7
seohae-1273,백마역,서해선,상행,11,2,7,25.7
seohae-1273,백마역,서해선,상행,12,2,5,36.0
seohae-1273,백마역,서해선,상행,13,1,5,36.0
seohae-1273,백마역,서해선,상행,14,2,5,36.0
seohae-1273,백마역,서해선,상행,15,2,5,36.0
seohae-1273,백마역,서해선,상행,16,1,6,30.0
seohae-1273,백마역,서해선,상행,17,3,5,36.0
seohae-1273,백마역,서해선,상행,18,1,5,36.0
seohae-1273,백마역,서해선,상행,19,1,4,45.0
seohae-1273,백마역,서해선,상행,20,2,4,45.0
seohae-1273,백마역,서해선,상행,21,1,5,36.0
seohae-1273,백마역,서해선,상행,22,2,4,45.0
seohae-1273,백마역,서해선,상행,23,1,4,45.0
seohae-1273,백마역,서해선,상행,24,1,2,90.0
seohae-1273,백마역,서해선,하행,5,2,3,60.0
seohae-1273,백마역,서해선,하행,6,1,4,45.0
seohae-1273,백마역,서해선,하행,7,1,3,60.0
seohae-1273,백마역,서해선,하행,8,1,4,45.0
seohae-1273,백마역,서해선,하행,9,2,6,30.0
seohae-1273,백마역,서해선,하행,10,3,7,25.7
seohae-1273,백마역,서해선,하행,11,2,7,25.7
seohae-1273,백마역,서해선,하행,12,2,6,30.0
seohae-1273,백마역,서해선,하행,13,2,6,30.0
seohae-1273,백마역,서해선,하행,14,2,5,36.0
seohae-1273,백마역,서해선,하행,15,1,5,36.0
seohae-1273,백마역,서해선,하행,16,2,5,36.0
seohae-1273,백마역,서해선,하행,17,2,5,36.0
seohae-1273,백마역,서해선,하행,18,1,5,36.0
seohae-1273,백마역,서해선,하행,19,2,4,45.0
seohae-1273,백마역,서해선,하행,20,1,5,36.0
seohae-1273,백마역,서해선,하행,21,2,4,45.0
seohae-1273,백마역,서해선,하행,22,1,4,45.0
seohae-1273,백마역,서해선,하행,23,1,2,90.0
seohae-1274,풍산역,서해선,상행,6,2,3,60.0
seohae-1274,풍산역,서해선,상행,7,1,4,45.0
seohae-1274,풍산역,서해선,상행,8,1,4,45.0
seohae-1274,풍산역,서해선,상행,9,2,6,30.0
seohae-1274,풍산역,서해선,상행,10,3,7,25.7
seohae-1274,풍산역,서해선,상행,11,2,7,25.7
seohae-1274,풍산역,서해선,상행,12,2,5,36.0
seohae-1274,풍산역,서해선,상행,13,1,5,36.0
seohae-1274,풍산역,서해선,상행,14,2,5,36.0
seohae-1274,풍산역,서해선,상행,15,2,5,36.0
seohae-1274,풍산역,서해선,상행,16,1,6,30.0
seohae-1274,풍산역,서해선,상행,17,3,5,36.0
seohae-1274,풍산역,서해선,상행,18,1,5,36.0
seohae-1274,풍산역,서해선,상행,19,1,4,45.0
seohae-1274,풍산역,서해선,상행,20,2,4,45.0
seohae-1274,풍산역,서해선,상행,21,1,5,36.0
seohae-1274,풍산역,서해선,상행,22,2,4,45.0
seohae-1274,풍산역,서해선,상행,23,1,4,45.0
seohae-1274,풍산역,서해선,상행,24,1,2,90.0
seohae-1274,풍산역,서해선,하행,5,2,3,60.0
seohae-1274,풍산역,서해선,하행,6,1,4,45.0
seohae-1274,풍산역,서해선,하행,7,1,4,45.0
seohae-1274,풍산역,서해선,하행,8,2,4,45.0
seohae-1274,풍산역,서해선,하행,9,1,6,30.0
seohae-1274,풍산역,서해선,하행,10,3,6,30.0
seohae-1274,풍산역,서해선,하행,11,2,7,25.7
seohae-1274,풍산역,서해선,하행,12,2,6,30.0
seohae-1274,풍산역,서해선,하행,13,2,6,30.0
seohae-1274,풍산역,서해선,하행,14,2,5,36.0
seohae-1274,풍산역,서해선,하행,15,1,5,36.0
seohae-1274,풍산역,서해선,하행,16,2,5,36.0
seohae-1274,풍산역,서해선,하행,17,2,5,36.0
seohae-1274,풍산역,서해선,하행,18,1,5,36.0
seohae-1274,풍산역,서해선,하행,19,2,4,45.0
seohae-1274,풍산역,서해선,하행,20,1,5,36.0
seohae-1274,풍산역,서해선,하행,21,2,4,45.0
seohae-1274,풍산역,서해선,하행,22,1,4,45.0
seohae-1274,풍산역,서해선,하행,23,1,2,90.0
seohae-1275,일산역,서해선,하행,5,2,3,60.0
seohae-1275,일산역,서해선,하행,6,1,4,45.0
seohae-1275,일산역,서해선,하행,7,1,4,45.0
seohae-1275,일산역,서해선,하행,8,2,4,45.0
seohae-1275,일산역,서해선,하행,9,1,6,30.0
seohae-1275,일산역,서해선,하행,10,3,6,30.0
seohae-1275,일산역,서해선,하행,11,2,7,25.7
seohae-1275,일산역,서해선,하행,12,2,6,30.0
seohae-1275,일산역,서해선,하행,13,2,6,30.0
seohae-1275,일산역,서해선,하행,14,2,5,36.0
seohae-1275,일산역,서해선,하행,15,1,5,36.0
seohae-1275,일산역,서해선,하행,16,2,5,36.0
seohae-1275,일산역,서해선,하행,17,2,5,36.0
seohae-1275,일산역,서해선,하행,18,1,5,36.0
seohae-1275,일산역,서해선,하행,19,2,4,45.0
seohae-1275,일산역,서해선,하행,20,1,5,36.0
seohae-1275,일산역,서해선,하행,21,2,4,45.0
seohae-1275,일산역,서해선,하행,22,1,4,45.0
seohae-1275,일산역,서해선,하행,23,1,2,90.0
seohae-1953,대곡역,서해선,상행,5,1,2,90.0
seohae-1953,대곡역,서해선,상행,6,1,3,60.0
seohae-1953,대곡역,서해선,상행,7,1,4,45.0
seohae-1953,대곡역,서해선,상행,8,2,4,45.0
seohae-1953,대곡역,서해선,상행,9,1,6,30.0
seohae-1953,대곡역,서해선,상행,10,3,6,30.0
seohae-1953,대곡역,서해선,상행,11,2,7,25.7
seohae-1953,대곡역,서해선,상행,12,2,6,30.0
seohae-1953,대곡역,서해선,상행,13,2,5,36.0
seohae-1953,대곡역,서해선,상행,14,1,5,36.0
seohae-1953,대곡역,서해선,상행,15,2,5,36.0
seohae-1953,대곡역,서해선,상행,16,2,6,30.0
seohae-1953,대곡역,서해선,상행,17,2,5,36.0
seohae-1953,대곡역,서해선,상행,18,1,4,45.0
seohae-1953,대곡역,서해선,상행,19,1,4,45.0
seohae-1953,대곡역,서해선,상행,20,2,4,45.0
seohae-1953,대곡역,서해선,상행,21,1,5,36.0
seohae-1953,대곡역,서해선,상행,22,2,4,45.0
seohae-1953,대곡역,서해선,상행,23,1,4,45.0
seohae-1953,대곡역,서해선,상행,24,1,2,90.0
seohae-1953,대곡역,서해선,하행,5,4,8,22.5
seohae-1953,대곡역,서해선,하행,6,4,14,12.9
seohae-1953,대곡역,서해선,하행,7,6,16,11.2
seohae-1953,대곡역,서해선,하행,8,6,17,10.6
seohae-1953,대곡역,서해선,하행,9,5,15,12.0
seohae-1953,대곡역,서해선,하행,10,4,13,13.8
seohae-1953,대곡역,서해선,하행,11,4,12,15.0
seohae-1953,대곡역,서해선,하행,12,4,12,15.0
seohae-1953,대곡역,서해선,하행,13,4,12,15.0
seohae-1953,대곡역,서해선,하행,14,4,12,15.0
seohae-1953,대곡역,서해선,하행,15,4,13,13.8
seohae-1953,대곡역,서해선,하행,16,5,14,12.9
seohae-1953,대곡역,서해선,하행,17,5,17,10.6
seohae-1953,대곡역,서해선,하행,18,7,18,10.0
seohae-1953,대곡역,서해선,하행,19,6,16,11.2
seohae-1953,대곡역,서해선,하행,20,3,13,13.8
seohae-1953,대곡역,서해선,하행,21,4,11,16.4
seohae-1953,대곡역,서해선,하행,22,4,11,16.4
seohae-1953,대곡역,서해선,하행,23,3,7,25.7
seohae-1980,김포공항역,서해선,상행,5,1,6,30.0
seohae-1980,김포공항역,서해선,상행,6,5,12,15.0
seohae-1980,김포공항역,서해선,상행,7,6,17,10.6
seohae-1980,김포공항역,서해선,상행,8,6,17,10.6
seohae-1980,김포공항역,서해선,상행,9,5,15,12.0
seohae-1980,김포공항역,서해선,상행,10,4,13,13.8
seohae-1980,김포공항역,서해선,상행,11,4,12,15.0
seohae-1980,김포공항역,서해선,상행,12,4,12,15.0
seohae-1980,김포공항역,서해선,상행,13,4,13,13.8
seohae-1980,김포공항역,서해선,상행,14,5,13,13.8
seohae-1980,김포공항역,서해선,상행,15,4,13,13.8
seohae-1980,김포공항역,서해선,상행,16,4,14,12.9
seohae-1980,김포공항역,서해선,상행,17,6,16,11.2
seohae-1980,김포공항역,서해선,상행,18,6,17,10.6
seohae-1980,김포공항역,서해선,상행,19,5,15,12.0
seohae-1980,김포공항역,서해선,상행,20,4,13,13.8
seohae-1980,김포공항역,서해선,상행,21,4,12,15.0
seohae-1980,김포공항역,서해선,상행,22,4,11,16.4
seohae-1980,김포공항역,서해선,상행,23,3,9,20.0
seohae-1980,김포공항역,서해선,상행,24,2,5,36.0
seohae-1980,김포공항역,서해선,하행,5,3,7,25.7
seohae-1980,김포공항역,서해선,하행,6,4,13,13.8
seohae-1980,김포공항역,서해선,하행,7,6,16,11.2
seohae-1980,김포공항역,서해선,하행,8,6,17,10.6
seohae-1980,김포공항역,서해선,하행,9,5,15,12.0
seohae-1980,김포공항역,서해선,하행,10,4,13,13.8
seohae-1980,김포공항역,서해선,하행,11,4,12,15.0
seohae-1980,김포공항역,서해선,하행,12,4,12,15.0
seohae-1980,김포공항역,서해선,하행,13,4,12,15.0
seohae-1980,김포공항역,서해선,하행,14,4,12,15.0
seohae-1980,김포공항역,서해선,하행,15,4,13,13.8
seohae-1980,김포공항역,서해선,하행,16,5,14,12.9
seohae-1980,김포공항역,서해선,하행,17,5,17,10.6
seohae-1980,김포공항역,서해선,하행,18,7,18,10.0
seohae-1980,김포공항역,서해선,하행,19,6,17,10.6
seohae-1980,김포공항역,서해선,하행,20,4,14,12.9
seohae-1980,김포공항역,서해선,하행,21,4,12,15.0
seohae-1980,김포공항역,서해선,하행,22,4,11,16.4
seohae-1980,김포공항역,서해선,하행,23,3,7,25.7
seohae-1981,원종역,서해선,상행,5,2,6,30.0
seohae-1981,원종역,서해선,상행,6,4,12,15.0
seohae-1981,원종역,서해선,상행,7,6,16,11.2
seohae-1981,원종역,서해선,상행,8,6,18,10.0
seohae-1981,원종역,서해선,상행,9,6,16,11.2
seohae-1981,원종역,서해선,상행,10,4,14,12.9
seohae-1981,원종역,서해선,상행,11,4,12,15.0
seohae-1981,원종역,서해선,상행,12,4,12,15.0
seohae-1981,원종역,서해선,상행,13,4,12,15.0
seohae-1981,원종역,서해선,상행,14,4,12,15.0
seohae-1981,원종역,서해선,상행,15,4,12,15.0
seohae-1981,원종역,서해선,상행,16,4,14,12.9
seohae-1981,원종역,서해선,상행,17,6,16,11.2
seohae-1981,원종역,서해선,상행,18,6,17,10.6
seohae-1981,원종역,서해선,상행,19,5,15,12.0
seohae-1981,원종역,서해선,상행,20,4,13,13.8
seohae-1981,원종역,서해선,상행,21,4,12,15.0
seohae-1981,원종역,서해선,상행,22,4,12,15.0
seohae-1981,원종역,서해선,상행,23,4,9,20.0
seohae-1981,원종역,서해선,상행,24,1,5,36.0
seohae-1981,원종역,서해선,하행,5,3,7,25.7
seohae-1981,원종역,서해선,하행,6,4,12,15.0
seohae-1981,원종역,서해선,하행,7,5,15,12.0
seohae-1981,원종역,서해선,하행,8,6,17,10.6
seohae-1981,원종역,서해선,하행,9,6,16,11.2
seohae-1981,원종역,서해선,하행,10,4,14,12.9
seohae-1981,원종역,서해선,하행,11,4,12,15.0
seohae-1981,원종역,서해선,하행,12,4,12,15.0
seohae-1981,원종역,서해선,하행,13,4,12,15.0
seohae-1981,원종역,서해선,하행,14,4,12,15.0
seohae-1981,원종역,서해선,하행,15,4,13,13.8
seohae-1981,원종역,서해선,하행,16,5,14,12.9
seohae-1981,원종역,서해선,하행,17,5,16,11.2
seohae-1981,원종역,서해선,하행,18,6,17,10.6
seohae-1981,원종역,서해선,하행,19,6,16,11.2
seohae-1981,원종역,서해선,하행,20,4,14,12.9
seohae-1981,원종역,서해선,하행,21,4,13,13.8
seohae-1981,원종역,서해선,하행,22,5,12,15.0
seohae-1981,원종역,서해선,하행,23,3,8,22.5
seohae-1982,부천종합운동장역,서해선,상행,5,2,7,25.7
seohae-1982,부천종합운동장역,서해선,상행,6,5,12,15.0
seohae-1982,부천종합운동장역,서해선,상행,7,5,17,10.6
seohae-1982,부천종합운동장역,서해선,상행,8,7,17,10.6
seohae-1982,부천종합운동장역,서해선,상행,9,5,16,11.2
seohae-1982,부천종합운동장역,서해선,상행,10,4,13,13.8
seohae-1982,부천종합운동장역,서해선,상행,11,4,12,15.0
seohae-1982,부천종합운동장역,서해선,상행,12,4,12,15.0
seohae-1982,부천종합운동장역,서해선,상행,13,4,12,15.0
seohae-1982,부천종합운동장역,서해선,상행,14,4,12,15.0
seohae-1982,부천종합운동장역,서해선,상행,15,4,12,15.0
seohae-1982,부천종합운동장역,서해선,상행,16,4,14,12.9
seohae-1982,부천종합운동장역,서해선,상행,17,6,17,10.6
seohae-1982,부천종합운동장역,서해선,상행,18,7,17,10.6
seohae-1982,부천종합운동장역,서해선,상행,19,4,15,12.0
seohae-1982,부천종합운동장역,서해선,상행,20,4,12,15.0
seohae-1982,부천종합운동장역,서해선,상행,21,4,12,15.0
seohae-1982,부천종합운동장역,서해선,상행,22,4,12,15.0
seohae-1982,부천종합운동장역,서해선,상행,23,4,9,20.0
seohae-1982,부천종합운동장역,서해선,상행,24,1,5,36.0
seohae-1982,부천종합운동장역,서해선,하행,5,3,7,25.7
seohae-1982,부천종합운동장역,서해선,하행,6,4,12,15.0
seohae-1982,부천종합운동장역,서해선,하행,7,5,15,12.0
seohae-1982,부천종합운동장역,서해선,하행,8,6,17,10.6
seohae-1982,부천종합운동장역,서해선,하행,9,6,16,11.2
seohae-1982,부천종합운동장역,서해선,하행,10,4,14,12.9
seohae-1982,부천종합운동장역,서해선,하행,11,4,12,15.0
seohae-1982,부천종합운동장역,서해선,하행,12,4,12,15.0
seohae-1982,부천종합운동장역,서해선,하행,13,4,12,15.0
seohae-1982,부천종합운동장역,서해선,하행,14,4,12,15.0
seohae-1982,부천종합운동장역,서해선,하행,15,4,12,15.0
seohae-1982,부천종합운동장역,서해선,하행,16,4,14,12.9
seohae-1982,부천종합운동장역,서해선,하행,17,6,16,11.2
seohae-1982,부천종합운동장역,서해선,하행,18,6,18,10.0
seohae-1982,부천종합운동장역,서해선,하행,19,6,16,11.2
seohae-1982,부천종합운동장역,서해선,하행,20,4,14,12.9
seohae-1982,부천종합운동장역,서해선,하행,21,4,12,15.0
seohae-1982,부천종합운동장역,서해선,하행,22,4,12,15.0
seohae-1982,부천종합운동장역,서해선,하행,23,4,8,22.5
seohae-4804,소사역,서해선,상행,5,2,7,25.7
seohae-4804,소사역,서해선,상행,6,5,13,13.8
seohae-4804,소사역,서해선,상행,7,6,17,10.6
seohae-4804,소사역,서해선,상행,8,6,17,10.6
seohae-4804,소사역,서해선,상행,9,5,15,12.0
seohae-4804,소사역,서해선,상행,10,4,13,13.8
seohae-4804,소사역,서해선,상행,11,4,12,15.0
seohae-4804,소사역,서해선,상행,12,4,12,15.0
seohae-4804,소사역,서해선,상행,13,4,12,15.0
seohae-4804,소사역,서해선,상행,14,4,12,15.0
seohae-4804,소사역,서해선,상행,15,4,13,13.8
seohae-4804,소사역,서해선,상행,16,5,15,12.0
seohae-4804,소사역,서해선,상행,17,6,17,10.6
seohae-4804,소사역,서해선,상행,18,6,16,11.2
seohae-4804,소사역,서해선,상행,19,4,14,12.9
seohae-4804,소사역,서해선,상행,20,4,12,15.0
seohae-4804,소사역,서해선,상행,21,4,12,15.0
seohae-4804,소사역,서해선,상행,22,4,12,15.0
seohae-4804,소사역,서해선,상행,23,4,9,20.0
seohae-4804,소사역,서해선,상행,24,1,5,36.0
seohae-4804,소사역,서해선,하행,5,2,7,25.7
seohae-4804,소사역,서해선,하행,6,5,12,15.0
seohae-4804,소사역,서해선,하행,7,5,16,11.2
seohae-4804,소사역,서해선,하행,8,6,17,10.6
seohae-4804,소사역,서해선,하행,9,6,15,12.0
seohae-4804,소사역,서해선,하행,10,3,13,13.8
seohae-4804,소사역,서해선,하행,11,4,12,15.0
seohae-4804,소사역,서해선,하행,12,5,13,13.8
seohae-4804,소사역,서해선,하행,13,4,13,13.8
seohae-4804,소사역,서해선,하행,14,4,12,15.0
seohae-4804,소사역,서해선,하행,15,4,12,15.0
seohae-4804,소사역,서해선,하행,16,4,14,12.9
seohae-4804,소사역,서해선,하행,17,6,16,11.2
seohae-4804,소사역,서해선,하행,18,6,18,10.0
seohae-4804,소사역,서해선,하행,19,6,16,11.2
seohae-4804,소사역,서해선,하행,20,4,14,12.9
seohae-4804,소사역,서해선,하행,21,4,12,15.0
seohae-4804,소사역,서해선,하행,22,4,12,15.0
seohae-4804,소사역,서해선,하행,23,4,8,22.5
seohae-4805,소새울역,서해선,상행,5,2,7,25.7
seohae-4805,소새울역,서해선,상행,6,5,13,13.8
seohae-4805,소새울역,서해선,상행,7,6,17,10.6
seohae-4805,소새울역,서해선,상행,8,6,18,10.0
seohae-4805,소새울역,서해선,상행,9,6,15,12.0
seohae-4805,소새울역,서해선,상행,10,3,13,13.8
seohae-4805,소새울역,서해선,상행,11,4,11,16.4
seohae-4805,소새울역,서해선,상행,12,4,12,15.0
seohae-4805,소새울역,서해선,상행,13,4,13,13.8
seohae-4805,소새울역,서해선,상행,14,5,12,15.0
seohae-4805,소새울역,서해선,상행,15,3,13,13.8
seohae-4805,소새울역,서해선,상행,16,5,14,12.9
seohae-4805,소새울역,서해선,상행,17,6,17,10.6
seohae-4805,소새울역,서해선,상행,18,6,17,10.6
seohae-4805,소새울역,서해선,상행,19,5,15,12.0
seohae-4805,소새울역,서해선,상행,20,4,13,13.8
seohae-4805,소새울역,서해선,상행,21,4,12,15.0
seohae-4805,소새울역,서해선,상행,22,4,11,16.4
seohae-4805,소새울역,서해선,상행,23,3,8,22.5
seohae-4805,소새울역,서해선,상행,24,1,4,45.0
seohae-4805,소새울역,서해선,하행,5,2,7,25.7
seohae-4805,소새울역,서해선,하행,6,5,11,16.4
seohae-4805,소새울역,서해선,하행,7,4,15,12.0
seohae-4805,소새울역,서해선,하행,8,6,16,11.2
seohae-4805,소새울역,서해선,하행,9,6,16,11.2
seohae-4805,소새울역,서해선,하행,10,4,14,12.9
seohae-4805,소새울역,서해선,하행,11,4,12,15.0
seohae-4805,소새울역,서해선,하행,12,4,12,15.0
seohae-4805,소새울역,서해선,하행,13,4,13,13.8
seohae-4805,소새울역,서해선,하행,14,5,12,15.0
seohae-4805,소새울역,서해선,하행,15,3,13,13.8
seohae-4805,소새울역,서해선,하행,16,5,13,13.8
seohae-4805,소새울역,서해선,하행,17,5,16,11.2
seohae-4805,소새울역,서해선,하행,18,6,17,10.6
seohae-4805,소새울역,서해선,하행,19,6,17,10.6
seohae-4805,소새울역,서해선,하행,20,5,15,12.0
seohae-4805,소새울역,서해선,하행,21,4,13,13.8
seohae-4805,소새울역,서해선,하행,22,4,12,15.0
seohae-4805,소새울역,서해선,하행,23,4,8,22.5
seohae-4806,시흥대야역,서해선,상행,5,3,8,22.5
seohae-4806,시흥대야역,서해선,상행,6,5,14,12.9
seohae-4806,시흥대야역,서해선,상행,7,6,16,11.2
seohae-4806,시흥대야역,서해선,상행,8,5,17,10.6
seohae-4806,시흥대야역,서해선,상행,9,6,14,12.9
seohae-4806,시흥대야역,서해선,상행,10,3,14,12.9
seohae-4806,시흥대야역,서해선,상행,11,5,12,15.0
seohae-4806,시흥대야역,서해선,상행,12,4,13,13.8
seohae-4806,시흥대야역,서해선,상행,13,4,12,15.0
seohae-4806,시흥대야역,서해선,상행,14,4,12,15.0
seohae-4806,시흥대야역,서해선,상행,15,4,13,13.8
seohae-4806,시흥대야역,서해선,상행,16,5,15,12.0
seohae-4806,시흥대야역,서해선,상행,17,6,16,11.2
seohae-4806,시흥대야역,서해선,상행,18,5,16,11.2
seohae-4806,시흥대야역,서해선,상행,19,5,14,12.9
seohae-4806,시흥대야역,서해선,상행,20,4,13,13.8
seohae-4806,시흥대야역,서해선,상행,21,4,12,15.0
seohae-4806,시흥대야역,서해선,상행,22,4,12,15.0
seohae-4806,시흥대야역,서해선,상행,23,4,8,22.5
seohae-4806,시흥대야역,서해선,하행,5,2,6,30.0
seohae-4806,시흥대야역,서해선,하행,6,4,11,16.4
seohae-4806,시흥대야역,서해선,하행,7,5,15,12.0
seohae-4806,시흥대야역,서해선,하행,8,6,17,10.6
seohae-4806,시흥대야역,서해선,하행,9,6,16,11.2
seohae-4806,시흥대야역,서해선,하행,10,4,14,12.9
seohae-4806,시흥대야역,서해선,하행,11,4,12,15.0
seohae-4806,시흥대야역,서해선,하행,12,4,12,15.0
seohae-4806,시흥대야역,서해선,하행,13,4,12,15.0
seohae-4806,시흥대야역,서해선,하행,14,4,12,15.0
seohae-4806,시흥대야역,서해선,하행,15,4,12,15.0
seohae-4806,시흥대야역,서해선,하행,16,4,14,12.9
seohae-4806,시흥대야역,서해선,하행,17,6,16,11.2
seohae-4806,시흥대야역,서해선,하행,18,6,18,10.0
seohae-4806,시흥대야역,서해선,하행,19,6,17,10.6
seohae-4806,시흥대야역,서해선,하행,20,5,15,12.0
seohae-4806,시흥대야역,서해선,하행,21,4,13,13.8
seohae-4806,시흥대야역,서해선,하행,22,4,12,15.0
seohae-4806,시흥대야역,서해선,하행,23,4,8,22.5
seohae-4807,신천역,서해선,상행,5,3,8,22.5
seohae-4807,신천역,서해선,상행,6,5,14,12.9
seohae-4807,신천역,서해선,상행,7,6,17,10.6
seohae-4807,신천역,서해선,상행,8,6,17,10.6
seohae-4807,신천역,서해선,상행,9,5,15,12.0
seohae-4807,신천역,서해선,상행,10,4,13,13.8
seohae-4807,신천역,서해선,상행,11,4,12,15.0
seohae-4807,신천역,서해선,상행,12,4,12,15.0
seohae-4807,신천역,서해선,상행,13,4,12,15.0
seohae-4807,신천역,서해선,상행,14,4,12,15.0
seohae-4807,신천역,서해선,상행,15,4,13,13.8
seohae-4807,신천역,서해선,상행,16,5,15,12.0
seohae-4807,신천역,서해선,상행,17,6,17,10.6
seohae-4807,신천역,서해선,상행,18,6,16,11.2
seohae-4807,신천역,서해선,상행,19,4,14,12.9
seohae-4807,신천역,서해선,상행,20,4,12,15.0
seohae-4807,신천역,서해선,상행,21,4,12,15.0
seohae-4807,신천역,서해선,상행,22,4,12,15.0
seohae-4807,신천역,서해선,상행,23,4,8,22.5
seohae-4807,신천역,서해선,하행,5,2,6,30.0
seohae-4807,신천역,서해선,하행,6,4,11,16.4
seohae-4807,신천역,서해선,하행,7,5,15,12.0
seohae-4807,신천역,서해선,하행,8,6,17,10.6
seohae-4807,신천역,서해선,하행,9,6,16,11.2
seohae-4807,신천역,서해선,하행,10,4,14,12.9
seohae-4807,신천역,서해선,하행,11,4,12,15.0
seohae-4807,신천역,서해선,하행,12,4,12,15.0
seohae-4807,신천역,서해선,하행,13,4,12,15.0
seohae-4807,신천역,서해선,하행,14,4,12,15.0
seohae-4807,신천역,서해선,하행,15,4,12,15.0
seohae-4807,신천역,서해선,하행,16,4,14,12.9
seohae-4807,신천역,서해선,하행,17,6,16,11.2
seohae-4807,신천역,서해선,하행,18,6,17,10.6
seohae-4807,신천역,서해선,하행,19,5,16,11.2
seohae-4807,신천역,서해선,하행,20,5,14,12.9
seohae-4807,신천역,서해선,하행,21,4,13,13.8
seohae-4807,신천역,서해선,하행,22,4,12,15.0
seohae-4807,신천역,서해선,하행,23,4,9,20.0
seohae-4807,신천역,서해선,하행,24,1,5,36.0
seohae-4808,신현역,서해선,상행,5,3,8,22.5
seohae-4808,신현역,서해선,상행,6,5,14,12.9
seohae-4808,신현역,서해선,상행,7,6,17,10.6
seohae-4808,신현역,서해선,상행,8,6,17,10.6
seohae-4808,신현역,서해선,상행,9,5,15,12.0
seohae-4808,신현역,서해선,상행,10,4,13,13.8
seohae-4808,신현역,서해선,상행,11,4,12,15.0
seohae-4808,신현역,서해선,상행,12,4,12,15.0
seohae-4808,신현역,서해선,상행,13,4,12,15.0
seohae-4808,신현역,서해선,상행,14,4,12,15.0
seohae-4808,신현역,서해선,상행,15,4,13,13.8
seohae-4808,신현역,서해선,상행,16,5,15,12.0
seohae-4808,신현역,서해선,상행,17,6,17,10.6
seohae-4808,신현역,서해선,상행,18,6,17,10.6
seohae-4808,신현역,서해선,상행,19,5,14,12.9
seohae-4808,신현역,서해선,상행,20,3,12,15.0
seohae-4808,신현역,서해선,상행,21,4,11,16.4
seohae-4808,신현역,서해선,상행,22,4,12,15.0
seohae-4808,신현역,서해선,상행,23,4,8,22.5
seohae-4808,신현역,서해선,하행,5,2,6,30.0
seohae-4808,신현역,서해선,하행,6,4,10,18.0
seohae-4808,신현역,서해선,하행,7,4,14,12.9
seohae-4808,신현역,서해선,하행,8,6,16,11.2
seohae-4808,신현역,서해선,하행,9,6,17,10.6
seohae-4808,신현역,서해선,하행,10,5,14,12.9
seohae-4808,신현역,서해선,하행,11,3,13,13.8
seohae-4808,신현역,서해선,하행,12,5,12,15.0
seohae-4808,신현역,서해선,하행,13,4,13,13.8
seohae-4808,신현역,서해선,하행,14,4,12,15.0
seohae-4808,신현역,서해선,하행,15,4,12,15.0
seohae-4808,신현역,서해선,하행,16,4,13,13.8
seohae-4808,신현역,서해선,하행,17,5,16,11.2
seohae-4808,신현역,서해선,하행,18,7,17,10.6
seohae-4808,신현역,서해선,하행,19,5,17,10.6
seohae-4808,신현역,서해선,하행,20,5,14,12.9
seohae-4808,신현역,서해선,하행,21,4,13,13.8
seohae-4808,신현역,서해선,하행,22,4,12,15.0
seohae-4808,신현역,서해선,하행,23,4,9,20.0
seohae-4808,신현역,서해선,하행,24,1,5,36.0
seohae-4809,시흥시청역,서해선,상행,5,3,9,20.0
seohae-4809,시흥시청역,서해선,상행,6,6,15,12.0
seohae-4809,시흥시청역,서해선,상행,7,6,17,10.6
seohae-4809,시흥시청역,서해선,상행,8,5,16,11.2
seohae-4809,시흥시청역,서해선,상행,9,5,14,12.9
seohae-4809,시흥시청역,서해선,상행,10,4,13,13.8
seohae-4809,시흥시청역,서해선,상행,11,4,12,15.0
seohae-4809,시흥시청역,서해선,상행,12,4,12,15.0
seohae-4809,시흥시청역,서해선,상행,13,4,12,15.0
seohae-4809,시흥시청역,서해선,상행,14,4,12,15.0
seohae-4809,시흥시청역,서해선,상행,15,4,13,13.8
seohae-4809,시흥시청역,서해선,상행,16,5,16,11.2
seohae-4809,시흥시청역,서해선,상행,17,7,18,10.0
seohae-4809,시흥시청역,서해선,상행,18,6,17,10.6
seohae-4809,시흥시청역,서해선,상행,19,4,14,12.9
seohae-4809,시흥시청역,서해선,상행,20,4,12,15.0
seohae-4809,시흥시청역,서해선,상행,21,4,12,15.0
seohae-4809,시흥시청역,서해선,상행,22,4,11,16.4
seohae-4809,시흥시청역,서해선,상행,23,3,7,25.7
seohae-4809,시흥시청역,서해선,하행,5,1,5,36.0
seohae-4809,시흥시청역,서해선,하행,6,4,10,18.0
seohae-4809,시흥시청역,서해선,하행,7,5,15,12.0
seohae-4809,시흥시청역,서해선,하행,8,6,17,10.6
seohae-4809,시흥시청역,서해선,하행,9,6,16,11.2
seohae-4809,시흥시청역,서해선,하행,10,4,14,12.9
seohae-4809,시흥시청역,서해선,하행,11,4,13,13.8
seohae-4809,시흥시청역,서해선,하행,12,5,12,15.0
seohae-4809,시흥시청역,서해선,하행,13,3,12,15.0
seohae-4809,시흥시청역,서해선,하행,14,4,11,16.4
seohae-4809,시흥시청역,서해선,하행,15,4,12,15.0
seohae-4809,시흥시청역,서해선,하행,16,4,14,12.9
seohae-4809,시흥시청역,서해선,하행,17,6,16,11.2
seohae-4809,시흥시청역,서해선,하행,18,6,18,10.0
seohae-4809,시흥시청역,서해선,하행,19,6,17,10.6
seohae-4809,시흥시청역,서해선,하행,20,5,15,12.0
seohae-4809,시흥시청역,서해선,하행,21,4,13,13.8
seohae-4809,시흥시청역,서해선,하행,22,4,12,15.0
seohae-4809,시흥시청역,서해선,하행,23,4,9,20.0
seohae-4809,시흥시청역,서해선,하행,24,1,5,36.0
seohae-4810,시흥능곡역,서해선,상행,5,3,9,20.0
seohae-4810,시흥능곡역,서해선,상행,6,6,15,12.0
seohae-4810,시흥능곡역,서해선,상행,7,6,18,10.0
seohae-4810,시흥능곡역,서해선,상행,8,6,16,11.2
seohae-4810,시흥능곡역,서해선,상행,9,4,15,12.0
seohae-4810,시흥능곡역,서해선,상행,10,5,12,15.0
seohae-4810,시흥능곡역,서해선,상행,11,3,12,15.0
seohae-4810,시흥능곡역,서해선,상행,12,4,11,16.4
seohae-4810,시흥능곡역,서해선,상행,13,4,13,13.8
seohae-4810,시흥능곡역,서해선,상행,14,5,13,13.8
seohae-4810,시흥능곡역,서해선,상행,15,4,14,12.9
seohae-4810,시흥능곡역,서해선,상행,16,5,15,12.0
seohae-4810,시흥능곡역,서해선,상행,17,6,17,10.6
seohae-4810,시흥능곡역,서해선,상행,18,6,16,11.2
seohae-4810,시흥능곡역,서해선,상행,19,4,14,12.9
seohae-4810,시흥능곡역,서해선,상행,20,4,12,15.0
seohae-4810,시흥능곡역,서해선,상행,21,4,12,15.0
seohae-4810,시흥능곡역,서해선,상행,22,4,11,16.4
seohae-4810,시흥능곡역,서해선,상행,23,3,7,25.7
seohae-4810,시흥능곡역,서해선,하행,5,1,5,36.0
seohae-4810,시흥능곡역,서해선,하행,6,4,10,18.0
seohae-4810,시흥능곡역,서해선,하행,7,5,15,12.0
seohae-4810,시흥능곡역,서해선,하행,8,6,17,10.6
seohae-4810,시흥능곡역,서해선,하행,9,6,16,11.2
seohae-4810,시흥능곡역,서해선,하행,10,4,14,12.9
seohae-4810,시흥능곡역,서해선,하행,11,4,13,13.8
seohae-4810,시흥능곡역,서해선,하행,12,5,12,15.0
seohae-4810,시흥능곡역,서해선,하행,13,3,12,15.0
seohae-4810,시흥능곡역,서해선,하행,14,4,11,16.4
seohae-4810,시흥능곡역,서해선,하행,15,4,12,15.0
seohae-4810,시흥능곡역,서해선,하행,16,4,14,12.9
seohae-4810,시흥능곡역,서해선,하행,17,6,15,12.0
seohae-4810,시흥능곡역,서해선,하행,18,5,18,10.0
seohae-4810,시흥능곡역,서해선,하행,19,7,17,10.6
seohae-4810,시흥능곡역,서해선,하행,20,5,16,11.2
seohae-4810,시흥능곡역,서해선,하행,21,4,13,13.8
seohae-4810,시흥능곡역,서해선,하행,22,4,11,16.4
seohae-4810,시흥능곡역,서해선,하행,23,3,9,20.0
seohae-4810,시흥능곡역,서해선,하행,24,2,5,36.0
seohae-4811,달미역,서해선,상행,5,4,9,20.0
seohae-4811,달미역,서해선,상행,6,5,15,12.0
seohae-4811,달미역,서해선,상행,7,6,17,10.6
seohae-4811,달미역,서해선,상행,8,6,17,10.6
seohae-4811,달미역,서해선,상행,9,5,15,12.0
seohae-4811,달미역,서해선,상행,10,4,13,13.8
seohae-4811,달미역,서해선,상행,11,4,12,15.0
seohae-4811,달미역,서해선,상행,12,4,12,15.0
seohae-4811,달미역,서해선,상행,13,4,12,15.0
seohae-4811,달미역,서해선,상행,14,4,12,15.0
seohae-4811,달미역,서해선,상행,15,4,13,13.8
seohae-4811,달미역,서해선,상행,16,5,15,12.0
seohae-4811,달미역,서해선,상행,17,6,17,10.6
seohae-4811,달미역,서해선,상행,18,6,16,11.2
seohae-4811,달미역,서해선,상행,19,4,14,12.9
seohae-4811,달미역,서해선,상행,20,4,12,15.0
seohae-4811,달미역,서해선,상행,21,4,12,15.0
seohae-4811,달미역,서해선,상행,22,4,11,16.4
seohae-4811,달미역,서해선,상행,23,3,7,25.7
seohae-4811,달미역,서해선,하행,5,1,5,36.0
seohae-4811,달미역,서해선,하행,6,4,9,20.0
seohae-4811,달미역,서해선,하행,7,4,14,12.9
seohae-4811,달미역,서해선,하행,8,6,16,11.2
seohae-4811,달미역,서해선,하행,9,6,17,10.6
seohae-4811,달미역,서해선,하행,10,5,15,12.0
seohae-4811,달미역,서해선,하행,11,4,13,13.8
seohae-4811,달미역,서해선,하행,12,4,12,15.0
seohae-4811,달미역,서해선,하행,13,4,12,15.0
seohae-4811,달미역,서해선,하행,14,4,12,15.0
seohae-4811,달미역,서해선,하행,15,4,12,15.0
seohae-4811,달미역,서해선,하행,16,4,13,13.8
seohae-4811,달미역,서해선,하행,17,5,15,12.0
seohae-4811,달미역,서해선,하행,18,6,17,10.6
seohae-4811,달미역,서해선,하행,19,6,17,10.6
seohae-4811,달미역,서해선,하행,20,5,15,12.0
seohae-4811,달미역,서해선,하행,21,4,13,13.8
seohae-4811,달미역,서해선,하행,22,4,12,15.0
seohae-4811,달미역,서해선,하행,23,4,10,18.0
seohae-4811,달미역,서해선,하행,24,2,6,30.0
seohae-4812,선부역,서해선,상행,5,4,10,18.0
seohae-4812,선부역,서해선,상행,6,6,16,11.2
seohae-4812,선부역,서해선,상행,7,6,17,10.6
seohae-4812,선부역,서해선,상행,8,5,16,11.2
seohae-4812,선부역,서해선,상행,9,5,14,12.9
seohae-4812,선부역,서해선,상행,10,4,13,13.8
seohae-4812,선부역,서해선,상행,11,4,12,15.0
seohae-4812,선부역,서해선,상행,12,4,12,15.0
seohae-4812,선부역,서해선,상행,13,4,12,15.0
seohae-4812,선부역,서해선,상행,14,4,12,15.0
seohae-4812,선부역,서해선,상행,15,4,14,12.9
seohae-4812,선부역,서해선,상행,16,6,15,12.0
seohae-4812,선부역,서해선,상행,17,5,17,10.6
seohae-4812,선부역,서해선,상행,18,6,15,12.0
seohae-4812,선부역,서해선,상행,19,4,14,12.9
seohae-4812,선부역,서해선,상행,20,4,12,15.0
seohae-4812,선부역,서해선,상행,21,4,12,15.0
seohae-4812,선부역,서해선,상행,22,4,11,16.4
seohae-4812,선부역,서해선,상행,23,3,7,25.7
seohae-4812,선부역,서해선,하행,6,5,9,20.0
seohae-4812,선부역,서해선,하행,7,4,15,12.0
seohae-4812,선부역,서해선,하행,8,6,16,11.2
seohae-4812,선부역,서해선,하행,9,6,17,10.6
seohae-4812,선부역,서해선,하행,10,5,15,12.0
seohae-4812,선부역,서해선,하행,11,4,13,13.8
seohae-4812,선부역,서해선,하행,12,4,12,15.0
seohae-4812,선부역,서해선,하행,13,4,12,15.0
seohae-4812,선부역,서해선,하행,14,4,12,15.0
seohae-4812,선부역,서해선,하행,15,4,12,15.0
seohae-4812,선부역,서해선,하행,16,4,13,13.8
seohae-4812,선부역,서해선,하행,17,5,14,12.9
seohae-4812,선부역,서해선,하행,18,5,17,10.6
seohae-4812,선부역,서해선,하행,19,7,17,10.6
seohae-4812,선부역,서해선,하행,20,5,16,11.2
seohae-4812,선부역,서해선,하행,21,4,13,13.8
seohae-4812,선부역,서해선,하행,22,4,12,15.0
seohae-4812,선부역,서해선,하행,23,4,10,18.0
seohae-4812,선부역,서해선,하행,24,2,6,30.0
seohae-4813,초지역,서해선,상행,5,4,10,18.0
seohae-4813,초지역,서해선,상행,6,6,16,11.2
seohae-4813,초지역,서해선,상행,7,6,18,10.0
seohae-4813,초지역,서해선,상행,8,6,16,11.2
seohae-4813,초지역,서해선,상행,9,4,14,12.9
seohae-4813,초지역,서해선,상행,10,4,12,15.0
seohae-4813,초지역,서해선,상행,11,4,12,15.0
seohae-4813,초지역,서해선,상행,12,4,12,15.0
seohae-4813,초지역,서해선,상행,13,4,12,15.0
seohae-4813,초지역,서해선,상행,14,4,12,15.0
seohae-4813,초지역,서해선,상행,15,4,14,12.9
seohae-4813,초지역,서해선,상행,16,6,16,11.2
seohae-4813,초지역,서해선,상행,17,6,17,10.6
seohae-4813,초지역,서해선,상행,18,5,15,12.0
seohae-4813,초지역,서해선,상행,19,4,13,13.8
seohae-4813,초지역,서해선,상행,20,4,12,15.0
seohae-4813,초지역,서해선,상행,21,4,12,15.0
seohae-4813,초지역,서해선,상행,22,4,11,16.4
seohae-4813,초지역,서해선,상행,23,3,7,25.7
seohae-4813,초지역,서해선,하행,6,5,9,20.0
seohae-4813,초지역,서해선,하행,7,4,15,12.0
seohae-4813,초지역,서해선,하행,8,6,15,12.0
seohae-4813,초지역,서해선,하행,9,5,17,10.6
seohae-4813,초지역,서해선,하행,10,6,15,12.0
seohae-4813,초지역,서해선,하행,11,4,14,12.9
seohae-4813,초지역,서해선,하행,12,4,12,15.0
seohae-4813,초지역,서해선,하행,13,4,12,15.0
seohae-4813,초지역,서해선,하행,14,4,12,15.0
seohae-4813,초지역,서해선,하행,15,4,12,15.0
seohae-4813,초지역,서해선,하행,16,4,13,13.8
seohae-4813,초지역,서해선,하행,17,5,14,12.9
seohae-4813,초지역,서해선,하행,18,5,16,11.2
seohae-4813,초지역,서해선,하행,19,6,17,10.6
seohae-4813,초지역,서해선,하행,20,6,16,11.2
seohae-4813,초지역,서해선,하행,21,4,14,12.9
seohae-4813,초지역,서해선,하행,22,4,12,15.0
seohae-4813,초지역,서해선,하행,23,4,10,18.0
seohae-4813,초지역,서해선,하행,24,2,6,30.0
seohae-4814,시우역,서해선,상행,5,4,10,18.0
seohae-4814,시우역,서해선,상행,6,6,17,10.6
seohae-4814,시우역,서해선,상행,7,7,18,10.0
seohae-4814,시우역,서해선,상행,8,5,16,11.2
seohae-4814,시우역,서해선,상행,9,4,13,13.8
seohae-4814,시우역,서해선,상행,10,4,12,15.0
seohae-4814,시우역,서해선,상행,11,4,12,15.0
seohae-4814,시우역,서해선,상행,12,4,12,15.0
seohae-4814,시우역,서해선,상행,13,4,12,15.0
seohae-4814,시우역,서해선,상행,14,4,13,13.8
seohae-4814,시우역,서해선,상행,15,5,14,12.9
seohae-4814,시우역,서해선,상행,16,5,16,11.2
seohae-4814,시우역,서해선,상행,17,6,16,11.2
seohae-4814,시우역,서해선,상행,18,5,16,11.2
seohae-4814,시우역,서해선,상행,19,5,14,12.9
seohae-4814,시우역,서해선,상행,20,4,13,13.8
seohae-4814,시우역,서해선,상행,21,4,12,15.0
seohae-4814,시우역,서해선,상행,22,4,10,18.0
seohae-4814,시우역,서해선,상행,23,2,6,30.0
seohae-4814,시우역,서해선,하행,6,4,9,20.0
seohae-4814,시우역,서해선,하행,7,5,14,12.9
seohae-4814,시우역,서해선,하행,8,5,16,11.2
seohae-4814,시우역,서해선,하행,9,6,16,11.2
seohae-4814,시우역,서해선,하행,10,5,15,12.0
seohae-4814,시우역,서해선,하행,11,4,13,13.8
seohae-4814,시우역,서해선,하행,12,4,12,15.0
seohae-4814,시우역,서해선,하행,13,4,12,15.0
seohae-4814,시우역,서해선,하행,14,4,12,15.0
seohae-4814,시우역,서해선,하행,15,4,13,13.8
seohae-4814,시우역,서해선,하행,16,5,14,12.9
seohae-4814,시우역,서해선,하행,17,5,15,12.0
seohae-4814,시우역,서해선,하행,18,5,16,11.2
seohae-4814,시우역,서해선,하행,19,6,17,10.6
seohae-4814,시우역,서해선,하행,20,6,16,11.2
seohae-4814,시우역,서해선,하행,21,4,14,12.9
seohae-4814,시우역,서해선,하행,22,4,12,15.0
seohae-4814,시우역,서해선,하행,23,4,10,18.0
seohae-4814,시우역,서해선,하행,24,2,6,30.0
seohae-4815,원시역,서해선,상행,5,5,10,18.0
seohae-4815,원시역,서해선,상행,6,5,17,10.6
seohae-4815,원시역,서해선,상행,7,7,17,10.6
seohae-4815,원시역,서해선,상행,8,5,16,11.2
seohae-4815,원시역,서해선,상행,9,4,14,12.9
seohae-4815,원시역,서해선,상행,10,5,12,15.0
seohae-4815,원시역,서해선,상행,11,3,13,13.8
seohae-4815,원시역,서해선,상행,12,5,11,16.4
seohae-4815,원시역,서해선,상행,13,3,13,13.8
seohae-4815,원시역,서해선,상행,14,5,12,15.0
seohae-4815,원시역,서해선,상행,15,4,14,12.9
seohae-4815,원시역,서해선,상행,16,5,15,12.0
seohae-4815,원시역,서해선,상행,17,6,17,10.6
seohae-4815,원시역,서해선,상행,18,6,16,11.2
seohae-4815,원시역,서해선,상행,19,4,14,12.9
seohae-4815,원시역,서해선,상행,20,4,12,15.0
seohae-4815,원시역,서해선,상행,21,4,12,15.0
seohae-4815,원시역,서해선,상행,22,4,10,18.0
seohae-4815,원시역,서해선,상행,23,2,6,30.0
bundang-1013,왕십리역,수인분당선,상행,7,1,1,180.0
bundang-1013,왕십리역,수인분당선,상행,9,1,2,90.0
bundang-1013,왕십리역,수인분당선,상행,10,1,3,60.0
bundang-1013,왕십리역,수인분당선,상행,11,1,3,60.0
bundang-1013,왕십리역,수인분당선,상행,12,1,2,90.0
bundang-1013,왕십리역,수인분당선,상행,14,1,2,90.0
bundang-1013,왕십리역,수인분당선,상행,15,1,3,60.0
bundang-1013,왕십리역,수인분당선,상행,16,1,2,90.0
bundang-1013,왕십리역,수인분당선,상행,18,1,1,180.0
bundang-1013,왕십리역,수인분당선,하행,5,4,11,16.4
bundang-1013,왕십리역,수인분당선,하행,6,7,21,8.6
bundang-1013,왕십리역,수인분당선,하행,7,10,32,5.6
bundang-1013,왕십리역,수인분당선,하행,8,15,35,5.1
bundang-1013,왕십리역,수인분당선,하행,9,10,33,5.5
bundang-1013,왕십리역,수인분당선,하행,10,8,27,6.7
bundang-1013,왕십리역,수인분당선,하행,11,9,25,7.2
bundang-1013,왕십리역,수인분당선,하행,12,8,24,7.5
bundang-1013,왕십리역,수인분당선,하행,13,7,24,7.5
bundang-1013,왕십리역,수인분당선,하행,14,9,23,7.8
bundang-1013,왕십리역,수인분당선,하행,15,7,24,7.5
bundang-1013,왕십리역,수인분당선,하행,16,8,27,6.7
bundang-1013,왕십리역,수인분당선,하행,17,12,32,5.6
bundang-1013,왕십리역,수인분당선,하행,18,12,35,5.1
bundang-1013,왕십리역,수인분당선,하행,19,11,35,5.1
bundang-1013,왕십리역,수인분당선,하행,20,12,31,5.8
bundang-1013,왕십리역,수인분당선,하행,21,8,27,6.7
bundang-1013,왕십리역,수인분당선,하행,22,7,19,9.5
bundang-1013,왕십리역,수인분당선,하행,23,4,11,16.4
bundang-1023,선릉역,수인분당선,상행,5,2,10,18.0
bundang-1023,선릉역,수인분당선,상행,6,8,22,8.2
bundang-1023,선릉역,수인분당선,상행,7,12,34,5.3
bundang-1023,선릉역,수인분당선,상행,8,14,36,5.0
bundang-1023,선릉역,수인분당선,상행,9,10,32,5.6
bundang-1023,선릉역,수인분당선,상행,10,8,26,6.9
bundang-1023,선릉역,수인분당선,상행,11,8,24,7.5
bundang-1023,선릉역,수인분당선,상행,12,8,24,7.5
bundang-1023,선릉역,수인분당선,상행,13,8,24,7.5
bundang-1023,선릉역,수인분당선,상행,14,8,24,7.5
bundang-1023,선릉역,수인분당선,상행,15,8,24,7.5
bundang-1023,선릉역,수인분당선,상행,16,8,27,6.7
bundang-1023,선릉역,수인분당선,상행,17,11,33,5.5
bundang-1023,선릉역,수인분당선,상행,18,14,36,5.0
bundang-1023,선릉역,수인분당선,상행,19,11,35,5.1
bundang-1023,선릉역,수인분당선,상행,20,10,29,6.2
bundang-1023,선릉역,수인분당선,상행,21,8,24,7.5
bundang-1023,선릉역,수인분당선,상행,22,6,19,9.5
bundang-1023,선릉역,수인분당선,상행,23,5,12,15.0
bundang-1023,선릉역,수인분당선,상행,24,1,6,30.0
bundang-1023,선릉역,수인분당선,하행,5,3,9,20.0
bundang-1023,선릉역,수인분당선,하행,6,6,18,10.0
bundang-1023,선릉역,수인분당선,하행,7,9,31,5.8
bundang-1023,선릉역,수인분당선,하행,8,16,36,5.0
bundang-1023,선릉역,수인분당선,하행,9,11,35,5.1
bundang-1023,선릉역,수인분당선,하행,10,8,27,6.7
bundang-1023,선릉역,수인분당선,하행,11,8,25,7.2
bundang-1023,선릉역,수인분당선,하행,12,9,24,7.5
bundang-1023,선릉역,수인분당선,하행,13,7,24,7.5
bundang-1023,선릉역,수인분당선,하행,14,8,23,7.8
bundang-1023,선릉역,수인분당선,하행,15,8,24,7.5
bundang-1023,선릉역,수인분당선,하행,16,8,27,6.7
bundang-1023,선릉역,수인분당선,하행,17,11,31,5.8
bundang-1023,선릉역,수인분당선,하행,18,12,34,5.3
bundang-1023,선릉역,수인분당선,하행,19,11,35,5.1
bundang-1023,선릉역,수인분당선,하행,20,12,31,5.8
bundang-1023,선릉역,수인분당선,하행,21,8,28,6.4
bundang-1023,선릉역,수인분당선,하행,22,8,21,8.6
bundang-1023,선릉역,수인분당선,하행,23,5,13,13.8
bundang-1024,한티역,수인분당선,상행,5,2,10,18.0
bundang-1024,한티역,수인분당선,상행,6,8,22,8.2
bundang-1024,한티역,수인분당선,상행,7,12,34,5.3
bundang-1024,한티역,수인분당선,상행,8,14,37,4.9
bundang-1024,한티역,수인분당선,상행,9,11,33,5.5
bundang-1024,한티역,수인분당선,상행,10,8,27,6.7
bundang-1024,한티역,수인분당선,상행,11,8,24,7.5
bundang-1024,한티역,수인분당선,상행,12,8,23,7.8
bundang-1024,한티역,수인분당선,상행,13,7,24,7.5
bundang-1024,한티역,수인분당선,상행,14,9,24,7.5
bundang-1024,한티역,수인분당선,상행,15,8,25,7.2
bundang-1024,한티역,수인분당선,상행,16,8,27,6.7
bundang-1024,한티역,수인분당선,상행,17,11,32,5.6
bundang-1024,한티역,수인분당선,상행,18,13,36,5.0
bundang-1024,한티역,수인분당선,상행,19,12,34,5.3
bundang-1024,한티역,수인분당선,상행,20,9,29,6.2
bundang-1024,한티역,수인분당선,상행,21,8,23,7.8
bundang-1024,한티역,수인분당선,상행,22,6,19,9.5
bundang-1024,한티역,수인분당선,상행,23,5,12,15.0
bundang-1024,한티역,수인분당선,상행,24,1,6,30.0
bundang-1024,한티역,수인분당선,하행,5,3,9,20.0
bundang-1024,한티역,수인분당선,하행,6,6,18,10.0
bundang-1024,한티역,수인분당선,하행,7,9,30,6.0
bundang-1024,한티역,수인분당선,하행,8,15,36,5.0
bundang-1024,한티역,수인분당선,하행,9,12,35,5.1
bundang-1024,한티역,수인분당선,하행,10,8,28,6.4
bundang-1024,한티역,수인분당선,하행,11,8,24,7.5
bundang-1024,한티역,수인분당선,하행,12,8,23,7.8
bundang-1024,한티역,수인분당선,하행,13,7,24,7.5
bundang-1024,한티역,수인분당선,하행,14,9,23,7.8
bundang-1024,한티역,수인분당선,하행,15,7,25,7.2
bundang-1024,한티역,수인분당선,하행,16,9,26,6.9
bundang-1024,한티역,수인분당선,하행,17,10,31,5.8
bundang-1024,한티역,수인분당선,하행,18,12,34,5.3
bundang-1024,한티역,수인분당선,하행,19,12,35,5.1
bundang-1024,한티역,수인분당선,하행,20,11,32,5.6
bundang-1024,한티역,수인분당선,하행,21,9,28,6.4
bundang-1024,한티역,수인분당선,하행,22,8,22,8.2
bundang-1024,한티역,수인분당선,하행,23,5,13,13.8
bundang-1025,도곡역,수인분당선,상행,5,2,10,18.0
bundang-1025,도곡역,수인분당선,상행,6,8,23,7.8
bundang-1025,도곡역,수인분당선,상행,7,13,35,5.1
bundang-1025,도곡역,수인분당선,상행,8,14,37,4.9
bundang-1025,도곡역,수인분당선,상행,9,10,32,5.6
bundang-1025,도곡역,수인분당선,상행,10,8,26,6.9
bundang-1025,도곡역,수인분당선,상행,11,8,24,7.5
bundang-1025,도곡역,수인분당선,상행,12,8,23,7.8
bundang-1025,도곡역,수인분당선,상행,13,7,24,7.5
bundang-1025,도곡역,수인분당선,상행,14,9,24,7.5
bundang-1025,도곡역,수인분당선,상행,15,8,25,7.2
bundang-1025,도곡역,수인분당선,상행,16,8,27,6.7
bundang-1025,도곡역,수인분당선,상행,17,11,32,5.6
bundang-1025,도곡역,수인분당선,상행,18,13,36,5.0
bundang-1025,도곡역,수인분당선,상행,19,12,34,5.3
bundang-1025,도곡역,수인분당선,상행,20,9,30,6.0
bundang-1025,도곡역,수인분당선,상행,21,9,24,7.5
bundang-1025,도곡역,수인분당선,상행,22,6,19,9.5
bundang-1025,도곡역,수인분당선,상행,23,4,11,16.4
bundang-1025,도곡역,수인분당선,상행,24,1,5,36.0
bundang-1025,도곡역,수인분당선,하행,5,3,9,20.0
bundang-1025,도곡역,수인분당선,하행,6,6,17,10.6
bundang-1025,도곡역,수인분당선,하행,7,8,30,6.0
bundang-1025,도곡역,수인분당선,하행,8,16,35,5.1
bundang-1025,도곡역,수인분당선,하행,9,11,35,5.1
bundang-1025,도곡역,수인분당선,하행,10,8,28,6.4
bundang-1025,도곡역,수인분당선,하행,11,9,25,7.2
bundang-1025,도곡역,수인분당선,하행,12,8,24,7.5
bundang-1025,도곡역,수인분당선,하행,13,7,23,7.8
bundang-1025,도곡역,수인분당선,하행,14,8,23,7.8
bundang-1025,도곡역,수인분당선,하행,15,8,24,7.5
bundang-1025,도곡역,수인분당선,하행,16,8,27,6.7
bundang-1025,도곡역,수인분당선,하행,17,11,31,5.8
bundang-1025,도곡역,수인분당선,하행,18,12,34,5.3
bundang-1025,도곡역,수인분당선,하행,19,11,35,5.1
bundang-1025,도곡역,수인분당선,하행,20,12,32,5.6
bundang-1025,도곡역,수인분당선,하행,21,9,29,6.2
bundang-1025,도곡역,수인분당선,하행,22,8,22,8.2
bundang-1025,도곡역,수인분당선,하행,23,5,13,13.8
bundang-1026,구룡역,수인분당선,상행,5,2,10,18.0
bundang-1026,구룡역,수인분당선,상행,6,8,23,7.8
bundang-1026,구룡역,수인분당선,상행,7,13,35,5.1
bundang-1026,구룡역,수인분당선,상행,8,14,37,4.9
bundang-1026,구룡역,수인분당선,상행,9,10,32,5.6
bundang-1026,구룡역,수인분당선,상행,10,8,26,6.9
bundang-1026,구룡역,수인분당선,상행,11,8,24,7.5
bundang-1026,구룡역,수인분당선,상행,12,8,24,7.5
bundang-1026,구룡역,수인분당선,상행,13,8,24,7.5
bundang-1026,구룡역,수인분당선,상행,14,8,24,7.5
bundang-1026,구룡역,수인분당선,상행,15,8,24,7.5
bundang-1026,구룡역,수인분당선,상행,16,8,27,6.7
bundang-1026,구룡역,수인분당선,상행,17,11,32,5.6
bundang-1026,구룡역,수인분당선,상행,18,13,36,5.0
bundang-1026,구룡역,수인분당선,상행,19,12,34,5.3
bundang-1026,구룡역,수인분당선,상행,20,9,30,6.0
bundang-1026,구룡역,수인분당선,상행,21,9,24,7.5
bundang-1026,구룡역,수인분당선,상행,22,6,19,9.5
bundang-1026,구룡역,수인분당선,상행,23,4,11,16.4
bundang-1026,구룡역,수인분당선,상행,24,1,5,36.0
bundang-1026,구룡역,수인분당선,하행,5,3,8,22.5
bundang-1026,구룡역,수인분당선,하행,6,5,17,10.6
bundang-1026,구룡역,수인분당선,하행,7,9,29,6.2
bundang-1026,구룡역,수인분당선,하행,8,15,36,5.0
bundang-1026,구룡역,수인분당선,하행,9,12,35,5.1
bundang-1026,구룡역,수인분당선,하행,10,8,28,6.4
bundang-1026,구룡역,수인분당선,하행,11,8,25,7.2
bundang-1026,구룡역,수인분당선,하행,12,9,24,7.5
bundang-1026,구룡역,수인분당선,하행,13,7,24,7.5
bundang-1026,구룡역,수인분당선,하행,14,8,23,7.8
bundang-1026,구룡역,수인분당선,하행,15,8,24,7.5
bundang-1026,구룡역,수인분당선,하행,16,8,26,6.9
bundang-1026,구룡역,수인분당선,하행,17,10,31,5.8
bundang-1026,구룡역,수인분당선,하행,18,13,34,5.3
bundang-1026,구룡역,수인분당선,하행,19,11,36,5.0
bundang-1026,구룡역,수인분당선,하행,20,12,32,5.6
bundang-1026,구룡역,수인분당선,하행,21,9,29,6.2
bundang-1026,구룡역,수인분당선,하행,22,8,22,8.2
bundang-1026,구룡역,수인분당선,하행,23,5,13,13.8
bundang-1027,개포동역,수인분당선,상행,5,2,11,16.4
bundang-1027,개포동역,수인분당선,상행,6,9,24,7.5
bundang-1027,개포동역,수인분당선,상행,7,13,36,5.0
bundang-1027,개포동역,수인분당선,상행,8,14,36,5.0
bundang-1027,개포동역,수인분당선,상행,9,9,31,5.8
bundang-1027,개포동역,수인분당선,상행,10,8,26,6.9
bundang-1027,개포동역,수인분당선,상행,11,9,24,7.5
bundang-1027,개포동역,수인분당선,상행,12,7,24,7.5
bundang-1027,개포동역,수인분당선,상행,13,8,24,7.5
bundang-1027,개포동역,수인분당선,상행,14,9,24,7.5
bundang-1027,개포동역,수인분당선,상행,15,7,25,7.2
bundang-1027,개포동역,수인분당선,상행,16,9,27,6.7
bundang-1027,개포동역,수인분당선,상행,17,11,32,5.6
bundang-1027,개포동역,수인분당선,상행,18,12,36,5.0
bundang-1027,개포동역,수인분당선,상행,19,13,34,5.3
bundang-1027,개포동역,수인분당선,상행,20,9,30,6.0
bundang-1027,개포동역,수인분당선,상행,21,8,23,7.8
bundang-1027,개포동역,수인분당선,상행,22,6,18,10.0
bundang-1027,개포동역,수인분당선,상행,23,4,11,16.4
bundang-1027,개포동역,수인분당선,상행,24,1,5,36.0
bundang-1027,개포동역,수인분당선,하행,5,3,8,22.5
bundang-1027,개포동역,수인분당선,하행,6,5,17,10.6
bundang-1027,개포동역,수인분당선,하행,7,9,29,6.2
bundang-1027,개포동역,수인분당선,하행,8,15,36,5.0
bundang-1027,개포동역,수인분당선,하행,9,12,35,5.1
bundang-1027,개포동역,수인분당선,하행,10,8,28,6.4
bundang-1027,개포동역,수인분당선,하행,11,8,24,7.5
bundang-1027,개포동역,수인분당선,하행,12,8,23,7.8
bundang-1027,개포동역,수인분당선,하행,13,7,24,7.5
bundang-1027,개포동역,수인분당선,하행,14,9,24,7.5
bundang-1027,개포동역,수인분당선,하행,15,8,25,7.2
bundang-1027,개포동역,수인분당선,하행,16,8,26,6.9
bundang-1027,개포동역,수인분당선,하행,17,10,30,6.0
bundang-1027,개포동역,수인분당선,하행,18,12,34,5.3
bundang-1027,개포동역,수인분당선,하행,19,12,36,5.0
bundang-1027,개포동역,수인분당선,하행,20,12,32,5.6
bundang-1027,개포동역,수인분당선,하행,21,8,28,6.4
bundang-1027,개포동역,수인분당선,하행,22,8,22,8.2
bundang-1027,개포동역,수인분당선,하행,23,6,14,12.9
bundang-1028,대모산입구역,수인분당선,상행,5,2,11,16.4
bundang-1028,대모산입구역,수인분당선,상행,6,9,24,7.5
bundang-1028,대모산입구역,수인분당선,상행,7,13,36,5.0
bundang-1028,대모산입구역,수인분당선,상행,8,14,36,5.0
bundang-1028,대모산입구역,수인분당선,상행,9,9,31,5.8
bundang-1028,대모산입구역,수인분당선,상행,10,8,26,6.9
bundang-1028,대모산입구역,수인분당선,상행,11,9,24,7.5
bundang-1028,대모산입구역,수인분당선,상행,12,7,24,7.5
bundang-1028,대모산입구역,수인분당선,상행,13,8,24,7.5
bundang-1028,대모산입구역,수인분당선,상행,14,9,24,7.5
bundang-1028,대모산입구역,수인분당선,상행,15,7,25,7.2
bundang-1028,대모산입구역,수인분당선,상행,16,9,27,6.7
bundang-1028,대모산입구역,수인분당선,상행,17,11,33,5.5
bundang-1028,대모산입구역,수인분당선,상행,18,13,36,5.0
bundang-1028,대모산입구역,수인분당선,상행,19,12,34,5.3
bundang-1028,대모산입구역,수인분당선,상행,20,9,30,6.0
bundang-1028,대모산입구역,수인분당선,상행,21,9,23,7.8
bundang-1028,대모산입구역,수인분당선,상행,22,5,18,10.0
bundang-1028,대모산입구역,수인분당선,상행,23,4,10,18.0
bundang-1028,대모산입구역,수인분당선,상행,24,1,5,36.0
bundang-1028,대모산입구역,수인분당선,하행,5,2,8,22.5
bundang-1028,대모산입구역,수인분당선,하행,6,6,16,11.2
bundang-1028,대모산입구역,수인분당선,하행,7,8,29,6.2
bundang-1028,대모산입구역,수인분당선,하행,8,15,35,5.1
bundang-1028,대모산입구역,수인분당선,하행,9,12,36,5.0
bundang-1028,대모산입구역,수인분당선,하행,10,9,29,6.2
bundang-1028,대모산입구역,수인분당선,하행,11,8,25,7.2
bundang-1028,대모산입구역,수인분당선,하행,12,8,23,7.8
bundang-1028,대모산입구역,수인분당선,하행,13,7,24,7.5
bundang-1028,대모산입구역,수인분당선,하행,14,9,24,7.5
bundang-1028,대모산입구역,수인분당선,하행,15,8,25,7.2
bundang-1028,대모산입구역,수인분당선,하행,16,8,26,6.9
bundang-1028,대모산입구역,수인분당선,하행,17,10,30,6.0
bundang-1028,대모산입구역,수인분당선,하행,18,12,33,5.5
bundang-1028,대모산입구역,수인분당선,하행,19,11,35,5.1
bundang-1028,대모산입구역,수인분당선,하행,20,12,32,5.6
bundang-1028,대모산입구역,수인분당선,하행,21,9,29,6.2
bundang-1028,대모산입구역,수인분당선,하행,22,8,23,7.8
bundang-1028,대모산입구역,수인분당선,하행,23,6,14,12.9
bundang-1030,수서역,수인분당선,상행,5,3,12,15.0
bundang-1030,수서역,수인분당선,상행,6,9,25,7.2
bundang-1030,수서역,수인분당선,상행,7,13,36,5.0
bundang-1030,수서역,수인분당선,상행,8,14,36,5.0
bundang-1030,수서역,수인분당선,상행,9,9,31,5.8
bundang-1030,수서역,수인분당선,상행,10,8,25,7.2
bundang-1030,수서역,수인분당선,상행,11,8,24,7.5
bundang-1030,수서역,수인분당선,상행,12,8,24,7.5
bundang-1030,수서역,수인분당선,상행,13,8,24,7.5
bundang-1030,수서역,수인분당선,상행,14,8,24,7.5
bundang-1030,수서역,수인분당선,상행,15,8,25,7.2
bundang-1030,수서역,수인분당선,상행,16,9,28,6.4
bundang-1030,수서역,수인분당선,상행,17,11,33,5.5
bundang-1030,수서역,수인분당선,상행,18,13,36,5.0
bundang-1030,수서역,수인분당선,상행,19,12,33,5.5
bundang-1030,수서역,수인분당선,상행,20,8,29,6.2
bundang-1030,수서역,수인분당선,상행,21,9,22,8.2
bundang-1030,수서역,수인분당선,상행,22,5,19,9.5
bundang-1030,수서역,수인분당선,상행,23,5,10,18.0
bundang-1030,수서역,수인분당선,하행,5,2,7,25.7
bundang-1030,수서역,수인분당선,하행,6,5,15,12.0
bundang-1030,수서역,수인분당선,하행,7,8,28,6.4
bundang-1030,수서역,수인분당선,하행,8,15,36,5.0
bundang-1030,수서역,수인분당선,하행,9,13,36,5.0
bundang-1030,수서역,수인분당선,하행,10,8,30,6.0
bundang-1030,수서역,수인분당선,하행,11,9,24,7.5
bundang-1030,수서역,수인분당선,하행,12,7,24,7.5
bundang-1030,수서역,수인분당선,하행,13,8,23,7.8
bundang-1030,수서역,수인분당선,하행,14,8,24,7.5
bundang-1030,수서역,수인분당선,하행,15,8,24,7.5
bundang-1030,수서역,수인분당선,하행,16,8,26,6.9
bundang-1030,수서역,수인분당선,하행,17,10,30,6.0
bundang-1030,수서역,수인분당선,하행,18,12,34,5.3
bundang-1030,수서역,수인분당선,하행,19,12,36,5.0
bundang-1030,수서역,수인분당선,하행,20,12,33,5.5
bundang-1030,수서역,수인분당선,하행,21,9,29,6.2
bundang-1030,수서역,수인분당선,하행,22,8,23,7.8
bundang-1030,수서역,수인분당선,하행,23,6,14,12.9
bundang-1031,복정역,수인분당선,상행,5,4,12,15.0
bundang-1031,복정역,수인분당선,상행,6,8,26,6.9
bundang-1031,복정역,수인분당선,상행,7,14,36,5.0
bundang-1031,복정역,수인분당선,상행,8,14,36,5.0
bundang-1031,복정역,수인분당선,상행,9,8,30,6.0
bundang-1031,복정역,수인분당선,상행,10,8,24,7.5
bundang-1031,복정역,수인분당선,상행,11,8,24,7.5
bundang-1031,복정역,수인분당선,상행,12,8,24,7.5
bundang-1031,복정역,수인분당선,상행,13,8,25,7.2
bundang-1031,복정역,수인분당선,상행,14,9,25,7.2
bundang-1031,복정역,수인분당선,상행,15,8,26,6.9
bundang-1031,복정역,수인분당선,상행,16,9,28,6.4
bundang-1031,복정역,수인분당선,상행,17,11,32,5.6
bundang-1031,복정역,수인분당선,상행,18,12,35,5.1
bundang-1031,복정역,수인분당선,상행,19,12,33,5.5
bundang-1031,복정역,수인분당선,상행,20,9,29,6.2
bundang-1031,복정역,수인분당선,상행,21,8,23,7.8
bundang-1031,복정역,수인분당선,상행,22,6,18,10.0
bundang-1031,복정역,수인분당선,상행,23,4,10,18.0
bundang-1031,복정역,수인분당선,하행,5,2,7,25.7
bundang-1031,복정역,수인분당선,하행,6,5,15,12.0
bundang-1031,복정역,수인분당선,하행,7,8,27,6.7
bundang-1031,복정역,수인분당선,하행,8,14,35,5.1
bundang-1031,복정역,수인분당선,하행,9,13,36,5.0
bundang-1031,복정역,수인분당선,하행,10,9,30,6.0
bundang-1031,복정역,수인분당선,하행,11,8,25,7.2
bundang-1031,복정역,수인분당선,하행,12,8,23,7.8
bundang-1031,복정역,수인분당선,하행,13,7,24,7.5
bundang-1031,복정역,수인분당선,하행,14,9,24,7.5
bundang-1031,복정역,수인분당선,하행,15,8,25,7.2
bundang-1031,복정역,수인분당선,하행,16,8,25,7.2
bundang-1031,복정역,수인분당선,하행,17,9,29,6.2
bundang-1031,복정역,수인분당선,하행,18,12,33,5.5
bundang-1031,복정역,수인분당선,하행,19,12,36,5.0
bundang-1031,복정역,수인분당선,하행,20,12,33,5.5
bundang-1031,복정역,수인분당선,하행,21,9,29,6.2
bundang-1031,복정역,수인분당선,하행,22,8,23,7.8
bundang-1031,복정역,수인분당선,하행,23,6,15,12.0
bundang-1031,복정역,수인분당선,하행,24,1,7,25.7
bundang-1846,수원역(분당),수인분당선,상행,5,4,10,18.0
bundang-1846,수원역(분당),수인분당선,상행,6,6,22,8.2
bundang-1846,수원역(분당),수인분당선,상행,7,12,27,6.7
bundang-1846,수원역(분당),수인분당선,상행,8,9,30,6.0
bundang-1846,수원역(분당),수인분당선,상행,9,9,22,8.2
bundang-1846,수원역(분당),수인분당선,상행,10,4,17,10.6
bundang-1846,수원역(분당),수인분당선,상행,11,4,12,15.0
bundang-1846,수원역(분당),수인분당선,상행,12,4,12,15.0
bundang-1846,수원역(분당),수인분당선,상행,13,4,12,15.0
bundang-1846,수원역(분당),수인분당선,상행,14,4,12,15.0
bundang-1846,수원역(분당),수인분당선,상행,15,4,12,15.0
bundang-1846,수원역(분당),수인분당선,상행,16,4,12,15.0
bundang-1846,수원역(분당),수인분당선,상행,17,4,16,11.2
bundang-1846,수원역(분당),수인분당선,상행,18,8,22,8.2
bundang-1846,수원역(분당),수인분당선,상행,19,10,27,6.7
bundang-1846,수원역(분당),수인분당선,상행,20,9,26,6.9
bundang-1846,수원역(분당),수인분당선,상행,21,7,22,8.2
bundang-1846,수원역(분당),수인분당선,상행,22,6,16,11.2
bundang-1846,수원역(분당),수인분당선,상행,23,3,9,20.0
bundang-1846,수원역(분당),수인분당선,하행,5,5,13,13.8
bundang-1846,수원역(분당),수인분당선,하행,6,8,24,7.5
bundang-1846,수원역(분당),수인분당선,하행,7,11,27,6.7
bundang-1846,수원역(분당),수인분당선,하행,8,8,26,6.9
bundang-1846,수원역(분당),수인분당선,하행,9,7,18,10.0
bundang-1846,수원역(분당),수인분당선,하행,10,3,14,12.9
bundang-1846,수원역(분당),수인분당선,하행,11,4,11,16.4
bundang-1846,수원역(분당),수인분당선,하행,12,4,12,15.0
bundang-1846,수원역(분당),수인분당선,하행,13,4,12,15.0
bundang-1846,수원역(분당),수인분당선,하행,14,4,12,15.0
bundang-1846,수원역(분당),수인분당선,하행,15,4,12,15.0
bundang-1846,수원역(분당),수인분당선,하행,16,4,13,13.8
bundang-1846,수원역(분당),수인분당선,하행,17,5,18,10.0
bundang-1846,수원역(분당),수인분당선,하행,18,9,24,7.5
bundang-1846,수원역(분당),수인분당선,하행,19,10,28,6.4
bundang-1846,수원역(분당),수인분당선,하행,20,9,24,7.5
bundang-1846,수원역(분당),수인분당선,하행,21,5,19,9.5
bundang-1846,수원역(분당),수인분당선,하행,22,5,14,12.9
bundang-1846,수원역(분당),수인분당선,하행,23,4,11,16.4
bundang-1846,수원역(분당),수인분당선,하행,24,2,6,30.0
bundang-1847,서울숲역,수인분당선,상행,5,1,8,22.5
bundang-1847,서울숲역,수인분당선,상행,6,7,20,9.0
bundang-1847,서울숲역,수인분당선,상행,7,12,34,5.3
bundang-1847,서울숲역,수인분당선,상행,8,15,37,4.9
bundang-1847,서울숲역,수인분당선,상행,9,10,33,5.5
bundang-1847,서울숲역,수인분당선,상행,10,8,26,6.9
bundang-1847,서울숲역,수인분당선,상행,11,8,25,7.2
bundang-1847,서울숲역,수인분당선,상행,12,9,24,7.5
bundang-1847,서울숲역,수인분당선,상행,13,7,24,7.5
bundang-1847,서울숲역,수인분당선,상행,14,8,24,7.5
bundang-1847,서울숲역,수인분당선,상행,15,9,24,7.5
bundang-1847,서울숲역,수인분당선,상행,16,7,27,6.7
bundang-1847,서울숲역,수인분당선,상행,17,11,31,5.8
bundang-1847,서울숲역,수인분당선,상행,18,13,36,5.0
bundang-1847,서울숲역,수인분당선,상행,19,12,35,5.1
bundang-1847,서울숲역,수인분당선,상행,20,10,30,6.0
bundang-1847,서울숲역,수인분당선,상행,21,8,24,7.5
bundang-1847,서울숲역,수인분당선,상행,22,6,19,9.5
bundang-1847,서울숲역,수인분당선,상행,23,5,13,13.8
bundang-1847,서울숲역,수인분당선,상행,24,2,7,25.7
bundang-1847,서울숲역,수인분당선,하행,5,4,10,18.0
bundang-1847,서울숲역,수인분당선,하행,6,6,20,9.0
bundang-1847,서울숲역,수인분당선,하행,7,10,32,5.6
bundang-1847,서울숲역,수인분당선,하행,8,16,36,5.0
bundang-1847,서울숲역,수인분당선,하행,9,10,34,5.3
bundang-1847,서울숲역,수인분당선,하행,10,8,26,6.9
bundang-1847,서울숲역,수인분당선,하행,11,8,24,7.5
bundang-1847,서울숲역,수인분당선,하행,12,8,24,7.5
bundang-1847,서울숲역,수인분당선,하행,13,8,24,7.5
bundang-1847,서울숲역,수인분당선,하행,14,8,23,7.8
bundang-1847,서울숲역,수인분당선,하행,15,7,24,7.5
bundang-1847,서울숲역,수인분당선,하행,16,9,27,6.7
bundang-1847,서울숲역,수인분당선,하행,17,11,32,5.6
bundang-1847,서울숲역,수인분당선,하행,18,12,35,5.1
bundang-1847,서울숲역,수인분당선,하행,19,12,35,5.1
bundang-1847,서울숲역,수인분당선,하행,20,11,31,5.8
bundang-1847,서울숲역,수인분당선,하행,21,8,27,6.7
bundang-1847,서울숲역,수인분당선,하행,22,8,20,9.0
bundang-1847,서울숲역,수인분당선,하행,23,4,12,15.0
bundang-1848,압구정로데오역,수인분당선,상행,5,1,9,20.0
bundang-1848,압구정로데오역,수인분당선,상행,6,8,20,9.0
bundang-1848,압구정로데오역,수인분당선,상행,7,11,34,5.3
bundang-1848,압구정로데오역,수인분당선,상행,8,15,37,4.9
bundang-1848,압구정로데오역,수인분당선,상행,9,11,33,5.5
bundang-1848,압구정로데오역,수인분당선,상행,10,7,26,6.9
bundang-1848,압구정로데오역,수인분당선,상행,11,8,24,7.5
bundang-1848,압구정로데오역,수인분당선,상행,12,9,24,7.5
bundang-1848,압구정로데오역,수인분당선,상행,13,7,24,7.5
bundang-1848,압구정로데오역,수인분당선,상행,14,8,24,7.5
bundang-1848,압구정로데오역,수인분당선,상행,15,9,24,7.5
bundang-1848,압구정로데오역,수인분당선,상행,16,7,27,6.7
bundang-1848,압구정로데오역,수인분당선,상행,17,11,32,5.6
bundang-1848,압구정로데오역,수인분당선,상행,18,14,36,5.0
bundang-1848,압구정로데오역,수인분당선,상행,19,11,35,5.1
bundang-1848,압구정로데오역,수인분당선,상행,20,10,29,6.2
bundang-1848,압구정로데오역,수인분당선,상행,21,8,24,7.5
bundang-1848,압구정로데오역,수인분당선,상행,22,6,19,9.5
bundang-1848,압구정로데오역,수인분당선,상행,23,5,13,13.8
bundang-1848,압구정로데오역,수인분당선,상행,24,2,7,25.7
bundang-1848,압구정로데오역,수인분당선,하행,5,4,10,18.0
bundang-1848,압구정로데오역,수인분당선,하행,6,6,19,9.5
bundang-1848,압구정로데오역,수인분당선,하행,7,9,31,5.8
bundang-1848,압구정로데오역,수인분당선,하행,8,16,35,5.1
bundang-1848,압구정로데오역,수인분당선,하행,9,10,35,5.1
bundang-1848,압구정로데오역,수인분당선,하행,10,9,27,6.7
bundang-1848,압구정로데오역,수인분당선,하행,11,8,25,7.2
bundang-1848,압구정로데오역,수인분당선,하행,12,8,24,7.5
bundang-1848,압구정로데오역,수인분당선,하행,13,8,24,7.5
bundang-1848,압구정로데오역,수인분당선,하행,14,8,23,7.8
bundang-1848,압구정로데오역,수인분당선,하행,15,7,24,7.5
bundang-1848,압구정로데오역,수인분당선,하행,16,9,26,6.9
bundang-1848,압구정로데오역,수인분당선,하행,17,10,31,5.8
bundang-1848,압구정로데오역,수인분당선,하행,18,12,34,5.3
bundang-1848,압구정로데오역,수인분당선,하행,19,12,36,5.0
bundang-1848,압구정로데오역,수인분당선,하행,20,12,32,5.6
bundang-1848,압구정로데오역,수인분당선,하행,21,8,28,6.4
bundang-1848,압구정로데오역,수인분당선,하행,22,8,20,9.0
bundang-1848,압구정로데오역,수인분당선,하행,23,4,12,15.0
bundang-1849,강남구청역,수인분당선,상행,5,2,9,20.0
bundang-1849,강남구청역,수인분당선,상행,6,7,21,8.6
bundang-1849,강남구청역,수인분당선,상행,7,12,33,5.5
bundang-1849,강남구청역,수인분당선,상행,8,14,37,4.9
bundang-1849,강남구청역,수인분당선,상행,9,11,33,5.5
bundang-1849,강남구청역,수인분당선,상행,10,8,27,6.7
bundang-1849,강남구청역,수인분당선,상행,11,8,24,7.5
bundang-1849,강남구청역,수인분당선,상행,12,8,23,7.8
bundang-1849,강남구청역,수인분당선,상행,13,7,24,7.5
bundang-1849,강남구청역,수인분당선,상행,14,9,24,7.5
bundang-1849,강남구청역,수인분당선,상행,15,8,24,7.5
bundang-1849,강남구청역,수인분당선,상행,16,7,27,6.7
bundang-1849,강남구청역,수인분당선,상행,17,12,32,5.6
bundang-1849,강남구청역,수인분당선,상행,18,13,36,5.0
bundang-1849,강남구청역,수인분당선,상행,19,11,34,5.3
bundang-1849,강남구청역,수인분당선,상행,20,10,29,6.2
bundang-1849,강남구청역,수인분당선,상행,21,8,25,7.2
bundang-1849,강남구청역,수인분당선,상행,22,7,19,9.5
bundang-1849,강남구청역,수인분당선,상행,23,4,13,13.8
bundang-1849,강남구청역,수인분당선,상행,24,2,6,30.0
bundang-1849,강남구청역,수인분당선,하행,5,3,10,18.0
bundang-1849,강남구청역,수인분당선,하행,6,7,19,9.5
bundang-1849,강남구청역,수인분당선,하행,7,9,31,5.8
bundang-1849,강남구청역,수인분당선,하행,8,15,35,5.1
bundang-1849,강남구청역,수인분당선,하행,9,11,35,5.1
bundang-1849,강남구청역,수인분당선,하행,10,9,27,6.7
bundang-1849,강남구청역,수인분당선,하행,11,7,25,7.2
bundang-1849,강남구청역,수인분당선,하행,12,9,23,7.8
bundang-1849,강남구청역,수인분당선,하행,13,7,24,7.5
bundang-1849,강남구청역,수인분당선,하행,14,8,23,7.8
bundang-1849,강남구청역,수인분당선,하행,15,8,24,7.5
bundang-1849,강남구청역,수인분당선,하행,16,8,27,6.7
bundang-1849,강남구청역,수인분당선,하행,17,11,31,5.8
bundang-1849,강남구청역,수인분당선,하행,18,12,35,5.1
bundang-1849,강남구청역,수인분당선,하행,19,12,35,5.1
bundang-1849,강남구청역,수인분당선,하행,20,11,32,5.6
bundang-1849,강남구청역,수인분당선,하행,21,9,28,6.4
bundang-1849,강남구청역,수인분당선,하행,22,8,21,8.6
bundang-1849,강남구청역,수인분당선,하행,23,4,12,15.0
bundang-1850,선정릉역,수인분당선,상행,5,2,9,20.0
bundang-1850,선정릉역,수인분당선,상행,6,7,21,8.6
bundang-1850,선정릉역,수인분당선,상행,7,12,34,5.3
bundang-1850,선정릉역,수인분당선,상행,8,15,37,4.9
bundang-1850,선정릉역,수인분당선,상행,9,10,33,5.5
bundang-1850,선정릉역,수인분당선,상행,10,8,26,6.9
bundang-1850,선정릉역,수인분당선,상행,11,8,24,7.5
bundang-1850,선정릉역,수인분당선,상행,12,8,24,7.5
bundang-1850,선정릉역,수인분당선,상행,13,8,24,7.5
bundang-1850,선정릉역,수인분당선,상행,14,8,24,7.5
bundang-1850,선정릉역,수인분당선,상행,15,8,24,7.5
bundang-1850,선정릉역,수인분당선,상행,16,8,27,6.7
bundang-1850,선정릉역,수인분당선,상행,17,11,32,5.6
bundang-1850,선정릉역,수인분당선,상행,18,13,36,5.0
bundang-1850,선정릉역,수인분당선,상행,19,12,35,5.1
bundang-1850,선정릉역,수인분당선,상행,20,10,30,6.0
bundang-1850,선정릉역,수인분당선,상행,21,8,24,7.5
bundang-1850,선정릉역,수인분당선,상행,22,6,18,10.0
bundang-1850,선정릉역,수인분당선,상행,23,4,12,15.0
bundang-1850,선정릉역,수인분당선,상행,24,2,6,30.0
bundang-1850,선정릉역,수인분당선,하행,5,3,10,18.0
bundang-1850,선정릉역,수인분당선,하행,6,7,18,10.0
bundang-1850,선정릉역,수인분당선,하행,7,8,31,5.8
bundang-1850,선정릉역,수인분당선,하행,8,16,35,5.1
bundang-1850,선정릉역,수인분당선,하행,9,11,35,5.1
bundang-1850,선정릉역,수인분당선,하행,10,8,27,6.7
bundang-1850,선정릉역,수인분당선,하행,11,8,25,7.2
bundang-1850,선정릉역,수인분당선,하행,12,9,24,7.5
bundang-1850,선정릉역,수인분당선,하행,13,7,24,7.5
bundang-1850,선정릉역,수인분당선,하행,14,8,23,7.8
bundang-1850,선정릉역,수인분당선,하행,15,8,24,7.5
bundang-1850,선정릉역,수인분당선,하행,16,8,27,6.7
bundang-1850,선정릉역,수인분당선,하행,17,11,31,5.8
bundang-1850,선정릉역,수인분당선,하행,18,12,35,5.1
bundang-1850,선정릉역,수인분당선,하행,19,12,35,5.1
bundang-1850,선정릉역,수인분당선,하행,20,11,31,5.8
bundang-1850,선정릉역,수인분당선,하행,21,8,27,6.7
bundang-1850,선정릉역,수인분당선,하행,22,8,21,8.6
bundang-1850,선정릉역,수인분당선,하행,23,5,13,13.8
bundang-1851,가천대역,수인분당선,상행,5,4,13,13.8
bundang-1851,가천대역,수인분당선,상행,6,9,27,6.7
bundang-1851,가천대역,수인분당선,상행,7,14,36,5.0
bundang-1851,가천대역,수인분당선,상행,8,13,36,5.0
bundang-1851,가천대역,수인분당선,상행,9,9,30,6.0
bundang-1851,가천대역,수인분당선,상행,10,8,25,7.2
bundang-1851,가천대역,수인분당선,상행,11,8,24,7.5
bundang-1851,가천대역,수인분당선,상행,12,8,24,7.5
bundang-1851,가천대역,수인분당선,상행,13,8,24,7.5
bundang-1851,가천대역,수인분당선,상행,14,8,24,7.5
bundang-1851,가천대역,수인분당선,상행,15,8,25,7.2
bundang-1851,가천대역,수인분당선,상행,16,9,29,6.2
bundang-1851,가천대역,수인분당선,상행,17,12,33,5.5
bundang-1851,가천대역,수인분당선,상행,18,12,36,5.0
bundang-1851,가천대역,수인분당선,상행,19,12,33,5.5
bundang-1851,가천대역,수인분당선,상행,20,9,29,6.2
bundang-1851,가천대역,수인분당선,상행,21,8,22,8.2
bundang-1851,가천대역,수인분당선,상행,22,5,17,10.6
bundang-1851,가천대역,수인분당선,상행,23,4,9,20.0
bundang-1851,가천대역,수인분당선,하행,5,1,7,25.7
bundang-1851,가천대역,수인분당선,하행,6,6,14,12.9
bundang-1851,가천대역,수인분당선,하행,7,7,27,6.7
bundang-1851,가천대역,수인분당선,하행,8,14,35,5.1
bundang-1851,가천대역,수인분당선,하행,9,14,36,5.0
bundang-1851,가천대역,수인분당선,하행,10,8,30,6.0
bundang-1851,가천대역,수인분당선,하행,11,8,24,7.5
bundang-1851,가천대역,수인분당선,하행,12,8,24,7.5
bundang-1851,가천대역,수인분당선,하행,13,8,25,7.2
bundang-1851,가천대역,수인분당선,하행,14,9,24,7.5
bundang-1851,가천대역,수인분당선,하행,15,7,24,7.5
bundang-1851,가천대역,수인분당선,하행,16,8,24,7.5
bundang-1851,가천대역,수인분당선,하행,17,9,29,6.2
bundang-1851,가천대역,수인분당선,하행,18,12,34,5.3
bundang-1851,가천대역,수인분당선,하행,19,13,37,4.9
bundang-1851,가천대역,수인분당선,하행,20,12,34,5.3
bundang-1851,가천대역,수인분당선,하행,21,9,29,6.2
bundang-1851,가천대역,수인분당선,하행,22,8,23,7.8
bundang-1851,가천대역,수인분당선,하행,23,6,15,12.0
bundang-1851,가천대역,수인분당선,하행,24,1,7,25.7
bundang-1852,태평역,수인분당선,상행,5,4,14,12.9
bundang-1852,태평역,수인분당선,상행,6,10,28,6.4
bundang-1852,태평역,수인분당선,상행,7,14,37,4.9
bundang-1852,태평역,수인분당선,상행,8,13,35,5.1
bundang-1852,태평역,수인분당선,상행,9,8,29,6.2
bundang-1852,태평역,수인분당선,상행,10,8,24,7.5
bundang-1852,태평역,수인분당선,상행,11,8,24,7.5
bundang-1852,태평역,수인분당선,상행,12,8,24,7.5
bundang-1852,태평역,수인분당선,상행,13,8,24,7.5
bundang-1852,태평역,수인분당선,상행,14,8,24,7.5
bundang-1852,태평역,수인분당선,상행,15,8,26,6.9
bundang-1852,태평역,수인분당선,상행,16,10,29,6.2
bundang-1852,태평역,수인분당선,상행,17,11,34,5.3
bundang-1852,태평역,수인분당선,상행,18,13,35,5.1
bundang-1852,태평역,수인분당선,상행,19,11,33,5.5
bundang-1852,태평역,수인분당선,상행,20,9,28,6.4
bundang-1852,태평역,수인분당선,상행,21,8,22,8.2
bundang-1852,태평역,수인분당선,상행,22,5,17,10.6
bundang-1852,태평역,수인분당선,상행,23,4,9,20.0
bundang-1852,태평역,수인분당선,하행,5,1,6,30.0
bundang-1852,태평역,수인분당선,하행,6,5,14,12.9
bundang-1852,태평역,수인분당선,하행,7,8,27,6.7
bundang-1852,태평역,수인분당선,하행,8,14,35,5.1
bundang-1852,태평역,수인분당선,하행,9,13,36,5.0
bundang-1852,태평역,수인분당선,하행,10,9,30,6.0
bundang-1852,태평역,수인분당선,하행,11,8,25,7.2
bundang-1852,태평역,수인분당선,하행,12,8,24,7.5
bundang-1852,태평역,수인분당선,하행,13,8,24,7.5
bundang-1852,태평역,수인분당선,하행,14,8,24,7.5
bundang-1852,태평역,수인분당선,하행,15,8,24,7.5
bundang-1852,태평역,수인분당선,하행,16,8,25,7.2
bundang-1852,태평역,수인분당선,하행,17,9,29,6.2
bundang-1852,태평역,수인분당선,하행,18,12,33,5.5
bundang-1852,태평역,수인분당선,하행,19,12,36,5.0
bundang-1852,태평역,수인분당선,하행,20,12,34,5.3
bundang-1852,태평역,수인분당선,하행,21,10,30,6.0
bundang-1852,태평역,수인분당선,하행,22,8,24,7.5
bundang-1852,태평역,수인분당선,하행,23,6,15,12.0
bundang-1852,태평역,수인분당선,하행,24,1,7,25.7
bundang-1853,모란역,수인분당선,상행,5,5,14,12.9
bundang-1853,모란역,수인분당선,상행,6,9,28,6.4
bundang-1853,모란역,수인분당선,상행,7,14,36,5.0
bundang-1853,모란역,수인분당선,상행,8,13,35,5.1
bundang-1853,모란역,수인분당선,상행,9,8,29,6.2
bundang-1853,모란역,수인분당선,상행,10,8,24,7.5
bundang-1853,모란역,수인분당선,상행,11,8,24,7.5
bundang-1853,모란역,수인분당선,상행,12,8,25,7.2
bundang-1853,모란역,수인분당선,상행,13,9,24,7.5
bundang-1853,모란역,수인분당선,상행,14,7,24,7.5
bundang-1853,모란역,수인분당선,상행,15,8,25,7.2
bundang-1853,모란역,수인분당선,상행,16,10,29,6.2
bundang-1853,모란역,수인분당선,상행,17,11,34,5.3
bundang-1853,모란역,수인분당선,상행,18,13,35,5.1
bundang-1853,모란역,수인분당선,상행,19,11,33,5.5
bundang-1853,모란역,수인분당선,상행,20,9,28,6.4
bundang-1853,모란역,수인분당선,상행,21,8,22,8.2
bundang-1853,모란역,수인분당선,상행,22,5,17,10.6
bundang-1853,모란역,수인분당선,상행,23,4,9,20.0
bundang-1853,모란역,수인분당선,하행,5,1,6,30.0
bundang-1853,모란역,수인분당선,하행,6,5,14,12.9
bundang-1853,모란역,수인분당선,하행,7,8,26,6.9
bundang-1853,모란역,수인분당선,하행,8,13,35,5.1
bundang-1853,모란역,수인분당선,하행,9,14,36,5.0
bundang-1853,모란역,수인분당선,하행,10,9,31,5.8
bundang-1853,모란역,수인분당선,하행,11,8,25,7.2
bundang-1853,모란역,수인분당선,하행,12,8,23,7.8
bundang-1853,모란역,수인분당선,하행,13,7,24,7.5
bundang-1853,모란역,수인분당선,하행,14,9,24,7.5
bundang-1853,모란역,수인분당선,하행,15,8,25,7.2
bundang-1853,모란역,수인분당선,하행,16,8,24,7.5
bundang-1853,모란역,수인분당선,하행,17,8,28,6.4
bundang-1853,모란역,수인분당선,하행,18,12,33,5.5
bundang-1853,모란역,수인분당선,하행,19,13,37,4.9
bundang-1853,모란역,수인분당선,하행,20,12,35,5.1
bundang-1853,모란역,수인분당선,하행,21,10,29,6.2
bundang-1853,모란역,수인분당선,하행,22,7,24,7.5
bundang-1853,모란역,수인분당선,하행,23,7,15,12.0
bundang-1853,모란역,수인분당선,하행,24,1,8,22.5
bundang-1854,야탑역,수인분당선,상행,5,5,15,12.0
bundang-1854,야탑역,수인분당선,상행,6,10,29,6.2
bundang-1854,야탑역,수인분당선,상행,7,14,36,5.0
bundang-1854,야탑역,수인분당선,상행,8,12,34,5.3
bundang-1854,야탑역,수인분당선,상행,9,8,29,6.2
bundang-1854,야탑역,수인분당선,상행,10,9,25,7.2
bundang-1854,야탑역,수인분당선,상행,11,8,25,7.2
bundang-1854,야탑역,수인분당선,상행,12,8,24,7.5
bundang-1854,야탑역,수인분당선,상행,13,8,24,7.5
bundang-1854,야탑역,수인분당선,상행,14,8,24,7.5
bundang-1854,야탑역,수인분당선,상행,15,8,25,7.2
bundang-1854,야탑역,수인분당선,상행,16,9,29,6.2
bundang-1854,야탑역,수인분당선,상행,17,12,34,5.3
bundang-1854,야탑역,수인분당선,상행,18,13,36,5.0
bundang-1854,야탑역,수인분당선,상행,19,11,33,5.5
bundang-1854,야탑역,수인분당선,상행,20,9,27,6.7
bundang-1854,야탑역,수인분당선,상행,21,7,22,8.2
bundang-1854,야탑역,수인분당선,상행,22,6,16,11.2
bundang-1854,야탑역,수인분당선,상행,23,3,9,20.0
bundang-1854,야탑역,수인분당선,하행,5,1,6,30.0
bundang-1854,야탑역,수인분당선,하행,6,5,14,12.9
bundang-1854,야탑역,수인분당선,하행,7,8,25,7.2
bundang-1854,야탑역,수인분당선,하행,8,12,34,5.3
bundang-1854,야탑역,수인분당선,하행,9,14,36,5.0
bundang-1854,야탑역,수인분당선,하행,10,10,31,5.8
bundang-1854,야탑역,수인분당선,하행,11,7,25,7.2
bundang-1854,야탑역,수인분당선,하행,12,8,23,7.8
bundang-1854,야탑역,수인분당선,하행,13,8,25,7.2
bundang-1854,야탑역,수인분당선,하행,14,9,25,7.2
bundang-1854,야탑역,수인분당선,하행,15,8,24,7.5
bundang-1854,야탑역,수인분당선,하행,16,7,24,7.5
bundang-1854,야탑역,수인분당선,하행,17,9,28,6.4
bundang-1854,야탑역,수인분당선,하행,18,12,33,5.5
bundang-1854,야탑역,수인분당선,하행,19,12,36,5.0
bundang-1854,야탑역,수인분당선,하행,20,12,34,5.3
bundang-1854,야탑역,수인분당선,하행,21,10,30,6.0
bundang-1854,야탑역,수인분당선,하행,22,8,24,7.5
bundang-1854,야탑역,수인분당선,하행,23,6,16,11.2
bundang-1854,야탑역,수인분당선,하행,24,2,8,22.5
bundang-1855,서현역,수인분당선,상행,5,6,16,11.2
bundang-1855,서현역,수인분당선,상행,6,10,30,6.0
bundang-1855,서현역,수인분당선,상행,7,14,36,5.0
bundang-1855,서현역,수인분당선,상행,8,12,34,5.3
bundang-1855,서현역,수인분당선,상행,9,8,28,6.4
bundang-1855,서현역,수인분당선,상행,10,8,24,7.5
bundang-1855,서현역,수인분당선,상행,11,8,24,7.5
bundang-1855,서현역,수인분당선,상행,12,8,24,7.5
bundang-1855,서현역,수인분당선,상행,13,8,25,7.2
bundang-1855,서현역,수인분당선,상행,14,9,24,7.5
bundang-1855,서현역,수인분당선,상행,15,7,26,6.9
bundang-1855,서현역,수인분당선,상행,16,10,29,6.2
bundang-1855,서현역,수인분당선,상행,17,12,34,5.3
bundang-1855,서현역,수인분당선,상행,18,12,35,5.1
bundang-1855,서현역,수인분당선,상행,19,11,33,5.5
bundang-1855,서현역,수인분당선,상행,20,10,28,6.4
bundang-1855,서현역,수인분당선,상행,21,7,22,8.2
bundang-1855,서현역,수인분당선,상행,22,5,15,12.0
bundang-1855,서현역,수인분당선,상행,23,3,8,22.5
bundang-1855,서현역,수인분당선,하행,5,1,6,30.0
bundang-1855,서현역,수인분당선,하행,6,5,13,13.8
bundang-1855,서현역,수인분당선,하행,7,7,24,7.5
bundang-1855,서현역,수인분당선,하행,8,12,34,5.3
bundang-1855,서현역,수인분당선,하행,9,15,36,5.0
bundang-1855,서현역,수인분당선,하행,10,9,32,5.6
bundang-1855,서현역,수인분당선,하행,11,8,25,7.2
bundang-1855,서현역,수인분당선,하행,12,8,24,7.5
bundang-1855,서현역,수인분당선,하행,13,8,24,7.5
bundang-1855,서현역,수인분당선,하행,14,8,24,7.5
bundang-1855,서현역,수인분당선,하행,15,8,24,7.5
bundang-1855,서현역,수인분당선,하행,16,8,24,7.5
bundang-1855,서현역,수인분당선,하행,17,8,27,6.7
bundang-1855,서현역,수인분당선,하행,18,11,32,5.6
bundang-1855,서현역,수인분당선,하행,19,13,36,5.0
bundang-1855,서현역,수인분당선,하행,20,12,36,5.0
bundang-1855,서현역,수인분당선,하행,21,11,31,5.8
bundang-1855,서현역,수인분당선,하행,22,8,25,7.2
bundang-1855,서현역,수인분당선,하행,23,6,16,11.2
bundang-1855,서현역,수인분당선,하행,24,2,8,22.5
bundang-1856,수내역,수인분당선,상행,5,6,17,10.6
bundang-1856,수내역,수인분당선,상행,6,11,31,5.8
bundang-1856,수내역,수인분당선,상행,7,14,36,5.0
bundang-1856,수내역,수인분당선,상행,8,11,33,5.5
bundang-1856,수내역,수인분당선,상행,9,8,28,6.4
bundang-1856,수내역,수인분당선,상행,10,9,25,7.2
bundang-1856,수내역,수인분당선,상행,11,8,25,7.2
bundang-1856,수내역,수인분당선,상행,12,8,24,7.5
bundang-1856,수내역,수인분당선,상행,13,8,24,7.5
bundang-1856,수내역,수인분당선,상행,14,8,24,7.5
bundang-1856,수내역,수인분당선,상행,15,8,26,6.9
bundang-1856,수내역,수인분당선,상행,16,10,30,6.0
bundang-1856,수내역,수인분당선,상행,17,12,34,5.3
bundang-1856,수내역,수인분당선,상행,18,12,35,5.1
bundang-1856,수내역,수인분당선,상행,19,11,32,5.6
bundang-1856,수내역,수인분당선,상행,20,9,27,6.7
bundang-1856,수내역,수인분당선,상행,21,7,21,8.6
bundang-1856,수내역,수인분당선,상행,22,5,15,12.0
bundang-1856,수내역,수인분당선,상행,23,3,8,22.5
bundang-1856,수내역,수인분당선,하행,5,1,6,30.0
bundang-1856,수내역,수인분당선,하행,6,5,13,13.8
bundang-1856,수내역,수인분당선,하행,7,7,24,7.5
bundang-1856,수내역,수인분당선,하행,8,12,33,5.5
bundang-1856,수내역,수인분당선,하행,9,14,36,5.0
bundang-1856,수내역,수인분당선,하행,10,10,32,5.6
bundang-1856,수내역,수인분당선,하행,11,8,26,6.9
bundang-1856,수내역,수인분당선,하행,12,8,23,7.8
bundang-1856,수내역,수인분당선,하행,13,7,24,7.5
bundang-1856,수내역,수인분당선,하행,14,9,24,7.5
bundang-1856,수내역,수인분당선,하행,15,8,25,7.2
bundang-1856,수내역,수인분당선,하행,16,8,24,7.5
bundang-1856,수내역,수인분당선,하행,17,8,27,6.7
bundang-1856,수내역,수인분당선,하행,18,11,32,5.6
bundang-1856,수내역,수인분당선,하행,19,13,36,5.0
bundang-1856,수내역,수인분당선,하행,20,12,35,5.1
bundang-1856,수내역,수인분당선,하행,21,10,30,6.0
bundang-1856,수내역,수인분당선,하행,22,8,25,7.2
bundang-1856,수내역,수인분당선,하행,23,7,17,10.6
bundang-1856,수내역,수인분당선,하행,24,2,9,20.0
bundang-1857,정자역,수인분당선,상행,5,6,17,10.6
bundang-1857,정자역,수인분당선,상행,6,11,32,5.6
bundang-1857,정자역,수인분당선,상행,7,15,37,4.9
bundang-1857,정자역,수인분당선,상행,8,11,34,5.3
bundang-1857,정자역,수인분당선,상행,9,8,27,6.7
bundang-1857,정자역,수인분당선,상행,10,8,24,7.5
bundang-1857,정자역,수인분당선,상행,11,8,24,7.5
bundang-1857,정자역,수인분당선,상행,12,8,24,7.5
bundang-1857,정자역,수인분당선,상행,13,8,25,7.2
bundang-1857,정자역,수인분당선,상행,14,9,24,7.5
bundang-1857,정자역,수인분당선,상행,15,7,26,6.9
bundang-1857,정자역,수인분당선,상행,16,10,30,6.0
bundang-1857,정자역,수인분당선,상행,17,13,34,5.3
bundang-1857,정자역,수인분당선,상행,18,11,35,5.1
bundang-1857,정자역,수인분당선,상행,19,11,31,5.8
bundang-1857,정자역,수인분당선,상행,20,9,27,6.7
bundang-1857,정자역,수인분당선,상행,21,7,21,8.6
bundang-1857,정자역,수인분당선,상행,22,5,15,12.0
bundang-1857,정자역,수인분당선,상행,23,3,8,22.5
bundang-1857,정자역,수인분당선,하행,6,5,12,15.0
bundang-1857,정자역,수인분당선,하행,7,7,24,7.5
bundang-1857,정자역,수인분당선,하행,8,12,34,5.3
bundang-1857,정자역,수인분당선,하행,9,15,36,5.0
bundang-1857,정자역,수인분당선,하행,10,9,32,5.6
bundang-1857,정자역,수인분당선,하행,11,8,25,7.2
bundang-1857,정자역,수인분당선,하행,12,8,24,7.5
bundang-1857,정자역,수인분당선,하행,13,8,24,7.5
bundang-1857,정자역,수인분당선,하행,14,8,25,7.2
bundang-1857,정자역,수인분당선,하행,15,9,24,7.5
bundang-1857,정자역,수인분당선,하행,16,7,24,7.5
bundang-1857,정자역,수인분당선,하행,17,8,26,6.9
bundang-1857,정자역,수인분당선,하행,18,11,32,5.6
bundang-1857,정자역,수인분당선,하행,19,13,36,5.0
bundang-1857,정자역,수인분당선,하행,20,12,36,5.0
bundang-1857,정자역,수인분당선,하행,21,11,31,5.8
bundang-1857,정자역,수인분당선,하행,22,8,25,7.2
bundang-1857,정자역,수인분당선,하행,23,6,17,10.6
bundang-1857,정자역,수인분당선,하행,24,3,9,20.0
bundang-1858,미금역,수인분당선,상행,5,6,18,10.0
bundang-1858,미금역,수인분당선,상행,6,12,32,5.6
bundang-1858,미금역,수인분당선,상행,7,14,37,4.9
bundang-1858,미금역,수인분당선,상행,8,11,33,5.5
bundang-1858,미금역,수인분당선,상행,9,8,27,6.7
bundang-1858,미금역,수인분당선,상행,10,8,24,7.5
bundang-1858,미금역,수인분당선,상행,11,8,25,7.2
bundang-1858,미금역,수인분당선,상행,12,9,24,7.5
bundang-1858,미금역,수인분당선,상행,13,7,25,7.2
bundang-1858,미금역,수인분당선,상행,14,9,23,7.8
bundang-1858,미금역,수인분당선,상행,15,7,26,6.9
bundang-1858,미금역,수인분당선,상행,16,10,30,6.0
bundang-1858,미금역,수인분당선,상행,17,13,35,5.1
bundang-1858,미금역,수인분당선,상행,18,12,35,5.1
bundang-1858,미금역,수인분당선,상행,19,10,31,5.8
bundang-1858,미금역,수인분당선,상행,20,9,26,6.9
bundang-1858,미금역,수인분당선,상행,21,7,22,8.2
bundang-1858,미금역,수인분당선,상행,22,6,15,12.0
bundang-1858,미금역,수인분당선,상행,23,2,8,22.5
bundang-1858,미금역,수인분당선,하행,6,5,12,15.0
bundang-1858,미금역,수인분당선,하행,7,7,24,7.5
bundang-1858,미금역,수인분당선,하행,8,12,33,5.5
bundang-1858,미금역,수인분당선,하행,9,14,36,5.0
bundang-1858,미금역,수인분당선,하행,10,10,32,5.6
bundang-1858,미금역,수인분당선,하행,11,8,26,6.9
bundang-1858,미금역,수인분당선,하행,12,8,24,7.5
bundang-1858,미금역,수인분당선,하행,13,8,24,7.5
bundang-1858,미금역,수인분당선,하행,14,8,24,7.5
bundang-1858,미금역,수인분당선,하행,15,8,24,7.5
bundang-1858,미금역,수인분당선,하행,16,8,24,7.5
bundang-1858,미금역,수인분당선,하행,17,8,27,6.7
bundang-1858,미금역,수인분당선,하행,18,11,32,5.6
bundang-1858,미금역,수인분당선,하행,19,13,36,5.0
bundang-1858,미금역,수인분당선,하행,20,12,36,5.0
bundang-1858,미금역,수인분당선,하행,21,11,30,6.0
bundang-1858,미금역,수인분당선,하행,22,7,25,7.2
bundang-1858,미금역,수인분당선,하행,23,7,17,10.6
bundang-1858,미금역,수인분당선,하행,24,3,10,18.0
bundang-1859,오리역,수인분당선,상행,5,7,18,10.0
bundang-1859,오리역,수인분당선,상행,6,11,32,5.6
bundang-1859,오리역,수인분당선,상행,7,14,37,4.9
bundang-1859,오리역,수인분당선,상행,8,12,33,5.5
bundang-1859,오리역,수인분당선,상행,9,7,27,6.7
bundang-1859,오리역,수인분당선,상행,10,8,23,7.8
bundang-1859,오리역,수인분당선,상행,11,8,25,7.2
bundang-1859,오리역,수인분당선,상행,12,9,24,7.5
bundang-1859,오리역,수인분당선,상행,13,7,25,7.2
bundang-1859,오리역,수인분당선,상행,14,9,23,7.8
bundang-1859,오리역,수인분당선,상행,15,7,27,6.7
bundang-1859,오리역,수인분당선,상행,16,11,31,5.8
bundang-1859,오리역,수인분당선,상행,17,13,35,5.1
bundang-1859,오리역,수인분당선,상행,18,11,35,5.1
bundang-1859,오리역,수인분당선,상행,19,11,31,5.8
bundang-1859,오리역,수인분당선,상행,20,9,26,6.9
bundang-1859,오리역,수인분당선,상행,21,6,21,8.6
bundang-1859,오리역,수인분당선,상행,22,6,14,12.9
bundang-1859,오리역,수인분당선,상행,23,2,8,22.5
bundang-1859,오리역,수인분당선,하행,6,5,12,15.0
bundang-1859,오리역,수인분당선,하행,7,7,23,7.8
bundang-1859,오리역,수인분당선,하행,8,11,33,5.5
bundang-1859,오리역,수인분당선,하행,9,15,36,5.0
bundang-1859,오리역,수인분당선,하행,10,10,33,5.5
bundang-1859,오리역,수인분당선,하행,11,8,26,6.9
bundang-1859,오리역,수인분당선,하행,12,8,24,7.5
bundang-1859,오리역,수인분당선,하행,13,8,24,7.5
bundang-1859,오리역,수인분당선,하행,14,8,24,7.5
bundang-1859,오리역,수인분당선,하행,15,8,24,7.5
bundang-1859,오리역,수인분당선,하행,16,8,24,7.5
bundang-1859,오리역,수인분당선,하행,17,8,27,6.7
bundang-1859,오리역,수인분당선,하행,18,11,31,5.8
bundang-1859,오리역,수인분당선,하행,19,12,35,5.1
bundang-1859,오리역,수인분당선,하행,20,12,35,5.1
bundang-1859,오리역,수인분당선,하행,21,11,31,5.8
bundang-1859,오리역,수인분당선,하행,22,8,26,6.9
bundang-1859,오리역,수인분당선,하행,23,7,18,10.0
bundang-1859,오리역,수인분당선,하행,24,3,10,18.0
bundang-1860,이매역,수인분당선,상행,5,5,16,11.2
bundang-1860,이매역,수인분당선,상행,6,11,30,6.0
bundang-1860,이매역,수인분당선,상행,7,14,37,4.9
bundang-1860,이매역,수인분당선,상행,8,12,34,5.3
bundang-1860,이매역,수인분당선,상행,9,8,28,6.4
bundang-1860,이매역,수인분당선,상행,10,8,24,7.5
bundang-1860,이매역,수인분당선,상행,11,8,24,7.5
bundang-1860,이매역,수인분당선,상행,12,8,24,7.5
bundang-1860,이매역,수인분당선,상행,13,8,24,7.5
bundang-1860,이매역,수인분당선,상행,14,8,24,7.5
bundang-1860,이매역,수인분당선,상행,15,8,26,6.9
bundang-1860,이매역,수인분당선,상행,16,10,30,6.0
bundang-1860,이매역,수인분당선,상행,17,12,34,5.3
bundang-1860,이매역,수인분당선,상행,18,12,35,5.1
bundang-1860,이매역,수인분당선,상행,19,11,32,5.6
bundang-1860,이매역,수인분당선,상행,20,9,28,6.4
bundang-1860,이매역,수인분당선,상행,21,8,22,8.2
bundang-1860,이매역,수인분당선,상행,22,5,16,11.2
bundang-1860,이매역,수인분당선,상행,23,3,8,22.5
bundang-1860,이매역,수인분당선,하행,5,1,6,30.0
bundang-1860,이매역,수인분당선,하행,6,5,13,13.8
bundang-1860,이매역,수인분당선,하행,7,7,25,7.2
bundang-1860,이매역,수인분당선,하행,8,13,34,5.3
bundang-1860,이매역,수인분당선,하행,9,14,36,5.0
bundang-1860,이매역,수인분당선,하행,10,9,31,5.8
bundang-1860,이매역,수인분당선,하행,11,8,25,7.2
bundang-1860,이매역,수인분당선,하행,12,8,24,7.5
bundang-1860,이매역,수인분당선,하행,13,8,25,7.2
bundang-1860,이매역,수인분당선,하행,14,9,24,7.5
bundang-1860,이매역,수인분당선,하행,15,7,24,7.5
bundang-1860,이매역,수인분당선,하행,16,8,23,7.8
bundang-1860,이매역,수인분당선,하행,17,8,28,6.4
bundang-1860,이매역,수인분당선,하행,18,12,33,5.5
bundang-1860,이매역,수인분당선,하행,19,13,36,5.0
bundang-1860,이매역,수인분당선,하행,20,11,35,5.1
bundang-1860,이매역,수인분당선,하행,21,11,30,6.0
bundang-1860,이매역,수인분당선,하행,22,8,25,7.2
bundang-1860,이매역,수인분당선,하행,23,6,16,11.2
bundang-1860,이매역,수인분당선,하행,24,2,8,22.5
bundang-1861,보정역,수인분당선,상행,5,2,6,30.0
bundang-1861,보정역,수인분당선,상행,6,4,13,13.8
bundang-1861,보정역,수인분당선,상행,7,7,20,9.0
bundang-1861,보정역,수인분당선,상행,8,9,24,7.5
bundang-1861,보정역,수인분당선,상행,9,8,24,7.5
bundang-1861,보정역,수인분당선,상행,10,7,19,9.5
bundang-1861,보정역,수인분당선,상행,11,4,15,12.0
bundang-1861,보정역,수인분당선,상행,12,4,12,15.0
bundang-1861,보정역,수인분당선,상행,13,4,12,15.0
bundang-1861,보정역,수인분당선,상행,14,4,12,15.0
bundang-1861,보정역,수인분당선,상행,15,4,12,15.0
bundang-1861,보정역,수인분당선,상행,16,4,12,15.0
bundang-1861,보정역,수인분당선,상행,17,4,13,13.8
bundang-1861,보정역,수인분당선,상행,18,5,17,10.6
bundang-1861,보정역,수인분당선,상행,19,8,23,7.8
bundang-1861,보정역,수인분당선,상행,20,10,26,6.9
bundang-1861,보정역,수인분당선,상행,21,8,24,7.5
bundang-1861,보정역,수인분당선,상행,22,6,19,9.5
bundang-1861,보정역,수인분당선,상행,23,5,12,15.0
bundang-1861,보정역,수인분당선,상행,24,1,6,30.0
bundang-1861,보정역,수인분당선,하행,5,8,19,9.5
bundang-1861,보정역,수인분당선,하행,6,11,27,6.7
bundang-1861,보정역,수인분당선,하행,7,8,26,6.9
bundang-1861,보정역,수인분당선,하행,8,7,20,9.0
bundang-1861,보정역,수인분당선,하행,9,5,15,12.0
bundang-1861,보정역,수인분당선,하행,10,3,12,15.0
bundang-1861,보정역,수인분당선,하행,11,4,11,16.4
bundang-1861,보정역,수인분당선,하행,12,4,12,15.0
bundang-1861,보정역,수인분당선,하행,13,4,12,15.0
bundang-1861,보정역,수인분당선,하행,14,4,12,15.0
bundang-1861,보정역,수인분당선,하행,15,4,12,15.0
bundang-1861,보정역,수인분당선,하행,16,4,15,12.0
bundang-1861,보정역,수인분당선,하행,17,7,20,9.0
bundang-1861,보정역,수인분당선,하행,18,9,23,7.8
bundang-1861,보정역,수인분당선,하행,19,7,21,8.6
bundang-1861,보정역,수인분당선,하행,20,5,17,10.6
bundang-1861,보정역,수인분당선,하행,21,5,15,12.0
bundang-1861,보정역,수인분당선,하행,22,5,14,12.9
bundang-1861,보정역,수인분당선,하행,23,4,9,20.0
bundang-1862,죽전역,수인분당선,상행,5,7,18,10.0
bundang-1862,죽전역,수인분당선,상행,6,11,33,5.5
bundang-1862,죽전역,수인분당선,상행,7,15,37,4.9
bundang-1862,죽전역,수인분당선,상행,8,11,34,5.3
bundang-1862,죽전역,수인분당선,상행,9,8,27,6.7
bundang-1862,죽전역,수인분당선,상행,10,8,24,7.5
bundang-1862,죽전역,수인분당선,상행,11,8,24,7.5
bundang-1862,죽전역,수인분당선,상행,12,8,24,7.5
bundang-1862,죽전역,수인분당선,상행,13,8,24,7.5
bundang-1862,죽전역,수인분당선,상행,14,8,24,7.5
bundang-1862,죽전역,수인분당선,상행,15,8,27,6.7
bundang-1862,죽전역,수인분당선,상행,16,11,31,5.8
bundang-1862,죽전역,수인분당선,상행,17,12,34,5.3
bundang-1862,죽전역,수인분당선,상행,18,11,34,5.3
bundang-1862,죽전역,수인분당선,상행,19,11,31,5.8
bundang-1862,죽전역,수인분당선,상행,20,9,27,6.7
bundang-1862,죽전역,수인분당선,상행,21,7,21,8.6
bundang-1862,죽전역,수인분당선,상행,22,5,14,12.9
bundang-1862,죽전역,수인분당선,상행,23,2,7,25.7
bundang-1862,죽전역,수인분당선,하행,5,8,20,9.0
bundang-1862,죽전역,수인분당선,하행,6,12,28,6.4
bundang-1862,죽전역,수인분당선,하행,7,8,28,6.4
bundang-1862,죽전역,수인분당선,하행,8,8,21,8.6
bundang-1862,죽전역,수인분당선,하행,9,5,16,11.2
bundang-1862,죽전역,수인분당선,하행,10,3,12,15.0
bundang-1862,죽전역,수인분당선,하행,11,4,12,15.0
bundang-1862,죽전역,수인분당선,하행,12,5,12,15.0
bundang-1862,죽전역,수인분당선,하행,13,3,12,15.0
bundang-1862,죽전역,수인분당선,하행,14,4,12,15.0
bundang-1862,죽전역,수인분당선,하행,15,5,12,15.0
bundang-1862,죽전역,수인분당선,하행,16,3,16,11.2
bundang-1862,죽전역,수인분당선,하행,17,8,20,9.0
bundang-1862,죽전역,수인분당선,하행,18,9,27,6.7
bundang-1862,죽전역,수인분당선,하행,19,10,25,7.2
bundang-1862,죽전역,수인분당선,하행,20,6,21,8.6
bundang-1862,죽전역,수인분당선,하행,21,5,17,10.6
bundang-1862,죽전역,수인분당선,하행,22,6,14,12.9
bundang-1862,죽전역,수인분당선,하행,23,3,9,20.0
bundang-1863,구성역,수인분당선,상행,5,2,6,30.0
bundang-1863,구성역,수인분당선,상행,6,4,13,13.8
bundang-1863,구성역,수인분당선,상행,7,7,21,8.6
bundang-1863,구성역,수인분당선,상행,8,10,25,7.2
bundang-1863,구성역,수인분당선,상행,9,8,24,7.5
bundang-1863,구성역,수인분당선,상행,10,6,18,10.0
bundang-1863,구성역,수인분당선,상행,11,4,14,12.9
bundang-1863,구성역,수인분당선,상행,12,4,12,15.0
bundang-1863,구성역,수인분당선,상행,13,4,12,15.0
bundang-1863,구성역,수인분당선,상행,14,4,12,15.0
bundang-1863,구성역,수인분당선,상행,15,4,12,15.0
bundang-1863,구성역,수인분당선,상행,16,4,12,15.0
bundang-1863,구성역,수인분당선,상행,17,4,13,13.8
bundang-1863,구성역,수인분당선,상행,18,5,17,10.6
bundang-1863,구성역,수인분당선,상행,19,8,24,7.5
bundang-1863,구성역,수인분당선,상행,20,11,26,6.9
bundang-1863,구성역,수인분당선,상행,21,7,25,7.2
bundang-1863,구성역,수인분당선,상행,22,7,18,10.0
bundang-1863,구성역,수인분당선,상행,23,4,12,15.0
bundang-1863,구성역,수인분당선,상행,24,1,5,36.0
bundang-1863,구성역,수인분당선,하행,5,8,19,9.5
bundang-1863,구성역,수인분당선,하행,6,11,27,6.7
bundang-1863,구성역,수인분당선,하행,7,8,26,6.9
bundang-1863,구성역,수인분당선,하행,8,7,19,9.5
bundang-1863,구성역,수인분당선,하행,9,4,15,12.0
bundang-1863,구성역,수인분당선,하행,10,4,12,15.0
bundang-1863,구성역,수인분당선,하행,11,4,12,15.0
bundang-1863,구성역,수인분당선,하행,12,4,12,15.0
bundang-1863,구성역,수인분당선,하행,13,4,12,15.0
bundang-1863,구성역,수인분당선,하행,14,4,12,15.0
bundang-1863,구성역,수인분당선,하행,15,4,12,15.0
bundang-1863,구성역,수인분당선,하행,16,4,15,12.0
bundang-1863,구성역,수인분당선,하행,17,7,20,9.0
bundang-1863,구성역,수인분당선,하행,18,9,23,7.8
bundang-1863,구성역,수인분당선,하행,19,7,21,8.6
bundang-1863,구성역,수인분당선,하행,20,5,17,10.6
bundang-1863,구성역,수인분당선,하행,21,5,15,12.0
bundang-1863,구성역,수인분당선,하행,22,5,14,12.9
bundang-1863,구성역,수인분당선,하행,23,4,9,20.0
bundang-1864,신갈역,수인분당선,상행,5,2,7,25.7
bundang-1864,신갈역,수인분당선,상행,6,5,14,12.9
bundang-1864,신갈역,수인분당선,상행,7,7,21,8.6
bundang-1864,신갈역,수인분당선,상행,8,9,24,7.5
bundang-1864,신갈역,수인분당선,상행,9,8,23,7.8
bundang-1864,신갈역,수인분당선,상행,10,6,18,10.0
bundang-1864,신갈역,수인분당선,상행,11,4,14,12.9
bundang-1864,신갈역,수인분당선,상행,12,4,12,15.0
bundang-1864,신갈역,수인분당선,상행,13,4,12,15.0
bundang-1864,신갈역,수인분당선,상행,14,4,12,15.0
bundang-1864,신갈역,수인분당선,상행,15,4,12,15.0
bundang-1864,신갈역,수인분당선,상행,16,4,12,15.0
bundang-1864,신갈역,수인분당선,상행,17,4,14,12.9
bundang-1864,신갈역,수인분당선,상행,18,6,18,10.0
bundang-1864,신갈역,수인분당선,상행,19,8,24,7.5
bundang-1864,신갈역,수인분당선,상행,20,10,25,7.2
bundang-1864,신갈역,수인분당선,상행,21,7,24,7.5
bundang-1864,신갈역,수인분당선,상행,22,7,18,10.0
bundang-1864,신갈역,수인분당선,상행,23,4,12,15.0
bundang-1864,신갈역,수인분당선,상행,24,1,5,36.0
bundang-1864,신갈역,수인분당선,하행,5,7,18,10.0
bundang-1864,신갈역,수인분당선,하행,6,11,26,6.9
bundang-1864,신갈역,수인분당선,하행,7,8,26,6.9
bundang-1864,신갈역,수인분당선,하행,8,7,20,9.0
bundang-1864,신갈역,수인분당선,하행,9,5,16,11.2
bundang-1864,신갈역,수인분당선,하행,10,4,13,13.8
bundang-1864,신갈역,수인분당선,하행,11,4,12,15.0
bundang-1864,신갈역,수인분당선,하행,12,4,12,15.0
bundang-1864,신갈역,수인분당선,하행,13,4,12,15.0
bundang-1864,신갈역,수인분당선,하행,14,4,12,15.0
bundang-1864,신갈역,수인분당선,하행,15,4,11,16.4
bundang-1864,신갈역,수인분당선,하행,16,3,14,12.9
bundang-1864,신갈역,수인분당선,하행,17,7,19,9.5
bundang-1864,신갈역,수인분당선,하행,18,9,23,7.8
bundang-1864,신갈역,수인분당선,하행,19,7,22,8.2
bundang-1864,신갈역,수인분당선,하행,20,6,18,10.0
bundang-1864,신갈역,수인분당선,하행,21,5,16,11.2
bundang-1864,신갈역,수인분당선,하행,22,5,14,12.9
bundang-1864,신갈역,수인분당선,하행,23,4,9,20.0
bundang-1865,기흥역,수인분당선,상행,5,2,8,22.5
bundang-1865,기흥역,수인분당선,상행,6,6,18,10.0
bundang-1865,기흥역,수인분당선,상행,7,10,27,6.7
bundang-1865,기흥역,수인분당선,상행,8,11,28,6.4
bundang-1865,기흥역,수인분당선,상행,9,7,24,7.5
bundang-1865,기흥역,수인분당선,상행,10,6,18,10.0
bundang-1865,기흥역,수인분당선,상행,11,5,14,12.9
bundang-1865,기흥역,수인분당선,상행,12,3,12,15.0
bundang-1865,기흥역,수인분당선,상행,13,4,12,15.0
bundang-1865,기흥역,수인분당선,상행,14,5,12,15.0
bundang-1865,기흥역,수인분당선,상행,15,3,12,15.0
bundang-1865,기흥역,수인분당선,상행,16,4,12,15.0
bundang-1865,기흥역,수인분당선,상행,17,5,14,12.9
bundang-1865,기흥역,수인분당선,상행,18,5,20,9.0
bundang-1865,기흥역,수인분당선,상행,19,10,25,7.2
bundang-1865,기흥역,수인분당선,상행,20,10,27,6.7
bundang-1865,기흥역,수인분당선,상행,21,7,24,7.5
bundang-1865,기흥역,수인분당선,상행,22,7,18,10.0
bundang-1865,기흥역,수인분당선,상행,23,4,12,15.0
bundang-1865,기흥역,수인분당선,상행,24,1,5,36.0
bundang-1865,기흥역,수인분당선,하행,5,7,18,10.0
bundang-1865,기흥역,수인분당선,하행,6,11,27,6.7
bundang-1865,기흥역,수인분당선,하행,7,9,28,6.4
bundang-1865,기흥역,수인분당선,하행,8,8,22,8.2
bundang-1865,기흥역,수인분당선,하행,9,5,17,10.6
bundang-1865,기흥역,수인분당선,하행,10,4,13,13.8
bundang-1865,기흥역,수인분당선,하행,11,4,12,15.0
bundang-1865,기흥역,수인분당선,하행,12,4,12,15.0
bundang-1865,기흥역,수인분당선,하행,13,4,12,15.0
bundang-1865,기흥역,수인분당선,하행,14,4,12,15.0
bundang-1865,기흥역,수인분당선,하행,15,4,11,16.4
bundang-1865,기흥역,수인분당선,하행,16,3,14,12.9
bundang-1865,기흥역,수인분당선,하행,17,7,20,9.0
bundang-1865,기흥역,수인분당선,하행,18,10,27,6.7
bundang-1865,기흥역,수인분당선,하행,19,10,27,6.7
bundang-1865,기흥역,수인분당선,하행,20,7,22,8.2
bundang-1865,기흥역,수인분당선,하행,21,5,17,10.6
bundang-1865,기흥역,수인분당선,하행,22,5,14,12.9
bundang-1865,기흥역,수인분당선,하행,23,4,9,20.0
bundang-1866,상갈역,수인분당선,상행,5,2,8,22.5
bundang-1866,상갈역,수인분당선,상행,6,6,14,12.9
bundang-1866,상갈역,수인분당선,상행,7,6,22,8.2
bundang-1866,상갈역,수인분당선,상행,8,10,24,7.5
bundang-1866,상갈역,수인분당선,상행,9,8,24,7.5
bundang-1866,상갈역,수인분당선,상행,10,6,18,10.0
bundang-1866,상갈역,수인분당선,상행,11,4,13,13.8
bundang-1866,상갈역,수인분당선,상행,12,3,12,15.0
bundang-1866,상갈역,수인분당선,상행,13,5,12,15.0
bundang-1866,상갈역,수인분당선,상행,14,4,12,15.0
bundang-1866,상갈역,수인분당선,상행,15,3,12,15.0
bundang-1866,상갈역,수인분당선,상행,16,5,12,15.0
bundang-1866,상갈역,수인분당선,상행,17,4,14,12.9
bundang-1866,상갈역,수인분당선,상행,18,5,17,10.6
bundang-1866,상갈역,수인분당선,상행,19,8,23,7.8
bundang-1866,상갈역,수인분당선,상행,20,10,26,6.9
bundang-1866,상갈역,수인분당선,상행,21,8,24,7.5
bundang-1866,상갈역,수인분당선,상행,22,6,18,10.0
bundang-1866,상갈역,수인분당선,상행,23,4,11,16.4
bundang-1866,상갈역,수인분당선,상행,24,1,5,36.0
bundang-1866,상갈역,수인분당선,하행,5,7,17,10.6
bundang-1866,상갈역,수인분당선,하행,6,10,26,6.9
bundang-1866,상갈역,수인분당선,하행,7,9,26,6.9
bundang-1866,상갈역,수인분당선,하행,8,7,21,8.6
bundang-1866,상갈역,수인분당선,하행,9,5,16,11.2
bundang-1866,상갈역,수인분당선,하행,10,4,13,13.8
bundang-1866,상갈역,수인분당선,하행,11,4,11,16.4
bundang-1866,상갈역,수인분당선,하행,12,3,12,15.0
bundang-1866,상갈역,수인분당선,하행,13,5,11,16.4
bundang-1866,상갈역,수인분당선,하행,14,3,12,15.0
bundang-1866,상갈역,수인분당선,하행,15,4,11,16.4
bundang-1866,상갈역,수인분당선,하행,16,4,14,12.9
bundang-1866,상갈역,수인분당선,하행,17,6,19,9.5
bundang-1866,상갈역,수인분당선,하행,18,9,22,8.2
bundang-1866,상갈역,수인분당선,하행,19,7,23,7.8
bundang-1866,상갈역,수인분당선,하행,20,7,19,9.5
bundang-1866,상갈역,수인분당선,하행,21,5,17,10.6
bundang-1866,상갈역,수인분당선,하행,22,5,14,12.9
bundang-1866,상갈역,수인분당선,하행,23,4,9,20.0
bundang-1867,청명역,수인분당선,상행,5,3,8,22.5
bundang-1867,청명역,수인분당선,상행,6,5,15,12.0
bundang-1867,청명역,수인분당선,상행,7,7,21,8.6
bundang-1867,청명역,수인분당선,상행,8,9,24,7.5
bundang-1867,청명역,수인분당선,상행,9,8,23,7.8
bundang-1867,청명역,수인분당선,상행,10,6,18,10.0
bundang-1867,청명역,수인분당선,상행,11,4,14,12.9
bundang-1867,청명역,수인분당선,상행,12,4,12,15.0
bundang-1867,청명역,수인분당선,상행,13,4,12,15.0
bundang-1867,청명역,수인분당선,상행,14,4,12,15.0
bundang-1867,청명역,수인분당선,상행,15,4,12,15.0
bundang-1867,청명역,수인분당선,상행,16,4,12,15.0
bundang-1867,청명역,수인분당선,상행,17,4,14,12.9
bundang-1867,청명역,수인분당선,상행,18,6,18,10.0
bundang-1867,청명역,수인분당선,상행,19,8,24,7.5
bundang-1867,청명역,수인분당선,상행,20,10,25,7.2
bundang-1867,청명역,수인분당선,상행,21,7,24,7.5
bundang-1867,청명역,수인분당선,상행,22,7,18,10.0
bundang-1867,청명역,수인분당선,상행,23,4,11,16.4
bundang-1867,청명역,수인분당선,하행,5,6,16,11.2
bundang-1867,청명역,수인분당선,하행,6,10,25,7.2
bundang-1867,청명역,수인분당선,하행,7,9,26,6.9
bundang-1867,청명역,수인분당선,하행,8,7,22,8.2
bundang-1867,청명역,수인분당선,하행,9,6,17,10.6
bundang-1867,청명역,수인분당선,하행,10,4,13,13.8
bundang-1867,청명역,수인분당선,하행,11,3,11,16.4
bundang-1867,청명역,수인분당선,하행,12,4,12,15.0
bundang-1867,청명역,수인분당선,하행,13,5,12,15.0
bundang-1867,청명역,수인분당선,하행,14,3,12,15.0
bundang-1867,청명역,수인분당선,하행,15,4,11,16.4
bundang-1867,청명역,수인분당선,하행,16,4,14,12.9
bundang-1867,청명역,수인분당선,하행,17,6,19,9.5
bundang-1867,청명역,수인분당선,하행,18,9,22,8.2
bundang-1867,청명역,수인분당선,하행,19,7,22,8.2
bundang-1867,청명역,수인분당선,하행,20,6,19,9.5
bundang-1867,청명역,수인분당선,하행,21,6,16,11.2
bundang-1867,청명역,수인분당선,하행,22,4,14,12.9
bundang-1867,청명역,수인분당선,하행,23,4,9,20.0
bundang-1867,청명역,수인분당선,하행,24,1,5,36.0
bundang-1868,영통역,수인분당선,상행,5,3,8,22.5
bundang-1868,영통역,수인분당선,상행,6,5,15,12.0
bundang-1868,영통역,수인분당선,상행,7,7,22,8.2
bundang-1868,영통역,수인분당선,상행,8,10,25,7.2
bundang-1868,영통역,수인분당선,상행,9,8,23,7.8
bundang-1868,영통역,수인분당선,상행,10,5,17,10.6
bundang-1868,영통역,수인분당선,상행,11,4,13,13.8
bundang-1868,영통역,수인분당선,상행,12,4,12,15.0
bundang-1868,영통역,수인분당선,상행,13,4,12,15.0
bundang-1868,영통역,수인분당선,상행,14,4,12,15.0
bundang-1868,영통역,수인분당선,상행,15,4,12,15.0
bundang-1868,영통역,수인분당선,상행,16,4,12,15.0
bundang-1868,영통역,수인분당선,상행,17,4,14,12.9
bundang-1868,영통역,수인분당선,상행,18,6,19,9.5
bundang-1868,영통역,수인분당선,상행,19,9,24,7.5
bundang-1868,영통역,수인분당선,상행,20,9,25,7.2
bundang-1868,영통역,수인분당선,상행,21,7,23,7.8
bundang-1868,영통역,수인분당선,상행,22,7,18,10.0
bundang-1868,영통역,수인분당선,상행,23,4,11,16.4
bundang-1868,영통역,수인분당선,하행,5,6,16,11.2
bundang-1868,영통역,수인분당선,하행,6,10,25,7.2
bundang-1868,영통역,수인분당선,하행,7,9,26,6.9
bundang-1868,영통역,수인분당선,하행,8,7,22,8.2
bundang-1868,영통역,수인분당선,하행,9,6,17,10.6
bundang-1868,영통역,수인분당선,하행,10,4,13,13.8
bundang-1868,영통역,수인분당선,하행,11,3,11,16.4
bundang-1868,영통역,수인분당선,하행,12,4,11,16.4
bundang-1868,영통역,수인분당선,하행,13,4,12,15.0
bundang-1868,영통역,수인분당선,하행,14,4,12,15.0
bundang-1868,영통역,수인분당선,하행,15,4,12,15.0
bundang-1868,영통역,수인분당선,하행,16,4,14,12.9
bundang-1868,영통역,수인분당선,하행,17,6,19,9.5
bundang-1868,영통역,수인분당선,하행,18,9,22,8.2
bundang-1868,영통역,수인분당선,하행,19,7,22,8.2
bundang-1868,영통역,수인분당선,하행,20,6,18,10.0
bundang-1868,영통역,수인분당선,하행,21,5,16,11.2
bundang-1868,영통역,수인분당선,하행,22,5,14,12.9
bundang-1868,영통역,수인분당선,하행,23,4,10,18.0
bundang-1868,영통역,수인분당선,하행,24,1,5,36.0
bundang-1869,망포역,수인분당선,상행,5,3,9,20.0
bundang-1869,망포역,수인분당선,상행,6,6,20,9.0
bundang-1869,망포역,수인분당선,상행,7,11,27,6.7
bundang-1869,망포역,수인분당선,상행,8,10,29,6.2
bundang-1869,망포역,수인분당선,상행,9,8,23,7.8
bundang-1869,망포역,수인분당선,상행,10,5,17,10.6
bundang-1869,망포역,수인분당선,상행,11,4,13,13.8
bundang-1869,망포역,수인분당선,상행,12,4,12,15.0
bundang-1869,망포역,수인분당선,상행,13,4,12,15.0
bundang-1869,망포역,수인분당선,상행,14,4,12,15.0
bundang-1869,망포역,수인분당선,상행,15,4,12,15.0
bundang-1869,망포역,수인분당선,상행,16,4,12,15.0
bundang-1869,망포역,수인분당선,상행,17,4,15,12.0
bundang-1869,망포역,수인분당선,상행,18,7,21,8.6
bundang-1869,망포역,수인분당선,상행,19,10,27,6.7
bundang-1869,망포역,수인분당선,상행,20,10,27,6.7
bundang-1869,망포역,수인분당선,상행,21,7,23,7.8
bundang-1869,망포역,수인분당선,상행,22,6,17,10.6
bundang-1869,망포역,수인분당선,상행,23,4,10,18.0
bundang-1869,망포역,수인분당선,하행,5,6,15,12.0
bundang-1869,망포역,수인분당선,하행,6,9,26,6.9
bundang-1869,망포역,수인분당선,하행,7,11,28,6.4
bundang-1869,망포역,수인분당선,하행,8,8,24,7.5
bundang-1869,망포역,수인분당선,하행,9,5,17,10.6
bundang-1869,망포역,수인분당선,하행,10,4,13,13.8
bundang-1869,망포역,수인분당선,하행,11,4,12,15.0
bundang-1869,망포역,수인분당선,하행,12,4,12,15.0
bundang-1869,망포역,수인분당선,하행,13,4,12,15.0
bundang-1869,망포역,수인분당선,하행,14,4,12,15.0
bundang-1869,망포역,수인분당선,하행,15,4,12,15.0
bundang-1869,망포역,수인분당선,하행,16,4,13,13.8
bundang-1869,망포역,수인분당선,하행,17,5,18,10.0
bundang-1869,망포역,수인분당선,하행,18,9,25,7.2
bundang-1869,망포역,수인분당선,하행,19,11,28,6.4
bundang-1869,망포역,수인분당선,하행,20,8,24,7.5
bundang-1869,망포역,수인분당선,하행,21,5,18,10.0
bundang-1869,망포역,수인분당선,하행,22,5,14,12.9
bundang-1869,망포역,수인분당선,하행,23,4,10,18.0
bundang-1869,망포역,수인분당선,하행,24,1,5,36.0
bundang-1870,매탄권선역,수인분당선,상행,5,3,9,20.0
bundang-1870,매탄권선역,수인분당선,상행,6,6,17,10.6
bundang-1870,매탄권선역,수인분당선,상행,7,8,22,8.2
bundang-1870,매탄권선역,수인분당선,상행,8,8,25,7.2
bundang-1870,매탄권선역,수인분당선,상행,9,9,22,8.2
bundang-1870,매탄권선역,수인분당선,상행,10,5,17,10.6
bundang-1870,매탄권선역,수인분당선,상행,11,3,12,15.0
bundang-1870,매탄권선역,수인분당선,상행,12,4,12,15.0
bundang-1870,매탄권선역,수인분당선,상행,13,5,12,15.0
bundang-1870,매탄권선역,수인분당선,상행,14,3,12,15.0
bundang-1870,매탄권선역,수인분당선,상행,15,4,11,16.4
bundang-1870,매탄권선역,수인분당선,상행,16,4,12,15.0
bundang-1870,매탄권선역,수인분당선,상행,17,4,15,12.0
bundang-1870,매탄권선역,수인분당선,상행,18,7,20,9.0
bundang-1870,매탄권선역,수인분당선,상행,19,9,25,7.2
bundang-1870,매탄권선역,수인분당선,상행,20,9,25,7.2
bundang-1870,매탄권선역,수인분당선,상행,21,7,22,8.2
bundang-1870,매탄권선역,수인분당선,상행,22,6,17,10.6
bundang-1870,매탄권선역,수인분당선,상행,23,4,10,18.0
bundang-1870,매탄권선역,수인분당선,하행,5,6,15,12.0
bundang-1870,매탄권선역,수인분당선,하행,6,9,24,7.5
bundang-1870,매탄권선역,수인분당선,하행,7,9,26,6.9
bundang-1870,매탄권선역,수인분당선,하행,8,8,22,8.2
bundang-1870,매탄권선역,수인분당선,하행,9,5,17,10.6
bundang-1870,매탄권선역,수인분당선,하행,10,4,13,13.8
bundang-1870,매탄권선역,수인분당선,하행,11,4,12,15.0
bundang-1870,매탄권선역,수인분당선,하행,12,4,12,15.0
bundang-1870,매탄권선역,수인분당선,하행,13,4,11,16.4
bundang-1870,매탄권선역,수인분당선,하행,14,3,12,15.0
bundang-1870,매탄권선역,수인분당선,하행,15,5,12,15.0
bundang-1870,매탄권선역,수인분당선,하행,16,4,14,12.9
bundang-1870,매탄권선역,수인분당선,하행,17,5,18,10.0
bundang-1870,매탄권선역,수인분당선,하행,18,9,21,8.6
bundang-1870,매탄권선역,수인분당선,하행,19,7,23,7.8
bundang-1870,매탄권선역,수인분당선,하행,20,7,19,9.5
bundang-1870,매탄권선역,수인분당선,하행,21,5,16,11.2
bundang-1870,매탄권선역,수인분당선,하행,22,4,14,12.9
bundang-1870,매탄권선역,수인분당선,하행,23,5,10,18.0
bundang-1870,매탄권선역,수인분당선,하행,24,1,6,30.0
bundang-1871,수원시청역,수인분당선,상행,5,3,10,18.0
bundang-1871,수원시청역,수인분당선,상행,6,7,21,8.6
bundang-1871,수원시청역,수인분당선,상행,7,11,27,6.7
bundang-1871,수원시청역,수인분당선,상행,8,9,29,6.2
bundang-1871,수원시청역,수인분당선,상행,9,9,23,7.8
bundang-1871,수원시청역,수인분당선,상행,10,5,18,10.0
bundang-1871,수원시청역,수인분당선,상행,11,4,12,15.0
bundang-1871,수원시청역,수인분당선,상행,12,3,12,15.0
bundang-1871,수원시청역,수인분당선,상행,13,5,11,16.4
bundang-1871,수원시청역,수인분당선,상행,14,3,12,15.0
bundang-1871,수원시청역,수인분당선,상행,15,4,11,16.4
bundang-1871,수원시청역,수인분당선,상행,16,4,13,13.8
bundang-1871,수원시청역,수인분당선,상행,17,5,16,11.2
bundang-1871,수원시청역,수인분당선,상행,18,7,22,8.2
bundang-1871,수원시청역,수인분당선,상행,19,10,27,6.7
bundang-1871,수원시청역,수인분당선,상행,20,10,26,6.9
bundang-1871,수원시청역,수인분당선,상행,21,6,23,7.8
bundang-1871,수원시청역,수인분당선,상행,22,7,16,11.2
bundang-1871,수원시청역,수인분당선,상행,23,3,10,18.0
bundang-1871,수원시청역,수인분당선,하행,5,5,14,12.9
bundang-1871,수원시청역,수인분당선,하행,6,9,25,7.2
bundang-1871,수원시청역,수인분당선,하행,7,11,28,6.4
bundang-1871,수원시청역,수인분당선,하행,8,8,25,7.2
bundang-1871,수원시청역,수인분당선,하행,9,6,18,10.0
bundang-1871,수원시청역,수인분당선,하행,10,4,13,13.8
bundang-1871,수원시청역,수인분당선,하행,11,3,12,15.0
bundang-1871,수원시청역,수인분당선,하행,12,5,12,15.0
bundang-1871,수원시청역,수인분당선,하행,13,4,12,15.0
bundang-1871,수원시청역,수인분당선,하행,14,3,12,15.0
bundang-1871,수원시청역,수인분당선,하행,15,5,12,15.0
bundang-1871,수원시청역,수인분당선,하행,16,4,14,12.9
bundang-1871,수원시청역,수인분당선,하행,17,5,18,10.0
bundang-1871,수원시청역,수인분당선,하행,18,9,24,7.5
bundang-1871,수원시청역,수인분당선,하행,19,10,27,6.7
bundang-1871,수원시청역,수인분당선,하행,20,8,23,7.8
bundang-1871,수원시청역,수인분당선,하행,21,5,18,10.0
bundang-1871,수원시청역,수인분당선,하행,22,5,15,12.0
bundang-1871,수원시청역,수인분당선,하행,23,5,11,16.4
bundang-1871,수원시청역,수인분당선,하행,24,1,6,30.0
bundang-1872,매교역,수인분당선,상행,5,4,9,20.0
bundang-1872,매교역,수인분당선,상행,6,5,18,10.0
bundang-1872,매교역,수인분당선,상행,7,9,22,8.2
bundang-1872,매교역,수인분당선,상행,8,8,26,6.9
bundang-1872,매교역,수인분당선,상행,9,9,21,8.6
bundang-1872,매교역,수인분당선,상행,10,4,17,10.6
bundang-1872,매교역,수인분당선,상행,11,4,12,15.0
bundang-1872,매교역,수인분당선,상행,12,4,12,15.0
bundang-1872,매교역,수인분당선,상행,13,4,12,15.0
bundang-1872,매교역,수인분당선,상행,14,4,12,15.0
bundang-1872,매교역,수인분당선,상행,15,4,11,16.4
bundang-1872,매교역,수인분당선,상행,16,3,12,15.0
bundang-1872,매교역,수인분당선,상행,17,5,15,12.0
bundang-1872,매교역,수인분당선,상행,18,7,20,9.0
bundang-1872,매교역,수인분당선,상행,19,8,25,7.2
bundang-1872,매교역,수인분당선,상행,20,10,25,7.2
bundang-1872,매교역,수인분당선,상행,21,7,23,7.8
bundang-1872,매교역,수인분당선,상행,22,6,16,11.2
bundang-1872,매교역,수인분당선,상행,23,3,9,20.0
bundang-1872,매교역,수인분당선,하행,5,5,13,13.8
bundang-1872,매교역,수인분당선,하행,6,8,24,7.5
bundang-1872,매교역,수인분당선,하행,7,11,25,7.2
bundang-1872,매교역,수인분당선,하행,8,6,24,7.5
bundang-1872,매교역,수인분당선,하행,9,7,17,10.6
bundang-1872,매교역,수인분당선,하행,10,4,14,12.9
bundang-1872,매교역,수인분당선,하행,11,3,12,15.0
bundang-1872,매교역,수인분당선,하행,12,5,11,16.4
bundang-1872,매교역,수인분당선,하행,13,3,12,15.0
bundang-1872,매교역,수인분당선,하행,14,4,11,16.4
bundang-1872,매교역,수인분당선,하행,15,4,12,15.0
bundang-1872,매교역,수인분당선,하행,16,4,13,13.8
bundang-1872,매교역,수인분당선,하행,17,5,19,9.5
bundang-1872,매교역,수인분당선,하행,18,10,22,8.2
bundang-1872,매교역,수인분당선,하행,19,7,23,7.8
bundang-1872,매교역,수인분당선,하행,20,6,18,10.0
bundang-1872,매교역,수인분당선,하행,21,5,16,11.2
bundang-1872,매교역,수인분당선,하행,22,5,15,12.0
bundang-1872,매교역,수인분당선,하행,23,5,11,16.4
bundang-1872,매교역,수인분당선,하행,24,1,6,30.0
gyeongwon-1014,청량리역,수인분당선,하행,7,1,1,180.0
gyeongwon-1014,청량리역,수인분당선,하행,9,1,2,90.0
gyeongwon-1014,청량리역,수인분당선,하행,10,1,3,60.0
gyeongwon-1014,청량리역,수인분당선,하행,11,1,3,60.0
gyeongwon-1014,청량리역,수인분당선,하행,12,1,2,90.0
gyeongwon-1014,청량리역,수인분당선,하행,14,1,2,90.0
gyeongwon-1014,청량리역,수인분당선,하행,15,1,3,60.0
gyeongwon-1014,청량리역,수인분당선,하행,16,1,2,90.0
gyeongwon-1014,청량리역,수인분당선,하행,19,1,1,180.0
suin-1755,한대앞역,수인분당선,상행,5,1,3,60.0
suin-1755,한대앞역,수인분당선,상행,6,2,7,25.7
suin-1755,한대앞역,수인분당선,상행,7,4,10,18.0
suin-1755,한대앞역,수인분당선,상행,8,4,12,15.0
suin-1755,한대앞역,수인분당선,상행,9,4,11,16.4
suin-1755,한대앞역,수인분당선,상행,10,3,9,20.0
suin-1755,한대앞역,수인분당선,상행,11,2,8,22.5
suin-1755,한대앞역,수인분당선,상행,12,3,8,22.5
suin-1755,한대앞역,수인분당선,상행,13,3,8,22.5
suin-1755,한대앞역,수인분당선,상행,14,2,8,22.5
suin-1755,한대앞역,수인분당선,상행,15,3,8,22.5
suin-1755,한대앞역,수인분당선,상행,16,3,8,22.5
suin-1755,한대앞역,수인분당선,상행,17,2,9,20.0
suin-1755,한대앞역,수인분당선,상행,18,4,9,20.0
suin-1755,한대앞역,수인분당선,상행,19,3,10,18.0
suin-1755,한대앞역,수인분당선,상행,20,3,9,20.0
suin-1755,한대앞역,수인분당선,상행,21,3,9,20.0
suin-1755,한대앞역,수인분당선,상행,22,3,8,22.5
suin-1755,한대앞역,수인분당선,상행,23,2,5,36.0
suin-1755,한대앞역,수인분당선,하행,5,2,5,36.0
suin-1755,한대앞역,수인분당선,하행,6,3,8,22.5
suin-1755,한대앞역,수인분당선,하행,7,3,10,18.0
suin-1755,한대앞역,수인분당선,하행,8,4,10,18.0
suin-1755,한대앞역,수인분당선,하행,9,3,10,18.0
suin-1755,한대앞역,수인분당선,하행,10,3,9,20.0
suin-1755,한대앞역,수인분당선,하행,11,3,8,22.5
suin-1755,한대앞역,수인분당선,하행,12,2,8,22.5
suin-1755,한대앞역,수인분당선,하행,13,3,8,22.5
suin-1755,한대앞역,수인분당선,하행,14,3,8,22.5
suin-1755,한대앞역,수인분당선,하행,15,2,8,22.5
suin-1755,한대앞역,수인분당선,하행,16,3,8,22.5
suin-1755,한대앞역,수인분당선,하행,17,3,9,20.0
suin-1755,한대앞역,수인분당선,하행,18,3,10,18.0
suin-1755,한대앞역,수인분당선,하행,19,4,8,22.5
suin-1755,한대앞역,수인분당선,하행,20,1,8,22.5
suin-1755,한대앞역,수인분당선,하행,21,3,6,30.0
suin-1755,한대앞역,수인분당선,하행,22,2,8,22.5
suin-1755,한대앞역,수인분당선,하행,23,3,6,30.0
suin-1755,한대앞역,수인분당선,하행,24,1,4,45.0
suin-1756,중앙역,수인분당선,상행,5,1,3,60.0
suin-1756,중앙역,수인분당선,상행,6,2,8,22.5
suin-1756,중앙역,수인분당선,상행,7,5,10,18.0
suin-1756,중앙역,수인분당선,상행,8,3,12,15.0
suin-1756,중앙역,수인분당선,상행,9,4,10,18.0
suin-1756,중앙역,수인분당선,상행,10,3,10,18.0
suin-1756,중앙역,수인분당선,상행,11,3,8,22.5
suin-1756,중앙역,수인분당선,상행,12,2,8,22.5
suin-1756,중앙역,수인분당선,상행,13,3,7,25.7
suin-1756,중앙역,수인분당선,상행,14,2,9,20.0
suin-1756,중앙역,수인분당선,상행,15,4,8,22.5
suin-1756,중앙역,수인분당선,상행,16,2,8,22.5
suin-1756,중앙역,수인분당선,상행,17,2,8,22.5
suin-1756,중앙역,수인분당선,상행,18,4,10,18.0
suin-1756,중앙역,수인분당선,상행,19,4,10,18.0
suin-1756,중앙역,수인분당선,상행,20,2,10,18.0
suin-1756,중앙역,수인분당선,상행,21,4,8,22.5
suin-1756,중앙역,수인분당선,상행,22,2,8,22.5
suin-1756,중앙역,수인분당선,상행,23,2,4,45.0
suin-1756,중앙역,수인분당선,하행,5,2,5,36.0
suin-1756,중앙역,수인분당선,하행,6,3,8,22.5
suin-1756,중앙역,수인분당선,하행,7,3,10,18.0
suin-1756,중앙역,수인분당선,하행,8,4,10,18.0
suin-1756,중앙역,수인분당선,하행,9,3,10,18.0
suin-1756,중앙역,수인분당선,하행,10,3,9,20.0
suin-1756,중앙역,수인분당선,하행,11,3,8,22.5
suin-1756,중앙역,수인분당선,하행,12,2,8,22.5
suin-1756,중앙역,수인분당선,하행,13,3,8,22.5
suin-1756,중앙역,수인분당선,하행,14,3,8,22.5
suin-1756,중앙역,수인분당선,하행,15,2,8,22.5
suin-1756,중앙역,수인분당선,하행,16,3,8,22.5
suin-1756,중앙역,수인분당선,하행,17,3,9,20.0
suin-1756,중앙역,수인분당선,하행,18,3,9,20.0
suin-1756,중앙역,수인분당선,하행,19,3,8,22.5
suin-1756,중앙역,수인분당선,하행,20,2,8,22.5
suin-1756,중앙역,수인분당선,하행,21,3,7,25.7
suin-1756,중앙역,수인분당선,하행,22,2,8,22.5
suin-1756,중앙역,수인분당선,하행,23,3,6,30.0
suin-1756,중앙역,수인분당선,하행,24,1,4,45.0
suin-1757,고잔역,수인분당선,상행,5,1,4,45.0
suin-1757,고잔역,수인분당선,상행,6,3,8,22.5
suin-1757,고잔역,수인분당선,상행,7,4,10,18.0
suin-1757,고잔역,수인분당선,상행,8,3,12,15.0
suin-1757,고잔역,수인분당선,상행,9,5,10,18.0
suin-1757,고잔역,수인분당선,상행,10,2,10,18.0
suin-1757,고잔역,수인분당선,상행,11,3,8,22.5
suin-1757,고잔역,수인분당선,상행,12,3,8,22.5
suin-1757,고잔역,수인분당선,상행,13,2,8,22.5
suin-1757,고잔역,수인분당선,상행,14,3,8,22.5
suin-1757,고잔역,수인분당선,상행,15,3,8,22.5
suin-1757,고잔역,수인분당선,상행,16,2,7,25.7
suin-1757,고잔역,수인분당선,상행,17,2,9,20.0
suin-1757,고잔역,수인분당선,상행,18,5,10,18.0
suin-1757,고잔역,수인분당선,상행,19,3,10,18.0
suin-1757,고잔역,수인분당선,상행,20,2,9,20.0
suin-1757,고잔역,수인분당선,상행,21,4,8,22.5
suin-1757,고잔역,수인분당선,상행,22,2,8,22.5
suin-1757,고잔역,수인분당선,상행,23,2,4,45.0
suin-1757,고잔역,수인분당선,하행,5,2,5,36.0
suin-1757,고잔역,수인분당선,하행,6,3,8,22.5
suin-1757,고잔역,수인분당선,하행,7,3,10,18.0
suin-1757,고잔역,수인분당선,하행,8,4,10,18.0
suin-1757,고잔역,수인분당선,하행,9,3,10,18.0
suin-1757,고잔역,수인분당선,하행,10,3,8,22.5
suin-1757,고잔역,수인분당선,하행,11,2,8,22.5
suin-1757,고잔역,수인분당선,하행,12,3,8,22.5
suin-1757,고잔역,수인분당선,하행,13,3,9,20.0
suin-1757,고잔역,수인분당선,하행,14,3,8,22.5
suin-1757,고잔역,수인분당선,하행,15,2,8,22.5
suin-1757,고잔역,수인분당선,하행,16,3,7,25.7
suin-1757,고잔역,수인분당선,하행,17,2,8,22.5
suin-1757,고잔역,수인분당선,하행,18,3,9,20.0
suin-1757,고잔역,수인분당선,하행,19,4,9,20.0
suin-1757,고잔역,수인분당선,하행,20,2,9,20.0
suin-1757,고잔역,수인분당선,하행,21,3,7,25.7
suin-1757,고잔역,수인분당선,하행,22,2,8,22.5
suin-1757,고잔역,수인분당선,하행,23,3,6,30.0
suin-1757,고잔역,수인분당선,하행,24,1,4,45.0
suin-1758,초지역,수인분당선,상행,5,1,4,45.0
suin-1758,초지역,수인분당선,상행,6,3,8,22.5
suin-1758,초지역,수인분당선,상행,7,4,11,16.4
suin-1758,초지역,수인분당선,상행,8,4,12,15.0
suin-1758,초지역,수인분당선,상행,9,4,10,18.0
suin-1758,초지역,수인분당선,상행,10,2,9,20.0
suin-1758,초지역,수인분당선,상행,11,3,8,22.5
suin-1758,초지역,수인분당선,상행,12,3,8,22.5
suin-1758,초지역,수인분당선,상행,13,2,8,22.5
suin-1758,초지역,수인분당선,상행,14,3,8,22.5
suin-1758,초지역,수인분당선,상행,15,3,8,22.5
suin-1758,초지역,수인분당선,상행,16,2,8,22.5
suin-1758,초지역,수인분당선,상행,17,3,9,20.0
suin-1758,초지역,수인분당선,상행,18,4,10,18.0
suin-1758,초지역,수인분당선,상행,19,3,9,20.0
suin-1758,초지역,수인분당선,상행,20,2,9,20.0
suin-1758,초지역,수인분당선,상행,21,4,8,22.5
suin-1758,초지역,수인분당선,상행,22,2,8,22.5
suin-1758,초지역,수인분당선,상행,23,2,4,45.0
suin-1758,초지역,수인분당선,하행,5,1,4,45.0
suin-1758,초지역,수인분당선,하행,6,3,8,22.5
suin-1758,초지역,수인분당선,하행,7,4,11,16.4
suin-1758,초지역,수인분당선,하행,8,4,11,16.4
suin-1758,초지역,수인분당선,하행,9,3,10,18.0
suin-1758,초지역,수인분당선,하행,10,3,8,22.5
suin-1758,초지역,수인분당선,하행,11,2,8,22.5
suin-1758,초지역,수인분당선,하행,12,3,7,25.7
suin-1758,초지역,수인분당선,하행,13,2,8,22.5
suin-1758,초지역,수인분당선,하행,14,3,8,22.5
suin-1758,초지역,수인분당선,하행,15,3,8,22.5
suin-1758,초지역,수인분당선,하행,16,2,8,22.5
suin-1758,초지역,수인분당선,하행,17,3,8,22.5
suin-1758,초지역,수인분당선,하행,18,3,10,18.0
suin-1758,초지역,수인분당선,하행,19,4,9,20.0
suin-1758,초지역,수인분당선,하행,20,2,8,22.5
suin-1758,초지역,수인분당선,하행,21,2,7,25.7
suin-1758,초지역,수인분당선,하행,22,3,8,22.5
suin-1758,초지역,수인분당선,하행,23,3,7,25.7
suin-1758,초지역,수인분당선,하행,24,1,4,45.0
suin-1759,안산역,수인분당선,상행,5,1,4,45.0
suin-1759,안산역,수인분당선,상행,6,3,8,22.5
suin-1759,안산역,수인분당선,상행,7,4,11,16.4
suin-1759,안산역,수인분당선,상행,8,4,12,15.0
suin-1759,안산역,수인분당선,상행,9,4,10,18.0
suin-1759,안산역,수인분당선,상행,10,2,9,20.0
suin-1759,안산역,수인분당선,상행,11,3,8,22.5
suin-1759,안산역,수인분당선,상행,12,3,8,22.5
suin-1759,안산역,수인분당선,상행,13,2,8,22.5
suin-1759,안산역,수인분당선,상행,14,3,8,22.5
suin-1759,안산역,수인분당선,상행,15,3,8,22.5
suin-1759,안산역,수인분당선,상행,16,2,8,22.5
suin-1759,안산역,수인분당선,상행,17,3,9,20.0
suin-1759,안산역,수인분당선,상행,18,4,10,18.0
suin-1759,안산역,수인분당선,상행,19,3,9,20.0
suin-1759,안산역,수인분당선,상행,20,2,9,20.0
suin-1759,안산역,수인분당선,상행,21,4,8,22.5
suin-1759,안산역,수인분당선,상행,22,2,8,22.5
suin-1759,안산역,수인분당선,상행,23,2,4,45.0
suin-1759,안산역,수인분당선,하행,5,1,4,45.0
suin-1759,안산역,수인분당선,하행,6,3,8,22.5
suin-1759,안산역,수인분당선,하행,7,4,11,16.4
suin-1759,안산역,수인분당선,하행,8,4,11,16.4
suin-1759,안산역,수인분당선,하행,9,3,10,18.0
suin-1759,안산역,수인분당선,하행,10,3,8,22.5
suin-1759,안산역,수인분당선,하행,11,2,8,22.5
suin-1759,안산역,수인분당선,하행,12,3,7,25.7
suin-1759,안산역,수인분당선,하행,13,2,8,22.5
suin-1759,안산역,수인분당선,하행,14,3,8,22.5
suin-1759,안산역,수인분당선,하행,15,3,8,22.5
suin-1759,안산역,수인분당선,하행,16,2,8,22.5
suin-1759,안산역,수인분당선,하행,17,3,8,22.5
suin-1759,안산역,수인분당선,하행,18,3,10,18.0
suin-1759,안산역,수인분당선,하행,19,4,9,20.0
suin-1759,안산역,수인분당선,하행,20,2,8,22.5
suin-1759,안산역,수인분당선,하행,21,2,7,25.7
suin-1759,안산역,수인분당선,하행,22,3,8,22.5
suin-1759,안산역,수인분당선,하행,23,3,7,25.7
suin-1759,안산역,수인분당선,하행,24,1,4,45.0
suin-1760,능길역,수인분당선,상행,5,1,4,45.0
suin-1760,능길역,수인분당선,상행,6,3,8,22.5
suin-1760,능길역,수인분당선,상행,7,4,11,16.4
suin-1760,능길역,수인분당선,상행,8,4,12,15.0
suin-1760,능길역,수인분당선,상행,9,4,10,18.0
suin-1760,능길역,수인분당선,상행,10,2,9,20.0
suin-1760,능길역,수인분당선,상행,11,3,8,22.5
suin-1760,능길역,수인분당선,상행,12,3,8,22.5
suin-1760,능길역,수인분당선,상행,13,2,8,22.5
suin-1760,능길역,수인분당선,상행,14,3,8,22.5
suin-1760,능길역,수인분당선,상행,15,3,8,22.5
suin-1760,능길역,수인분당선,상행,16,2,8,22.5
suin-1760,능길역,수인분당선,상행,17,3,9,20.0
suin-1760,능길역,수인분당선,상행,18,4,10,18.0
suin-1760,능길역,수인분당선,상행,19,3,9,20.0
suin-1760,능길역,수인분당선,상행,20,2,9,20.0
suin-1760,능길역,수인분당선,상행,21,4,8,22.5
suin-1760,능길역,수인분당선,상행,22,2,8,22.5
suin-1760,능길역,수인분당선,상행,23,2,4,45.0
suin-1760,능길역,수인분당선,하행,5,1,4,45.0
suin-1760,능길역,수인분당선,하행,6,3,8,22.5
suin-1760,능길역,수인분당선,하행,7,4,10,18.0
suin-1760,능길역,수인분당선,하행,8,3,11,16.4
suin-1760,능길역,수인분당선,하행,9,4,9,20.0
suin-1760,능길역,수인분당선,하행,10,2,9,20.0
suin-1760,능길역,수인분당선,하행,11,3,8,22.5
suin-1760,능길역,수인분당선,하행,12,3,8,22.5
suin-1760,능길역,수인분당선,하행,13,2,8,22.5
suin-1760,능길역,수인분당선,하행,14,3,8,22.5
suin-1760,능길역,수인분당선,하행,15,3,8,22.5
suin-1760,능길역,수인분당선,하행,16,2,8,22.5
suin-1760,능길역,수인분당선,하행,17,3,8,22.5
suin-1760,능길역,수인분당선,하행,18,3,9,20.0
suin-1760,능길역,수인분당선,하행,19,3,9,20.0
suin-1760,능길역,수인분당선,하행,20,3,8,22.5
suin-1760,능길역,수인분당선,하행,21,2,8,22.5
suin-1760,능길역,수인분당선,하행,22,3,8,22.5
suin-1760,능길역,수인분당선,하행,23,3,7,25.7
suin-1760,능길역,수인분당선,하행,24,1,4,45.0
suin-1761,정왕역,수인분당선,상행,5,1,4,45.0
suin-1761,정왕역,수인분당선,상행,6,3,9,20.0
suin-1761,정왕역,수인분당선,상행,7,5,11,16.4
suin-1761,정왕역,수인분당선,상행,8,3,12,15.0
suin-1761,정왕역,수인분당선,상행,9,4,10,18.0
suin-1761,정왕역,수인분당선,상행,10,3,9,20.0
suin-1761,정왕역,수인분당선,상행,11,2,8,22.5
suin-1761,정왕역,수인분당선,상행,12,3,8,22.5
suin-1761,정왕역,수인분당선,상행,13,3,8,22.5
suin-1761,정왕역,수인분당선,상행,14,2,8,22.5
suin-1761,정왕역,수인분당선,상행,15,3,7,25.7
suin-1761,정왕역,수인분당선,상행,16,2,8,22.5
suin-1761,정왕역,수인분당선,상행,17,3,9,20.0
suin-1761,정왕역,수인분당선,상행,18,4,10,18.0
suin-1761,정왕역,수인분당선,상행,19,3,9,20.0
suin-1761,정왕역,수인분당선,상행,20,2,9,20.0
suin-1761,정왕역,수인분당선,상행,21,4,8,22.5
suin-1761,정왕역,수인분당선,상행,22,2,8,22.5
suin-1761,정왕역,수인분당선,상행,23,2,4,45.0
suin-1761,정왕역,수인분당선,하행,5,1,4,45.0
suin-1761,정왕역,수인분당선,하행,6,3,7,25.7
suin-1761,정왕역,수인분당선,하행,7,3,10,18.0
suin-1761,정왕역,수인분당선,하행,8,4,11,16.4
suin-1761,정왕역,수인분당선,하행,9,4,10,18.0
suin-1761,정왕역,수인분당선,하행,10,2,9,20.0
suin-1761,정왕역,수인분당선,하행,11,3,8,22.5
suin-1761,정왕역,수인분당선,하행,12,3,8,22.5
suin-1761,정왕역,수인분당선,하행,13,2,8,22.5
suin-1761,정왕역,수인분당선,하행,14,3,8,22.5
suin-1761,정왕역,수인분당선,하행,15,3,8,22.5
suin-1761,정왕역,수인분당선,하행,16,2,7,25.7
suin-1761,정왕역,수인분당선,하행,17,2,8,22.5
suin-1761,정왕역,수인분당선,하행,18,4,9,20.0
suin-1761,정왕역,수인분당선,하행,19,3,10,18.0
suin-1761,정왕역,수인분당선,하행,20,3,8,22.5
suin-1761,정왕역,수인분당선,하행,21,2,8,22.5
suin-1761,정왕역,수인분당선,하행,22,3,8,22.5
suin-1761,정왕역,수인분당선,하행,23,3,7,25.7
suin-1761,정왕역,수인분당선,하행,24,1,4,45.0
suin-1762,오이도역,수인분당선,상행,5,2,4,45.0
suin-1762,오이도역,수인분당선,상행,6,2,9,20.0
suin-1762,오이도역,수인분당선,상행,7,5,11,16.4
suin-1762,오이도역,수인분당선,상행,8,4,12,15.0
suin-1762,오이도역,수인분당선,상행,9,3,10,18.0
suin-1762,오이도역,수인분당선,상행,10,3,8,22.5
suin-1762,오이도역,수인분당선,상행,11,2,8,22.5
suin-1762,오이도역,수인분당선,상행,12,3,8,22.5
suin-1762,오이도역,수인분당선,상행,13,3,8,22.5
suin-1762,오이도역,수인분당선,상행,14,2,8,22.5
suin-1762,오이도역,수인분당선,상행,15,3,8,22.5
suin-1762,오이도역,수인분당선,상행,16,3,8,22.5
suin-1762,오이도역,수인분당선,상행,17,2,9,20.0
suin-1762,오이도역,수인분당선,상행,18,4,9,20.0
suin-1762,오이도역,수인분당선,상행,19,3,10,18.0
suin-1762,오이도역,수인분당선,상행,20,3,9,20.0
suin-1762,오이도역,수인분당선,상행,21,3,8,22.5
suin-1762,오이도역,수인분당선,상행,22,2,7,25.7
suin-1762,오이도역,수인분당선,상행,23,2,4,45.0
suin-1762,오이도역,수인분당선,하행,5,6,13,13.8
suin-1762,오이도역,수인분당선,하행,6,7,20,9.0
suin-1762,오이도역,수인분당선,하행,7,7,19,9.5
suin-1762,오이도역,수인분당선,하행,8,5,17,10.6
suin-1762,오이도역,수인분당선,하행,9,5,14,12.9
suin-1762,오이도역,수인분당선,하행,10,4,13,13.8
suin-1762,오이도역,수인분당선,하행,11,4,12,15.0
suin-1762,오이도역,수인분당선,하행,12,4,12,15.0
suin-1762,오이도역,수인분당선,하행,13,4,12,15.0
suin-1762,오이도역,수인분당선,하행,14,4,11,16.4
suin-1762,오이도역,수인분당선,하행,15,3,12,15.0
suin-1762,오이도역,수인분당선,하행,16,5,11,16.4
suin-1762,오이도역,수인분당선,하행,17,3,13,13.8
suin-1762,오이도역,수인분당선,하행,18,5,14,12.9
suin-1762,오이도역,수인분당선,하행,19,6,16,11.2
suin-1762,오이도역,수인분당선,하행,20,5,15,12.0
suin-1762,오이도역,수인분당선,하행,21,4,13,13.8
suin-1762,오이도역,수인분당선,하행,22,4,10,18.0
suin-1762,오이도역,수인분당선,하행,23,2,6,30.0
suin-1873,고색역,수인분당선,상행,5,4,11,16.4
suin-1873,고색역,수인분당선,상행,6,7,23,7.8
suin-1873,고색역,수인분당선,상행,7,12,27,6.7
suin-1873,고색역,수인분당선,상행,8,8,29,6.2
suin-1873,고색역,수인분당선,상행,9,9,21,8.6
suin-1873,고색역,수인분당선,상행,10,4,17,10.6
suin-1873,고색역,수인분당선,상행,11,4,12,15.0
suin-1873,고색역,수인분당선,상행,12,4,12,15.0
suin-1873,고색역,수인분당선,상행,13,4,12,15.0
suin-1873,고색역,수인분당선,상행,14,4,12,15.0
suin-1873,고색역,수인분당선,상행,15,4,12,15.0
suin-1873,고색역,수인분당선,상행,16,4,12,15.0
suin-1873,고색역,수인분당선,상행,17,4,17,10.6
suin-1873,고색역,수인분당선,상행,18,9,23,7.8
suin-1873,고색역,수인분당선,상행,19,10,28,6.4
suin-1873,고색역,수인분당선,상행,20,9,26,6.9
suin-1873,고색역,수인분당선,상행,21,7,21,8.6
suin-1873,고색역,수인분당선,상행,22,5,15,12.0
suin-1873,고색역,수인분당선,상행,23,3,8,22.5
suin-1873,고색역,수인분당선,하행,5,3,6,30.0
suin-1873,고색역,수인분당선,하행,6,3,10,18.0
suin-1873,고색역,수인분당선,하행,7,4,11,16.4
suin-1873,고색역,수인분당선,하행,8,4,10,18.0
suin-1873,고색역,수인분당선,하행,9,2,9,20.0
suin-1873,고색역,수인분당선,하행,10,3,7,25.7
suin-1873,고색역,수인분당선,하행,11,2,8,22.5
suin-1873,고색역,수인분당선,하행,12,3,8,22.5
suin-1873,고색역,수인분당선,하행,13,3,8,22.5
suin-1873,고색역,수인분당선,하행,14,2,8,22.5
suin-1873,고색역,수인분당선,하행,15,3,8,22.5
suin-1873,고색역,수인분당선,하행,16,3,8,22.5
suin-1873,고색역,수인분당선,하행,17,2,9,20.0
suin-1873,고색역,수인분당선,하행,18,4,9,20.0
suin-1873,고색역,수인분당선,하행,19,3,9,20.0
suin-1873,고색역,수인분당선,하행,20,2,8,22.5
suin-1873,고색역,수인분당선,하행,21,3,7,25.7
suin-1873,고색역,수인분당선,하행,22,2,8,22.5
suin-1873,고색역,수인분당선,하행,23,3,5,36.0
suin-1874,오목천역,수인분당선,상행,6,2,6,30.0
suin-1874,오목천역,수인분당선,상행,7,4,10,18.0
suin-1874,오목천역,수인분당선,상행,8,4,12,15.0
suin-1874,오목천역,수인분당선,상행,9,4,11,16.4
suin-1874,오목천역,수인분당선,상행,10,3,10,18.0
suin-1874,오목천역,수인분당선,상행,11,3,8,22.5
suin-1874,오목천역,수인분당선,상행,12,2,8,22.5
suin-1874,오목천역,수인분당선,상행,13,3,8,22.5
suin-1874,오목천역,수인분당선,상행,14,3,8,22.5
suin-1874,오목천역,수인분당선,상행,15,2,8,22.5
suin-1874,오목천역,수인분당선,상행,16,3,8,22.5
suin-1874,오목천역,수인분당선,상행,17,3,9,20.0
suin-1874,오목천역,수인분당선,상행,18,3,10,18.0
suin-1874,오목천역,수인분당선,상행,19,4,9,20.0
suin-1874,오목천역,수인분당선,상행,20,2,9,20.0
suin-1874,오목천역,수인분당선,상행,21,3,8,22.5
suin-1874,오목천역,수인분당선,상행,22,3,8,22.5
suin-1874,오목천역,수인분당선,상행,23,2,6,30.0
suin-1874,오목천역,수인분당선,상행,24,1,3,60.0
suin-1874,오목천역,수인분당선,하행,5,3,5,36.0
suin-1874,오목천역,수인분당선,하행,6,2,9,20.0
suin-1874,오목천역,수인분당선,하행,7,4,10,18.0
suin-1874,오목천역,수인분당선,하행,8,4,11,16.4
suin-1874,오목천역,수인분당선,하행,9,3,10,18.0
suin-1874,오목천역,수인분당선,하행,10,3,8,22.5
suin-1874,오목천역,수인분당선,하행,11,2,8,22.5
suin-1874,오목천역,수인분당선,하행,12,3,8,22.5
suin-1874,오목천역,수인분당선,하행,13,3,8,22.5
suin-1874,오목천역,수인분당선,하행,14,2,8,22.5
suin-1874,오목천역,수인분당선,하행,15,3,8,22.5
suin-1874,오목천역,수인분당선,하행,16,3,8,22.5
suin-1874,오목천역,수인분당선,하행,17,2,9,20.0
suin-1874,오목천역,수인분당선,하행,18,4,9,20.0
suin-1874,오목천역,수인분당선,하행,19,3,9,20.0
suin-1874,오목천역,수인분당선,하행,20,2,7,25.7
suin-1874,오목천역,수인분당선,하행,21,2,7,25.7
suin-1874,오목천역,수인분당선,하행,22,3,8,22.5
suin-1874,오목천역,수인분당선,하행,23,3,6,30.0
suin-1875,어천역,수인분당선,상행,6,3,6,30.0
suin-1875,어천역,수인분당선,상행,7,3,10,18.0
suin-1875,어천역,수인분당선,상행,8,4,12,15.0
suin-1875,어천역,수인분당선,상행,9,5,12,15.0
suin-1875,어천역,수인분당선,상행,10,3,10,18.0
suin-1875,어천역,수인분당선,상행,11,2,8,22.5
suin-1875,어천역,수인분당선,상행,12,3,8,22.5
suin-1875,어천역,수인분당선,상행,13,3,8,22.5
suin-1875,어천역,수인분당선,상행,14,2,7,25.7
suin-1875,어천역,수인분당선,상행,15,2,7,25.7
suin-1875,어천역,수인분당선,상행,16,3,8,22.5
suin-1875,어천역,수인분당선,상행,17,3,10,18.0
suin-1875,어천역,수인분당선,상행,18,4,10,18.0
suin-1875,어천역,수인분당선,상행,19,3,9,20.0
suin-1875,어천역,수인분당선,상행,20,2,9,20.0
suin-1875,어천역,수인분당선,상행,21,4,8,22.5
suin-1875,어천역,수인분당선,상행,22,2,8,22.5
suin-1875,어천역,수인분당선,상행,23,2,5,36.0
suin-1875,어천역,수인분당선,상행,24,1,3,60.0
suin-1875,어천역,수인분당선,하행,5,2,5,36.0
suin-1875,어천역,수인분당선,하행,6,3,9,20.0
suin-1875,어천역,수인분당선,하행,7,4,11,16.4
suin-1875,어천역,수인분당선,하행,8,4,11,16.4
suin-1875,어천역,수인분당선,하행,9,3,10,18.0
suin-1875,어천역,수인분당선,하행,10,3,8,22.5
suin-1875,어천역,수인분당선,하행,11,2,7,25.7
suin-1875,어천역,수인분당선,하행,12,2,7,25.7
suin-1875,어천역,수인분당선,하행,13,3,8,22.5
suin-1875,어천역,수인분당선,하행,14,3,9,20.0
suin-1875,어천역,수인분당선,하행,15,3,9,20.0
suin-1875,어천역,수인분당선,하행,16,3,8,22.5
suin-1875,어천역,수인분당선,하행,17,2,9,20.0
suin-1875,어천역,수인분당선,하행,18,4,9,20.0
suin-1875,어천역,수인분당선,하행,19,3,9,20.0
suin-1875,어천역,수인분당선,하행,20,2,7,25.7
suin-1875,어천역,수인분당선,하행,21,2,7,25.7
suin-1875,어천역,수인분당선,하행,22,3,8,22.5
suin-1875,어천역,수인분당선,하행,23,3,6,30.0
suin-1876,야목역,수인분당선,상행,6,3,7,25.7
suin-1876,야목역,수인분당선,상행,7,4,11,16.4
suin-1876,야목역,수인분당선,상행,8,4,12,15.0
suin-1876,야목역,수인분당선,상행,9,4,11,16.4
suin-1876,야목역,수인분당선,상행,10,3,9,20.0
suin-1876,야목역,수인분당선,상행,11,2,8,22.5
suin-1876,야목역,수인분당선,상행,12,3,8,22.5
suin-1876,야목역,수인분당선,상행,13,3,8,22.5
suin-1876,야목역,수인분당선,상행,14,2,8,22.5
suin-1876,야목역,수인분당선,상행,15,3,8,22.5
suin-1876,야목역,수인분당선,상행,16,3,8,22.5
suin-1876,야목역,수인분당선,상행,17,2,9,20.0
suin-1876,야목역,수인분당선,상행,18,4,9,20.0
suin-1876,야목역,수인분당선,상행,19,3,10,18.0
suin-1876,야목역,수인분당선,상행,20,3,9,20.0
suin-1876,야목역,수인분당선,상행,21,3,8,22.5
suin-1876,야목역,수인분당선,상행,22,2,7,25.7
suin-1876,야목역,수인분당선,상행,23,2,5,36.0
suin-1876,야목역,수인분당선,상행,24,1,3,60.0
suin-1876,야목역,수인분당선,하행,5,2,5,36.0
suin-1876,야목역,수인분당선,하행,6,3,9,20.0
suin-1876,야목역,수인분당선,하행,7,4,11,16.4
suin-1876,야목역,수인분당선,하행,8,4,11,16.4
suin-1876,야목역,수인분당선,하행,9,3,10,18.0
suin-1876,야목역,수인분당선,하행,10,3,8,22.5
suin-1876,야목역,수인분당선,하행,11,2,7,25.7
suin-1876,야목역,수인분당선,하행,12,2,7,25.7
suin-1876,야목역,수인분당선,하행,13,3,8,22.5
suin-1876,야목역,수인분당선,하행,14,3,9,20.0
suin-1876,야목역,수인분당선,하행,15,3,8,22.5
suin-1876,야목역,수인분당선,하행,16,2,8,22.5
suin-1876,야목역,수인분당선,하행,17,3,8,22.5
suin-1876,야목역,수인분당선,하행,18,3,10,18.0
suin-1876,야목역,수인분당선,하행,19,4,9,20.0
suin-1876,야목역,수인분당선,하행,20,2,8,22.5
suin-1876,야목역,수인분당선,하행,21,2,7,25.7
suin-1876,야목역,수인분당선,하행,22,3,8,22.5
suin-1876,야목역,수인분당선,하행,23,3,6,30.0
suin-1877,사리역,수인분당선,상행,5,1,3,60.0
suin-1877,사리역,수인분당선,상행,6,2,7,25.7
suin-1877,사리역,수인분당선,상행,7,4,10,18.0
suin-1877,사리역,수인분당선,상행,8,4,12,15.0
suin-1877,사리역,수인분당선,상행,9,4,11,16.4
suin-1877,사리역,수인분당선,상행,10,3,9,20.0
suin-1877,사리역,수인분당선,상행,11,2,8,22.5
suin-1877,사리역,수인분당선,상행,12,3,8,22.5
suin-1877,사리역,수인분당선,상행,13,3,8,22.5
suin-1877,사리역,수인분당선,상행,14,2,8,22.5
suin-1877,사리역,수인분당선,상행,15,3,8,22.5
suin-1877,사리역,수인분당선,상행,16,3,8,22.5
suin-1877,사리역,수인분당선,상행,17,2,9,20.0
suin-1877,사리역,수인분당선,상행,18,4,9,20.0
suin-1877,사리역,수인분당선,상행,19,3,10,18.0
suin-1877,사리역,수인분당선,상행,20,3,9,20.0
suin-1877,사리역,수인분당선,상행,21,3,9,20.0
suin-1877,사리역,수인분당선,상행,22,3,8,22.5
suin-1877,사리역,수인분당선,상행,23,2,5,36.0
suin-1877,사리역,수인분당선,하행,5,2,5,36.0
suin-1877,사리역,수인분당선,하행,6,3,9,20.0
suin-1877,사리역,수인분당선,하행,7,4,11,16.4
suin-1877,사리역,수인분당선,하행,8,4,10,18.0
suin-1877,사리역,수인분당선,하행,9,2,10,18.0
suin-1877,사리역,수인분당선,하행,10,4,8,22.5
suin-1877,사리역,수인분당선,하행,11,2,8,22.5
suin-1877,사리역,수인분당선,하행,12,2,7,25.7
suin-1877,사리역,수인분당선,하행,13,3,8,22.5
suin-1877,사리역,수인분당선,하행,14,3,8,22.5
suin-1877,사리역,수인분당선,하행,15,2,8,22.5
suin-1877,사리역,수인분당선,하행,16,3,8,22.5
suin-1877,사리역,수인분당선,하행,17,3,9,20.0
suin-1877,사리역,수인분당선,하행,18,3,10,18.0
suin-1877,사리역,수인분당선,하행,19,4,8,22.5
suin-1877,사리역,수인분당선,하행,20,1,8,22.5
suin-1877,사리역,수인분당선,하행,21,3,6,30.0
suin-1877,사리역,수인분당선,하행,22,2,8,22.5
suin-1877,사리역,수인분당선,하행,23,3,6,30.0
suin-1877,사리역,수인분당선,하행,24,1,4,45.0
suin-1878,달월역,수인분당선,상행,5,1,5,36.0
suin-1878,달월역,수인분당선,상행,6,4,10,18.0
suin-1878,달월역,수인분당선,상행,7,5,15,12.0
suin-1878,달월역,수인분당선,상행,8,6,17,10.6
suin-1878,달월역,수인분당선,상행,9,6,16,11.2
suin-1878,달월역,수인분당선,상행,10,4,14,12.9
suin-1878,달월역,수인분당선,상행,11,4,12,15.0
suin-1878,달월역,수인분당선,상행,12,4,12,15.0
suin-1878,달월역,수인분당선,상행,13,4,12,15.0
suin-1878,달월역,수인분당선,상행,14,4,12,15.0
suin-1878,달월역,수인분당선,상행,15,4,12,15.0
suin-1878,달월역,수인분당선,상행,16,4,12,15.0
suin-1878,달월역,수인분당선,상행,17,4,12,15.0
suin-1878,달월역,수인분당선,상행,18,4,13,13.8
suin-1878,달월역,수인분당선,상행,19,5,13,13.8
suin-1878,달월역,수인분당선,상행,20,4,16,11.2
suin-1878,달월역,수인분당선,상행,21,7,15,12.0
suin-1878,달월역,수인분당선,상행,22,4,14,12.9
suin-1878,달월역,수인분당선,상행,23,3,8,22.5
suin-1878,달월역,수인분당선,상행,24,1,4,45.0
suin-1878,달월역,수인분당선,하행,5,5,13,13.8
suin-1878,달월역,수인분당선,하행,6,8,20,9.0
suin-1878,달월역,수인분당선,하행,7,7,20,9.0
suin-1878,달월역,수인분당선,하행,8,5,16,11.2
suin-1878,달월역,수인분당선,하행,9,4,13,13.8
suin-1878,달월역,수인분당선,하행,10,4,13,13.8
suin-1878,달월역,수인분당선,하행,11,5,12,15.0
suin-1878,달월역,수인분당선,하행,12,3,12,15.0
suin-1878,달월역,수인분당선,하행,13,4,12,15.0
suin-1878,달월역,수인분당선,하행,14,5,12,15.0
suin-1878,달월역,수인분당선,하행,15,3,12,15.0
suin-1878,달월역,수인분당선,하행,16,4,11,16.4
suin-1878,달월역,수인분당선,하행,17,4,12,15.0
suin-1878,달월역,수인분당선,하행,18,4,12,15.0
suin-1878,달월역,수인분당선,하행,19,4,13,13.8
suin-1878,달월역,수인분당선,하행,20,5,13,13.8
suin-1878,달월역,수인분당선,하행,21,4,13,13.8
suin-1878,달월역,수인분당선,하행,22,4,10,18.0
suin-1878,달월역,수인분당선,하행,23,2,6,30.0
suin-1879,월곶역,수인분당선,상행,5,1,5,36.0
suin-1879,월곶역,수인분당선,상행,6,4,10,18.0
suin-1879,월곶역,수인분당선,상행,7,5,15,12.0
suin-1879,월곶역,수인분당선,상행,8,6,17,10.6
suin-1879,월곶역,수인분당선,상행,9,6,16,11.2
suin-1879,월곶역,수인분당선,상행,10,4,14,12.9
suin-1879,월곶역,수인분당선,상행,11,4,12,15.0
suin-1879,월곶역,수인분당선,상행,12,4,12,15.0
suin-1879,월곶역,수인분당선,상행,13,4,12,15.0
suin-1879,월곶역,수인분당선,상행,14,4,12,15.0
suin-1879,월곶역,수인분당선,상행,15,4,12,15.0
suin-1879,월곶역,수인분당선,상행,16,4,12,15.0
suin-1879,월곶역,수인분당선,상행,17,4,12,15.0
suin-1879,월곶역,수인분당선,상행,18,4,13,13.8
suin-1879,월곶역,수인분당선,상행,19,5,13,13.8
suin-1879,월곶역,수인분당선,상행,20,4,16,11.2
suin-1879,월곶역,수인분당선,상행,21,7,15,12.0
suin-1879,월곶역,수인분당선,상행,22,4,14,12.9
suin-1879,월곶역,수인분당선,상행,23,3,8,22.5
suin-1879,월곶역,수인분당선,상행,24,1,4,45.0
suin-1879,월곶역,수인분당선,하행,5,5,12,15.0
suin-1879,월곶역,수인분당선,하행,6,7,19,9.5
suin-1879,월곶역,수인분당선,하행,7,7,20,9.0
suin-1879,월곶역,수인분당선,하행,8,6,17,10.6
suin-1879,월곶역,수인분당선,하행,9,4,14,12.9
suin-1879,월곶역,수인분당선,하행,10,4,13,13.8
suin-1879,월곶역,수인분당선,하행,11,5,12,15.0
suin-1879,월곶역,수인분당선,하행,12,3,12,15.0
suin-1879,월곶역,수인분당선,하행,13,4,11,16.4
suin-1879,월곶역,수인분당선,하행,14,4,12,15.0
suin-1879,월곶역,수인분당선,하행,15,4,12,15.0
suin-1879,월곶역,수인분당선,하행,16,4,12,15.0
suin-1879,월곶역,수인분당선,하행,17,4,12,15.0
suin-1879,월곶역,수인분당선,하행,18,4,12,15.0
suin-1879,월곶역,수인분당선,하행,19,4,13,13.8
suin-1879,월곶역,수인분당선,하행,20,5,13,13.8
suin-1879,월곶역,수인분당선,하행,21,4,12,15.0
suin-1879,월곶역,수인분당선,하행,22,3,10,18.0
suin-1879,월곶역,수인분당선,하행,23,3,6,30.0
sillim-S401,샛강,신림선,하행,5,3,10,18.0
sillim-S401,샛강,신림선,하행,6,7,22,8.2
sillim-S401,샛강,신림선,하행,7,12,34,5.3
sillim-S401,샛강,신림선,하행,8,15,39,4.6
sillim-S401,샛강,신림선,하행,9,12,34,5.3
sillim-S401,샛강,신림선,하행,10,7,27,6.7
sillim-S401,샛강,신림선,하행,11,8,22,8.2
sillim-S401,샛강,신림선,하행,12,7,23,7.8
sillim-S401,샛강,신림선,하행,13,8,22,8.2
sillim-S401,샛강,신림선,하행,14,7,24,7.5
sillim-S401,샛강,신림선,하행,15,9,24,7.5
sillim-S401,샛강,신림선,하행,16,8,31,5.8
sillim-S401,샛강,신림선,하행,17,14,37,4.9
sillim-S401,샛강,신림선,하행,18,15,43,4.2
sillim-S401,샛강,신림선,하행,19,14,38,4.7
sillim-S401,샛강,신림선,하행,20,9,32,5.6
sillim-S401,샛강,신림선,하행,21,9,25,7.2
sillim-S401,샛강,신림선,하행,22,7,22,8.2
sillim-S401,샛강,신림선,하행,23,6,18,10.0
sillim-S401,샛강,신림선,하행,24,5,11,16.4
sillim-S402,대방,신림선,상행,5,2,9,20.0
sillim-S402,대방,신림선,상행,6,7,21,8.6
sillim-S402,대방,신림선,상행,7,12,34,5.3
sillim-S402,대방,신림선,상행,8,15,42,4.3
sillim-S402,대방,신림선,상행,9,15,38,4.7
sillim-S402,대방,신림선,상행,10,8,30,6.0
sillim-S402,대방,신림선,상행,11,7,23,7.8
sillim-S402,대방,신림선,상행,12,8,22,8.2
sillim-S402,대방,신림선,상행,13,7,23,7.8
sillim-S402,대방,신림선,상행,14,8,24,7.5
sillim-S402,대방,신림선,상행,15,9,25,7.2
sillim-S402,대방,신림선,상행,16,8,31,5.8
sillim-S402,대방,신림선,상행,17,14,37,4.9
sillim-S402,대방,신림선,상행,18,15,44,4.1
sillim-S402,대방,신림선,상행,19,15,42,4.3
sillim-S402,대방,신림선,상행,20,12,36,5.0
sillim-S402,대방,신림선,상행,21,9,29,6.2
sillim-S402,대방,신림선,상행,22,8,24,7.5
sillim-S402,대방,신림선,상행,23,7,21,8.6
sillim-S402,대방,신림선,상행,24,6,13,13.8
sillim-S402,대방,신림선,하행,5,3,10,18.0
sillim-S402,대방,신림선,하행,6,7,22,8.2
sillim-S402,대방,신림선,하행,7,12,34,5.3
sillim-S402,대방,신림선,하행,8,15,39,4.6
sillim-S402,대방,신림선,하행,9,12,34,5.3
sillim-S402,대방,신림선,하행,10,7,27,6.7
sillim-S402,대방,신림선,하행,11,8,22,8.2
sillim-S402,대방,신림선,하행,12,7,23,7.8
sillim-S402,대방,신림선,하행,13,8,22,8.2
sillim-S402,대방,신림선,하행,14,7,24,7.5
sillim-S402,대방,신림선,하행,15,9,24,7.5
sillim-S402,대방,신림선,하행,16,8,30,6.0
sillim-S402,대방,신림선,하행,17,13,36,5.0
sillim-S402,대방,신림선,하행,18,15,43,4.2
sillim-S402,대방,신림선,하행,19,15,39,4.6
sillim-S402,대방,신림선,하행,20,9,33,5.5
sillim-S402,대방,신림선,하행,21,9,25,7.2
sillim-S402,대방,신림선,하행,22,7,22,8.2
sillim-S402,대방,신림선,하행,23,6,18,10.0
sillim-S402,대방,신림선,하행,24,5,11,16.4
sillim-S403,서울지방병무청,신림선,상행,5,2,9,20.0
sillim-S403,서울지방병무청,신림선,상행,6,7,22,8.2
sillim-S403,서울지방병무청,신림선,상행,7,13,35,5.1
sillim-S403,서울지방병무청,신림선,상행,8,15,42,4.3
sillim-S403,서울지방병무청,신림선,상행,9,14,37,4.9
sillim-S403,서울지방병무청,신림선,상행,10,8,30,6.0
sillim-S403,서울지방병무청,신림선,상행,11,8,23,7.8
sillim-S403,서울지방병무청,신림선,상행,12,7,23,7.8
sillim-S403,서울지방병무청,신림선,상행,13,8,23,7.8
sillim-S403,서울지방병무청,신림선,상행,14,8,24,7.5
sillim-S403,서울지방병무청,신림선,상행,15,8,25,7.2
sillim-S403,서울지방병무청,신림선,상행,16,9,30,6.0
sillim-S403,서울지방병무청,신림선,상행,17,13,37,4.9
sillim-S403,서울지방병무청,신림선,상행,18,15,43,4.2
sillim-S403,서울지방병무청,신림선,상행,19,15,42,4.3
sillim-S403,서울지방병무청,신림선,상행,20,12,36,5.0
sillim-S403,서울지방병무청,신림선,상행,21,9,29,6.2
sillim-S403,서울지방병무청,신림선,상행,22,8,24,7.5
sillim-S403,서울지방병무청,신림선,상행,23,7,21,8.6
sillim-S403,서울지방병무청,신림선,상행,24,6,13,13.8
sillim-S403,서울지방병무청,신림선,하행,5,3,9,20.0
sillim-S403,서울지방병무청,신림선,하행,6,6,21,8.6
sillim-S403,서울지방병무청,신림선,하행,7,12,33,5.5
sillim-S403,서울지방병무청,신림선,하행,8,15,39,4.6
sillim-S403,서울지방병무청,신림선,하행,9,12,35,5.1
sillim-S403,서울지방병무청,신림선,하행,10,8,27,6.7
sillim-S403,서울지방병무청,신림선,하행,11,7,23,7.8
sillim-S403,서울지방병무청,신림선,하행,12,8,22,8.2
sillim-S403,서울지방병무청,신림선,하행,13,7,23,7.8
sillim-S403,서울지방병무청,신림선,하행,14,8,23,7.8
sillim-S403,서울지방병무청,신림선,하행,15,8,25,7.2
sillim-S403,서울지방병무청,신림선,하행,16,9,30,6.0
sillim-S403,서울지방병무청,신림선,하행,17,13,37,4.9
sillim-S403,서울지방병무청,신림선,하행,18,15,43,4.2
sillim-S403,서울지방병무청,신림선,하행,19,15,39,4.6
sillim-S403,서울지방병무청,신림선,하행,20,9,32,5.6
sillim-S403,서울지방병무청,신림선,하행,21,8,25,7.2
sillim-S403,서울지방병무청,신림선,하행,22,8,22,8.2
sillim-S403,서울지방병무청,신림선,하행,23,6,19,9.5
sillim-S403,서울지방병무청,신림선,하행,24,5,11,16.4
sillim-S404,보라매,신림선,상행,5,2,9,20.0
sillim-S404,보라매,신림선,상행,6,7,22,8.2
sillim-S404,보라매,신림선,상행,7,13,35,5.1
sillim-S404,보라매,신림선,상행,8,15,42,4.3
sillim-S404,보라매,신림선,상행,9,14,37,4.9
sillim-S404,보라매,신림선,상행,10,8,30,6.0
sillim-S404,보라매,신림선,상행,11,8,23,7.8
sillim-S404,보라매,신림선,상행,12,7,23,7.8
sillim-S404,보라매,신림선,상행,13,8,23,7.8
sillim-S404,보라매,신림선,상행,14,8,24,7.5
sillim-S404,보라매,신림선,상행,15,8,25,7.2
sillim-S404,보라매,신림선,상행,16,9,31,5.8
sillim-S404,보라매,신림선,상행,17,14,38,4.7
sillim-S404,보라매,신림선,상행,18,15,44,4.1
sillim-S404,보라매,신림선,상행,19,15,42,4.3
sillim-S404,보라매,신림선,상행,20,12,35,5.1
sillim-S404,보라매,신림선,상행,21,8,28,6.4
sillim-S404,보라매,신림선,상행,22,8,23,7.8
sillim-S404,보라매,신림선,상행,23,7,21,8.6
sillim-S404,보라매,신림선,상행,24,6,13,13.8
sillim-S404,보라매,신림선,하행,5,3,9,20.0
sillim-S404,보라매,신림선,하행,6,6,21,8.6
sillim-S404,보라매,신림선,하행,7,12,33,5.5
sillim-S404,보라매,신림선,하행,8,15,39,4.6
sillim-S404,보라매,신림선,하행,9,12,35,5.1
sillim-S404,보라매,신림선,하행,10,8,27,6.7
sillim-S404,보라매,신림선,하행,11,7,23,7.8
sillim-S404,보라매,신림선,하행,12,8,22,8.2
sillim-S404,보라매,신림선,하행,13,7,23,7.8
sillim-S404,보라매,신림선,하행,14,8,23,7.8
sillim-S404,보라매,신림선,하행,15,8,25,7.2
sillim-S404,보라매,신림선,하행,16,9,30,6.0
sillim-S404,보라매,신림선,하행,17,13,37,4.9
sillim-S404,보라매,신림선,하행,18,15,42,4.3
sillim-S404,보라매,신림선,하행,19,14,39,4.6
sillim-S404,보라매,신림선,하행,20,10,32,5.6
sillim-S404,보라매,신림선,하행,21,8,26,6.9
sillim-S404,보라매,신림선,하행,22,8,22,8.2
sillim-S404,보라매,신림선,하행,23,6,19,9.5
sillim-S404,보라매,신림선,하행,24,5,11,16.4
sillim-S405,보라매공원,신림선,상행,5,2,9,20.0
sillim-S405,보라매공원,신림선,상행,6,7,22,8.2
sillim-S405,보라매공원,신림선,상행,7,13,35,5.1
sillim-S405,보라매공원,신림선,상행,8,15,43,4.2
sillim-S405,보라매공원,신림선,상행,9,15,37,4.9
sillim-S405,보라매공원,신림선,상행,10,7,30,6.0
sillim-S405,보라매공원,신림선,상행,11,8,22,8.2
sillim-S405,보라매공원,신림선,상행,12,7,23,7.8
sillim-S405,보라매공원,신림선,상행,13,8,23,7.8
sillim-S405,보라매공원,신림선,상행,14,8,24,7.5
sillim-S405,보라매공원,신림선,상행,15,8,25,7.2
sillim-S405,보라매공원,신림선,상행,16,9,31,5.8
sillim-S405,보라매공원,신림선,상행,17,14,38,4.7
sillim-S405,보라매공원,신림선,상행,18,15,44,4.1
sillim-S405,보라매공원,신림선,상행,19,15,42,4.3
sillim-S405,보라매공원,신림선,상행,20,12,35,5.1
sillim-S405,보라매공원,신림선,상행,21,8,28,6.4
sillim-S405,보라매공원,신림선,상행,22,8,23,7.8
sillim-S405,보라매공원,신림선,상행,23,7,21,8.6
sillim-S405,보라매공원,신림선,상행,24,6,13,13.8
sillim-S405,보라매공원,신림선,하행,5,3,9,20.0
sillim-S405,보라매공원,신림선,하행,6,6,20,9.0
sillim-S405,보라매공원,신림선,하행,7,11,32,5.6
sillim-S405,보라매공원,신림선,하행,8,15,39,4.6
sillim-S405,보라매공원,신림선,하행,9,13,35,5.1
sillim-S405,보라매공원,신림선,하행,10,7,28,6.4
sillim-S405,보라매공원,신림선,하행,11,8,22,8.2
sillim-S405,보라매공원,신림선,하행,12,7,23,7.8
sillim-S405,보라매공원,신림선,하행,13,8,22,8.2
sillim-S405,보라매공원,신림선,하행,14,7,24,7.5
sillim-S405,보라매공원,신림선,하행,15,9,24,7.5
sillim-S405,보라매공원,신림선,하행,16,8,30,6.0
sillim-S405,보라매공원,신림선,하행,17,13,36,5.0
sillim-S405,보라매공원,신림선,하행,18,15,43,4.2
sillim-S405,보라매공원,신림선,하행,19,15,39,4.6
sillim-S405,보라매공원,신림선,하행,20,9,33,5.5
sillim-S405,보라매공원,신림선,하행,21,9,25,7.2
sillim-S405,보라매공원,신림선,하행,22,7,23,7.8
sillim-S405,보라매공원,신림선,하행,23,7,19,9.5
sillim-S405,보라매공원,신림선,하행,24,5,12,15.0
sillim-S406,보라매병원,신림선,상행,5,3,10,18.0
sillim-S406,보라매병원,신림선,상행,6,7,23,7.8
sillim-S406,보라매병원,신림선,상행,7,13,35,5.1
sillim-S406,보라매병원,신림선,상행,8,15,42,4.3
sillim-S406,보라매병원,신림선,상행,9,14,37,4.9
sillim-S406,보라매병원,신림선,상행,10,8,29,6.2
sillim-S406,보라매병원,신림선,상행,11,7,23,7.8
sillim-S406,보라매병원,신림선,상행,12,8,22,8.2
sillim-S406,보라매병원,신림선,상행,13,7,23,7.8
sillim-S406,보라매병원,신림선,상행,14,8,24,7.5
sillim-S406,보라매병원,신림선,상행,15,9,25,7.2
sillim-S406,보라매병원,신림선,상행,16,8,32,5.6
sillim-S406,보라매병원,신림선,상행,17,15,38,4.7
sillim-S406,보라매병원,신림선,상행,18,15,45,4.0
sillim-S406,보라매병원,신림선,상행,19,15,41,4.4
sillim-S406,보라매병원,신림선,상행,20,11,35,5.1
sillim-S406,보라매병원,신림선,상행,21,9,28,6.4
sillim-S406,보라매병원,신림선,상행,22,8,23,7.8
sillim-S406,보라매병원,신림선,상행,23,6,20,9.0
sillim-S406,보라매병원,신림선,상행,24,6,12,15.0
sillim-S406,보라매병원,신림선,하행,5,3,11,16.4
sillim-S406,보라매병원,신림선,하행,6,8,26,6.9
sillim-S406,보라매병원,신림선,하행,7,15,38,4.7
sillim-S406,보라매병원,신림선,하행,8,15,43,4.2
sillim-S406,보라매병원,신림선,하행,9,13,35,5.1
sillim-S406,보라매병원,신림선,하행,10,7,28,6.4
sillim-S406,보라매병원,신림선,하행,11,8,22,8.2
sillim-S406,보라매병원,신림선,하행,12,7,23,7.8
sillim-S406,보라매병원,신림선,하행,13,8,22,8.2
sillim-S406,보라매병원,신림선,하행,14,7,24,7.5
sillim-S406,보라매병원,신림선,하행,15,9,26,6.9
sillim-S406,보라매병원,신림선,하행,16,10,34,5.3
sillim-S406,보라매병원,신림선,하행,17,15,40,4.5
sillim-S406,보라매병원,신림선,하행,18,15,45,4.0
sillim-S406,보라매병원,신림선,하행,19,15,39,4.6
sillim-S406,보라매병원,신림선,하행,20,9,33,5.5
sillim-S406,보라매병원,신림선,하행,21,9,25,7.2
sillim-S406,보라매병원,신림선,하행,22,7,22,8.2
sillim-S406,보라매병원,신림선,하행,23,6,19,9.5
sillim-S406,보라매병원,신림선,하행,24,6,12,15.0
sillim-S407,당곡,신림선,상행,5,3,10,18.0
sillim-S407,당곡,신림선,상행,6,7,23,7.8
sillim-S407,당곡,신림선,상행,7,13,35,5.1
sillim-S407,당곡,신림선,상행,8,15,42,4.3
sillim-S407,당곡,신림선,상행,9,14,37,4.9
sillim-S407,당곡,신림선,상행,10,8,29,6.2
sillim-S407,당곡,신림선,상행,11,7,23,7.8
sillim-S407,당곡,신림선,상행,12,8,22,8.2
sillim-S407,당곡,신림선,상행,13,7,23,7.8
sillim-S407,당곡,신림선,상행,14,8,24,7.5
sillim-S407,당곡,신림선,상행,15,9,25,7.2
sillim-S407,당곡,신림선,상행,16,8,32,5.6
sillim-S407,당곡,신림선,상행,17,15,38,4.7
sillim-S407,당곡,신림선,상행,18,15,45,4.0
sillim-S407,당곡,신림선,상행,19,15,41,4.4
sillim-S407,당곡,신림선,상행,20,11,35,5.1
sillim-S407,당곡,신림선,상행,21,9,28,6.4
sillim-S407,당곡,신림선,상행,22,8,23,7.8
sillim-S407,당곡,신림선,상행,23,6,20,9.0
sillim-S407,당곡,신림선,상행,24,6,12,15.0
sillim-S407,당곡,신림선,하행,5,3,11,16.4
sillim-S407,당곡,신림선,하행,6,8,26,6.9
sillim-S407,당곡,신림선,하행,7,15,38,4.7
sillim-S407,당곡,신림선,하행,8,15,43,4.2
sillim-S407,당곡,신림선,하행,9,13,35,5.1
sillim-S407,당곡,신림선,하행,10,7,28,6.4
sillim-S407,당곡,신림선,하행,11,8,22,8.2
sillim-S407,당곡,신림선,하행,12,7,23,7.8
sillim-S407,당곡,신림선,하행,13,8,22,8.2
sillim-S407,당곡,신림선,하행,14,7,23,7.8
sillim-S407,당곡,신림선,하행,15,8,25,7.2
sillim-S407,당곡,신림선,하행,16,10,33,5.5
sillim-S407,당곡,신림선,하행,17,15,40,4.5
sillim-S407,당곡,신림선,하행,18,15,45,4.0
sillim-S407,당곡,신림선,하행,19,15,40,4.5
sillim-S407,당곡,신림선,하행,20,10,33,5.5
sillim-S407,당곡,신림선,하행,21,8,26,6.9
sillim-S407,당곡,신림선,하행,22,8,22,8.2
sillim-S407,당곡,신림선,하행,23,6,20,9.0
sillim-S407,당곡,신림선,하행,24,6,12,15.0
sillim-S408,신림,신림선,상행,5,3,10,18.0
sillim-S408,신림,신림선,상행,6,7,24,7.5
sillim-S408,신림,신림선,상행,7,14,36,5.0
sillim-S408,신림,신림선,상행,8,15,43,4.2
sillim-S408,신림,신림선,상행,9,14,36,5.0
sillim-S408,신림,신림선,상행,10,7,29,6.2
sillim-S408,신림,신림선,상행,11,8,22,8.2
sillim-S408,신림,신림선,상행,12,7,23,7.8
sillim-S408,신림,신림선,상행,13,8,23,7.8
sillim-S408,신림,신림선,상행,14,8,24,7.5
sillim-S408,신림,신림선,상행,15,8,25,7.2
sillim-S408,신림,신림선,상행,16,9,31,5.8
sillim-S408,신림,신림선,상행,17,14,38,4.7
sillim-S408,신림,신림선,상행,18,15,44,4.1
sillim-S408,신림,신림선,상행,19,15,42,4.3
sillim-S408,신림,신림선,상행,20,12,35,5.1
sillim-S408,신림,신림선,상행,21,8,28,6.4
sillim-S408,신림,신림선,상행,22,8,23,7.8
sillim-S408,신림,신림선,상행,23,7,20,9.0
sillim-S408,신림,신림선,상행,24,5,12,15.0
sillim-S408,신림,신림선,하행,5,2,10,18.0
sillim-S408,신림,신림선,하행,6,8,25,7.2
sillim-S408,신림,신림선,하행,7,15,38,4.7
sillim-S408,신림,신림선,하행,8,15,43,4.2
sillim-S408,신림,신림선,하행,9,13,36,5.0
sillim-S408,신림,신림선,하행,10,8,28,6.4
sillim-S408,신림,신림선,하행,11,7,23,7.8
sillim-S408,신림,신림선,하행,12,8,22,8.2
sillim-S408,신림,신림선,하행,13,7,23,7.8
sillim-S408,신림,신림선,하행,14,8,23,7.8
sillim-S408,신림,신림선,하행,15,8,26,6.9
sillim-S408,신림,신림선,하행,16,10,33,5.5
sillim-S408,신림,신림선,하행,17,15,40,4.5
sillim-S408,신림,신림선,하행,18,15,45,4.0
sillim-S408,신림,신림선,하행,19,15,40,4.5
sillim-S408,신림,신림선,하행,20,10,33,5.5
sillim-S408,신림,신림선,하행,21,8,26,6.9
sillim-S408,신림,신림선,하행,22,8,22,8.2
sillim-S408,신림,신림선,하행,23,6,20,9.0
sillim-S408,신림,신림선,하행,24,6,12,15.0
sillim-S409,서원,신림선,상행,5,3,11,16.4
sillim-S409,서원,신림선,상행,6,8,24,7.5
sillim-S409,서원,신림선,상행,7,13,36,5.0
sillim-S409,서원,신림선,상행,8,15,42,4.3
sillim-S409,서원,신림선,상행,9,14,36,5.0
sillim-S409,서원,신림선,상행,10,7,29,6.2
sillim-S409,서원,신림선,상행,11,8,22,8.2
sillim-S409,서원,신림선,상행,12,7,23,7.8
sillim-S409,서원,신림선,상행,13,8,23,7.8
sillim-S409,서원,신림선,상행,14,8,24,7.5
sillim-S409,서원,신림선,상행,15,8,25,7.2
sillim-S409,서원,신림선,상행,16,9,32,5.6
sillim-S409,서원,신림선,상행,17,15,39,4.6
sillim-S409,서원,신림선,상행,18,15,45,4.0
sillim-S409,서원,신림선,상행,19,15,41,4.4
sillim-S409,서원,신림선,상행,20,11,34,5.3
sillim-S409,서원,신림선,상행,21,8,27,6.7
sillim-S409,서원,신림선,상행,22,8,23,7.8
sillim-S409,서원,신림선,상행,23,7,20,9.0
sillim-S409,서원,신림선,상행,24,5,12,15.0
sillim-S409,서원,신림선,하행,5,2,10,18.0
sillim-S409,서원,신림선,하행,6,8,25,7.2
sillim-S409,서원,신림선,하행,7,15,38,4.7
sillim-S409,서원,신림선,하행,8,15,43,4.2
sillim-S409,서원,신림선,하행,9,13,36,5.0
sillim-S409,서원,신림선,하행,10,8,28,6.4
sillim-S409,서원,신림선,하행,11,7,23,7.8
sillim-S409,서원,신림선,하행,12,8,22,8.2
sillim-S409,서원,신림선,하행,13,7,23,7.8
sillim-S409,서원,신림선,하행,14,8,23,7.8
sillim-S409,서원,신림선,하행,15,8,25,7.2
sillim-S409,서원,신림선,하행,16,9,32,5.6
sillim-S409,서원,신림선,하행,17,15,39,4.6
sillim-S409,서원,신림선,하행,18,15,45,4.0
sillim-S409,서원,신림선,하행,19,15,40,4.5
sillim-S409,서원,신림선,하행,20,10,34,5.3
sillim-S409,서원,신림선,하행,21,9,27,6.7
sillim-S409,서원,신림선,하행,22,8,23,7.8
sillim-S409,서원,신림선,하행,23,6,20,9.0
sillim-S409,서원,신림선,하행,24,6,12,15.0
sillim-S410,서울대벤처타운,신림선,상행,5,3,11,16.4
sillim-S410,서울대벤처타운,신림선,상행,6,8,25,7.2
sillim-S410,서울대벤처타운,신림선,상행,7,14,37,4.9
sillim-S410,서울대벤처타운,신림선,상행,8,15,42,4.3
sillim-S410,서울대벤처타운,신림선,상행,9,13,36,5.0
sillim-S410,서울대벤처타운,신림선,상행,10,8,28,6.4
sillim-S410,서울대벤처타운,신림선,상행,11,7,23,7.8
sillim-S410,서울대벤처타운,신림선,상행,12,8,22,8.2
sillim-S410,서울대벤처타운,신림선,상행,13,7,23,7.8
sillim-S410,서울대벤처타운,신림선,상행,14,8,24,7.5
sillim-S410,서울대벤처타운,신림선,상행,15,9,25,7.2
sillim-S410,서울대벤처타운,신림선,상행,16,8,32,5.6
sillim-S410,서울대벤처타운,신림선,상행,17,15,38,4.7
sillim-S410,서울대벤처타운,신림선,상행,18,15,45,4.0
sillim-S410,서울대벤처타운,신림선,상행,19,15,41,4.4
sillim-S410,서울대벤처타운,신림선,상행,20,11,35,5.1
sillim-S410,서울대벤처타운,신림선,상행,21,9,28,6.4
sillim-S410,서울대벤처타운,신림선,상행,22,8,23,7.8
sillim-S410,서울대벤처타운,신림선,상행,23,6,19,9.5
sillim-S410,서울대벤처타운,신림선,상행,24,5,11,16.4
sillim-S410,서울대벤처타운,신림선,하행,5,2,10,18.0
sillim-S410,서울대벤처타운,신림선,하행,6,8,24,7.5
sillim-S410,서울대벤처타운,신림선,하행,7,14,37,4.9
sillim-S410,서울대벤처타운,신림선,하행,8,15,43,4.2
sillim-S410,서울대벤처타운,신림선,하행,9,14,36,5.0
sillim-S410,서울대벤처타운,신림선,하행,10,7,29,6.2
sillim-S410,서울대벤처타운,신림선,하행,11,8,22,8.2
sillim-S410,서울대벤처타운,신림선,하행,12,7,23,7.8
sillim-S410,서울대벤처타운,신림선,하행,13,8,22,8.2
sillim-S410,서울대벤처타운,신림선,하행,14,7,24,7.5
sillim-S410,서울대벤처타운,신림선,하행,15,9,25,7.2
sillim-S410,서울대벤처타운,신림선,하행,16,9,33,5.5
sillim-S410,서울대벤처타운,신림선,하행,17,15,39,4.6
sillim-S410,서울대벤처타운,신림선,하행,18,15,45,4.0
sillim-S410,서울대벤처타운,신림선,하행,19,15,40,4.5
sillim-S410,서울대벤처타운,신림선,하행,20,10,34,5.3
sillim-S410,서울대벤처타운,신림선,하행,21,9,26,6.9
sillim-S410,서울대벤처타운,신림선,하행,22,7,23,7.8
sillim-S410,서울대벤처타운,신림선,하행,23,7,20,9.0
sillim-S410,서울대벤처타운,신림선,하행,24,6,13,13.8
sillim-S411,관악산,신림선,상행,5,3,11,16.4
sillim-S411,관악산,신림선,상행,6,8,25,7.2
sillim-S411,관악산,신림선,상행,7,14,37,4.9
sillim-S411,관악산,신림선,상행,8,15,42,4.3
sillim-S411,관악산,신림선,상행,9,13,36,5.0
sillim-S411,관악산,신림선,상행,10,8,28,6.4
sillim-S411,관악산,신림선,상행,11,7,23,7.8
sillim-S411,관악산,신림선,상행,12,8,22,8.2
sillim-S411,관악산,신림선,상행,13,7,23,7.8
sillim-S411,관악산,신림선,상행,14,8,24,7.5
sillim-S411,관악산,신림선,상행,15,9,26,6.9
sillim-S411,관악산,신림선,상행,16,9,33,5.5
sillim-S411,관악산,신림선,상행,17,15,39,4.6
sillim-S411,관악산,신림선,상행,18,15,45,4.0
sillim-S411,관악산,신림선,상행,19,15,40,4.5
sillim-S411,관악산,신림선,상행,20,10,34,5.3
sillim-S411,관악산,신림선,상행,21,9,27,6.7
sillim-S411,관악산,신림선,상행,22,8,23,7.8
sillim-S411,관악산,신림선,상행,23,6,19,9.5
sillim-S411,관악산,신림선,상행,24,5,11,16.4
shinbundang-D004,신사,신분당선,하행,5,3,8,22.5
shinbundang-D004,신사,신분당선,하행,6,5,19,9.5
shinbundang-D004,신사,신분당선,하행,7,11,29,6.2
shinbundang-D004,신사,신분당선,하행,8,13,36,5.0
shinbundang-D004,신사,신분당선,하행,9,12,32,5.6
shinbundang-D004,신사,신분당선,하행,10,7,27,6.7
shinbundang-D004,신사,신분당선,하행,11,8,22,8.2
shinbundang-D004,신사,신분당선,하행,12,7,22,8.2
shinbundang-D004,신사,신분당선,하행,13,7,21,8.6
shinbundang-D004,신사,신분당선,하행,14,7,21,8.6
shinbundang-D004,신사,신분당선,하행,15,7,21,8.6
shinbundang-D004,신사,신분당선,하행,16,7,24,7.5
shinbundang-D004,신사,신분당선,하행,17,10,30,6.0
shinbundang-D004,신사,신분당선,하행,18,13,35,5.1
shinbundang-D004,신사,신분당선,하행,19,12,35,5.1
shinbundang-D004,신사,신분당선,하행,20,10,30,6.0
shinbundang-D004,신사,신분당선,하행,21,8,26,6.9
shinbundang-D004,신사,신분당선,하행,22,8,22,8.2
shinbundang-D004,신사,신분당선,하행,23,6,16,11.2
shinbundang-D004,신사,신분당선,하행,24,2,8,22.5
shinbundang-D005,논현,신분당선,상행,5,1,7,25.7
shinbundang-D005,논현,신분당선,상행,6,6,18,10.0
shinbundang-D005,논현,신분당선,상행,7,11,30,6.0
shinbundang-D005,논현,신분당선,상행,8,13,35,5.1
shinbundang-D005,논현,신분당선,상행,9,11,32,5.6
shinbundang-D005,논현,신분당선,상행,10,8,26,6.9
shinbundang-D005,논현,신분당선,상행,11,7,23,7.8
shinbundang-D005,논현,신분당선,상행,12,8,22,8.2
shinbundang-D005,논현,신분당선,상행,13,7,22,8.2
shinbundang-D005,논현,신분당선,상행,14,7,21,8.6
shinbundang-D005,논현,신분당선,상행,15,7,21,8.6
shinbundang-D005,논현,신분당선,상행,16,7,24,7.5
shinbundang-D005,논현,신분당선,상행,17,10,30,6.0
shinbundang-D005,논현,신분당선,상행,18,13,35,5.1
shinbundang-D005,논현,신분당선,상행,19,12,35,5.1
shinbundang-D005,논현,신분당선,상행,20,10,30,6.0
shinbundang-D005,논현,신분당선,상행,21,8,26,6.9
shinbundang-D005,논현,신분당선,상행,22,8,21,8.6
shinbundang-D005,논현,신분당선,상행,23,5,17,10.6
shinbundang-D005,논현,신분당선,상행,24,4,9,20.0
shinbundang-D005,논현,신분당선,하행,5,3,8,22.5
shinbundang-D005,논현,신분당선,하행,6,5,19,9.5
shinbundang-D005,논현,신분당선,하행,7,11,29,6.2
shinbundang-D005,논현,신분당선,하행,8,13,35,5.1
shinbundang-D005,논현,신분당선,하행,9,11,32,5.6
shinbundang-D005,논현,신분당선,하행,10,8,27,6.7
shinbundang-D005,논현,신분당선,하행,11,8,23,7.8
shinbundang-D005,논현,신분당선,하행,12,7,22,8.2
shinbundang-D005,논현,신분당선,하행,13,7,21,8.6
shinbundang-D005,논현,신분당선,하행,14,7,21,8.6
shinbundang-D005,논현,신분당선,하행,15,7,21,8.6
shinbundang-D005,논현,신분당선,하행,16,7,24,7.5
shinbundang-D005,논현,신분당선,하행,17,10,30,6.0
shinbundang-D005,논현,신분당선,하행,18,13,35,5.1
shinbundang-D005,논현,신분당선,하행,19,12,35,5.1
shinbundang-D005,논현,신분당선,하행,20,10,30,6.0
shinbundang-D005,논현,신분당선,하행,21,8,26,6.9
shinbundang-D005,논현,신분당선,하행,22,8,22,8.2
shinbundang-D005,논현,신분당선,하행,23,6,16,11.2
shinbundang-D005,논현,신분당선,하행,24,2,8,22.5
shinbundang-D006,신논현,신분당선,상행,5,2,7,25.7
shinbundang-D006,신논현,신분당선,상행,6,5,19,9.5
shinbundang-D006,신논현,신분당선,상행,7,12,29,6.2
shinbundang-D006,신논현,신분당선,상행,8,12,36,5.0
shinbundang-D006,신논현,신분당선,상행,9,12,31,5.8
shinbundang-D006,신논현,신분당선,상행,10,7,27,6.7
shinbundang-D006,신논현,신분당선,상행,11,8,22,8.2
shinbundang-D006,신논현,신분당선,상행,12,7,22,8.2
shinbundang-D006,신논현,신분당선,상행,13,7,21,8.6
shinbundang-D006,신논현,신분당선,상행,14,7,21,8.6
shinbundang-D006,신논현,신분당선,상행,15,7,21,8.6
shinbundang-D006,신논현,신분당선,상행,16,7,25,7.2
shinbundang-D006,신논현,신분당선,상행,17,11,30,6.0
shinbundang-D006,신논현,신분당선,상행,18,12,36,5.0
shinbundang-D006,신논현,신분당선,상행,19,13,34,5.3
shinbundang-D006,신논현,신분당선,상행,20,9,31,5.8
shinbundang-D006,신논현,신분당선,상행,21,9,25,7.2
shinbundang-D006,신논현,신분당선,상행,22,7,21,8.6
shinbundang-D006,신논현,신분당선,상행,23,5,16,11.2
shinbundang-D006,신논현,신분당선,상행,24,4,9,20.0
shinbundang-D006,신논현,신분당선,하행,5,3,8,22.5
shinbundang-D006,신논현,신분당선,하행,6,5,19,9.5
shinbundang-D006,신논현,신분당선,하행,7,11,28,6.4
shinbundang-D006,신논현,신분당선,하행,8,12,35,5.1
shinbundang-D006,신논현,신분당선,하행,9,12,32,5.6
shinbundang-D006,신논현,신분당선,하행,10,8,27,6.7
shinbundang-D006,신논현,신분당선,하행,11,7,23,7.8
shinbundang-D006,신논현,신분당선,하행,12,8,22,8.2
shinbundang-D006,신논현,신분당선,하행,13,7,22,8.2
shinbundang-D006,신논현,신분당선,하행,14,7,21,8.6
shinbundang-D006,신논현,신분당선,하행,15,7,21,8.6
shinbundang-D006,신논현,신분당선,하행,16,7,24,7.5
shinbundang-D006,신논현,신분당선,하행,17,10,29,6.2
shinbundang-D006,신논현,신분당선,하행,18,12,35,5.1
shinbundang-D006,신논현,신분당선,하행,19,13,35,5.1
shinbundang-D006,신논현,신분당선,하행,20,10,31,5.8
shinbundang-D006,신논현,신분당선,하행,21,8,25,7.2
shinbundang-D006,신논현,신분당선,하행,22,7,21,8.6
shinbundang-D006,신논현,신분당선,하행,23,6,16,11.2
shinbundang-D006,신논현,신분당선,하행,24,3,9,20.0
shinbundang-D007,강남,신분당선,상행,5,2,7,25.7
shinbundang-D007,강남,신분당선,상행,6,5,19,9.5
shinbundang-D007,강남,신분당선,상행,7,12,29,6.2
shinbundang-D007,강남,신분당선,상행,8,12,36,5.0
shinbundang-D007,강남,신분당선,상행,9,12,31,5.8
shinbundang-D007,강남,신분당선,상행,10,7,27,6.7
shinbundang-D007,강남,신분당선,상행,11,8,22,8.2
shinbundang-D007,강남,신분당선,상행,12,7,22,8.2
shinbundang-D007,강남,신분당선,상행,13,7,21,8.6
shinbundang-D007,강남,신분당선,상행,14,7,21,8.6
shinbundang-D007,강남,신분당선,상행,15,7,21,8.6
shinbundang-D007,강남,신분당선,상행,16,7,25,7.2
shinbundang-D007,강남,신분당선,상행,17,11,30,6.0
shinbundang-D007,강남,신분당선,상행,18,12,36,5.0
shinbundang-D007,강남,신분당선,상행,19,13,34,5.3
shinbundang-D007,강남,신분당선,상행,20,9,31,5.8
shinbundang-D007,강남,신분당선,상행,21,9,25,7.2
shinbundang-D007,강남,신분당선,상행,22,7,22,8.2
shinbundang-D007,강남,신분당선,상행,23,6,16,11.2
shinbundang-D007,강남,신분당선,상행,24,3,9,20.0
shinbundang-D007,강남,신분당선,하행,5,2,8,22.5
shinbundang-D007,강남,신분당선,하행,6,6,18,10.0
shinbundang-D007,강남,신분당선,하행,7,10,29,6.2
shinbundang-D007,강남,신분당선,하행,8,13,35,5.1
shinbundang-D007,강남,신분당선,하행,9,12,32,5.6
shinbundang-D007,강남,신분당선,하행,10,7,27,6.7
shinbundang-D007,강남,신분당선,하행,11,8,23,7.8
shinbundang-D007,강남,신분당선,하행,12,8,22,8.2
shinbundang-D007,강남,신분당선,하행,13,6,21,8.6
shinbundang-D007,강남,신분당선,하행,14,7,20,9.0
shinbundang-D007,강남,신분당선,하행,15,7,21,8.6
shinbundang-D007,강남,신분당선,하행,16,7,24,7.5
shinbundang-D007,강남,신분당선,하행,17,10,30,6.0
shinbundang-D007,강남,신분당선,하행,18,13,35,5.1
shinbundang-D007,강남,신분당선,하행,19,12,35,5.1
shinbundang-D007,강남,신분당선,하행,20,10,31,5.8
shinbundang-D007,강남,신분당선,하행,21,9,26,6.9
shinbundang-D007,강남,신분당선,하행,22,7,22,8.2
shinbundang-D007,강남,신분당선,하행,23,6,16,11.2
shinbundang-D007,강남,신분당선,하행,24,3,9,20.0
shinbundang-D008,양재(서초구청),신분당선,상행,5,2,7,25.7
shinbundang-D008,양재(서초구청),신분당선,상행,6,5,20,9.0
shinbundang-D008,양재(서초구청),신분당선,상행,7,13,30,6.0
shinbundang-D008,양재(서초구청),신분당선,상행,8,12,36,5.0
shinbundang-D008,양재(서초구청),신분당선,상행,9,11,31,5.8
shinbundang-D008,양재(서초구청),신분당선,상행,10,8,26,6.9
shinbundang-D008,양재(서초구청),신분당선,상행,11,7,23,7.8
shinbundang-D008,양재(서초구청),신분당선,상행,12,8,21,8.6
shinbundang-D008,양재(서초구청),신분당선,상행,13,6,21,8.6
shinbundang-D008,양재(서초구청),신분당선,상행,14,7,20,9.0
shinbundang-D008,양재(서초구청),신분당선,상행,15,7,21,8.6
shinbundang-D008,양재(서초구청),신분당선,상행,16,7,26,6.9
shinbundang-D008,양재(서초구청),신분당선,상행,17,12,31,5.8
shinbundang-D008,양재(서초구청),신분당선,상행,18,12,37,4.9
shinbundang-D008,양재(서초구청),신분당선,상행,19,13,34,5.3
shinbundang-D008,양재(서초구청),신분당선,상행,20,9,30,6.0
shinbundang-D008,양재(서초구청),신분당선,상행,21,8,24,7.5
shinbundang-D008,양재(서초구청),신분당선,상행,22,7,21,8.6
shinbundang-D008,양재(서초구청),신분당선,상행,23,6,16,11.2
shinbundang-D008,양재(서초구청),신분당선,상행,24,3,9,20.0
shinbundang-D008,양재(서초구청),신분당선,하행,5,2,7,25.7
shinbundang-D008,양재(서초구청),신분당선,하행,6,5,18,10.0
shinbundang-D008,양재(서초구청),신분당선,하행,7,11,28,6.4
shinbundang-D008,양재(서초구청),신분당선,하행,8,12,35,5.1
shinbundang-D008,양재(서초구청),신분당선,하행,9,12,32,5.6
shinbundang-D008,양재(서초구청),신분당선,하행,10,8,28,6.4
shinbundang-D008,양재(서초구청),신분당선,하행,11,8,23,7.8
shinbundang-D008,양재(서초구청),신분당선,하행,12,7,22,8.2
shinbundang-D008,양재(서초구청),신분당선,하행,13,7,21,8.6
shinbundang-D008,양재(서초구청),신분당선,하행,14,7,21,8.6
shinbundang-D008,양재(서초구청),신분당선,하행,15,7,21,8.6
shinbundang-D008,양재(서초구청),신분당선,하행,16,7,24,7.5
shinbundang-D008,양재(서초구청),신분당선,하행,17,10,29,6.2
shinbundang-D008,양재(서초구청),신분당선,하행,18,12,35,5.1
shinbundang-D008,양재(서초구청),신분당선,하행,19,13,35,5.1
shinbundang-D008,양재(서초구청),신분당선,하행,20,10,32,5.6
shinbundang-D008,양재(서초구청),신분당선,하행,21,9,26,6.9
shinbundang-D008,양재(서초구청),신분당선,하행,22,7,22,8.2
shinbundang-D008,양재(서초구청),신분당선,하행,23,6,16,11.2
shinbundang-D008,양재(서초구청),신분당선,하행,24,3,9,20.0
shinbundang-D009,양재시민의숲(매헌),신분당선,상행,5,2,8,22.5
shinbundang-D009,양재시민의숲(매헌),신분당선,상행,6,6,20,9.0
shinbundang-D009,양재시민의숲(매헌),신분당선,상행,7,12,30,6.0
shinbundang-D009,양재시민의숲(매헌),신분당선,상행,8,12,35,5.1
shinbundang-D009,양재시민의숲(매헌),신분당선,상행,9,11,31,5.8
shinbundang-D009,양재시민의숲(매헌),신분당선,상행,10,8,26,6.9
shinbundang-D009,양재시민의숲(매헌),신분당선,상행,11,7,23,7.8
shinbundang-D009,양재시민의숲(매헌),신분당선,상행,12,8,22,8.2
shinbundang-D009,양재시민의숲(매헌),신분당선,상행,13,7,22,8.2
shinbundang-D009,양재시민의숲(매헌),신분당선,상행,14,7,21,8.6
shinbundang-D009,양재시민의숲(매헌),신분당선,상행,15,7,21,8.6
shinbundang-D009,양재시민의숲(매헌),신분당선,상행,16,7,25,7.2
shinbundang-D009,양재시민의숲(매헌),신분당선,상행,17,11,30,6.0
shinbundang-D009,양재시민의숲(매헌),신분당선,상행,18,12,36,5.0
shinbundang-D009,양재시민의숲(매헌),신분당선,상행,19,13,34,5.3
shinbundang-D009,양재시민의숲(매헌),신분당선,상행,20,9,30,6.0
shinbundang-D009,양재시민의숲(매헌),신분당선,상행,21,8,24,7.5
shinbundang-D009,양재시민의숲(매헌),신분당선,상행,22,7,21,8.6
shinbundang-D009,양재시민의숲(매헌),신분당선,상행,23,6,16,11.2
shinbundang-D009,양재시민의숲(매헌),신분당선,상행,24,3,9,20.0
shinbundang-D009,양재시민의숲(매헌),신분당선,하행,5,2,7,25.7
shinbundang-D009,양재시민의숲(매헌),신분당선,하행,6,5,17,10.6
shinbundang-D009,양재시민의숲(매헌),신분당선,하행,7,10,28,6.4
shinbundang-D009,양재시민의숲(매헌),신분당선,하행,8,13,35,5.1
shinbundang-D009,양재시민의숲(매헌),신분당선,하행,9,12,33,5.5
shinbundang-D009,양재시민의숲(매헌),신분당선,하행,10,8,28,6.4
shinbundang-D009,양재시민의숲(매헌),신분당선,하행,11,8,23,7.8
shinbundang-D009,양재시민의숲(매헌),신분당선,하행,12,7,22,8.2
shinbundang-D009,양재시민의숲(매헌),신분당선,하행,13,7,21,8.6
shinbundang-D009,양재시민의숲(매헌),신분당선,하행,14,7,21,8.6
shinbundang-D009,양재시민의숲(매헌),신분당선,하행,15,7,21,8.6
shinbundang-D009,양재시민의숲(매헌),신분당선,하행,16,7,23,7.8
shinbundang-D009,양재시민의숲(매헌),신분당선,하행,17,9,29,6.2
shinbundang-D009,양재시민의숲(매헌),신분당선,하행,18,13,34,5.3
shinbundang-D009,양재시민의숲(매헌),신분당선,하행,19,12,36,5.0
shinbundang-D009,양재시민의숲(매헌),신분당선,하행,20,11,31,5.8
shinbundang-D009,양재시민의숲(매헌),신분당선,하행,21,8,27,6.7
shinbundang-D009,양재시민의숲(매헌),신분당선,하행,22,8,22,8.2
shinbundang-D009,양재시민의숲(매헌),신분당선,하행,23,6,17,10.6
shinbundang-D009,양재시민의숲(매헌),신분당선,하행,24,3,9,20.0
shinbundang-D010,청계산입구,신분당선,상행,5,2,8,22.5
shinbundang-D010,청계산입구,신분당선,상행,6,6,21,8.6
shinbundang-D010,청계산입구,신분당선,상행,7,13,31,5.8
shinbundang-D010,청계산입구,신분당선,상행,8,12,36,5.0
shinbundang-D010,청계산입구,신분당선,상행,9,11,30,6.0
shinbundang-D010,청계산입구,신분당선,상행,10,7,26,6.9
shinbundang-D010,청계산입구,신분당선,상행,11,8,22,8.2
shinbundang-D010,청계산입구,신분당선,상행,12,7,22,8.2
shinbundang-D010,청계산입구,신분당선,상행,13,7,21,8.6
shinbundang-D010,청계산입구,신분당선,상행,14,7,21,8.6
shinbundang-D010,청계산입구,신분당선,상행,15,7,21,8.6
shinbundang-D010,청계산입구,신분당선,상행,16,7,26,6.9
shinbundang-D010,청계산입구,신분당선,상행,17,12,31,5.8
shinbundang-D010,청계산입구,신분당선,상행,18,12,37,4.9
shinbundang-D010,청계산입구,신분당선,상행,19,13,33,5.5
shinbundang-D010,청계산입구,신분당선,상행,20,8,30,6.0
shinbundang-D010,청계산입구,신분당선,상행,21,9,24,7.5
shinbundang-D010,청계산입구,신분당선,상행,22,7,21,8.6
shinbundang-D010,청계산입구,신분당선,상행,23,5,15,12.0
shinbundang-D010,청계산입구,신분당선,상행,24,3,8,22.5
shinbundang-D010,청계산입구,신분당선,하행,5,2,7,25.7
shinbundang-D010,청계산입구,신분당선,하행,6,5,17,10.6
shinbundang-D010,청계산입구,신분당선,하행,7,10,27,6.7
shinbundang-D010,청계산입구,신분당선,하행,8,12,34,5.3
shinbundang-D010,청계산입구,신분당선,하행,9,12,33,5.5
shinbundang-D010,청계산입구,신분당선,하행,10,9,28,6.4
shinbundang-D010,청계산입구,신분당선,하행,11,7,24,7.5
shinbundang-D010,청계산입구,신분당선,하행,12,8,22,8.2
shinbundang-D010,청계산입구,신분당선,하행,13,7,22,8.2
shinbundang-D010,청계산입구,신분당선,하행,14,7,21,8.6
shinbundang-D010,청계산입구,신분당선,하행,15,7,21,8.6
shinbundang-D010,청계산입구,신분당선,하행,16,7,23,7.8
shinbundang-D010,청계산입구,신분당선,하행,17,9,28,6.4
shinbundang-D010,청계산입구,신분당선,하행,18,12,34,5.3
shinbundang-D010,청계산입구,신분당선,하행,19,13,35,5.1
shinbundang-D010,청계산입구,신분당선,하행,20,10,32,5.6
shinbundang-D010,청계산입구,신분당선,하행,21,9,26,6.9
shinbundang-D010,청계산입구,신분당선,하행,22,7,23,7.8
shinbundang-D010,청계산입구,신분당선,하행,23,7,17,10.6
shinbundang-D010,청계산입구,신분당선,하행,24,3,10,18.0
shinbundang-D011,판교,신분당선,상행,5,3,10,18.0
shinbundang-D011,판교,신분당선,상행,6,7,22,8.2
shinbundang-D011,판교,신분당선,상행,7,12,32,5.6
shinbundang-D011,판교,신분당선,상행,8,13,35,5.1
shinbundang-D011,판교,신분당선,상행,9,10,30,6.0
shinbundang-D011,판교,신분당선,상행,10,7,25,7.2
shinbundang-D011,판교,신분당선,상행,11,8,22,8.2
shinbundang-D011,판교,신분당선,상행,12,7,22,8.2
shinbundang-D011,판교,신분당선,상행,13,7,21,8.6
shinbundang-D011,판교,신분당선,상행,14,7,21,8.6
shinbundang-D011,판교,신분당선,상행,15,7,21,8.6
shinbundang-D011,판교,신분당선,상행,16,7,26,6.9
shinbundang-D011,판교,신분당선,상행,17,12,32,5.6
shinbundang-D011,판교,신분당선,상행,18,13,37,4.9
shinbundang-D011,판교,신분당선,상행,19,12,33,5.5
shinbundang-D011,판교,신분당선,상행,20,8,29,6.2
shinbundang-D011,판교,신분당선,상행,21,9,24,7.5
shinbundang-D011,판교,신분당선,상행,22,7,21,8.6
shinbundang-D011,판교,신분당선,상행,23,5,14,12.9
shinbundang-D011,판교,신분당선,상행,24,2,7,25.7
shinbundang-D011,판교,신분당선,하행,5,1,6,30.0
shinbundang-D011,판교,신분당선,하행,6,5,16,11.2
shinbundang-D011,판교,신분당선,하행,7,10,27,6.7
shinbundang-D011,판교,신분당선,하행,8,12,34,5.3
shinbundang-D011,판교,신분당선,하행,9,12,33,5.5
shinbundang-D011,판교,신분당선,하행,10,9,28,6.4
shinbundang-D011,판교,신분당선,하행,11,7,24,7.5
shinbundang-D011,판교,신분당선,하행,12,8,22,8.2
shinbundang-D011,판교,신분당선,하행,13,7,22,8.2
shinbundang-D011,판교,신분당선,하행,14,7,21,8.6
shinbundang-D011,판교,신분당선,하행,15,7,21,8.6
shinbundang-D011,판교,신분당선,하행,16,7,23,7.8
shinbundang-D011,판교,신분당선,하행,17,9,28,6.4
shinbundang-D011,판교,신분당선,하행,18,12,34,5.3
shinbundang-D011,판교,신분당선,하행,19,13,36,5.0
shinbundang-D011,판교,신분당선,하행,20,11,32,5.6
shinbundang-D011,판교,신분당선,하행,21,8,27,6.7
shinbundang-D011,판교,신분당선,하행,22,8,22,8.2
shinbundang-D011,판교,신분당선,하행,23,6,18,10.0
shinbundang-D011,판교,신분당선,하행,24,4,10,18.0
shinbundang-D012,정자,신분당선,상행,5,3,10,18.0
shinbundang-D012,정자,신분당선,상행,6,7,23,7.8
shinbundang-D012,정자,신분당선,상행,7,13,32,5.6
shinbundang-D012,정자,신분당선,상행,8,12,35,5.1
shinbundang-D012,정자,신분당선,상행,9,10,30,6.0
shinbundang-D012,정자,신분당선,상행,10,8,25,7.2
shinbundang-D012,정자,신분당선,상행,11,7,22,8.2
shinbundang-D012,정자,신분당선,상행,12,7,21,8.6
shinbundang-D012,정자,신분당선,상행,13,7,21,8.6
shinbundang-D012,정자,신분당선,상행,14,7,21,8.6
shinbundang-D012,정자,신분당선,상행,15,7,21,8.6
shinbundang-D012,정자,신분당선,상행,16,7,26,6.9
shinbundang-D012,정자,신분당선,상행,17,12,31,5.8
shinbundang-D012,정자,신분당선,상행,18,12,36,5.0
shinbundang-D012,정자,신분당선,상행,19,12,33,5.5
shinbundang-D012,정자,신분당선,상행,20,9,29,6.2
shinbundang-D012,정자,신분당선,상행,21,8,24,7.5
shinbundang-D012,정자,신분당선,상행,22,7,20,9.0
shinbundang-D012,정자,신분당선,상행,23,5,14,12.9
shinbundang-D012,정자,신분당선,상행,24,2,7,25.7
shinbundang-D012,정자,신분당선,하행,5,2,7,25.7
shinbundang-D012,정자,신분당선,하행,6,5,16,11.2
shinbundang-D012,정자,신분당선,하행,7,9,26,6.9
shinbundang-D012,정자,신분당선,하행,8,12,34,5.3
shinbundang-D012,정자,신분당선,하행,9,13,32,5.6
shinbundang-D012,정자,신분당선,하행,10,7,28,6.4
shinbundang-D012,정자,신분당선,하행,11,8,22,8.2
shinbundang-D012,정자,신분당선,하행,12,7,22,8.2
shinbundang-D012,정자,신분당선,하행,13,7,21,8.6
shinbundang-D012,정자,신분당선,하행,14,7,21,8.6
shinbundang-D012,정자,신분당선,하행,15,7,21,8.6
shinbundang-D012,정자,신분당선,하행,16,7,23,7.8
shinbundang-D012,정자,신분당선,하행,17,9,28,6.4
shinbundang-D012,정자,신분당선,하행,18,12,34,5.3
shinbundang-D012,정자,신분당선,하행,19,13,36,5.0
shinbundang-D012,정자,신분당선,하행,20,11,33,5.5
shinbundang-D012,정자,신분당선,하행,21,9,27,6.7
shinbundang-D012,정자,신분당선,하행,22,7,22,8.2
shinbundang-D012,정자,신분당선,하행,23,6,15,12.0
shinbundang-D012,정자,신분당선,하행,24,2,8,22.5
shinbundang-D013,미금,신분당선,상행,5,2,9,20.0
shinbundang-D013,미금,신분당선,상행,6,7,21,8.6
shinbundang-D013,미금,신분당선,상행,7,12,32,5.6
shinbundang-D013,미금,신분당선,상행,8,13,34,5.3
shinbundang-D013,미금,신분당선,상행,9,9,30,6.0
shinbundang-D013,미금,신분당선,상행,10,8,24,7.5
shinbundang-D013,미금,신분당선,상행,11,7,23,7.8
shinbundang-D013,미금,신분당선,상행,12,8,22,8.2
shinbundang-D013,미금,신분당선,상행,13,7,22,8.2
shinbundang-D013,미금,신분당선,상행,14,7,21,8.6
shinbundang-D013,미금,신분당선,상행,15,7,21,8.6
shinbundang-D013,미금,신분당선,상행,16,7,25,7.2
shinbundang-D013,미금,신분당선,상행,17,11,31,5.8
shinbundang-D013,미금,신분당선,상행,18,13,36,5.0
shinbundang-D013,미금,신분당선,상행,19,12,33,5.5
shinbundang-D013,미금,신분당선,상행,20,8,28,6.4
shinbundang-D013,미금,신분당선,상행,21,8,23,7.8
shinbundang-D013,미금,신분당선,상행,22,7,20,9.0
shinbundang-D013,미금,신분당선,상행,23,5,14,12.9
shinbundang-D013,미금,신분당선,상행,24,2,7,25.7
shinbundang-D013,미금,신분당선,하행,5,2,7,25.7
shinbundang-D013,미금,신분당선,하행,6,5,15,12.0
shinbundang-D013,미금,신분당선,하행,7,8,26,6.9
shinbundang-D013,미금,신분당선,하행,8,13,33,5.5
shinbundang-D013,미금,신분당선,하행,9,12,33,5.5
shinbundang-D013,미금,신분당선,하행,10,8,28,6.4
shinbundang-D013,미금,신분당선,하행,11,8,23,7.8
shinbundang-D013,미금,신분당선,하행,12,7,22,8.2
shinbundang-D013,미금,신분당선,하행,13,7,21,8.6
shinbundang-D013,미금,신분당선,하행,14,7,21,8.6
shinbundang-D013,미금,신분당선,하행,15,7,21,8.6
shinbundang-D013,미금,신분당선,하행,16,7,22,8.2
shinbundang-D013,미금,신분당선,하행,17,8,28,6.4
shinbundang-D013,미금,신분당선,하행,18,13,33,5.5
shinbundang-D013,미금,신분당선,하행,19,12,37,4.9
shinbundang-D013,미금,신분당선,하행,20,12,32,5.6
shinbundang-D013,미금,신분당선,하행,21,8,28,6.4
shinbundang-D013,미금,신분당선,하행,22,8,22,8.2
shinbundang-D013,미금,신분당선,하행,23,6,16,11.2
shinbundang-D013,미금,신분당선,하행,24,2,8,22.5
shinbundang-D014,동천,신분당선,상행,5,2,9,20.0
shinbundang-D014,동천,신분당선,상행,6,7,22,8.2
shinbundang-D014,동천,신분당선,상행,7,13,32,5.6
shinbundang-D014,동천,신분당선,상행,8,12,35,5.1
shinbundang-D014,동천,신분당선,상행,9,10,29,6.2
shinbundang-D014,동천,신분당선,상행,10,7,25,7.2
shinbundang-D014,동천,신분당선,상행,11,8,22,8.2
shinbundang-D014,동천,신분당선,상행,12,7,22,8.2
shinbundang-D014,동천,신분당선,상행,13,7,21,8.6
shinbundang-D014,동천,신분당선,상행,14,7,21,8.6
shinbundang-D014,동천,신분당선,상행,15,7,21,8.6
shinbundang-D014,동천,신분당선,상행,16,7,26,6.9
shinbundang-D014,동천,신분당선,상행,17,12,31,5.8
shinbundang-D014,동천,신분당선,상행,18,12,36,5.0
shinbundang-D014,동천,신분당선,상행,19,12,32,5.6
shinbundang-D014,동천,신분당선,상행,20,8,29,6.2
shinbundang-D014,동천,신분당선,상행,21,9,23,7.8
shinbundang-D014,동천,신분당선,상행,22,6,20,9.0
shinbundang-D014,동천,신분당선,상행,23,5,13,13.8
shinbundang-D014,동천,신분당선,상행,24,2,7,25.7
shinbundang-D014,동천,신분당선,하행,5,2,7,25.7
shinbundang-D014,동천,신분당선,하행,6,5,15,12.0
shinbundang-D014,동천,신분당선,하행,7,8,25,7.2
shinbundang-D014,동천,신분당선,하행,8,12,33,5.5
shinbundang-D014,동천,신분당선,하행,9,13,33,5.5
shinbundang-D014,동천,신분당선,하행,10,8,28,6.4
shinbundang-D014,동천,신분당선,하행,11,7,23,7.8
shinbundang-D014,동천,신분당선,하행,12,8,22,8.2
shinbundang-D014,동천,신분당선,하행,13,7,22,8.2
shinbundang-D014,동천,신분당선,하행,14,7,21,8.6
shinbundang-D014,동천,신분당선,하행,15,7,21,8.6
shinbundang-D014,동천,신분당선,하행,16,7,22,8.2
shinbundang-D014,동천,신분당선,하행,17,8,27,6.7
shinbundang-D014,동천,신분당선,하행,18,12,33,5.5
shinbundang-D014,동천,신분당선,하행,19,13,36,5.0
shinbundang-D014,동천,신분당선,하행,20,11,33,5.5
shinbundang-D014,동천,신분당선,하행,21,9,28,6.4
shinbundang-D014,동천,신분당선,하행,22,8,22,8.2
shinbundang-D014,동천,신분당선,하행,23,5,16,11.2
shinbundang-D014,동천,신분당선,하행,24,3,8,22.5
shinbundang-D015,수지구청,신분당선,상행,5,2,10,18.0
shinbundang-D015,수지구청,신분당선,상행,6,8,22,8.2
shinbundang-D015,수지구청,신분당선,상행,7,12,33,5.5
shinbundang-D015,수지구청,신분당선,상행,8,13,34,5.3
shinbundang-D015,수지구청,신분당선,상행,9,9,30,6.0
shinbundang-D015,수지구청,신분당선,상행,10,8,24,7.5
shinbundang-D015,수지구청,신분당선,상행,11,7,22,8.2
shinbundang-D015,수지구청,신분당선,상행,12,7,21,8.6
shinbundang-D015,수지구청,신분당선,상행,13,7,21,8.6
shinbundang-D015,수지구청,신분당선,상행,14,7,21,8.6
shinbundang-D015,수지구청,신분당선,상행,15,7,21,8.6
shinbundang-D015,수지구청,신분당선,상행,16,7,26,6.9
shinbundang-D015,수지구청,신분당선,상행,17,12,32,5.6
shinbundang-D015,수지구청,신분당선,상행,18,13,36,5.0
shinbundang-D015,수지구청,신분당선,상행,19,11,33,5.5
shinbundang-D015,수지구청,신분당선,상행,20,9,28,6.4
shinbundang-D015,수지구청,신분당선,상행,21,8,24,7.5
shinbundang-D015,수지구청,신분당선,상행,22,7,20,9.0
shinbundang-D015,수지구청,신분당선,상행,23,5,13,13.8
shinbundang-D015,수지구청,신분당선,상행,24,1,6,30.0
shinbundang-D015,수지구청,신분당선,하행,5,1,6,30.0
shinbundang-D015,수지구청,신분당선,하행,6,5,14,12.9
shinbundang-D015,수지구청,신분당선,하행,7,8,26,6.9
shinbundang-D015,수지구청,신분당선,하행,8,13,33,5.5
shinbundang-D015,수지구청,신분당선,하행,9,12,33,5.5
shinbundang-D015,수지구청,신분당선,하행,10,8,28,6.4
shinbundang-D015,수지구청,신분당선,하행,11,8,23,7.8
shinbundang-D015,수지구청,신분당선,하행,12,7,23,7.8
shinbundang-D015,수지구청,신분당선,하행,13,8,22,8.2
shinbundang-D015,수지구청,신분당선,하행,14,7,22,8.2
shinbundang-D015,수지구청,신분당선,하행,15,7,20,9.0
shinbundang-D015,수지구청,신분당선,하행,16,6,21,8.6
shinbundang-D015,수지구청,신분당선,하행,17,8,27,6.7
shinbundang-D015,수지구청,신분당선,하행,18,13,33,5.5
shinbundang-D015,수지구청,신분당선,하행,19,12,37,4.9
shinbundang-D015,수지구청,신분당선,하행,20,12,32,5.6
shinbundang-D015,수지구청,신분당선,하행,21,8,28,6.4
shinbundang-D015,수지구청,신분당선,하행,22,8,22,8.2
shinbundang-D015,수지구청,신분당선,하행,23,6,17,10.6
shinbundang-D015,수지구청,신분당선,하행,24,3,9,20.0
shinbundang-D016,성복,신분당선,상행,5,2,10,18.0
shinbundang-D016,성복,신분당선,상행,6,8,23,7.8
shinbundang-D016,성복,신분당선,상행,7,13,33,5.5
shinbundang-D016,성복,신분당선,상행,8,12,34,5.3
shinbundang-D016,성복,신분당선,상행,9,9,29,6.2
shinbundang-D016,성복,신분당선,상행,10,8,24,7.5
shinbundang-D016,성복,신분당선,상행,11,7,23,7.8
shinbundang-D016,성복,신분당선,상행,12,8,22,8.2
shinbundang-D016,성복,신분당선,상행,13,7,21,8.6
shinbundang-D016,성복,신분당선,상행,14,6,20,9.0
shinbundang-D016,성복,신분당선,상행,15,7,21,8.6
shinbundang-D016,성복,신분당선,상행,16,8,27,6.7
shinbundang-D016,성복,신분당선,상행,17,12,32,5.6
shinbundang-D016,성복,신분당선,상행,18,12,36,5.0
shinbundang-D016,성복,신분당선,상행,19,12,32,5.6
shinbundang-D016,성복,신분당선,상행,20,8,28,6.4
shinbundang-D016,성복,신분당선,상행,21,8,23,7.8
shinbundang-D016,성복,신분당선,상행,22,7,20,9.0
shinbundang-D016,성복,신분당선,상행,23,5,13,13.8
shinbundang-D016,성복,신분당선,상행,24,1,6,30.0
shinbundang-D016,성복,신분당선,하행,5,1,6,30.0
shinbundang-D016,성복,신분당선,하행,6,5,13,13.8
shinbundang-D016,성복,신분당선,하행,7,7,25,7.2
shinbundang-D016,성복,신분당선,하행,8,13,32,5.6
shinbundang-D016,성복,신분당선,하행,9,12,34,5.3
shinbundang-D016,성복,신분당선,하행,10,9,29,6.2
shinbundang-D016,성복,신분당선,하행,11,8,24,7.5
shinbundang-D016,성복,신분당선,하행,12,7,22,8.2
shinbundang-D016,성복,신분당선,하행,13,7,21,8.6
shinbundang-D016,성복,신분당선,하행,14,7,21,8.6
shinbundang-D016,성복,신분당선,하행,15,7,21,8.6
shinbundang-D016,성복,신분당선,하행,16,7,21,8.6
shinbundang-D016,성복,신분당선,하행,17,7,27,6.7
shinbundang-D016,성복,신분당선,하행,18,13,32,5.6
shinbundang-D016,성복,신분당선,하행,19,12,37,4.9
shinbundang-D016,성복,신분당선,하행,20,12,33,5.5
shinbundang-D016,성복,신분당선,하행,21,9,29,6.2
shinbundang-D016,성복,신분당선,하행,22,8,23,7.8
shinbundang-D016,성복,신분당선,하행,23,6,17,10.6
shinbundang-D016,성복,신분당선,하행,24,3,9,20.0
shinbundang-D017,상현,신분당선,상행,5,2,11,16.4
shinbundang-D017,상현,신분당선,상행,6,9,24,7.5
shinbundang-D017,상현,신분당선,상행,7,13,34,5.3
shinbundang-D017,상현,신분당선,상행,8,12,34,5.3
shinbundang-D017,상현,신분당선,상행,9,9,28,6.4
shinbundang-D017,상현,신분당선,상행,10,7,24,7.5
shinbundang-D017,상현,신분당선,상행,11,8,22,8.2
shinbundang-D017,상현,신분당선,상행,12,7,22,8.2
shinbundang-D017,상현,신분당선,상행,13,7,21,8.6
shinbundang-D017,상현,신분당선,상행,14,7,21,8.6
shinbundang-D017,상현,신분당선,상행,15,7,21,8.6
shinbundang-D017,상현,신분당선,상행,16,7,27,6.7
shinbundang-D017,상현,신분당선,상행,17,13,32,5.6
shinbundang-D017,상현,신분당선,상행,18,12,36,5.0
shinbundang-D017,상현,신분당선,상행,19,11,32,5.6
shinbundang-D017,상현,신분당선,상행,20,9,28,6.4
shinbundang-D017,상현,신분당선,상행,21,8,23,7.8
shinbundang-D017,상현,신분당선,상행,22,6,19,9.5
shinbundang-D017,상현,신분당선,상행,23,5,12,15.0
shinbundang-D017,상현,신분당선,상행,24,1,6,30.0
shinbundang-D017,상현,신분당선,하행,5,1,6,30.0
shinbundang-D017,상현,신분당선,하행,6,5,13,13.8
shinbundang-D017,상현,신분당선,하행,7,7,24,7.5
shinbundang-D017,상현,신분당선,하행,8,12,32,5.6
shinbundang-D017,상현,신분당선,하행,9,13,34,5.3
shinbundang-D017,상현,신분당선,하행,10,9,29,6.2
shinbundang-D017,상현,신분당선,하행,11,7,24,7.5
shinbundang-D017,상현,신분당선,하행,12,8,22,8.2
shinbundang-D017,상현,신분당선,하행,13,7,22,8.2
shinbundang-D017,상현,신분당선,하행,14,7,21,8.6
shinbundang-D017,상현,신분당선,하행,15,7,21,8.6
shinbundang-D017,상현,신분당선,하행,16,7,21,8.6
shinbundang-D017,상현,신분당선,하행,17,7,26,6.9
shinbundang-D017,상현,신분당선,하행,18,12,32,5.6
shinbundang-D017,상현,신분당선,하행,19,13,37,4.9
shinbundang-D017,상현,신분당선,하행,20,12,34,5.3
shinbundang-D017,상현,신분당선,하행,21,9,28,6.4
shinbundang-D017,상현,신분당선,하행,22,7,22,8.2
shinbundang-D017,상현,신분당선,하행,23,6,17,10.6
shinbundang-D017,상현,신분당선,하행,24,4,10,18.0
shinbundang-D018,광교중앙(아주대),신분당선,상행,5,3,12,15.0
shinbundang-D018,광교중앙(아주대),신분당선,상행,6,9,24,7.5
shinbundang-D018,광교중앙(아주대),신분당선,상행,7,12,34,5.3
shinbundang-D018,광교중앙(아주대),신분당선,상행,8,13,33,5.5
shinbundang-D018,광교중앙(아주대),신분당선,상행,9,8,29,6.2
shinbundang-D018,광교중앙(아주대),신분당선,상행,10,8,23,7.8
shinbundang-D018,광교중앙(아주대),신분당선,상행,11,7,22,8.2
shinbundang-D018,광교중앙(아주대),신분당선,상행,12,7,21,8.6
shinbundang-D018,광교중앙(아주대),신분당선,상행,13,7,21,8.6
shinbundang-D018,광교중앙(아주대),신분당선,상행,14,7,21,8.6
shinbundang-D018,광교중앙(아주대),신분당선,상행,15,7,22,8.2
shinbundang-D018,광교중앙(아주대),신분당선,상행,16,8,27,6.7
shinbundang-D018,광교중앙(아주대),신분당선,상행,17,12,33,5.5
shinbundang-D018,광교중앙(아주대),신분당선,상행,18,13,36,5.0
shinbundang-D018,광교중앙(아주대),신분당선,상행,19,11,32,5.6
shinbundang-D018,광교중앙(아주대),신분당선,상행,20,8,27,6.7
shinbundang-D018,광교중앙(아주대),신분당선,상행,21,8,22,8.2
shinbundang-D018,광교중앙(아주대),신분당선,상행,22,6,19,9.5
shinbundang-D018,광교중앙(아주대),신분당선,상행,23,5,12,15.0
shinbundang-D018,광교중앙(아주대),신분당선,상행,24,1,6,30.0
shinbundang-D018,광교중앙(아주대),신분당선,하행,5,1,6,30.0
shinbundang-D018,광교중앙(아주대),신분당선,하행,6,5,12,15.0
shinbundang-D018,광교중앙(아주대),신분당선,하행,7,6,24,7.5
shinbundang-D018,광교중앙(아주대),신분당선,하행,8,13,31,5.8
shinbundang-D018,광교중앙(아주대),신분당선,하행,9,12,34,5.3
shinbundang-D018,광교중앙(아주대),신분당선,하행,10,9,29,6.2
shinbundang-D018,광교중앙(아주대),신분당선,하행,11,8,24,7.5
shinbundang-D018,광교중앙(아주대),신분당선,하행,12,7,23,7.8
shinbundang-D018,광교중앙(아주대),신분당선,하행,13,8,21,8.6
shinbundang-D018,광교중앙(아주대),신분당선,하행,14,6,21,8.6
shinbundang-D018,광교중앙(아주대),신분당선,하행,15,7,20,9.0
shinbundang-D018,광교중앙(아주대),신분당선,하행,16,7,21,8.6
shinbundang-D018,광교중앙(아주대),신분당선,하행,17,7,27,6.7
shinbundang-D018,광교중앙(아주대),신분당선,하행,18,13,32,5.6
shinbundang-D018,광교중앙(아주대),신분당선,하행,19,12,38,4.7
shinbundang-D018,광교중앙(아주대),신분당선,하행,20,13,33,5.5
shinbundang-D018,광교중앙(아주대),신분당선,하행,21,8,29,6.2
shinbundang-D018,광교중앙(아주대),신분당선,하행,22,8,22,8.2
shinbundang-D018,광교중앙(아주대),신분당선,하행,23,6,18,10.0
shinbundang-D018,광교중앙(아주대),신분당선,하행,24,4,10,18.0
shinbundang-D019,광교(경기대),신분당선,상행,5,3,12,15.0
shinbundang-D019,광교(경기대),신분당선,상행,6,9,25,7.2
shinbundang-D019,광교(경기대),신분당선,상행,7,13,34,5.3
shinbundang-D019,광교(경기대),신분당선,상행,8,12,34,5.3
shinbundang-D019,광교(경기대),신분당선,상행,9,9,28,6.4
shinbundang-D019,광교(경기대),신분당선,상행,10,7,24,7.5
shinbundang-D019,광교(경기대),신분당선,상행,11,8,22,8.2
shinbundang-D019,광교(경기대),신분당선,상행,12,7,22,8.2
shinbundang-D019,광교(경기대),신분당선,상행,13,7,21,8.6
shinbundang-D019,광교(경기대),신분당선,상행,14,7,21,8.6
shinbundang-D019,광교(경기대),신분당선,상행,15,7,21,8.6
shinbundang-D019,광교(경기대),신분당선,상행,16,7,27,6.7
shinbundang-D019,광교(경기대),신분당선,상행,17,13,32,5.6
shinbundang-D019,광교(경기대),신분당선,상행,18,12,36,5.0
shinbundang-D019,광교(경기대),신분당선,상행,19,11,32,5.6
shinbundang-D019,광교(경기대),신분당선,상행,20,9,27,6.7
shinbundang-D019,광교(경기대),신분당선,상행,21,7,23,7.8
shinbundang-D019,광교(경기대),신분당선,상행,22,7,19,9.5
shinbundang-D019,광교(경기대),신분당선,상행,23,5,12,15.0
everline-Y110,기흥(백남준아트센터),용인에버라인,하행,5,3,9,20.0
everline-Y110,기흥(백남준아트센터),용인에버라인,하행,6,6,29,6.2
everline-Y110,기흥(백남준아트센터),용인에버라인,하행,7,20,46,3.9
everline-Y110,기흥(백남준아트센터),용인에버라인,하행,8,20,50,3.6
everline-Y110,기흥(백남준아트센터),용인에버라인,하행,9,10,40,4.5
everline-Y110,기흥(백남준아트센터),용인에버라인,하행,10,10,30,6.0
everline-Y110,기흥(백남준아트센터),용인에버라인,하행,11,10,30,6.0
everline-Y110,기흥(백남준아트센터),용인에버라인,하행,12,10,30,6.0
everline-Y110,기흥(백남준아트센터),용인에버라인,하행,13,10,30,6.0
everline-Y110,기흥(백남준아트센터),용인에버라인,하행,14,10,30,6.0
everline-Y110,기흥(백남준아트센터),용인에버라인,하행,15,10,30,6.0
everline-Y110,기흥(백남준아트센터),용인에버라인,하행,16,10,35,5.1
everline-Y110,기흥(백남준아트센터),용인에버라인,하행,17,15,40,4.5
everline-Y110,기흥(백남준아트센터),용인에버라인,하행,18,15,45,4.0
everline-Y110,기흥(백남준아트센터),용인에버라인,하행,19,15,40,4.5
everline-Y110,기흥(백남준아트센터),용인에버라인,하행,20,10,35,5.1
everline-Y110,기흥(백남준아트센터),용인에버라인,하행,21,10,26,6.9
everline-Y110,기흥(백남준아트센터),용인에버라인,하행,22,6,20,9.0
everline-Y110,기흥(백남준아트센터),용인에버라인,하행,23,4,10,18.0
everline-Y111,강남대,용인에버라인,상행,5,3,9,20.0
everline-Y111,강남대,용인에버라인,상행,6,6,24,7.5
everline-Y111,강남대,용인에버라인,상행,7,15,41,4.4
everline-Y111,강남대,용인에버라인,상행,8,20,49,3.7
everline-Y111,강남대,용인에버라인,상행,9,14,44,4.1
everline-Y111,강남대,용인에버라인,상행,10,10,34,5.3
everline-Y111,강남대,용인에버라인,상행,11,10,30,6.0
everline-Y111,강남대,용인에버라인,상행,12,10,30,6.0
everline-Y111,강남대,용인에버라인,상행,13,10,30,6.0
everline-Y111,강남대,용인에버라인,상행,14,10,30,6.0
everline-Y111,강남대,용인에버라인,상행,15,10,30,6.0
everline-Y111,강남대,용인에버라인,상행,16,10,33,5.5
everline-Y111,강남대,용인에버라인,상행,17,13,38,4.7
everline-Y111,강남대,용인에버라인,상행,18,15,43,4.2
everline-Y111,강남대,용인에버라인,상행,19,15,42,4.3
everline-Y111,강남대,용인에버라인,상행,20,12,37,4.9
everline-Y111,강남대,용인에버라인,상행,21,10,29,6.2
everline-Y111,강남대,용인에버라인,상행,22,7,23,7.8
everline-Y111,강남대,용인에버라인,상행,23,6,13,13.8
everline-Y111,강남대,용인에버라인,하행,5,3,9,20.0
everline-Y111,강남대,용인에버라인,하행,6,6,29,6.2
everline-Y111,강남대,용인에버라인,하행,7,20,46,3.9
everline-Y111,강남대,용인에버라인,하행,8,20,50,3.6
everline-Y111,강남대,용인에버라인,하행,9,10,40,4.5
everline-Y111,강남대,용인에버라인,하행,10,10,30,6.0
everline-Y111,강남대,용인에버라인,하행,11,10,30,6.0
everline-Y111,강남대,용인에버라인,하행,12,10,30,6.0
everline-Y111,강남대,용인에버라인,하행,13,10,30,6.0
everline-Y111,강남대,용인에버라인,하행,14,10,30,6.0
everline-Y111,강남대,용인에버라인,하행,15,10,30,6.0
everline-Y111,강남대,용인에버라인,하행,16,10,35,5.1
everline-Y111,강남대,용인에버라인,하행,17,15,40,4.5
everline-Y111,강남대,용인에버라인,하행,18,15,45,4.0
everline-Y111,강남대,용인에버라인,하행,19,15,40,4.5
everline-Y111,강남대,용인에버라인,하행,20,10,35,5.1
everline-Y111,강남대,용인에버라인,하행,21,10,26,6.9
everline-Y111,강남대,용인에버라인,하행,22,6,20,9.0
everline-Y111,강남대,용인에버라인,하행,23,4,10,18.0
everline-Y112,지석,용인에버라인,상행,5,3,9,20.0
everline-Y112,지석,용인에버라인,상행,6,6,24,7.5
everline-Y112,지석,용인에버라인,상행,7,15,41,4.4
everline-Y112,지석,용인에버라인,상행,8,20,49,3.7
everline-Y112,지석,용인에버라인,상행,9,14,44,4.1
everline-Y112,지석,용인에버라인,상행,10,10,34,5.3
everline-Y112,지석,용인에버라인,상행,11,10,30,6.0
everline-Y112,지석,용인에버라인,상행,12,10,30,6.0
everline-Y112,지석,용인에버라인,상행,13,10,30,6.0
everline-Y112,지석,용인에버라인,상행,14,10,30,6.0
everline-Y112,지석,용인에버라인,상행,15,10,30,6.0
everline-Y112,지석,용인에버라인,상행,16,10,33,5.5
everline-Y112,지석,용인에버라인,상행,17,13,38,4.7
everline-Y112,지석,용인에버라인,상행,18,15,43,4.2
everline-Y112,지석,용인에버라인,상행,19,15,42,4.3
everline-Y112,지석,용인에버라인,상행,20,12,37,4.9
everline-Y112,지석,용인에버라인,상행,21,10,29,6.2
everline-Y112,지석,용인에버라인,상행,22,7,23,7.8
everline-Y112,지석,용인에버라인,상행,23,6,13,13.8
everline-Y112,지석,용인에버라인,하행,5,3,9,20.0
everline-Y112,지석,용인에버라인,하행,6,6,28,6.4
everline-Y112,지석,용인에버라인,하행,7,19,45,4.0
everline-Y112,지석,용인에버라인,하행,8,20,50,3.6
everline-Y112,지석,용인에버라인,하행,9,11,41,4.4
everline-Y112,지석,용인에버라인,하행,10,10,31,5.8
everline-Y112,지석,용인에버라인,하행,11,10,30,6.0
everline-Y112,지석,용인에버라인,하행,12,10,30,6.0
everline-Y112,지석,용인에버라인,하행,13,10,30,6.0
everline-Y112,지석,용인에버라인,하행,14,10,30,6.0
everline-Y112,지석,용인에버라인,하행,15,10,30,6.0
everline-Y112,지석,용인에버라인,하행,16,10,35,5.1
everline-Y112,지석,용인에버라인,하행,17,15,40,4.5
everline-Y112,지석,용인에버라인,하행,18,15,45,4.0
everline-Y112,지석,용인에버라인,하행,19,15,40,4.5
everline-Y112,지석,용인에버라인,하행,20,10,35,5.1
everline-Y112,지석,용인에버라인,하행,21,10,26,6.9
everline-Y112,지석,용인에버라인,하행,22,6,20,9.0
everline-Y112,지석,용인에버라인,하행,23,4,10,18.0
everline-Y113,어정,용인에버라인,상행,5,3,9,20.0
everline-Y113,어정,용인에버라인,상행,6,6,25,7.2
everline-Y113,어정,용인에버라인,상행,7,16,42,4.3
everline-Y113,어정,용인에버라인,상행,8,20,49,3.7
everline-Y113,어정,용인에버라인,상행,9,13,43,4.2
everline-Y113,어정,용인에버라인,상행,10,10,33,5.5
everline-Y113,어정,용인에버라인,상행,11,10,30,6.0
everline-Y113,어정,용인에버라인,상행,12,10,30,6.0
everline-Y113,어정,용인에버라인,상행,13,10,30,6.0
everline-Y113,어정,용인에버라인,상행,14,10,30,6.0
everline-Y113,어정,용인에버라인,상행,15,10,30,6.0
everline-Y113,어정,용인에버라인,상행,16,10,33,5.5
everline-Y113,어정,용인에버라인,상행,17,13,38,4.7
everline-Y113,어정,용인에버라인,상행,18,15,43,4.2
everline-Y113,어정,용인에버라인,상행,19,15,42,4.3
everline-Y113,어정,용인에버라인,상행,20,12,37,4.9
everline-Y113,어정,용인에버라인,상행,21,10,29,6.2
everline-Y113,어정,용인에버라인,상행,22,7,23,7.8
everline-Y113,어정,용인에버라인,상행,23,6,13,13.8
everline-Y113,어정,용인에버라인,하행,5,3,9,20.0
everline-Y113,어정,용인에버라인,하행,6,6,28,6.4
everline-Y113,어정,용인에버라인,하행,7,19,45,4.0
everline-Y113,어정,용인에버라인,하행,8,20,50,3.6
everline-Y113,어정,용인에버라인,하행,9,11,41,4.4
everline-Y113,어정,용인에버라인,하행,10,10,31,5.8
everline-Y113,어정,용인에버라인,하행,11,10,30,6.0
everline-Y113,어정,용인에버라인,하행,12,10,30,6.0
everline-Y113,어정,용인에버라인,하행,13,10,30,6.0
everline-Y113,어정,용인에버라인,하행,14,10,30,6.0
everline-Y113,어정,용인에버라인,하행,15,10,30,6.0
everline-Y113,어정,용인에버라인,하행,16,10,34,5.3
everline-Y113,어정,용인에버라인,하행,17,14,39,4.6
everline-Y113,어정,용인에버라인,하행,18,15,44,4.1
everline-Y113,어정,용인에버라인,하행,19,15,41,4.4
everline-Y113,어정,용인에버라인,하행,20,11,36,5.0
everline-Y113,어정,용인에버라인,하행,21,10,27,6.7
everline-Y113,어정,용인에버라인,하행,22,6,20,9.0
everline-Y113,어정,용인에버라인,하행,23,4,10,18.0
everline-Y114,동백(용인세브란스),용인에버라인,상행,5,4,10,18.0
everline-Y114,동백(용인세브란스),용인에버라인,상행,6,6,25,7.2
everline-Y114,동백(용인세브란스),용인에버라인,상행,7,15,41,4.4
everline-Y114,동백(용인세브란스),용인에버라인,상행,8,20,48,3.8
everline-Y114,동백(용인세브란스),용인에버라인,상행,9,13,43,4.2
everline-Y114,동백(용인세브란스),용인에버라인,상행,10,10,33,5.5
everline-Y114,동백(용인세브란스),용인에버라인,상행,11,10,30,6.0
everline-Y114,동백(용인세브란스),용인에버라인,상행,12,10,30,6.0
everline-Y114,동백(용인세브란스),용인에버라인,상행,13,10,30,6.0
everline-Y114,동백(용인세브란스),용인에버라인,상행,14,10,30,6.0
everline-Y114,동백(용인세브란스),용인에버라인,상행,15,10,30,6.0
everline-Y114,동백(용인세브란스),용인에버라인,상행,16,10,34,5.3
everline-Y114,동백(용인세브란스),용인에버라인,상행,17,14,39,4.6
everline-Y114,동백(용인세브란스),용인에버라인,상행,18,15,44,4.1
everline-Y114,동백(용인세브란스),용인에버라인,상행,19,15,41,4.4
everline-Y114,동백(용인세브란스),용인에버라인,상행,20,11,36,5.0
everline-Y114,동백(용인세브란스),용인에버라인,상행,21,10,29,6.2
everline-Y114,동백(용인세브란스),용인에버라인,상행,22,8,23,7.8
everline-Y114,동백(용인세브란스),용인에버라인,상행,23,5,13,13.8
everline-Y114,동백(용인세브란스),용인에버라인,하행,5,3,9,20.0
everline-Y114,동백(용인세브란스),용인에버라인,하행,6,6,27,6.7
everline-Y114,동백(용인세브란스),용인에버라인,하행,7,18,44,4.1
everline-Y114,동백(용인세브란스),용인에버라인,하행,8,20,49,3.7
everline-Y114,동백(용인세브란스),용인에버라인,하행,9,11,41,4.4
everline-Y114,동백(용인세브란스),용인에버라인,하행,10,10,31,5.8
everline-Y114,동백(용인세브란스),용인에버라인,하행,11,10,30,6.0
everline-Y114,동백(용인세브란스),용인에버라인,하행,12,10,30,6.0
everline-Y114,동백(용인세브란스),용인에버라인,하행,13,10,30,6.0
everline-Y114,동백(용인세브란스),용인에버라인,하행,14,10,30,6.0
everline-Y114,동백(용인세브란스),용인에버라인,하행,15,10,30,6.0
everline-Y114,동백(용인세브란스),용인에버라인,하행,16,10,35,5.1
everline-Y114,동백(용인세브란스),용인에버라인,하행,17,15,40,4.5
everline-Y114,동백(용인세브란스),용인에버라인,하행,18,15,45,4.0
everline-Y114,동백(용인세브란스),용인에버라인,하행,19,15,40,4.5
everline-Y114,동백(용인세브란스),용인에버라인,하행,20,10,35,5.1
everline-Y114,동백(용인세브란스),용인에버라인,하행,21,10,27,6.7
everline-Y114,동백(용인세브란스),용인에버라인,하행,22,7,21,8.6
everline-Y114,동백(용인세브란스),용인에버라인,하행,23,4,11,16.4
everline-Y115,초당,용인에버라인,상행,5,4,10,18.0
everline-Y115,초당,용인에버라인,상행,6,6,26,6.9
everline-Y115,초당,용인에버라인,상행,7,16,42,4.3
everline-Y115,초당,용인에버라인,상행,8,20,49,3.7
everline-Y115,초당,용인에버라인,상행,9,13,43,4.2
everline-Y115,초당,용인에버라인,상행,10,10,33,5.5
everline-Y115,초당,용인에버라인,상행,11,10,30,6.0
everline-Y115,초당,용인에버라인,상행,12,10,30,6.0
everline-Y115,초당,용인에버라인,상행,13,10,30,6.0
everline-Y115,초당,용인에버라인,상행,14,10,30,6.0
everline-Y115,초당,용인에버라인,상행,15,10,30,6.0
everline-Y115,초당,용인에버라인,상행,16,10,33,5.5
everline-Y115,초당,용인에버라인,상행,17,13,38,4.7
everline-Y115,초당,용인에버라인,상행,18,15,43,4.2
everline-Y115,초당,용인에버라인,상행,19,15,42,4.3
everline-Y115,초당,용인에버라인,상행,20,12,37,4.9
everline-Y115,초당,용인에버라인,상행,21,10,29,6.2
everline-Y115,초당,용인에버라인,상행,22,7,22,8.2
everline-Y115,초당,용인에버라인,상행,23,5,12,15.0
everline-Y115,초당,용인에버라인,하행,5,4,10,18.0
everline-Y115,초당,용인에버라인,하행,6,6,28,6.4
everline-Y115,초당,용인에버라인,하행,7,18,44,4.1
everline-Y115,초당,용인에버라인,하행,8,20,49,3.7
everline-Y115,초당,용인에버라인,하행,9,11,41,4.4
everline-Y115,초당,용인에버라인,하행,10,10,31,5.8
everline-Y115,초당,용인에버라인,하행,11,10,30,6.0
everline-Y115,초당,용인에버라인,하행,12,10,30,6.0
everline-Y115,초당,용인에버라인,하행,13,10,30,6.0
everline-Y115,초당,용인에버라인,하행,14,10,30,6.0
everline-Y115,초당,용인에버라인,하행,15,10,30,6.0
everline-Y115,초당,용인에버라인,하행,16,10,34,5.3
everline-Y115,초당,용인에버라인,하행,17,14,39,4.6
everline-Y115,초당,용인에버라인,하행,18,15,44,4.1
everline-Y115,초당,용인에버라인,하행,19,15,41,4.4
everline-Y115,초당,용인에버라인,하행,20,11,36,5.0
everline-Y115,초당,용인에버라인,하행,21,10,28,6.4
everline-Y115,초당,용인에버라인,하행,22,7,21,8.6
everline-Y115,초당,용인에버라인,하행,23,4,11,16.4
everline-Y116,삼가,용인에버라인,상행,5,3,9,20.0
everline-Y116,삼가,용인에버라인,상행,6,6,26,6.9
everline-Y116,삼가,용인에버라인,상행,7,17,43,4.2
everline-Y116,삼가,용인에버라인,상행,8,20,49,3.7
everline-Y116,삼가,용인에버라인,상행,9,12,42,4.3
everline-Y116,삼가,용인에버라인,상행,10,10,32,5.6
everline-Y116,삼가,용인에버라인,상행,11,10,30,6.0
everline-Y116,삼가,용인에버라인,상행,12,10,30,6.0
everline-Y116,삼가,용인에버라인,상행,13,10,30,6.0
everline-Y116,삼가,용인에버라인,상행,14,10,30,6.0
everline-Y116,삼가,용인에버라인,상행,15,10,30,6.0
everline-Y116,삼가,용인에버라인,상행,16,10,34,5.3
everline-Y116,삼가,용인에버라인,상행,17,14,39,4.6
everline-Y116,삼가,용인에버라인,상행,18,15,44,4.1
everline-Y116,삼가,용인에버라인,상행,19,15,41,4.4
everline-Y116,삼가,용인에버라인,상행,20,11,36,5.0
everline-Y116,삼가,용인에버라인,상행,21,10,28,6.4
everline-Y116,삼가,용인에버라인,상행,22,7,22,8.2
everline-Y116,삼가,용인에버라인,상행,23,5,12,15.0
everline-Y116,삼가,용인에버라인,하행,5,3,9,20.0
everline-Y116,삼가,용인에버라인,하행,6,6,27,6.7
everline-Y116,삼가,용인에버라인,하행,7,18,44,4.1
everline-Y116,삼가,용인에버라인,하행,8,20,50,3.6
everline-Y116,삼가,용인에버라인,하행,9,12,42,4.3
everline-Y116,삼가,용인에버라인,하행,10,10,32,5.6
everline-Y116,삼가,용인에버라인,하행,11,10,30,6.0
everline-Y116,삼가,용인에버라인,하행,12,10,30,6.0
everline-Y116,삼가,용인에버라인,하행,13,10,30,6.0
everline-Y116,삼가,용인에버라인,하행,14,10,30,6.0
everline-Y116,삼가,용인에버라인,하행,15,10,30,6.0
everline-Y116,삼가,용인에버라인,하행,16,10,34,5.3
everline-Y116,삼가,용인에버라인,하행,17,14,39,4.6
everline-Y116,삼가,용인에버라인,하행,18,15,44,4.1
everline-Y116,삼가,용인에버라인,하행,19,15,41,4.4
everline-Y116,삼가,용인에버라인,하행,20,11,36,5.0
everline-Y116,삼가,용인에버라인,하행,21,10,27,6.7
everline-Y116,삼가,용인에버라인,하행,22,6,21,8.6
everline-Y116,삼가,용인에버라인,하행,23,5,11,16.4
everline-Y117,시청·용인대,용인에버라인,상행,5,3,9,20.0
everline-Y117,시청·용인대,용인에버라인,상행,6,6,26,6.9
everline-Y117,시청·용인대,용인에버라인,상행,7,17,43,4.2
everline-Y117,시청·용인대,용인에버라인,상행,8,20,49,3.7
everline-Y117,시청·용인대,용인에버라인,상행,9,12,42,4.3
everline-Y117,시청·용인대,용인에버라인,상행,10,10,32,5.6
everline-Y117,시청·용인대,용인에버라인,상행,11,10,30,6.0
everline-Y117,시청·용인대,용인에버라인,상행,12,10,30,6.0
everline-Y117,시청·용인대,용인에버라인,상행,13,10,30,6.0
everline-Y117,시청·용인대,용인에버라인,상행,14,10,30,6.0
everline-Y117,시청·용인대,용인에버라인,상행,15,10,30,6.0
everline-Y117,시청·용인대,용인에버라인,상행,16,10,34,5.3
everline-Y117,시청·용인대,용인에버라인,상행,17,14,39,4.6
everline-Y117,시청·용인대,용인에버라인,상행,18,15,44,4.1
everline-Y117,시청·용인대,용인에버라인,상행,19,15,41,4.4
everline-Y117,시청·용인대,용인에버라인,상행,20,11,36,5.0
everline-Y117,시청·용인대,용인에버라인,상행,21,10,28,6.4
everline-Y117,시청·용인대,용인에버라인,상행,22,7,22,8.2
everline-Y117,시청·용인대,용인에버라인,상행,23,5,12,15.0
everline-Y117,시청·용인대,용인에버라인,하행,5,3,9,20.0
everline-Y117,시청·용인대,용인에버라인,하행,6,6,26,6.9
everline-Y117,시청·용인대,용인에버라인,하행,7,17,43,4.2
everline-Y117,시청·용인대,용인에버라인,하행,8,20,49,3.7
everline-Y117,시청·용인대,용인에버라인,하행,9,12,42,4.3
everline-Y117,시청·용인대,용인에버라인,하행,10,10,32,5.6
everline-Y117,시청·용인대,용인에버라인,하행,11,10,30,6.0
everline-Y117,시청·용인대,용인에버라인,하행,12,10,30,6.0
everline-Y117,시청·용인대,용인에버라인,하행,13,10,30,6.0
everline-Y117,시청·용인대,용인에버라인,하행,14,10,30,6.0
everline-Y117,시청·용인대,용인에버라인,하행,15,10,30,6.0
everline-Y117,시청·용인대,용인에버라인,하행,16,10,34,5.3
everline-Y117,시청·용인대,용인에버라인,하행,17,14,39,4.6
everline-Y117,시청·용인대,용인에버라인,하행,18,15,44,4.1
everline-Y117,시청·용인대,용인에버라인,하행,19,15,41,4.4
everline-Y117,시청·용인대,용인에버라인,하행,20,11,36,5.0
everline-Y117,시청·용인대,용인에버라인,하행,21,10,28,6.4
everline-Y117,시청·용인대,용인에버라인,하행,22,7,22,8.2
everline-Y117,시청·용인대,용인에버라인,하행,23,5,12,15.0
everline-Y118,명지대,용인에버라인,상행,5,3,9,20.0
everline-Y118,명지대,용인에버라인,상행,6,6,27,6.7
everline-Y118,명지대,용인에버라인,상행,7,18,44,4.1
everline-Y118,명지대,용인에버라인,상행,8,20,50,3.6
everline-Y118,명지대,용인에버라인,상행,9,12,42,4.3
everline-Y118,명지대,용인에버라인,상행,10,10,32,5.6
everline-Y118,명지대,용인에버라인,상행,11,10,30,6.0
everline-Y118,명지대,용인에버라인,상행,12,10,30,6.0
everline-Y118,명지대,용인에버라인,상행,13,10,30,6.0
everline-Y118,명지대,용인에버라인,상행,14,10,30,6.0
everline-Y118,명지대,용인에버라인,상행,15,10,30,6.0
everline-Y118,명지대,용인에버라인,상행,16,10,34,5.3
everline-Y118,명지대,용인에버라인,상행,17,14,39,4.6
everline-Y118,명지대,용인에버라인,상행,18,15,44,4.1
everline-Y118,명지대,용인에버라인,상행,19,15,41,4.4
everline-Y118,명지대,용인에버라인,상행,20,11,36,5.0
everline-Y118,명지대,용인에버라인,상행,21,10,27,6.7
everline-Y118,명지대,용인에버라인,상행,22,6,21,8.6
everline-Y118,명지대,용인에버라인,상행,23,5,11,16.4
everline-Y118,명지대,용인에버라인,하행,5,3,9,20.0
everline-Y118,명지대,용인에버라인,하행,6,6,26,6.9
everline-Y118,명지대,용인에버라인,하행,7,17,43,4.2
everline-Y118,명지대,용인에버라인,하행,8,20,49,3.7
everline-Y118,명지대,용인에버라인,하행,9,12,42,4.3
everline-Y118,명지대,용인에버라인,하행,10,10,32,5.6
everline-Y118,명지대,용인에버라인,하행,11,10,30,6.0
everline-Y118,명지대,용인에버라인,하행,12,10,30,6.0
everline-Y118,명지대,용인에버라인,하행,13,10,30,6.0
everline-Y118,명지대,용인에버라인,하행,14,10,30,6.0
everline-Y118,명지대,용인에버라인,하행,15,10,30,6.0
everline-Y118,명지대,용인에버라인,하행,16,10,34,5.3
everline-Y118,명지대,용인에버라인,하행,17,14,39,4.6
everline-Y118,명지대,용인에버라인,하행,18,15,44,4.1
everline-Y118,명지대,용인에버라인,하행,19,15,41,4.4
everline-Y118,명지대,용인에버라인,하행,20,11,36,5.0
everline-Y118,명지대,용인에버라인,하행,21,10,28,6.4
everline-Y118,명지대,용인에버라인,하행,22,7,22,8.2
everline-Y118,명지대,용인에버라인,하행,23,5,12,15.0
everline-Y119,김량장,용인에버라인,상행,5,4,10,18.0
everline-Y119,김량장,용인에버라인,상행,6,6,27,6.7
everline-Y119,김량장,용인에버라인,상행,7,17,43,4.2
everline-Y119,김량장,용인에버라인,상행,8,20,49,3.7
everline-Y119,김량장,용인에버라인,상행,9,12,42,4.3
everline-Y119,김량장,용인에버라인,상행,10,10,32,5.6
everline-Y119,김량장,용인에버라인,상행,11,10,30,6.0
everline-Y119,김량장,용인에버라인,상행,12,10,30,6.0
everline-Y119,김량장,용인에버라인,상행,13,10,30,6.0
everline-Y119,김량장,용인에버라인,상행,14,10,30,6.0
everline-Y119,김량장,용인에버라인,상행,15,10,30,6.0
everline-Y119,김량장,용인에버라인,상행,16,10,34,5.3
everline-Y119,김량장,용인에버라인,상행,17,14,39,4.6
everline-Y119,김량장,용인에버라인,상행,18,15,44,4.1
everline-Y119,김량장,용인에버라인,상행,19,15,41,4.4
everline-Y119,김량장,용인에버라인,상행,20,11,36,5.0
everline-Y119,김량장,용인에버라인,상행,21,10,28,6.4
everline-Y119,김량장,용인에버라인,상행,22,7,21,8.6
everline-Y119,김량장,용인에버라인,상행,23,4,11,16.4
everline-Y119,김량장,용인에버라인,하행,5,3,9,20.0
everline-Y119,김량장,용인에버라인,하행,6,6,25,7.2
everline-Y119,김량장,용인에버라인,하행,7,16,42,4.3
everline-Y119,김량장,용인에버라인,하행,8,20,49,3.7
everline-Y119,김량장,용인에버라인,하행,9,13,43,4.2
everline-Y119,김량장,용인에버라인,하행,10,10,33,5.5
everline-Y119,김량장,용인에버라인,하행,11,10,30,6.0
everline-Y119,김량장,용인에버라인,하행,12,10,30,6.0
everline-Y119,김량장,용인에버라인,하행,13,10,30,6.0
everline-Y119,김량장,용인에버라인,하행,14,10,30,6.0
everline-Y119,김량장,용인에버라인,하행,15,10,30,6.0
everline-Y119,김량장,용인에버라인,하행,16,10,34,5.3
everline-Y119,김량장,용인에버라인,하행,17,14,39,4.6
everline-Y119,김량장,용인에버라인,하행,18,15,44,4.1
everline-Y119,김량장,용인에버라인,하행,19,15,41,4.4
everline-Y119,김량장,용인에버라인,하행,20,11,36,5.0
everline-Y119,김량장,용인에버라인,하행,21,10,28,6.4
everline-Y119,김량장,용인에버라인,하행,22,7,22,8.2
everline-Y119,김량장,용인에버라인,하행,23,5,12,15.0
everline-Y120,용인중앙시장(용인예술과학대),용인에버라인,상행,5,4,10,18.0
everline-Y120,용인중앙시장(용인예술과학대),용인에버라인,상행,6,6,28,6.4
everline-Y120,용인중앙시장(용인예술과학대),용인에버라인,상행,7,18,44,4.1
everline-Y120,용인중앙시장(용인예술과학대),용인에버라인,상행,8,20,49,3.7
everline-Y120,용인중앙시장(용인예술과학대),용인에버라인,상행,9,11,41,4.4
everline-Y120,용인중앙시장(용인예술과학대),용인에버라인,상행,10,10,31,5.8
everline-Y120,용인중앙시장(용인예술과학대),용인에버라인,상행,11,10,30,6.0
everline-Y120,용인중앙시장(용인예술과학대),용인에버라인,상행,12,10,30,6.0
everline-Y120,용인중앙시장(용인예술과학대),용인에버라인,상행,13,10,30,6.0
everline-Y120,용인중앙시장(용인예술과학대),용인에버라인,상행,14,10,30,6.0
everline-Y120,용인중앙시장(용인예술과학대),용인에버라인,상행,15,10,30,6.0
everline-Y120,용인중앙시장(용인예술과학대),용인에버라인,상행,16,10,34,5.3
everline-Y120,용인중앙시장(용인예술과학대),용인에버라인,상행,17,14,39,4.6
everline-Y120,용인중앙시장(용인예술과학대),용인에버라인,상행,18,15,44,4.1
everline-Y120,용인중앙시장(용인예술과학대),용인에버라인,상행,19,15,41,4.4
everline-Y120,용인중앙시장(용인예술과학대),용인에버라인,상행,20,11,36,5.0
everline-Y120,용인중앙시장(용인예술과학대),용인에버라인,상행,21,10,28,6.4
everline-Y120,용인중앙시장(용인예술과학대),용인에버라인,상행,22,7,21,8.6
everline-Y120,용인중앙시장(용인예술과학대),용인에버라인,상행,23,4,11,16.4
everline-Y120,용인중앙시장(용인예술과학대),용인에버라인,하행,5,4,10,18.0
everline-Y120,용인중앙시장(용인예술과학대),용인에버라인,하행,6,6,26,6.9
everline-Y120,용인중앙시장(용인예술과학대),용인에버라인,하행,7,16,42,4.3
everline-Y120,용인중앙시장(용인예술과학대),용인에버라인,하행,8,20,49,3.7
everline-Y120,용인중앙시장(용인예술과학대),용인에버라인,하행,9,13,43,4.2
everline-Y120,용인중앙시장(용인예술과학대),용인에버라인,하행,10,10,33,5.5
everline-Y120,용인중앙시장(용인예술과학대),용인에버라인,하행,11,10,30,6.0
everline-Y120,용인중앙시장(용인예술과학대),용인에버라인,하행,12,10,30,6.0
everline-Y120,용인중앙시장(용인예술과학대),용인에버라인,하행,13,10,30,6.0
everline-Y120,용인중앙시장(용인예술과학대),용인에버라인,하행,14,10,30,6.0
everline-Y120,용인중앙시장(용인예술과학대),용인에버라인,하행,15,10,30,6.0
everline-Y120,용인중앙시장(용인예술과학대),용인에버라인,하행,16,10,33,5.5
everline-Y120,용인중앙시장(용인예술과학대),용인에버라인,하행,17,13,38,4.7
everline-Y120,용인중앙시장(용인예술과학대),용인에버라인,하행,18,15,43,4.2
everline-Y120,용인중앙시장(용인예술과학대),용인에버라인,하행,19,15,42,4.3
everline-Y120,용인중앙시장(용인예술과학대),용인에버라인,하행,20,12,37,4.9
everline-Y120,용인중앙시장(용인예술과학대),용인에버라인,하행,21,10,29,6.2
everline-Y120,용인중앙시장(용인예술과학대),용인에버라인,하행,22,7,22,8.2
everline-Y120,용인중앙시장(용인예술과학대),용인에버라인,하행,23,5,12,15.0
everline-Y121,고진,용인에버라인,상행,5,3,9,20.0
everline-Y121,고진,용인에버라인,상행,6,6,27,6.7
everline-Y121,고진,용인에버라인,상행,7,18,44,4.1
everline-Y121,고진,용인에버라인,상행,8,20,49,3.7
everline-Y121,고진,용인에버라인,상행,9,11,41,4.4
everline-Y121,고진,용인에버라인,상행,10,10,31,5.8
everline-Y121,고진,용인에버라인,상행,11,10,30,6.0
everline-Y121,고진,용인에버라인,상행,12,10,30,6.0
everline-Y121,고진,용인에버라인,상행,13,10,30,6.0
everline-Y121,고진,용인에버라인,상행,14,10,30,6.0
everline-Y121,고진,용인에버라인,상행,15,10,30,6.0
everline-Y121,고진,용인에버라인,상행,16,10,35,5.1
everline-Y121,고진,용인에버라인,상행,17,15,40,4.5
everline-Y121,고진,용인에버라인,상행,18,15,45,4.0
everline-Y121,고진,용인에버라인,상행,19,15,40,4.5
everline-Y121,고진,용인에버라인,상행,20,10,35,5.1
everline-Y121,고진,용인에버라인,상행,21,10,27,6.7
everline-Y121,고진,용인에버라인,상행,22,7,21,8.6
everline-Y121,고진,용인에버라인,상행,23,4,11,16.4
everline-Y121,고진,용인에버라인,하행,5,4,10,18.0
everline-Y121,고진,용인에버라인,하행,6,6,25,7.2
everline-Y121,고진,용인에버라인,하행,7,15,41,4.4
everline-Y121,고진,용인에버라인,하행,8,20,48,3.8
everline-Y121,고진,용인에버라인,하행,9,13,43,4.2
everline-Y121,고진,용인에버라인,하행,10,10,33,5.5
everline-Y121,고진,용인에버라인,하행,11,10,30,6.0
everline-Y121,고진,용인에버라인,하행,12,10,30,6.0
everline-Y121,고진,용인에버라인,하행,13,10,30,6.0
everline-Y121,고진,용인에버라인,하행,14,10,30,6.0
everline-Y121,고진,용인에버라인,하행,15,10,30,6.0
everline-Y121,고진,용인에버라인,하행,16,10,34,5.3
everline-Y121,고진,용인에버라인,하행,17,14,39,4.6
everline-Y121,고진,용인에버라인,하행,18,15,44,4.1
everline-Y121,고진,용인에버라인,하행,19,15,41,4.4
everline-Y121,고진,용인에버라인,하행,20,11,36,5.0
everline-Y121,고진,용인에버라인,하행,21,10,29,6.2
everline-Y121,고진,용인에버라인,하행,22,8,23,7.8
everline-Y121,고진,용인에버라인,하행,23,5,13,13.8
everline-Y122,보평,용인에버라인,상행,5,3,9,20.0
everline-Y122,보평,용인에버라인,상행,6,6,28,6.4
everline-Y122,보평,용인에버라인,상행,7,19,45,4.0
everline-Y122,보평,용인에버라인,상행,8,20,50,3.6
everline-Y122,보평,용인에버라인,상행,9,11,41,4.4
everline-Y122,보평,용인에버라인,상행,10,10,31,5.8
everline-Y122,보평,용인에버라인,상행,11,10,30,6.0
everline-Y122,보평,용인에버라인,상행,12,10,30,6.0
everline-Y122,보평,용인에버라인,상행,13,10,30,6.0
everline-Y122,보평,용인에버라인,상행,14,10,30,6.0
everline-Y122,보평,용인에버라인,상행,15,10,30,6.0
everline-Y122,보평,용인에버라인,상행,16,10,34,5.3
everline-Y122,보평,용인에버라인,상행,17,14,39,4.6
everline-Y122,보평,용인에버라인,상행,18,15,44,4.1
everline-Y122,보평,용인에버라인,상행,19,15,41,4.4
everline-Y122,보평,용인에버라인,상행,20,11,36,5.0
everline-Y122,보평,용인에버라인,상행,21,10,27,6.7
everline-Y122,보평,용인에버라인,상행,22,6,20,9.0
everline-Y122,보평,용인에버라인,상행,23,4,10,18.0
everline-Y122,보평,용인에버라인,하행,5,3,9,20.0
everline-Y122,보평,용인에버라인,하행,6,6,25,7.2
everline-Y122,보평,용인에버라인,하행,7,16,42,4.3
everline-Y122,보평,용인에버라인,하행,8,20,49,3.7
everline-Y122,보평,용인에버라인,하행,9,13,43,4.2
everline-Y122,보평,용인에버라인,하행,10,10,33,5.5
everline-Y122,보평,용인에버라인,하행,11,10,30,6.0
everline-Y122,보평,용인에버라인,하행,12,10,30,6.0
everline-Y122,보평,용인에버라인,하행,13,10,30,6.0
everline-Y122,보평,용인에버라인,하행,14,10,30,6.0
everline-Y122,보평,용인에버라인,하행,15,10,30,6.0
everline-Y122,보평,용인에버라인,하행,16,10,33,5.5
everline-Y122,보평,용인에버라인,하행,17,13,38,4.7
everline-Y122,보평,용인에버라인,하행,18,15,43,4.2
everline-Y122,보평,용인에버라인,하행,19,15,42,4.3
everline-Y122,보평,용인에버라인,하행,20,12,37,4.9
everline-Y122,보평,용인에버라인,하행,21,10,29,6.2
everline-Y122,보평,용인에버라인,하행,22,7,23,7.8
everline-Y122,보평,용인에버라인,하행,23,6,13,13.8
everline-Y123,둔전,용인에버라인,상행,5,3,9,20.0
everline-Y123,둔전,용인에버라인,상행,6,6,28,6.4
everline-Y123,둔전,용인에버라인,상행,7,19,45,4.0
everline-Y123,둔전,용인에버라인,상행,8,20,50,3.6
everline-Y123,둔전,용인에버라인,상행,9,11,41,4.4
everline-Y123,둔전,용인에버라인,상행,10,10,31,5.8
everline-Y123,둔전,용인에버라인,상행,11,10,30,6.0
everline-Y123,둔전,용인에버라인,상행,12,10,30,6.0
everline-Y123,둔전,용인에버라인,상행,13,10,30,6.0
everline-Y123,둔전,용인에버라인,상행,14,10,30,6.0
everline-Y123,둔전,용인에버라인,상행,15,10,30,6.0
everline-Y123,둔전,용인에버라인,상행,16,10,35,5.1
everline-Y123,둔전,용인에버라인,상행,17,15,40,4.5
everline-Y123,둔전,용인에버라인,상행,18,15,45,4.0
everline-Y123,둔전,용인에버라인,상행,19,15,40,4.5
everline-Y123,둔전,용인에버라인,상행,20,10,35,5.1
everline-Y123,둔전,용인에버라인,상행,21,10,26,6.9
everline-Y123,둔전,용인에버라인,상행,22,6,20,9.0
everline-Y123,둔전,용인에버라인,상행,23,4,10,18.0
everline-Y123,둔전,용인에버라인,하행,5,3,9,20.0
everline-Y123,둔전,용인에버라인,하행,6,6,24,7.5
everline-Y123,둔전,용인에버라인,하행,7,15,41,4.4
everline-Y123,둔전,용인에버라인,하행,8,20,49,3.7
everline-Y123,둔전,용인에버라인,하행,9,14,44,4.1
everline-Y123,둔전,용인에버라인,하행,10,10,34,5.3
everline-Y123,둔전,용인에버라인,하행,11,10,30,6.0
everline-Y123,둔전,용인에버라인,하행,12,10,30,6.0
everline-Y123,둔전,용인에버라인,하행,13,10,30,6.0
everline-Y123,둔전,용인에버라인,하행,14,10,30,6.0
everline-Y123,둔전,용인에버라인,하행,15,10,30,6.0
everline-Y123,둔전,용인에버라인,하행,16,10,33,5.5
everline-Y123,둔전,용인에버라인,하행,17,13,38,4.7
everline-Y123,둔전,용인에버라인,하행,18,15,43,4.2
everline-Y123,둔전,용인에버라인,하행,19,15,42,4.3
everline-Y123,둔전,용인에버라인,하행,20,12,37,4.9
everline-Y123,둔전,용인에버라인,하행,21,10,29,6.2
everline-Y123,둔전,용인에버라인,하행,22,7,23,7.8
everline-Y123,둔전,용인에버라인,하행,23,6,13,13.8
everline-Y124,전대·에버랜드,용인에버라인,상행,5,3,9,20.0
everline-Y124,전대·에버랜드,용인에버라인,상행,6,6,29,6.2
everline-Y124,전대·에버랜드,용인에버라인,상행,7,20,46,3.9
everline-Y124,전대·에버랜드,용인에버라인,상행,8,20,50,3.6
everline-Y124,전대·에버랜드,용인에버라인,상행,9,10,40,4.5
everline-Y124,전대·에버랜드,용인에버라인,상행,10,10,30,6.0
everline-Y124,전대·에버랜드,용인에버라인,상행,11,10,30,6.0
everline-Y124,전대·에버랜드,용인에버라인,상행,12,10,30,6.0
everline-Y124,전대·에버랜드,용인에버라인,상행,13,10,30,6.0
everline-Y124,전대·에버랜드,용인에버라인,상행,14,10,30,6.0
everline-Y124,전대·에버랜드,용인에버라인,상행,15,10,30,6.0
everline-Y124,전대·에버랜드,용인에버라인,상행,16,10,35,5.1
everline-Y124,전대·에버랜드,용인에버라인,상행,17,15,40,4.5
everline-Y124,전대·에버랜드,용인에버라인,상행,18,15,45,4.0
everline-Y124,전대·에버랜드,용인에버라인,상행,19,15,40,4.5
everline-Y124,전대·에버랜드,용인에버라인,상행,20,10,35,5.1
everline-Y124,전대·에버랜드,용인에버라인,상행,21,10,26,6.9
everline-Y124,전대·에버랜드,용인에버라인,상행,22,6,20,9.0
everline-Y124,전대·에버랜드,용인에버라인,상행,23,4,10,18.0
uisinseol-S110,북한산우이,우이신설선,상행,5,3,13,13.8
uisinseol-S110,북한산우이,우이신설선,상행,6,10,34,5.3
uisinseol-S110,북한산우이,우이신설선,상행,7,21,52,3.5
uisinseol-S110,북한산우이,우이신설선,상행,8,21,57,3.2
uisinseol-S110,북한산우이,우이신설선,상행,9,15,48,3.8
uisinseol-S110,북한산우이,우이신설선,상행,10,12,39,4.6
uisinseol-S110,북한산우이,우이신설선,상행,11,12,36,5.0
uisinseol-S110,북한산우이,우이신설선,상행,12,12,36,5.0
uisinseol-S110,북한산우이,우이신설선,상행,13,12,36,5.0
uisinseol-S110,북한산우이,우이신설선,상행,14,12,36,5.0
uisinseol-S110,북한산우이,우이신설선,상행,15,12,36,5.0
uisinseol-S110,북한산우이,우이신설선,상행,16,12,38,4.7
uisinseol-S110,북한산우이,우이신설선,상행,17,14,45,4.0
uisinseol-S110,북한산우이,우이신설선,상행,18,19,52,3.5
uisinseol-S110,북한산우이,우이신설선,상행,19,19,57,3.2
uisinseol-S110,북한산우이,우이신설선,상행,20,19,53,3.4
uisinseol-S110,북한산우이,우이신설선,상행,21,15,43,4.2
uisinseol-S110,북한산우이,우이신설선,상행,22,9,29,6.2
uisinseol-S110,북한산우이,우이신설선,상행,23,5,18,10.0
uisinseol-S110,북한산우이,우이신설선,상행,24,4,9,20.0
uisinseol-S111,솔밭공원,우이신설선,상행,5,3,13,13.8
uisinseol-S111,솔밭공원,우이신설선,상행,6,10,33,5.5
uisinseol-S111,솔밭공원,우이신설선,상행,7,20,51,3.5
uisinseol-S111,솔밭공원,우이신설선,상행,8,21,57,3.2
uisinseol-S111,솔밭공원,우이신설선,상행,9,16,49,3.7
uisinseol-S111,솔밭공원,우이신설선,상행,10,12,40,4.5
uisinseol-S111,솔밭공원,우이신설선,상행,11,12,36,5.0
uisinseol-S111,솔밭공원,우이신설선,상행,12,12,36,5.0
uisinseol-S111,솔밭공원,우이신설선,상행,13,12,36,5.0
uisinseol-S111,솔밭공원,우이신설선,상행,14,12,36,5.0
uisinseol-S111,솔밭공원,우이신설선,상행,15,12,36,5.0
uisinseol-S111,솔밭공원,우이신설선,상행,16,12,38,4.7
uisinseol-S111,솔밭공원,우이신설선,상행,17,14,45,4.0
uisinseol-S111,솔밭공원,우이신설선,상행,18,19,51,3.5
uisinseol-S111,솔밭공원,우이신설선,상행,19,18,56,3.2
uisinseol-S111,솔밭공원,우이신설선,상행,20,19,53,3.4
uisinseol-S111,솔밭공원,우이신설선,상행,21,16,44,4.1
uisinseol-S111,솔밭공원,우이신설선,상행,22,9,30,6.0
uisinseol-S111,솔밭공원,우이신설선,상행,23,5,18,10.0
uisinseol-S111,솔밭공원,우이신설선,상행,24,4,9,20.0
uisinseol-S111,솔밭공원,우이신설선,하행,5,1,7,25.7
uisinseol-S111,솔밭공원,우이신설선,하행,6,6,21,8.6
uisinseol-S111,솔밭공원,우이신설선,하행,7,14,40,4.5
uisinseol-S111,솔밭공원,우이신설선,하행,8,20,54,3.3
uisinseol-S111,솔밭공원,우이신설선,하행,9,20,54,3.3
uisinseol-S111,솔밭공원,우이신설선,하행,10,14,46,3.9
uisinseol-S111,솔밭공원,우이신설선,하행,11,12,38,4.7
uisinseol-S111,솔밭공원,우이신설선,하행,12,12,36,5.0
uisinseol-S111,솔밭공원,우이신설선,하행,13,12,36,5.0
uisinseol-S111,솔밭공원,우이신설선,하행,14,12,36,5.0
uisinseol-S111,솔밭공원,우이신설선,하행,15,12,36,5.0
uisinseol-S111,솔밭공원,우이신설선,하행,16,12,36,5.0
uisinseol-S111,솔밭공원,우이신설선,하행,17,12,40,4.5
uisinseol-S111,솔밭공원,우이신설선,하행,18,16,46,3.9
uisinseol-S111,솔밭공원,우이신설선,하행,19,18,53,3.4
uisinseol-S111,솔밭공원,우이신설선,하행,20,19,56,3.2
uisinseol-S111,솔밭공원,우이신설선,하행,21,19,52,3.5
uisinseol-S111,솔밭공원,우이신설선,하행,22,14,41,4.4
uisinseol-S111,솔밭공원,우이신설선,하행,23,8,27,6.7
uisinseol-S111,솔밭공원,우이신설선,하행,24,5,13,13.8
uisinseol-S112,4.19민주묘지,우이신설선,상행,5,3,12,15.0
uisinseol-S112,4.19민주묘지,우이신설선,상행,6,9,33,5.5
uisinseol-S112,4.19민주묘지,우이신설선,상행,7,21,51,3.5
uisinseol-S112,4.19민주묘지,우이신설선,상행,8,21,57,3.2
uisinseol-S112,4.19민주묘지,우이신설선,상행,9,15,49,3.7
uisinseol-S112,4.19민주묘지,우이신설선,상행,10,13,40,4.5
uisinseol-S112,4.19민주묘지,우이신설선,상행,11,12,37,4.9
uisinseol-S112,4.19민주묘지,우이신설선,상행,12,12,36,5.0
uisinseol-S112,4.19민주묘지,우이신설선,상행,13,12,36,5.0
uisinseol-S112,4.19민주묘지,우이신설선,상행,14,12,36,5.0
uisinseol-S112,4.19민주묘지,우이신설선,상행,15,12,36,5.0
uisinseol-S112,4.19민주묘지,우이신설선,상행,16,12,37,4.9
uisinseol-S112,4.19민주묘지,우이신설선,상행,17,13,44,4.1
uisinseol-S112,4.19민주묘지,우이신설선,상행,18,19,51,3.5
uisinseol-S112,4.19민주묘지,우이신설선,상행,19,19,57,3.2
uisinseol-S112,4.19민주묘지,우이신설선,상행,20,19,54,3.3
uisinseol-S112,4.19민주묘지,우이신설선,상행,21,16,44,4.1
uisinseol-S112,4.19민주묘지,우이신설선,상행,22,9,30,6.0
uisinseol-S112,4.19민주묘지,우이신설선,상행,23,5,18,10.0
uisinseol-S112,4.19민주묘지,우이신설선,상행,24,4,9,20.0
uisinseol-S112,4.19민주묘지,우이신설선,하행,5,1,7,25.7
uisinseol-S112,4.19민주묘지,우이신설선,하행,6,6,21,8.6
uisinseol-S112,4.19민주묘지,우이신설선,하행,7,14,41,4.4
uisinseol-S112,4.19민주묘지,우이신설선,하행,8,21,54,3.3
uisinseol-S112,4.19민주묘지,우이신설선,하행,9,19,54,3.3
uisinseol-S112,4.19민주묘지,우이신설선,하행,10,14,45,4.0
uisinseol-S112,4.19민주묘지,우이신설선,하행,11,12,38,4.7
uisinseol-S112,4.19민주묘지,우이신설선,하행,12,12,36,5.0
uisinseol-S112,4.19민주묘지,우이신설선,하행,13,12,36,5.0
uisinseol-S112,4.19민주묘지,우이신설선,하행,14,12,36,5.0
uisinseol-S112,4.19민주묘지,우이신설선,하행,15,12,36,5.0
uisinseol-S112,4.19민주묘지,우이신설선,하행,16,12,37,4.9
uisinseol-S112,4.19민주묘지,우이신설선,하행,17,13,40,4.5
uisinseol-S112,4.19민주묘지,우이신설선,하행,18,15,47,3.8
uisinseol-S112,4.19민주묘지,우이신설선,하행,19,19,53,3.4
uisinseol-S112,4.19민주묘지,우이신설선,하행,20,19,56,3.2
uisinseol-S112,4.19민주묘지,우이신설선,하행,21,18,51,3.5
uisinseol-S112,4.19민주묘지,우이신설선,하행,22,14,40,4.5
uisinseol-S112,4.19민주묘지,우이신설선,하행,23,8,27,6.7
uisinseol-S112,4.19민주묘지,우이신설선,하행,24,5,13,13.8
uisinseol-S113,가오리,우이신설선,상행,5,3,12,15.0
uisinseol-S113,가오리,우이신설선,상행,6,9,32,5.6
uisinseol-S113,가오리,우이신설선,상행,7,20,50,3.6
uisinseol-S113,가오리,우이신설선,상행,8,21,57,3.2
uisinseol-S113,가오리,우이신설선,상행,9,16,49,3.7
uisinseol-S113,가오리,우이신설선,상행,10,12,40,4.5
uisinseol-S113,가오리,우이신설선,상행,11,12,36,5.0
uisinseol-S113,가오리,우이신설선,상행,12,12,36,5.0
uisinseol-S113,가오리,우이신설선,상행,13,12,36,5.0
uisinseol-S113,가오리,우이신설선,상행,14,12,36,5.0
uisinseol-S113,가오리,우이신설선,상행,15,12,36,5.0
uisinseol-S113,가오리,우이신설선,상행,16,12,37,4.9
uisinseol-S113,가오리,우이신설선,상행,17,13,44,4.1
uisinseol-S113,가오리,우이신설선,상행,18,19,51,3.5
uisinseol-S113,가오리,우이신설선,상행,19,19,57,3.2
uisinseol-S113,가오리,우이신설선,상행,20,19,54,3.3
uisinseol-S113,가오리,우이신설선,상행,21,16,45,4.0
uisinseol-S113,가오리,우이신설선,상행,22,10,31,5.8
uisinseol-S113,가오리,우이신설선,상행,23,5,19,9.5
uisinseol-S113,가오리,우이신설선,상행,24,4,9,20.0
uisinseol-S113,가오리,우이신설선,하행,5,1,7,25.7
uisinseol-S113,가오리,우이신설선,하행,6,6,22,8.2
uisinseol-S113,가오리,우이신설선,하행,7,15,41,4.4
uisinseol-S113,가오리,우이신설선,하행,8,20,55,3.3
uisinseol-S113,가오리,우이신설선,하행,9,20,54,3.3
uisinseol-S113,가오리,우이신설선,하행,10,14,46,3.9
uisinseol-S113,가오리,우이신설선,하행,11,12,38,4.7
uisinseol-S113,가오리,우이신설선,하행,12,12,36,5.0
uisinseol-S113,가오리,우이신설선,하행,13,12,36,5.0
uisinseol-S113,가오리,우이신설선,하행,14,12,36,5.0
uisinseol-S113,가오리,우이신설선,하행,15,12,36,5.0
uisinseol-S113,가오리,우이신설선,하행,16,12,36,5.0
uisinseol-S113,가오리,우이신설선,하행,17,12,40,4.5
uisinseol-S113,가오리,우이신설선,하행,18,16,47,3.8
uisinseol-S113,가오리,우이신설선,하행,19,19,53,3.4
uisinseol-S113,가오리,우이신설선,하행,20,18,56,3.2
uisinseol-S113,가오리,우이신설선,하행,21,19,51,3.5
uisinseol-S113,가오리,우이신설선,하행,22,14,40,4.5
uisinseol-S113,가오리,우이신설선,하행,23,7,26,6.9
uisinseol-S113,가오리,우이신설선,하행,24,5,12,15.0
uisinseol-S114,화계,우이신설선,상행,5,2,12,15.0
uisinseol-S114,화계,우이신설선,상행,6,10,32,5.6
uisinseol-S114,화계,우이신설선,상행,7,20,51,3.5
uisinseol-S114,화계,우이신설선,상행,8,21,57,3.2
uisinseol-S114,화계,우이신설선,상행,9,16,49,3.7
uisinseol-S114,화계,우이신설선,상행,10,12,40,4.5
uisinseol-S114,화계,우이신설선,상행,11,12,36,5.0
uisinseol-S114,화계,우이신설선,상행,12,12,36,5.0
uisinseol-S114,화계,우이신설선,상행,13,12,36,5.0
uisinseol-S114,화계,우이신설선,상행,14,12,36,5.0
uisinseol-S114,화계,우이신설선,상행,15,12,36,5.0
uisinseol-S114,화계,우이신설선,상행,16,12,37,4.9
uisinseol-S114,화계,우이신설선,상행,17,13,44,4.1
uisinseol-S114,화계,우이신설선,상행,18,19,51,3.5
uisinseol-S114,화계,우이신설선,상행,19,19,56,3.2
uisinseol-S114,화계,우이신설선,상행,20,18,54,3.3
uisinseol-S114,화계,우이신설선,상행,21,17,45,4.0
uisinseol-S114,화계,우이신설선,상행,22,10,32,5.6
uisinseol-S114,화계,우이신설선,상행,23,5,19,9.5
uisinseol-S114,화계,우이신설선,상행,24,4,9,20.0
uisinseol-S114,화계,우이신설선,하행,5,2,8,22.5
uisinseol-S114,화계,우이신설선,하행,6,6,22,8.2
uisinseol-S114,화계,우이신설선,하행,7,14,41,4.4
uisinseol-S114,화계,우이신설선,하행,8,21,54,3.3
uisinseol-S114,화계,우이신설선,하행,9,19,54,3.3
uisinseol-S114,화계,우이신설선,하행,10,14,45,4.0
uisinseol-S114,화계,우이신설선,하행,11,12,38,4.7
uisinseol-S114,화계,우이신설선,하행,12,12,36,5.0
uisinseol-S114,화계,우이신설선,하행,13,12,36,5.0
uisinseol-S114,화계,우이신설선,하행,14,12,36,5.0
uisinseol-S114,화계,우이신설선,하행,15,12,36,5.0
uisinseol-S114,화계,우이신설선,하행,16,12,36,5.0
uisinseol-S114,화계,우이신설선,하행,17,12,40,4.5
uisinseol-S114,화계,우이신설선,하행,18,16,47,3.8
uisinseol-S114,화계,우이신설선,하행,19,19,54,3.3
uisinseol-S114,화계,우이신설선,하행,20,19,56,3.2
uisinseol-S114,화계,우이신설선,하행,21,18,51,3.5
uisinseol-S114,화계,우이신설선,하행,22,14,39,4.6
uisinseol-S114,화계,우이신설선,하행,23,7,26,6.9
uisinseol-S114,화계,우이신설선,하행,24,5,12,15.0
uisinseol-S115,삼양,우이신설선,상행,5,2,11,16.4
uisinseol-S115,삼양,우이신설선,상행,6,9,31,5.8
uisinseol-S115,삼양,우이신설선,상행,7,20,50,3.6
uisinseol-S115,삼양,우이신설선,상행,8,21,57,3.2
uisinseol-S115,삼양,우이신설선,상행,9,16,50,3.6
uisinseol-S115,삼양,우이신설선,상행,10,13,41,4.4
uisinseol-S115,삼양,우이신설선,상행,11,12,37,4.9
uisinseol-S115,삼양,우이신설선,상행,12,12,36,5.0
uisinseol-S115,삼양,우이신설선,상행,13,12,36,5.0
uisinseol-S115,삼양,우이신설선,상행,14,12,36,5.0
uisinseol-S115,삼양,우이신설선,상행,15,12,36,5.0
uisinseol-S115,삼양,우이신설선,상행,16,12,36,5.0
uisinseol-S115,삼양,우이신설선,상행,17,12,43,4.2
uisinseol-S115,삼양,우이신설선,상행,18,19,50,3.6
uisinseol-S115,삼양,우이신설선,상행,19,19,57,3.2
uisinseol-S115,삼양,우이신설선,상행,20,19,54,3.3
uisinseol-S115,삼양,우이신설선,상행,21,16,46,3.9
uisinseol-S115,삼양,우이신설선,상행,22,11,32,5.6
uisinseol-S115,삼양,우이신설선,상행,23,5,20,9.0
uisinseol-S115,삼양,우이신설선,상행,24,4,9,20.0
uisinseol-S115,삼양,우이신설선,하행,5,2,8,22.5
uisinseol-S115,삼양,우이신설선,하행,6,6,23,7.8
uisinseol-S115,삼양,우이신설선,하행,7,15,42,4.3
uisinseol-S115,삼양,우이신설선,하행,8,21,54,3.3
uisinseol-S115,삼양,우이신설선,하행,9,18,53,3.4
uisinseol-S115,삼양,우이신설선,하행,10,14,44,4.1
uisinseol-S115,삼양,우이신설선,하행,11,12,38,4.7
uisinseol-S115,삼양,우이신설선,하행,12,12,36,5.0
uisinseol-S115,삼양,우이신설선,하행,13,12,36,5.0
uisinseol-S115,삼양,우이신설선,하행,14,12,36,5.0
uisinseol-S115,삼양,우이신설선,하행,15,12,36,5.0
uisinseol-S115,삼양,우이신설선,하행,16,12,37,4.9
uisinseol-S115,삼양,우이신설선,하행,17,13,41,4.4
uisinseol-S115,삼양,우이신설선,하행,18,16,48,3.8
uisinseol-S115,삼양,우이신설선,하행,19,19,53,3.4
uisinseol-S115,삼양,우이신설선,하행,20,18,56,3.2
uisinseol-S115,삼양,우이신설선,하행,21,19,50,3.6
uisinseol-S115,삼양,우이신설선,하행,22,13,39,4.6
uisinseol-S115,삼양,우이신설선,하행,23,7,25,7.2
uisinseol-S115,삼양,우이신설선,하행,24,5,12,15.0
uisinseol-S116,삼양사거리,우이신설선,상행,5,2,11,16.4
uisinseol-S116,삼양사거리,우이신설선,상행,6,9,30,6.0
uisinseol-S116,삼양사거리,우이신설선,상행,7,19,49,3.7
uisinseol-S116,삼양사거리,우이신설선,상행,8,21,57,3.2
uisinseol-S116,삼양사거리,우이신설선,상행,9,17,50,3.6
uisinseol-S116,삼양사거리,우이신설선,상행,10,12,41,4.4
uisinseol-S116,삼양사거리,우이신설선,상행,11,12,36,5.0
uisinseol-S116,삼양사거리,우이신설선,상행,12,12,36,5.0
uisinseol-S116,삼양사거리,우이신설선,상행,13,12,36,5.0
uisinseol-S116,삼양사거리,우이신설선,상행,14,12,36,5.0
uisinseol-S116,삼양사거리,우이신설선,상행,15,12,36,5.0
uisinseol-S116,삼양사거리,우이신설선,상행,16,12,37,4.9
uisinseol-S116,삼양사거리,우이신설선,상행,17,13,44,4.1
uisinseol-S116,삼양사거리,우이신설선,상행,18,19,51,3.5
uisinseol-S116,삼양사거리,우이신설선,상행,19,19,56,3.2
uisinseol-S116,삼양사거리,우이신설선,상행,20,18,54,3.3
uisinseol-S116,삼양사거리,우이신설선,상행,21,17,46,3.9
uisinseol-S116,삼양사거리,우이신설선,상행,22,11,33,5.5
uisinseol-S116,삼양사거리,우이신설선,상행,23,5,20,9.0
uisinseol-S116,삼양사거리,우이신설선,상행,24,4,9,20.0
uisinseol-S116,삼양사거리,우이신설선,하행,5,2,8,22.5
uisinseol-S116,삼양사거리,우이신설선,하행,6,6,24,7.5
uisinseol-S116,삼양사거리,우이신설선,하행,7,16,42,4.3
uisinseol-S116,삼양사거리,우이신설선,하행,8,20,55,3.3
uisinseol-S116,삼양사거리,우이신설선,하행,9,19,53,3.4
uisinseol-S116,삼양사거리,우이신설선,하행,10,14,45,4.0
uisinseol-S116,삼양사거리,우이신설선,하행,11,12,38,4.7
uisinseol-S116,삼양사거리,우이신설선,하행,12,12,36,5.0
uisinseol-S116,삼양사거리,우이신설선,하행,13,12,36,5.0
uisinseol-S116,삼양사거리,우이신설선,하행,14,12,36,5.0
uisinseol-S116,삼양사거리,우이신설선,하행,15,12,36,5.0
uisinseol-S116,삼양사거리,우이신설선,하행,16,12,36,5.0
uisinseol-S116,삼양사거리,우이신설선,하행,17,12,40,4.5
uisinseol-S116,삼양사거리,우이신설선,하행,18,16,47,3.8
uisinseol-S116,삼양사거리,우이신설선,하행,19,19,54,3.3
uisinseol-S116,삼양사거리,우이신설선,하행,20,19,56,3.2
uisinseol-S116,삼양사거리,우이신설선,하행,21,18,50,3.6
uisinseol-S116,삼양사거리,우이신설선,하행,22,13,38,4.7
uisinseol-S116,삼양사거리,우이신설선,하행,23,7,25,7.2
uisinseol-S116,삼양사거리,우이신설선,하행,24,5,12,15.0
uisinseol-S117,솔샘,우이신설선,상행,5,2,10,18.0
uisinseol-S117,솔샘,우이신설선,상행,6,8,30,6.0
uisinseol-S117,솔샘,우이신설선,상행,7,20,49,3.7
uisinseol-S117,솔샘,우이신설선,상행,8,21,57,3.2
uisinseol-S117,솔샘,우이신설선,상행,9,16,50,3.6
uisinseol-S117,솔샘,우이신설선,상행,10,13,41,4.4
uisinseol-S117,솔샘,우이신설선,상행,11,12,37,4.9
uisinseol-S117,솔샘,우이신설선,상행,12,12,36,5.0
uisinseol-S117,솔샘,우이신설선,상행,13,12,36,5.0
uisinseol-S117,솔샘,우이신설선,상행,14,12,36,5.0
uisinseol-S117,솔샘,우이신설선,상행,15,12,36,5.0
uisinseol-S117,솔샘,우이신설선,상행,16,12,36,5.0
uisinseol-S117,솔샘,우이신설선,상행,17,12,43,4.2
uisinseol-S117,솔샘,우이신설선,상행,18,19,50,3.6
uisinseol-S117,솔샘,우이신설선,상행,19,19,57,3.2
uisinseol-S117,솔샘,우이신설선,상행,20,19,54,3.3
uisinseol-S117,솔샘,우이신설선,상행,21,16,46,3.9
uisinseol-S117,솔샘,우이신설선,상행,22,11,32,5.6
uisinseol-S117,솔샘,우이신설선,상행,23,5,21,8.6
uisinseol-S117,솔샘,우이신설선,상행,24,5,10,18.0
uisinseol-S117,솔샘,우이신설선,하행,5,2,9,20.0
uisinseol-S117,솔샘,우이신설선,하행,6,7,24,7.5
uisinseol-S117,솔샘,우이신설선,하행,7,15,43,4.2
uisinseol-S117,솔샘,우이신설선,하행,8,21,54,3.3
uisinseol-S117,솔샘,우이신설선,하행,9,18,53,3.4
uisinseol-S117,솔샘,우이신설선,하행,10,14,44,4.1
uisinseol-S117,솔샘,우이신설선,하행,11,12,38,4.7
uisinseol-S117,솔샘,우이신설선,하행,12,12,36,5.0
uisinseol-S117,솔샘,우이신설선,하행,13,12,36,5.0
uisinseol-S117,솔샘,우이신설선,하행,14,12,36,5.0
uisinseol-S117,솔샘,우이신설선,하행,15,12,36,5.0
uisinseol-S117,솔샘,우이신설선,하행,16,12,36,5.0
uisinseol-S117,솔샘,우이신설선,하행,17,12,41,4.4
uisinseol-S117,솔샘,우이신설선,하행,18,17,48,3.8
uisinseol-S117,솔샘,우이신설선,하행,19,19,55,3.3
uisinseol-S117,솔샘,우이신설선,하행,20,19,56,3.2
uisinseol-S117,솔샘,우이신설선,하행,21,18,50,3.6
uisinseol-S117,솔샘,우이신설선,하행,22,13,37,4.9
uisinseol-S117,솔샘,우이신설선,하행,23,6,24,7.5
uisinseol-S117,솔샘,우이신설선,하행,24,5,11,16.4
uisinseol-S118,북한산보국문,우이신설선,상행,5,2,10,18.0
uisinseol-S118,북한산보국문,우이신설선,상행,6,8,29,6.2
uisinseol-S118,북한산보국문,우이신설선,상행,7,19,48,3.8
uisinseol-S118,북한산보국문,우이신설선,상행,8,21,57,3.2
uisinseol-S118,북한산보국문,우이신설선,상행,9,17,51,3.5
uisinseol-S118,북한산보국문,우이신설선,상행,10,13,42,4.3
uisinseol-S118,북한산보국문,우이신설선,상행,11,12,37,4.9
uisinseol-S118,북한산보국문,우이신설선,상행,12,12,36,5.0
uisinseol-S118,북한산보국문,우이신설선,상행,13,12,36,5.0
uisinseol-S118,북한산보국문,우이신설선,상행,14,12,36,5.0
uisinseol-S118,북한산보국문,우이신설선,상행,15,12,36,5.0
uisinseol-S118,북한산보국문,우이신설선,상행,16,12,36,5.0
uisinseol-S118,북한산보국문,우이신설선,상행,17,12,42,4.3
uisinseol-S118,북한산보국문,우이신설선,상행,18,18,49,3.7
uisinseol-S118,북한산보국문,우이신설선,상행,19,19,56,3.2
uisinseol-S118,북한산보국문,우이신설선,상행,20,19,55,3.3
uisinseol-S118,북한산보국문,우이신설선,상행,21,17,47,3.8
uisinseol-S118,북한산보국문,우이신설선,상행,22,11,33,5.5
uisinseol-S118,북한산보국문,우이신설선,상행,23,5,21,8.6
uisinseol-S118,북한산보국문,우이신설선,상행,24,5,10,18.0
uisinseol-S118,북한산보국문,우이신설선,하행,5,2,9,20.0
uisinseol-S118,북한산보국문,우이신설선,하행,6,7,25,7.2
uisinseol-S118,북한산보국문,우이신설선,하행,7,16,44,4.1
uisinseol-S118,북한산보국문,우이신설선,하행,8,21,55,3.3
uisinseol-S118,북한산보국문,우이신설선,하행,9,18,53,3.4
uisinseol-S118,북한산보국문,우이신설선,하행,10,14,44,4.1
uisinseol-S118,북한산보국문,우이신설선,하행,11,12,38,4.7
uisinseol-S118,북한산보국문,우이신설선,하행,12,12,36,5.0
uisinseol-S118,북한산보국문,우이신설선,하행,13,12,36,5.0
uisinseol-S118,북한산보국문,우이신설선,하행,14,12,36,5.0
uisinseol-S118,북한산보국문,우이신설선,하행,15,12,36,5.0
uisinseol-S118,북한산보국문,우이신설선,하행,16,12,36,5.0
uisinseol-S118,북한산보국문,우이신설선,하행,17,12,41,4.4
uisinseol-S118,북한산보국문,우이신설선,하행,18,17,48,3.8
uisinseol-S118,북한산보국문,우이신설선,하행,19,19,54,3.3
uisinseol-S118,북한산보국문,우이신설선,하행,20,18,55,3.3
uisinseol-S118,북한산보국문,우이신설선,하행,21,18,49,3.7
uisinseol-S118,북한산보국문,우이신설선,하행,22,13,38,4.7
uisinseol-S118,북한산보국문,우이신설선,하행,23,7,24,7.5
uisinseol-S118,북한산보국문,우이신설선,하행,24,4,11,16.4
uisinseol-S119,정릉,우이신설선,상행,5,2,10,18.0
uisinseol-S119,정릉,우이신설선,상행,6,8,28,6.4
uisinseol-S119,정릉,우이신설선,상행,7,18,47,3.8
uisinseol-S119,정릉,우이신설선,상행,8,21,56,3.2
uisinseol-S119,정릉,우이신설선,상행,9,17,51,3.5
uisinseol-S119,정릉,우이신설선,상행,10,13,42,4.3
uisinseol-S119,정릉,우이신설선,상행,11,12,37,4.9
uisinseol-S119,정릉,우이신설선,상행,12,12,36,5.0
uisinseol-S119,정릉,우이신설선,상행,13,12,36,5.0
uisinseol-S119,정릉,우이신설선,상행,14,12,36,5.0
uisinseol-S119,정릉,우이신설선,상행,15,12,36,5.0
uisinseol-S119,정릉,우이신설선,상행,16,12,36,5.0
uisinseol-S119,정릉,우이신설선,상행,17,12,43,4.2
uisinseol-S119,정릉,우이신설선,상행,18,19,49,3.7
uisinseol-S119,정릉,우이신설선,상행,19,18,56,3.2
uisinseol-S119,정릉,우이신설선,상행,20,19,54,3.3
uisinseol-S119,정릉,우이신설선,상행,21,17,48,3.8
uisinseol-S119,정릉,우이신설선,상행,22,12,34,5.3
uisinseol-S119,정릉,우이신설선,상행,23,5,22,8.2
uisinseol-S119,정릉,우이신설선,상행,24,5,10,18.0
uisinseol-S119,정릉,우이신설선,하행,5,2,9,20.0
uisinseol-S119,정릉,우이신설선,하행,6,7,26,6.9
uisinseol-S119,정릉,우이신설선,하행,7,17,45,4.0
uisinseol-S119,정릉,우이신설선,하행,8,21,56,3.2
uisinseol-S119,정릉,우이신설선,하행,9,18,52,3.5
uisinseol-S119,정릉,우이신설선,하행,10,13,43,4.2
uisinseol-S119,정릉,우이신설선,하행,11,12,37,4.9
uisinseol-S119,정릉,우이신설선,하행,12,12,36,5.0
uisinseol-S119,정릉,우이신설선,하행,13,12,36,5.0
uisinseol-S119,정릉,우이신설선,하행,14,12,36,5.0
uisinseol-S119,정릉,우이신설선,하행,15,12,36,5.0
uisinseol-S119,정릉,우이신설선,하행,16,12,36,5.0
uisinseol-S119,정릉,우이신설선,하행,17,12,42,4.3
uisinseol-S119,정릉,우이신설선,하행,18,18,48,3.8
uisinseol-S119,정릉,우이신설선,하행,19,18,55,3.3
uisinseol-S119,정릉,우이신설선,하행,20,19,55,3.3
uisinseol-S119,정릉,우이신설선,하행,21,18,50,3.6
uisinseol-S119,정릉,우이신설선,하행,22,13,37,4.9
uisinseol-S119,정릉,우이신설선,하행,23,6,23,7.8
uisinseol-S119,정릉,우이신설선,하행,24,4,10,18.0
uisinseol-S120,성신여대입구,우이신설선,상행,5,1,9,20.0
uisinseol-S120,성신여대입구,우이신설선,상행,6,8,27,6.7
uisinseol-S120,성신여대입구,우이신설선,상행,7,18,47,3.8
uisinseol-S120,성신여대입구,우이신설선,상행,8,21,56,3.2
uisinseol-S120,성신여대입구,우이신설선,상행,9,17,52,3.5
uisinseol-S120,성신여대입구,우이신설선,상행,10,14,43,4.2
uisinseol-S120,성신여대입구,우이신설선,상행,11,12,38,4.7
uisinseol-S120,성신여대입구,우이신설선,상행,12,12,36,5.0
uisinseol-S120,성신여대입구,우이신설선,상행,13,12,36,5.0
uisinseol-S120,성신여대입구,우이신설선,상행,14,12,36,5.0
uisinseol-S120,성신여대입구,우이신설선,상행,15,12,36,5.0
uisinseol-S120,성신여대입구,우이신설선,상행,16,12,36,5.0
uisinseol-S120,성신여대입구,우이신설선,상행,17,12,42,4.3
uisinseol-S120,성신여대입구,우이신설선,상행,18,18,49,3.7
uisinseol-S120,성신여대입구,우이신설선,상행,19,19,56,3.2
uisinseol-S120,성신여대입구,우이신설선,상행,20,19,55,3.3
uisinseol-S120,성신여대입구,우이신설선,상행,21,17,47,3.8
uisinseol-S120,성신여대입구,우이신설선,상행,22,11,34,5.3
uisinseol-S120,성신여대입구,우이신설선,상행,23,6,22,8.2
uisinseol-S120,성신여대입구,우이신설선,상행,24,5,11,16.4
uisinseol-S120,성신여대입구,우이신설선,하행,5,3,10,18.0
uisinseol-S120,성신여대입구,우이신설선,하행,6,7,27,6.7
uisinseol-S120,성신여대입구,우이신설선,하행,7,17,44,4.1
uisinseol-S120,성신여대입구,우이신설선,하행,8,20,55,3.3
uisinseol-S120,성신여대입구,우이신설선,하행,9,18,52,3.5
uisinseol-S120,성신여대입구,우이신설선,하행,10,14,44,4.1
uisinseol-S120,성신여대입구,우이신설선,하행,11,12,38,4.7
uisinseol-S120,성신여대입구,우이신설선,하행,12,12,36,5.0
uisinseol-S120,성신여대입구,우이신설선,하행,13,12,36,5.0
uisinseol-S120,성신여대입구,우이신설선,하행,14,12,36,5.0
uisinseol-S120,성신여대입구,우이신설선,하행,15,12,36,5.0
uisinseol-S120,성신여대입구,우이신설선,하행,16,12,36,5.0
uisinseol-S120,성신여대입구,우이신설선,하행,17,12,41,4.4
uisinseol-S120,성신여대입구,우이신설선,하행,18,17,48,3.8
uisinseol-S120,성신여대입구,우이신설선,하행,19,19,55,3.3
uisinseol-S120,성신여대입구,우이신설선,하행,20,19,55,3.3
uisinseol-S120,성신여대입구,우이신설선,하행,21,17,49,3.7
uisinseol-S120,성신여대입구,우이신설선,하행,22,13,36,5.0
uisinseol-S120,성신여대입구,우이신설선,하행,23,6,23,7.8
uisinseol-S120,성신여대입구,우이신설선,하행,24,4,10,18.0
uisinseol-S121,보문,우이신설선,상행,5,1,9,20.0
uisinseol-S121,보문,우이신설선,상행,6,8,27,6.7
uisinseol-S121,보문,우이신설선,상행,7,18,47,3.8
uisinseol-S121,보문,우이신설선,상행,8,21,56,3.2
uisinseol-S121,보문,우이신설선,상행,9,17,51,3.5
uisinseol-S121,보문,우이신설선,상행,10,13,42,4.3
uisinseol-S121,보문,우이신설선,상행,11,12,37,4.9
uisinseol-S121,보문,우이신설선,상행,12,12,36,5.0
uisinseol-S121,보문,우이신설선,상행,13,12,36,5.0
uisinseol-S121,보문,우이신설선,상행,14,12,36,5.0
uisinseol-S121,보문,우이신설선,상행,15,12,36,5.0
uisinseol-S121,보문,우이신설선,상행,16,12,36,5.0
uisinseol-S121,보문,우이신설선,상행,17,12,42,4.3
uisinseol-S121,보문,우이신설선,상행,18,18,49,3.7
uisinseol-S121,보문,우이신설선,상행,19,19,56,3.2
uisinseol-S121,보문,우이신설선,상행,20,19,55,3.3
uisinseol-S121,보문,우이신설선,상행,21,17,48,3.8
uisinseol-S121,보문,우이신설선,상행,22,12,35,5.1
uisinseol-S121,보문,우이신설선,상행,23,6,23,7.8
uisinseol-S121,보문,우이신설선,상행,24,5,11,16.4
uisinseol-S121,보문,우이신설선,하행,5,3,10,18.0
uisinseol-S121,보문,우이신설선,하행,6,7,27,6.7
uisinseol-S121,보문,우이신설선,하행,7,17,45,4.0
uisinseol-S121,보문,우이신설선,하행,8,21,56,3.2
uisinseol-S121,보문,우이신설선,하행,9,18,52,3.5
uisinseol-S121,보문,우이신설선,하행,10,13,43,4.2
uisinseol-S121,보문,우이신설선,하행,11,12,37,4.9
uisinseol-S121,보문,우이신설선,하행,12,12,36,5.0
uisinseol-S121,보문,우이신설선,하행,13,12,36,5.0
uisinseol-S121,보문,우이신설선,하행,14,12,36,5.0
uisinseol-S121,보문,우이신설선,하행,15,12,36,5.0
uisinseol-S121,보문,우이신설선,하행,16,12,36,5.0
uisinseol-S121,보문,우이신설선,하행,17,12,42,4.3
uisinseol-S121,보문,우이신설선,하행,18,18,49,3.7
uisinseol-S121,보문,우이신설선,하행,19,19,55,3.3
uisinseol-S121,보문,우이신설선,하행,20,18,55,3.3
uisinseol-S121,보문,우이신설선,하행,21,18,48,3.8
uisinseol-S121,보문,우이신설선,하행,22,12,36,5.0
uisinseol-S121,보문,우이신설선,하행,23,6,22,8.2
uisinseol-S121,보문,우이신설선,하행,24,4,10,18.0
uisinseol-S122,신설동,우이신설선,하행,5,3,10,18.0
uisinseol-S122,신설동,우이신설선,하행,6,7,28,6.4
uisinseol-S122,신설동,우이신설선,하행,7,18,46,3.9
uisinseol-S122,신설동,우이신설선,하행,8,21,56,3.2
uisinseol-S122,신설동,우이신설선,하행,9,17,51,3.5
uisinseol-S122,신설동,우이신설선,하행,10,13,42,4.3
uisinseol-S122,신설동,우이신설선,하행,11,12,37,4.9
uisinseol-S122,신설동,우이신설선,하행,12,12,36,5.0
uisinseol-S122,신설동,우이신설선,하행,13,12,36,5.0
uisinseol-S122,신설동,우이신설선,하행,14,12,36,5.0
uisinseol-S122,신설동,우이신설선,하행,15,12,36,5.0
uisinseol-S122,신설동,우이신설선,하행,16,12,37,4.9
uisinseol-S122,신설동,우이신설선,하행,17,13,43,4.2
uisinseol-S122,신설동,우이신설선,하행,18,18,49,3.7
uisinseol-S122,신설동,우이신설선,하행,19,18,55,3.3
uisinseol-S122,신설동,우이신설선,하행,20,19,54,3.3
uisinseol-S122,신설동,우이신설선,하행,21,17,49,3.7
uisinseol-S122,신설동,우이신설선,하행,22,13,35,5.1
uisinseol-S122,신설동,우이신설선,하행,23,5,22,8.2
uisinseol-S122,신설동,우이신설선,하행,24,4,9,20.0
uijeongbu-U110,발곡,의정부경전철,하행,5,6,16,11.2
uijeongbu-U110,발곡,의정부경전철,하행,6,10,33,5.5
uijeongbu-U110,발곡,의정부경전철,하행,7,17,44,4.1
uijeongbu-U110,발곡,의정부경전철,하행,8,17,50,3.6
uijeongbu-U110,발곡,의정부경전철,하행,9,16,43,4.2
uijeongbu-U110,발곡,의정부경전철,하행,10,10,36,5.0
uijeongbu-U110,발곡,의정부경전철,하행,11,10,30,6.0
uijeongbu-U110,발곡,의정부경전철,하행,12,10,30,6.0
uijeongbu-U110,발곡,의정부경전철,하행,13,10,30,6.0
uijeongbu-U110,발곡,의정부경전철,하행,14,10,30,6.0
uijeongbu-U110,발곡,의정부경전철,하행,15,10,30,6.0
uijeongbu-U110,발곡,의정부경전철,하행,16,10,31,5.8
uijeongbu-U110,발곡,의정부경전철,하행,17,11,38,4.7
uijeongbu-U110,발곡,의정부경전철,하행,18,17,44,4.1
uijeongbu-U110,발곡,의정부경전철,하행,19,16,44,4.1
uijeongbu-U110,발곡,의정부경전철,하행,20,11,37,4.9
uijeongbu-U110,발곡,의정부경전철,하행,21,10,31,5.8
uijeongbu-U110,발곡,의정부경전철,하행,22,10,27,6.7
uijeongbu-U110,발곡,의정부경전철,하행,23,7,19,9.5
uijeongbu-U110,발곡,의정부경전철,하행,24,2,9,20.0
uijeongbu-U111,회룡,의정부경전철,상행,5,5,14,12.9
uijeongbu-U111,회룡,의정부경전철,상행,6,9,32,5.6
uijeongbu-U111,회룡,의정부경전철,상행,7,18,44,4.1
uijeongbu-U111,회룡,의정부경전철,상행,8,17,50,3.6
uijeongbu-U111,회룡,의정부경전철,상행,9,15,42,4.3
uijeongbu-U111,회룡,의정부경전철,상행,10,10,35,5.1
uijeongbu-U111,회룡,의정부경전철,상행,11,10,30,6.0
uijeongbu-U111,회룡,의정부경전철,상행,12,10,30,6.0
uijeongbu-U111,회룡,의정부경전철,상행,13,10,30,6.0
uijeongbu-U111,회룡,의정부경전철,상행,14,10,30,6.0
uijeongbu-U111,회룡,의정부경전철,상행,15,10,30,6.0
uijeongbu-U111,회룡,의정부경전철,상행,16,10,32,5.6
uijeongbu-U111,회룡,의정부경전철,상행,17,12,39,4.6
uijeongbu-U111,회룡,의정부경전철,상행,18,17,45,4.0
uijeongbu-U111,회룡,의정부경전철,상행,19,16,43,4.2
uijeongbu-U111,회룡,의정부경전철,상행,20,10,36,5.0
uijeongbu-U111,회룡,의정부경전철,상행,21,10,30,6.0
uijeongbu-U111,회룡,의정부경전철,상행,22,10,28,6.4
uijeongbu-U111,회룡,의정부경전철,상행,23,8,21,8.6
uijeongbu-U111,회룡,의정부경전철,상행,24,3,11,16.4
uijeongbu-U111,회룡,의정부경전철,하행,5,6,15,12.0
uijeongbu-U111,회룡,의정부경전철,하행,6,9,33,5.5
uijeongbu-U111,회룡,의정부경전철,하행,7,18,44,4.1
uijeongbu-U111,회룡,의정부경전철,하행,8,17,50,3.6
uijeongbu-U111,회룡,의정부경전철,하행,9,15,42,4.3
uijeongbu-U111,회룡,의정부경전철,하행,10,10,35,5.1
uijeongbu-U111,회룡,의정부경전철,하행,11,10,30,6.0
uijeongbu-U111,회룡,의정부경전철,하행,12,10,30,6.0
uijeongbu-U111,회룡,의정부경전철,하행,13,10,30,6.0
uijeongbu-U111,회룡,의정부경전철,하행,14,10,30,6.0
uijeongbu-U111,회룡,의정부경전철,하행,15,10,30,6.0
uijeongbu-U111,회룡,의정부경전철,하행,16,10,32,5.6
uijeongbu-U111,회룡,의정부경전철,하행,17,12,39,4.6
uijeongbu-U111,회룡,의정부경전철,하행,18,17,45,4.0
uijeongbu-U111,회룡,의정부경전철,하행,19,16,44,4.1
uijeongbu-U111,회룡,의정부경전철,하행,20,11,37,4.9
uijeongbu-U111,회룡,의정부경전철,하행,21,10,31,5.8
uijeongbu-U111,회룡,의정부경전철,하행,22,10,27,6.7
uijeongbu-U111,회룡,의정부경전철,하행,23,7,19,9.5
uijeongbu-U111,회룡,의정부경전철,하행,24,2,9,20.0
uijeongbu-U112,범골,의정부경전철,상행,5,5,15,12.0
uijeongbu-U112,범골,의정부경전철,상행,6,10,32,5.6
uijeongbu-U112,범골,의정부경전철,상행,7,17,44,4.1
uijeongbu-U112,범골,의정부경전철,상행,8,17,49,3.7
uijeongbu-U112,범골,의정부경전철,상행,9,15,42,4.3
uijeongbu-U112,범골,의정부경전철,상행,10,10,35,5.1
uijeongbu-U112,범골,의정부경전철,상행,11,10,30,6.0
uijeongbu-U112,범골,의정부경전철,상행,12,10,30,6.0
uijeongbu-U112,범골,의정부경전철,상행,13,10,30,6.0
uijeongbu-U112,범골,의정부경전철,상행,14,10,30,6.0
uijeongbu-U112,범골,의정부경전철,상행,15,10,30,6.0
uijeongbu-U112,범골,의정부경전철,상행,16,10,32,5.6
uijeongbu-U112,범골,의정부경전철,상행,17,12,39,4.6
uijeongbu-U112,범골,의정부경전철,상행,18,17,45,4.0
uijeongbu-U112,범골,의정부경전철,상행,19,16,44,4.1
uijeongbu-U112,범골,의정부경전철,상행,20,11,37,4.9
uijeongbu-U112,범골,의정부경전철,상행,21,10,31,5.8
uijeongbu-U112,범골,의정부경전철,상행,22,10,27,6.7
uijeongbu-U112,범골,의정부경전철,상행,23,7,20,9.0
uijeongbu-U112,범골,의정부경전철,상행,24,3,10,18.0
uijeongbu-U112,범골,의정부경전철,하행,5,6,15,12.0
uijeongbu-U112,범골,의정부경전철,하행,6,9,32,5.6
uijeongbu-U112,범골,의정부경전철,하행,7,17,43,4.2
uijeongbu-U112,범골,의정부경전철,하행,8,17,50,3.6
uijeongbu-U112,범골,의정부경전철,하행,9,16,43,4.2
uijeongbu-U112,범골,의정부경전철,하행,10,10,36,5.0
uijeongbu-U112,범골,의정부경전철,하행,11,10,30,6.0
uijeongbu-U112,범골,의정부경전철,하행,12,10,30,6.0
uijeongbu-U112,범골,의정부경전철,하행,13,10,30,6.0
uijeongbu-U112,범골,의정부경전철,하행,14,10,30,6.0
uijeongbu-U112,범골,의정부경전철,하행,15,10,30,6.0
uijeongbu-U112,범골,의정부경전철,하행,16,10,31,5.8
uijeongbu-U112,범골,의정부경전철,하행,17,11,39,4.6
uijeongbu-U112,범골,의정부경전철,하행,18,18,45,4.0
uijeongbu-U112,범골,의정부경전철,하행,19,16,45,4.0
uijeongbu-U112,범골,의정부경전철,하행,20,11,37,4.9
uijeongbu-U112,범골,의정부경전철,하행,21,10,31,5.8
uijeongbu-U112,범골,의정부경전철,하행,22,10,27,6.7
uijeongbu-U112,범골,의정부경전철,하행,23,7,19,9.5
uijeongbu-U112,범골,의정부경전철,하행,24,2,9,20.0
uijeongbu-U113,경전철의정부,의정부경전철,상행,5,5,15,12.0
uijeongbu-U113,경전철의정부,의정부경전철,상행,6,10,33,5.5
uijeongbu-U113,경전철의정부,의정부경전철,상행,7,18,45,4.0
uijeongbu-U113,경전철의정부,의정부경전철,상행,8,17,50,3.6
uijeongbu-U113,경전철의정부,의정부경전철,상행,9,15,42,4.3
uijeongbu-U113,경전철의정부,의정부경전철,상행,10,10,35,5.1
uijeongbu-U113,경전철의정부,의정부경전철,상행,11,10,30,6.0
uijeongbu-U113,경전철의정부,의정부경전철,상행,12,10,30,6.0
uijeongbu-U113,경전철의정부,의정부경전철,상행,13,10,30,6.0
uijeongbu-U113,경전철의정부,의정부경전철,상행,14,10,30,6.0
uijeongbu-U113,경전철의정부,의정부경전철,상행,15,10,30,6.0
uijeongbu-U113,경전철의정부,의정부경전철,상행,16,10,32,5.6
uijeongbu-U113,경전철의정부,의정부경전철,상행,17,12,39,4.6
uijeongbu-U113,경전철의정부,의정부경전철,상행,18,17,44,4.1
uijeongbu-U113,경전철의정부,의정부경전철,상행,19,15,43,4.2
uijeongbu-U113,경전철의정부,의정부경전철,상행,20,11,36,5.0
uijeongbu-U113,경전철의정부,의정부경전철,상행,21,10,31,5.8
uijeongbu-U113,경전철의정부,의정부경전철,상행,22,10,27,6.7
uijeongbu-U113,경전철의정부,의정부경전철,상행,23,7,20,9.0
uijeongbu-U113,경전철의정부,의정부경전철,상행,24,3,10,18.0
uijeongbu-U113,경전철의정부,의정부경전철,하행,5,6,15,12.0
uijeongbu-U113,경전철의정부,의정부경전철,하행,6,9,32,5.6
uijeongbu-U113,경전철의정부,의정부경전철,하행,7,17,43,4.2
uijeongbu-U113,경전철의정부,의정부경전철,하행,8,17,50,3.6
uijeongbu-U113,경전철의정부,의정부경전철,하행,9,16,43,4.2
uijeongbu-U113,경전철의정부,의정부경전철,하행,10,10,36,5.0
uijeongbu-U113,경전철의정부,의정부경전철,하행,11,10,30,6.0
uijeongbu-U113,경전철의정부,의정부경전철,하행,12,10,30,6.0
uijeongbu-U113,경전철의정부,의정부경전철,하행,13,10,30,6.0
uijeongbu-U113,경전철의정부,의정부경전철,하행,14,10,30,6.0
uijeongbu-U113,경전철의정부,의정부경전철,하행,15,10,30,6.0
uijeongbu-U113,경전철의정부,의정부경전철,하행,16,10,31,5.8
uijeongbu-U113,경전철의정부,의정부경전철,하행,17,11,38,4.7
uijeongbu-U113,경전철의정부,의정부경전철,하행,18,17,45,4.0
uijeongbu-U113,경전철의정부,의정부경전철,하행,19,17,44,4.1
uijeongbu-U113,경전철의정부,의정부경전철,하행,20,10,37,4.9
uijeongbu-U113,경전철의정부,의정부경전철,하행,21,10,30,6.0
uijeongbu-U113,경전철의정부,의정부경전철,하행,22,10,28,6.4
uijeongbu-U113,경전철의정부,의정부경전철,하행,23,8,20,9.0
uijeongbu-U113,경전철의정부,의정부경전철,하행,24,2,10,18.0
uijeongbu-U114,의정부시청,의정부경전철,상행,5,5,16,11.2
uijeongbu-U114,의정부시청,의정부경전철,상행,6,11,33,5.5
uijeongbu-U114,의정부시청,의정부경전철,상행,7,17,45,4.0
uijeongbu-U114,의정부시청,의정부경전철,상행,8,17,49,3.7
uijeongbu-U114,의정부시청,의정부경전철,상행,9,15,42,4.3
uijeongbu-U114,의정부시청,의정부경전철,상행,10,10,35,5.1
uijeongbu-U114,의정부시청,의정부경전철,상행,11,10,30,6.0
uijeongbu-U114,의정부시청,의정부경전철,상행,12,10,30,6.0
uijeongbu-U114,의정부시청,의정부경전철,상행,13,10,30,6.0
uijeongbu-U114,의정부시청,의정부경전철,상행,14,10,30,6.0
uijeongbu-U114,의정부시청,의정부경전철,상행,15,10,30,6.0
uijeongbu-U114,의정부시청,의정부경전철,상행,16,10,32,5.6
uijeongbu-U114,의정부시청,의정부경전철,상행,17,12,39,4.6
uijeongbu-U114,의정부시청,의정부경전철,상행,18,17,45,4.0
uijeongbu-U114,의정부시청,의정부경전철,상행,19,16,43,4.2
uijeongbu-U114,의정부시청,의정부경전철,상행,20,10,36,5.0
uijeongbu-U114,의정부시청,의정부경전철,상행,21,10,30,6.0
uijeongbu-U114,의정부시청,의정부경전철,상행,22,10,27,6.7
uijeongbu-U114,의정부시청,의정부경전철,상행,23,7,20,9.0
uijeongbu-U114,의정부시청,의정부경전철,상행,24,3,10,18.0
uijeongbu-U114,의정부시청,의정부경전철,하행,5,6,14,12.9
uijeongbu-U114,의정부시청,의정부경전철,하행,6,8,31,5.8
uijeongbu-U114,의정부시청,의정부경전철,하행,7,17,42,4.3
uijeongbu-U114,의정부시청,의정부경전철,하행,8,17,51,3.5
uijeongbu-U114,의정부시청,의정부경전철,하행,9,17,44,4.1
uijeongbu-U114,의정부시청,의정부경전철,하행,10,10,37,4.9
uijeongbu-U114,의정부시청,의정부경전철,하행,11,10,30,6.0
uijeongbu-U114,의정부시청,의정부경전철,하행,12,10,30,6.0
uijeongbu-U114,의정부시청,의정부경전철,하행,13,10,30,6.0
uijeongbu-U114,의정부시청,의정부경전철,하행,14,10,30,6.0
uijeongbu-U114,의정부시청,의정부경전철,하행,15,10,30,6.0
uijeongbu-U114,의정부시청,의정부경전철,하행,16,10,31,5.8
uijeongbu-U114,의정부시청,의정부경전철,하행,17,11,38,4.7
uijeongbu-U114,의정부시청,의정부경전철,하행,18,17,44,4.1
uijeongbu-U114,의정부시청,의정부경전철,하행,19,16,44,4.1
uijeongbu-U114,의정부시청,의정부경전철,하행,20,11,37,4.9
uijeongbu-U114,의정부시청,의정부경전철,하행,21,10,31,5.8
uijeongbu-U114,의정부시청,의정부경전철,하행,22,10,28,6.4
uijeongbu-U114,의정부시청,의정부경전철,하행,23,8,20,9.0
uijeongbu-U114,의정부시청,의정부경전철,하행,24,2,10,18.0
uijeongbu-U115,흥선,의정부경전철,상행,5,5,16,11.2
uijeongbu-U115,흥선,의정부경전철,상행,6,11,33,5.5
uijeongbu-U115,흥선,의정부경전철,상행,7,17,46,3.9
uijeongbu-U115,흥선,의정부경전철,상행,8,18,49,3.7
uijeongbu-U115,흥선,의정부경전철,상행,9,14,42,4.3
uijeongbu-U115,흥선,의정부경전철,상행,10,10,34,5.3
uijeongbu-U115,흥선,의정부경전철,상행,11,10,30,6.0
uijeongbu-U115,흥선,의정부경전철,상행,12,10,30,6.0
uijeongbu-U115,흥선,의정부경전철,상행,13,10,30,6.0
uijeongbu-U115,흥선,의정부경전철,상행,14,10,30,6.0
uijeongbu-U115,흥선,의정부경전철,상행,15,10,30,6.0
uijeongbu-U115,흥선,의정부경전철,상행,16,10,33,5.5
uijeongbu-U115,흥선,의정부경전철,상행,17,13,40,4.5
uijeongbu-U115,흥선,의정부경전철,상행,18,17,45,4.0
uijeongbu-U115,흥선,의정부경전철,상행,19,15,42,4.3
uijeongbu-U115,흥선,의정부경전철,상행,20,10,35,5.1
uijeongbu-U115,흥선,의정부경전철,상행,21,10,30,6.0
uijeongbu-U115,흥선,의정부경전철,상행,22,10,27,6.7
uijeongbu-U115,흥선,의정부경전철,상행,23,7,20,9.0
uijeongbu-U115,흥선,의정부경전철,상행,24,3,10,18.0
uijeongbu-U115,흥선,의정부경전철,하행,5,6,14,12.9
uijeongbu-U115,흥선,의정부경전철,하행,6,8,31,5.8
uijeongbu-U115,흥선,의정부경전철,하행,7,17,42,4.3
uijeongbu-U115,흥선,의정부경전철,하행,8,17,50,3.6
uijeongbu-U115,흥선,의정부경전철,하행,9,16,43,4.2
uijeongbu-U115,흥선,의정부경전철,하행,10,10,36,5.0
uijeongbu-U115,흥선,의정부경전철,하행,11,10,30,6.0
uijeongbu-U115,흥선,의정부경전철,하행,12,10,30,6.0
uijeongbu-U115,흥선,의정부경전철,하행,13,10,30,6.0
uijeongbu-U115,흥선,의정부경전철,하행,14,10,30,6.0
uijeongbu-U115,흥선,의정부경전철,하행,15,10,30,6.0
uijeongbu-U115,흥선,의정부경전철,하행,16,10,31,5.8
uijeongbu-U115,흥선,의정부경전철,하행,17,11,38,4.7
uijeongbu-U115,흥선,의정부경전철,하행,18,17,45,4.0
uijeongbu-U115,흥선,의정부경전철,하행,19,17,45,4.0
uijeongbu-U115,흥선,의정부경전철,하행,20,11,38,4.7
uijeongbu-U115,흥선,의정부경전철,하행,21,10,31,5.8
uijeongbu-U115,흥선,의정부경전철,하행,22,10,28,6.4
uijeongbu-U115,흥선,의정부경전철,하행,23,8,20,9.0
uijeongbu-U115,흥선,의정부경전철,하행,24,2,10,18.0
uijeongbu-U117,의정부중앙,의정부경전철,상행,5,5,17,10.6
uijeongbu-U117,의정부중앙,의정부경전철,상행,6,12,34,5.3
uijeongbu-U117,의정부중앙,의정부경전철,상행,7,17,46,3.9
uijeongbu-U117,의정부중앙,의정부경전철,상행,8,17,48,3.8
uijeongbu-U117,의정부중앙,의정부경전철,상행,9,14,41,4.4
uijeongbu-U117,의정부중앙,의정부경전철,상행,10,10,34,5.3
uijeongbu-U117,의정부중앙,의정부경전철,상행,11,10,30,6.0
uijeongbu-U117,의정부중앙,의정부경전철,상행,12,10,30,6.0
uijeongbu-U117,의정부중앙,의정부경전철,상행,13,10,30,6.0
uijeongbu-U117,의정부중앙,의정부경전철,상행,14,10,30,6.0
uijeongbu-U117,의정부중앙,의정부경전철,상행,15,10,30,6.0
uijeongbu-U117,의정부중앙,의정부경전철,상행,16,10,33,5.5
uijeongbu-U117,의정부중앙,의정부경전철,상행,17,13,40,4.5
uijeongbu-U117,의정부중앙,의정부경전철,상행,18,17,45,4.0
uijeongbu-U117,의정부중앙,의정부경전철,상행,19,15,43,4.2
uijeongbu-U117,의정부중앙,의정부경전철,상행,20,11,36,5.0
uijeongbu-U117,의정부중앙,의정부경전철,상행,21,10,31,5.8
uijeongbu-U117,의정부중앙,의정부경전철,상행,22,10,26,6.9
uijeongbu-U117,의정부중앙,의정부경전철,상행,23,6,19,9.5
uijeongbu-U117,의정부중앙,의정부경전철,상행,24,3,9,20.0
uijeongbu-U117,의정부중앙,의정부경전철,하행,5,6,13,13.8
uijeongbu-U117,의정부중앙,의정부경전철,하행,6,7,30,6.0
uijeongbu-U117,의정부중앙,의정부경전철,하행,7,17,42,4.3
uijeongbu-U117,의정부중앙,의정부경전철,하행,8,18,51,3.5
uijeongbu-U117,의정부중앙,의정부경전철,하행,9,16,44,4.1
uijeongbu-U117,의정부중앙,의정부경전철,하행,10,10,36,5.0
uijeongbu-U117,의정부중앙,의정부경전철,하행,11,10,30,6.0
uijeongbu-U117,의정부중앙,의정부경전철,하행,12,10,30,6.0
uijeongbu-U117,의정부중앙,의정부경전철,하행,13,10,30,6.0
uijeongbu-U117,의정부중앙,의정부경전철,하행,14,10,30,6.0
uijeongbu-U117,의정부중앙,의정부경전철,하행,15,10,30,6.0
uijeongbu-U117,의정부중앙,의정부경전철,하행,16,10,31,5.8
uijeongbu-U117,의정부중앙,의정부경전철,하행,17,11,38,4.7
uijeongbu-U117,의정부중앙,의정부경전철,하행,18,17,45,4.0
uijeongbu-U117,의정부중앙,의정부경전철,하행,19,17,45,4.0
uijeongbu-U117,의정부중앙,의정부경전철,하행,20,11,38,4.7
uijeongbu-U117,의정부중앙,의정부경전철,하행,21,10,31,5.8
uijeongbu-U117,의정부중앙,의정부경전철,하행,22,10,28,6.4
uijeongbu-U117,의정부중앙,의정부경전철,하행,23,8,20,9.0
uijeongbu-U117,의정부중앙,의정부경전철,하행,24,2,10,18.0
uijeongbu-U118,동오,의정부경전철,상행,5,6,17,10.6
uijeongbu-U118,동오,의정부경전철,상행,6,11,34,5.3
uijeongbu-U118,동오,의정부경전철,상행,7,17,45,4.0
uijeongbu-U118,동오,의정부경전철,상행,8,17,49,3.7
uijeongbu-U118,동오,의정부경전철,상행,9,15,42,4.3
uijeongbu-U118,동오,의정부경전철,상행,10,10,35,5.1
uijeongbu-U118,동오,의정부경전철,상행,11,10,30,6.0
uijeongbu-U118,동오,의정부경전철,상행,12,10,30,6.0
uijeongbu-U118,동오,의정부경전철,상행,13,10,30,6.0
uijeongbu-U118,동오,의정부경전철,상행,14,10,30,6.0
uijeongbu-U118,동오,의정부경전철,상행,15,10,30,6.0
uijeongbu-U118,동오,의정부경전철,상행,16,10,33,5.5
uijeongbu-U118,동오,의정부경전철,상행,17,13,40,4.5
uijeongbu-U118,동오,의정부경전철,상행,18,17,45,4.0
uijeongbu-U118,동오,의정부경전철,상행,19,15,42,4.3
uijeongbu-U118,동오,의정부경전철,상행,20,10,35,5.1
uijeongbu-U118,동오,의정부경전철,상행,21,10,30,6.0
uijeongbu-U118,동오,의정부경전철,상행,22,10,27,6.7
uijeongbu-U118,동오,의정부경전철,상행,23,7,19,9.5
uijeongbu-U118,동오,의정부경전철,상행,24,2,9,20.0
uijeongbu-U118,동오,의정부경전철,하행,5,5,13,13.8
uijeongbu-U118,동오,의정부경전철,하행,6,8,30,6.0
uijeongbu-U118,동오,의정부경전철,하행,7,17,42,4.3
uijeongbu-U118,동오,의정부경전철,하행,8,17,51,3.5
uijeongbu-U118,동오,의정부경전철,하행,9,17,44,4.1
uijeongbu-U118,동오,의정부경전철,하행,10,10,37,4.9
uijeongbu-U118,동오,의정부경전철,하행,11,10,30,6.0
uijeongbu-U118,동오,의정부경전철,하행,12,10,30,6.0
uijeongbu-U118,동오,의정부경전철,하행,13,10,30,6.0
uijeongbu-U118,동오,의정부경전철,하행,14,10,30,6.0
uijeongbu-U118,동오,의정부경전철,하행,15,10,30,6.0
uijeongbu-U118,동오,의정부경전철,하행,16,10,30,6.0
uijeongbu-U118,동오,의정부경전철,하행,17,10,37,4.9
uijeongbu-U118,동오,의정부경전철,하행,18,17,44,4.1
uijeongbu-U118,동오,의정부경전철,하행,19,17,45,4.0
uijeongbu-U118,동오,의정부경전철,하행,20,11,38,4.7
uijeongbu-U118,동오,의정부경전철,하행,21,10,31,5.8
uijeongbu-U118,동오,의정부경전철,하행,22,10,28,6.4
uijeongbu-U118,동오,의정부경전철,하행,23,8,21,8.6
uijeongbu-U118,동오,의정부경전철,하행,24,3,11,16.4
uijeongbu-U119,새말,의정부경전철,상행,5,6,18,10.0
uijeongbu-U119,새말,의정부경전철,상행,6,12,35,5.1
uijeongbu-U119,새말,의정부경전철,상행,7,17,46,3.9
uijeongbu-U119,새말,의정부경전철,상행,8,17,48,3.8
uijeongbu-U119,새말,의정부경전철,상행,9,14,41,4.4
uijeongbu-U119,새말,의정부경전철,상행,10,10,34,5.3
uijeongbu-U119,새말,의정부경전철,상행,11,10,30,6.0
uijeongbu-U119,새말,의정부경전철,상행,12,10,30,6.0
uijeongbu-U119,새말,의정부경전철,상행,13,10,30,6.0
uijeongbu-U119,새말,의정부경전철,상행,14,10,30,6.0
uijeongbu-U119,새말,의정부경전철,상행,15,10,30,6.0
uijeongbu-U119,새말,의정부경전철,상행,16,10,33,5.5
uijeongbu-U119,새말,의정부경전철,상행,17,13,40,4.5
uijeongbu-U119,새말,의정부경전철,상행,18,17,45,4.0
uijeongbu-U119,새말,의정부경전철,상행,19,15,42,4.3
uijeongbu-U119,새말,의정부경전철,상행,20,10,35,5.1
uijeongbu-U119,새말,의정부경전철,상행,21,10,30,6.0
uijeongbu-U119,새말,의정부경전철,상행,22,10,27,6.7
uijeongbu-U119,새말,의정부경전철,상행,23,7,19,9.5
uijeongbu-U119,새말,의정부경전철,상행,24,2,9,20.0
uijeongbu-U119,새말,의정부경전철,하행,5,5,12,15.0
uijeongbu-U119,새말,의정부경전철,하행,6,7,30,6.0
uijeongbu-U119,새말,의정부경전철,하행,7,18,42,4.3
uijeongbu-U119,새말,의정부경전철,하행,8,17,52,3.5
uijeongbu-U119,새말,의정부경전철,하행,9,17,44,4.1
uijeongbu-U119,새말,의정부경전철,하행,10,10,37,4.9
uijeongbu-U119,새말,의정부경전철,하행,11,10,30,6.0
uijeongbu-U119,새말,의정부경전철,하행,12,10,30,6.0
uijeongbu-U119,새말,의정부경전철,하행,13,10,30,6.0
uijeongbu-U119,새말,의정부경전철,하행,14,10,30,6.0
uijeongbu-U119,새말,의정부경전철,하행,15,10,30,6.0
uijeongbu-U119,새말,의정부경전철,하행,16,10,30,6.0
uijeongbu-U119,새말,의정부경전철,하행,17,10,37,4.9
uijeongbu-U119,새말,의정부경전철,하행,18,17,44,4.1
uijeongbu-U119,새말,의정부경전철,하행,19,17,45,4.0
uijeongbu-U119,새말,의정부경전철,하행,20,11,38,4.7
uijeongbu-U119,새말,의정부경전철,하행,21,10,31,5.8
uijeongbu-U119,새말,의정부경전철,하행,22,10,28,6.4
uijeongbu-U119,새말,의정부경전철,하행,23,8,21,8.6
uijeongbu-U119,새말,의정부경전철,하행,24,3,11,16.4
uijeongbu-U120,경기도청북부청사,의정부경전철,상행,5,6,18,10.0
uijeongbu-U120,경기도청북부청사,의정부경전철,상행,6,12,35,5.1
uijeongbu-U120,경기도청북부청사,의정부경전철,상행,7,17,46,3.9
uijeongbu-U120,경기도청북부청사,의정부경전철,상행,8,17,48,3.8
uijeongbu-U120,경기도청북부청사,의정부경전철,상행,9,14,41,4.4
uijeongbu-U120,경기도청북부청사,의정부경전철,상행,10,10,34,5.3
uijeongbu-U120,경기도청북부청사,의정부경전철,상행,11,10,30,6.0
uijeongbu-U120,경기도청북부청사,의정부경전철,상행,12,10,30,6.0
uijeongbu-U120,경기도청북부청사,의정부경전철,상행,13,10,30,6.0
uijeongbu-U120,경기도청북부청사,의정부경전철,상행,14,10,30,6.0
uijeongbu-U120,경기도청북부청사,의정부경전철,상행,15,10,30,6.0
uijeongbu-U120,경기도청북부청사,의정부경전철,상행,16,10,33,5.5
uijeongbu-U120,경기도청북부청사,의정부경전철,상행,17,13,40,4.5
uijeongbu-U120,경기도청북부청사,의정부경전철,상행,18,17,45,4.0
uijeongbu-U120,경기도청북부청사,의정부경전철,상행,19,15,42,4.3
uijeongbu-U120,경기도청북부청사,의정부경전철,상행,20,10,35,5.1
uijeongbu-U120,경기도청북부청사,의정부경전철,상행,21,10,30,6.0
uijeongbu-U120,경기도청북부청사,의정부경전철,상행,22,10,27,6.7
uijeongbu-U120,경기도청북부청사,의정부경전철,상행,23,7,19,9.5
uijeongbu-U120,경기도청북부청사,의정부경전철,상행,24,2,9,20.0
uijeongbu-U120,경기도청북부청사,의정부경전철,하행,5,5,12,15.0
uijeongbu-U120,경기도청북부청사,의정부경전철,하행,6,7,29,6.2
uijeongbu-U120,경기도청북부청사,의정부경전철,하행,7,17,41,4.4
uijeongbu-U120,경기도청북부청사,의정부경전철,하행,8,17,51,3.5
uijeongbu-U120,경기도청북부청사,의정부경전철,하행,9,17,44,4.1
uijeongbu-U120,경기도청북부청사,의정부경전철,하행,10,10,37,4.9
uijeongbu-U120,경기도청북부청사,의정부경전철,하행,11,10,30,6.0
uijeongbu-U120,경기도청북부청사,의정부경전철,하행,12,10,30,6.0
uijeongbu-U120,경기도청북부청사,의정부경전철,하행,13,10,30,6.0
uijeongbu-U120,경기도청북부청사,의정부경전철,하행,14,10,30,6.0
uijeongbu-U120,경기도청북부청사,의정부경전철,하행,15,10,30,6.0
uijeongbu-U120,경기도청북부청사,의정부경전철,하행,16,10,30,6.0
uijeongbu-U120,경기도청북부청사,의정부경전철,하행,17,10,38,4.7
uijeongbu-U120,경기도청북부청사,의정부경전철,하행,18,18,45,4.0
uijeongbu-U120,경기도청북부청사,의정부경전철,하행,19,17,46,3.9
uijeongbu-U120,경기도청북부청사,의정부경전철,하행,20,11,38,4.7
uijeongbu-U120,경기도청북부청사,의정부경전철,하행,21,10,31,5.8
uijeongbu-U120,경기도청북부청사,의정부경전철,하행,22,10,28,6.4
uijeongbu-U120,경기도청북부청사,의정부경전철,하행,23,8,21,8.6
uijeongbu-U120,경기도청북부청사,의정부경전철,하행,24,3,11,16.4
uijeongbu-U121,효자,의정부경전철,상행,5,6,18,10.0
uijeongbu-U121,효자,의정부경전철,상행,6,12,35,5.1
uijeongbu-U121,효자,의정부경전철,상행,7,17,47,3.8
uijeongbu-U121,효자,의정부경전철,상행,8,18,48,3.8
uijeongbu-U121,효자,의정부경전철,상행,9,13,41,4.4
uijeongbu-U121,효자,의정부경전철,상행,10,10,33,5.5
uijeongbu-U121,효자,의정부경전철,상행,11,10,30,6.0
uijeongbu-U121,효자,의정부경전철,상행,12,10,30,6.0
uijeongbu-U121,효자,의정부경전철,상행,13,10,30,6.0
uijeongbu-U121,효자,의정부경전철,상행,14,10,30,6.0
uijeongbu-U121,효자,의정부경전철,상행,15,10,30,6.0
uijeongbu-U121,효자,의정부경전철,상행,16,10,34,5.3
uijeongbu-U121,효자,의정부경전철,상행,17,14,41,4.4
uijeongbu-U121,효자,의정부경전철,상행,18,17,45,4.0
uijeongbu-U121,효자,의정부경전철,상행,19,14,42,4.3
uijeongbu-U121,효자,의정부경전철,상행,20,11,35,5.1
uijeongbu-U121,효자,의정부경전철,상행,21,10,31,5.8
uijeongbu-U121,효자,의정부경전철,상행,22,10,26,6.9
uijeongbu-U121,효자,의정부경전철,상행,23,6,18,10.0
uijeongbu-U121,효자,의정부경전철,상행,24,2,8,22.5
uijeongbu-U121,효자,의정부경전철,하행,5,5,12,15.0
uijeongbu-U121,효자,의정부경전철,하행,6,7,29,6.2
uijeongbu-U121,효자,의정부경전철,하행,7,17,41,4.4
uijeongbu-U121,효자,의정부경전철,하행,8,17,51,3.5
uijeongbu-U121,효자,의정부경전철,하행,9,17,44,4.1
uijeongbu-U121,효자,의정부경전철,하행,10,10,37,4.9
uijeongbu-U121,효자,의정부경전철,하행,11,10,30,6.0
uijeongbu-U121,효자,의정부경전철,하행,12,10,30,6.0
uijeongbu-U121,효자,의정부경전철,하행,13,10,30,6.0
uijeongbu-U121,효자,의정부경전철,하행,14,10,30,6.0
uijeongbu-U121,효자,의정부경전철,하행,15,10,30,6.0
uijeongbu-U121,효자,의정부경전철,하행,16,10,30,6.0
uijeongbu-U121,효자,의정부경전철,하행,17,10,37,4.9
uijeongbu-U121,효자,의정부경전철,하행,18,17,44,4.1
uijeongbu-U121,효자,의정부경전철,하행,19,17,46,3.9
uijeongbu-U121,효자,의정부경전철,하행,20,12,39,4.6
uijeongbu-U121,효자,의정부경전철,하행,21,10,32,5.6
uijeongbu-U121,효자,의정부경전철,하행,22,10,28,6.4
uijeongbu-U121,효자,의정부경전철,하행,23,8,21,8.6
uijeongbu-U121,효자,의정부경전철,하행,24,3,11,16.4
uijeongbu-U122,곤제,의정부경전철,상행,5,6,19,9.5
uijeongbu-U122,곤제,의정부경전철,상행,6,13,36,5.0
uijeongbu-U122,곤제,의정부경전철,상행,7,17,47,3.8
uijeongbu-U122,곤제,의정부경전철,상행,8,17,48,3.8
uijeongbu-U122,곤제,의정부경전철,상행,9,14,41,4.4
uijeongbu-U122,곤제,의정부경전철,상행,10,10,34,5.3
uijeongbu-U122,곤제,의정부경전철,상행,11,10,30,6.0
uijeongbu-U122,곤제,의정부경전철,상행,12,10,30,6.0
uijeongbu-U122,곤제,의정부경전철,상행,13,10,30,6.0
uijeongbu-U122,곤제,의정부경전철,상행,14,10,30,6.0
uijeongbu-U122,곤제,의정부경전철,상행,15,10,30,6.0
uijeongbu-U122,곤제,의정부경전철,상행,16,10,33,5.5
uijeongbu-U122,곤제,의정부경전철,상행,17,13,40,4.5
uijeongbu-U122,곤제,의정부경전철,상행,18,17,45,4.0
uijeongbu-U122,곤제,의정부경전철,상행,19,15,42,4.3
uijeongbu-U122,곤제,의정부경전철,상행,20,10,35,5.1
uijeongbu-U122,곤제,의정부경전철,상행,21,10,30,6.0
uijeongbu-U122,곤제,의정부경전철,상행,22,10,26,6.9
uijeongbu-U122,곤제,의정부경전철,상행,23,6,18,10.0
uijeongbu-U122,곤제,의정부경전철,상행,24,2,8,22.5
uijeongbu-U122,곤제,의정부경전철,하행,5,5,11,16.4
uijeongbu-U122,곤제,의정부경전철,하행,6,6,28,6.4
uijeongbu-U122,곤제,의정부경전철,하행,7,17,41,4.4
uijeongbu-U122,곤제,의정부경전철,하행,8,18,52,3.5
uijeongbu-U122,곤제,의정부경전철,하행,9,17,45,4.0
uijeongbu-U122,곤제,의정부경전철,하행,10,10,37,4.9
uijeongbu-U122,곤제,의정부경전철,하행,11,10,30,6.0
uijeongbu-U122,곤제,의정부경전철,하행,12,10,30,6.0
uijeongbu-U122,곤제,의정부경전철,하행,13,10,30,6.0
uijeongbu-U122,곤제,의정부경전철,하행,14,10,30,6.0
uijeongbu-U122,곤제,의정부경전철,하행,15,10,30,6.0
uijeongbu-U122,곤제,의정부경전철,하행,16,10,30,6.0
uijeongbu-U122,곤제,의정부경전철,하행,17,10,37,4.9
uijeongbu-U122,곤제,의정부경전철,하행,18,17,44,4.1
uijeongbu-U122,곤제,의정부경전철,하행,19,17,45,4.0
uijeongbu-U122,곤제,의정부경전철,하행,20,11,38,4.7
uijeongbu-U122,곤제,의정부경전철,하행,21,10,31,5.8
uijeongbu-U122,곤제,의정부경전철,하행,22,10,29,6.2
uijeongbu-U122,곤제,의정부경전철,하행,23,9,22,8.2
uijeongbu-U122,곤제,의정부경전철,하행,24,3,12,15.0
uijeongbu-U123,어룡,의정부경전철,상행,5,6,19,9.5
uijeongbu-U123,어룡,의정부경전철,상행,6,13,36,5.0
uijeongbu-U123,어룡,의정부경전철,상행,7,17,47,3.8
uijeongbu-U123,어룡,의정부경전철,상행,8,17,48,3.8
uijeongbu-U123,어룡,의정부경전철,상행,9,14,41,4.4
uijeongbu-U123,어룡,의정부경전철,상행,10,10,34,5.3
uijeongbu-U123,어룡,의정부경전철,상행,11,10,30,6.0
uijeongbu-U123,어룡,의정부경전철,상행,12,10,30,6.0
uijeongbu-U123,어룡,의정부경전철,상행,13,10,30,6.0
uijeongbu-U123,어룡,의정부경전철,상행,14,10,30,6.0
uijeongbu-U123,어룡,의정부경전철,상행,15,10,30,6.0
uijeongbu-U123,어룡,의정부경전철,상행,16,10,34,5.3
uijeongbu-U123,어룡,의정부경전철,상행,17,14,41,4.4
uijeongbu-U123,어룡,의정부경전철,상행,18,17,45,4.0
uijeongbu-U123,어룡,의정부경전철,상행,19,14,41,4.4
uijeongbu-U123,어룡,의정부경전철,상행,20,10,34,5.3
uijeongbu-U123,어룡,의정부경전철,상행,21,10,30,6.0
uijeongbu-U123,어룡,의정부경전철,상행,22,10,26,6.9
uijeongbu-U123,어룡,의정부경전철,상행,23,6,18,10.0
uijeongbu-U123,어룡,의정부경전철,상행,24,2,8,22.5
uijeongbu-U123,어룡,의정부경전철,하행,5,5,11,16.4
uijeongbu-U123,어룡,의정부경전철,하행,6,6,28,6.4
uijeongbu-U123,어룡,의정부경전철,하행,7,17,40,4.5
uijeongbu-U123,어룡,의정부경전철,하행,8,17,51,3.5
uijeongbu-U123,어룡,의정부경전철,하행,9,17,45,4.0
uijeongbu-U123,어룡,의정부경전철,하행,10,11,38,4.7
uijeongbu-U123,어룡,의정부경전철,하행,11,10,31,5.8
uijeongbu-U123,어룡,의정부경전철,하행,12,10,30,6.0
uijeongbu-U123,어룡,의정부경전철,하행,13,10,30,6.0
uijeongbu-U123,어룡,의정부경전철,하행,14,10,30,6.0
uijeongbu-U123,어룡,의정부경전철,하행,15,10,30,6.0
uijeongbu-U123,어룡,의정부경전철,하행,16,10,30,6.0
uijeongbu-U123,어룡,의정부경전철,하행,17,10,36,5.0
uijeongbu-U123,어룡,의정부경전철,하행,18,16,44,4.1
uijeongbu-U123,어룡,의정부경전철,하행,19,18,45,4.0
uijeongbu-U123,어룡,의정부경전철,하행,20,11,39,4.6
uijeongbu-U123,어룡,의정부경전철,하행,21,10,31,5.8
uijeongbu-U123,어룡,의정부경전철,하행,22,10,29,6.2
uijeongbu-U123,어룡,의정부경전철,하행,23,9,22,8.2
uijeongbu-U123,어룡,의정부경전철,하행,24,3,12,15.0
uijeongbu-U124,송산,의정부경전철,상행,5,6,19,9.5
uijeongbu-U124,송산,의정부경전철,상행,6,13,37,4.9
uijeongbu-U124,송산,의정부경전철,상행,7,18,48,3.8
uijeongbu-U124,송산,의정부경전철,상행,8,17,48,3.8
uijeongbu-U124,송산,의정부경전철,상행,9,13,40,4.5
uijeongbu-U124,송산,의정부경전철,상행,10,10,33,5.5
uijeongbu-U124,송산,의정부경전철,상행,11,10,30,6.0
uijeongbu-U124,송산,의정부경전철,상행,12,10,30,6.0
uijeongbu-U124,송산,의정부경전철,상행,13,10,30,6.0
uijeongbu-U124,송산,의정부경전철,상행,14,10,30,6.0
uijeongbu-U124,송산,의정부경전철,상행,15,10,30,6.0
uijeongbu-U124,송산,의정부경전철,상행,16,10,34,5.3
uijeongbu-U124,송산,의정부경전철,상행,17,14,41,4.4
uijeongbu-U124,송산,의정부경전철,상행,18,17,45,4.0
uijeongbu-U124,송산,의정부경전철,상행,19,14,41,4.4
uijeongbu-U124,송산,의정부경전철,상행,20,10,34,5.3
uijeongbu-U124,송산,의정부경전철,상행,21,10,30,6.0
uijeongbu-U124,송산,의정부경전철,상행,22,10,26,6.9
uijeongbu-U124,송산,의정부경전철,상행,23,6,18,10.0
uijeongbu-U124,송산,의정부경전철,상행,24,2,8,22.5
uijeongbu-U124,송산,의정부경전철,하행,5,5,11,16.4
uijeongbu-U124,송산,의정부경전철,하행,6,6,28,6.4
uijeongbu-U124,송산,의정부경전철,하행,7,17,40,4.5
uijeongbu-U124,송산,의정부경전철,하행,8,17,51,3.5
uijeongbu-U124,송산,의정부경전철,하행,9,17,45,4.0
uijeongbu-U124,송산,의정부경전철,하행,10,11,38,4.7
uijeongbu-U124,송산,의정부경전철,하행,11,10,31,5.8
uijeongbu-U124,송산,의정부경전철,하행,12,10,30,6.0
uijeongbu-U124,송산,의정부경전철,하행,13,10,30,6.0
uijeongbu-U124,송산,의정부경전철,하행,14,10,30,6.0
uijeongbu-U124,송산,의정부경전철,하행,15,10,30,6.0
uijeongbu-U124,송산,의정부경전철,하행,16,10,30,6.0
uijeongbu-U124,송산,의정부경전철,하행,17,10,36,5.0
uijeongbu-U124,송산,의정부경전철,하행,18,16,43,4.2
uijeongbu-U124,송산,의정부경전철,하행,19,17,45,4.0
uijeongbu-U124,송산,의정부경전철,하행,20,12,39,4.6
uijeongbu-U124,송산,의정부경전철,하행,21,10,32,5.6
uijeongbu-U124,송산,의정부경전철,하행,22,10,29,6.2
uijeongbu-U124,송산,의정부경전철,하행,23,9,22,8.2
uijeongbu-U124,송산,의정부경전철,하행,24,3,12,15.0
uijeongbu-U125,탑석,의정부경전철,상행,5,6,20,9.0
uijeongbu-U125,탑석,의정부경전철,상행,6,14,37,4.9
uijeongbu-U125,탑석,의정부경전철,상행,7,17,48,3.8
uijeongbu-U125,탑석,의정부경전철,상행,8,17,47,3.8
uijeongbu-U125,탑석,의정부경전철,상행,9,13,40,4.5
uijeongbu-U125,탑석,의정부경전철,상행,10,10,33,5.5
uijeongbu-U125,탑석,의정부경전철,상행,11,10,30,6.0
uijeongbu-U125,탑석,의정부경전철,상행,12,10,30,6.0
uijeongbu-U125,탑석,의정부경전철,상행,13,10,30,6.0
uijeongbu-U125,탑석,의정부경전철,상행,14,10,30,6.0
uijeongbu-U125,탑석,의정부경전철,상행,15,10,30,6.0
uijeongbu-U125,탑석,의정부경전철,상행,16,10,34,5.3
uijeongbu-U125,탑석,의정부경전철,상행,17,14,41,4.4
uijeongbu-U125,탑석,의정부경전철,상행,18,17,45,4.0
uijeongbu-U125,탑석,의정부경전철,상행,19,14,41,4.4
uijeongbu-U125,탑석,의정부경전철,상행,20,10,34,5.3
uijeongbu-U125,탑석,의정부경전철,상행,21,10,30,6.0
uijeongbu-U125,탑석,의정부경전철,상행,22,10,26,6.9
uijeongbu-U125,탑석,의정부경전철,상행,23,6,18,10.0
uijeongbu-U125,탑석,의정부경전철,상행,24,2,8,22.5
uijeongbu-U125,탑석,의정부경전철,하행,5,1,4,45.0
uijeongbu-U125,탑석,의정부경전철,하행,6,3,6,30.0
uijeongbu-U125,탑석,의정부경전철,하행,7,2,8,22.5
uijeongbu-U125,탑석,의정부경전철,하행,8,3,7,25.7
uijeongbu-U125,탑석,의정부경전철,하행,9,2,7,25.7
uijeongbu-U125,탑석,의정부경전철,하행,10,2,6,30.0
uijeongbu-U125,탑석,의정부경전철,하행,11,2,6,30.0
uijeongbu-U125,탑석,의정부경전철,하행,12,2,6,30.0
uijeongbu-U125,탑석,의정부경전철,하행,13,2,6,30.0
uijeongbu-U125,탑석,의정부경전철,하행,14,2,6,30.0
uijeongbu-U125,탑석,의정부경전철,하행,15,2,6,30.0
uijeongbu-U125,탑석,의정부경전철,하행,16,2,6,30.0
uijeongbu-U125,탑석,의정부경전철,하행,17,2,7,25.7
uijeongbu-U125,탑석,의정부경전철,하행,18,3,7,25.7
uijeongbu-U125,탑석,의정부경전철,하행,19,2,7,25.7
uijeongbu-U125,탑석,의정부경전철,하행,20,2,6,30.0
uijeongbu-U125,탑석,의정부경전철,하행,21,2,5,36.0
uijeongbu-U125,탑석,의정부경전철,하행,22,1,3,60.0
